ImageNumber,ObjectNumber,FileName_DNA,FileName_FActin,FileName_SMAD,FileName_YAP,PathName_DNA,PathName_FActin,PathName_SMAD,PathName_YAP,AreaShape_Area,AreaShape_BoundingBoxArea,AreaShape_Compactness,AreaShape_Eccentricity,AreaShape_FormFactor,AreaShape_MeanRadius,AreaShape_MedianRadius,Intensity_IntegratedIntensity_FActin,Intensity_IntegratedIntensity_SMAD,Intensity_IntegratedIntensity_YAP,Intensity_MeanIntensity_FActin,Intensity_MeanIntensity_SMAD,Intensity_MeanIntensity_YAP,Intensity_StdIntensity_FActin,Intensity_StdIntensity_SMAD,Intensity_StdIntensity_YAP
1,1,ctrl_002_DAPI.tif,ctrl_002_W647.tif,ctrl_002_G488.tif,ctrl_002_R555.tif,/Volumes/D/YAPSMAD_Nuclear_Localization/251219_YAPSMAD_Early_D14_Male_#3/tifs,/Volumes/D/YAPSMAD_Nuclear_Localization/251219_YAPSMAD_Early_D14_Male_#3/tifs,/Volumes/D/YAPSMAD_Nuclear_Localization/251219_YAPSMAD_Early_D14_Male_#3/tifs,/Volumes/D/YAPSMAD_Nuclear_Localization/251219_YAPSMAD_Early_D14_Male_#3/tifs,1454,3528,4.220247122231805,0.6547063528422683,0.236952948734236,4.6736117345701516,4.0,20.509529423434287,18.209247074322775,12.921629778342322,0.014105591075264297,0.012523553696232995,0.008886953080015352,0.007424478227855985,0.009600383670991995,0.005629796685529099
1,2,ctrl_002_DAPI.tif,ctrl_002_W647.tif,ctrl_002_G488.tif,ctrl_002_R555.tif,/Volumes/D/YAPSMAD_Nuclear_Localization/251219_YAPSMAD_Early_D14_Male_#3/tifs,/Volumes/D/YAPSMAD_Nuclear_Localization/251219_YAPSMAD_Early_D14_Male_#3/tifs,/Volumes/D/YAPSMAD_Nuclear_Localization/251219_YAPSMAD_Early_D14_Male_#3/tifs,/Volumes/D/YAPSMAD_Nuclear_Localization/251219_YAPSMAD_Early_D14_Male_#3/tifs,1638,4752,4.986809952441806,0.6349506103782392,0.2005289974025072,5.119877564251392,4.0,34.56119646970183,22.328008114825934,28.735759645700455,0.02109963154438451,0.013631262585363818,0.017543198806898936,0.01591741528514541,0.011443428924132122,0.01160487348394573
1,3,ctrl_002_DAPI.tif,ctrl_002_W647.tif,ctrl_002_G488.tif,ctrl_002_R555.tif,/Volumes/D/YAPSMAD_Nuclear_Localization/251219_YAPSMAD_Early_D14_Male_#3/tifs,/Volumes/D/YAPSMAD_Nuclear_Localization/251219_YAPSMAD_Early_D14_Male_#3/tifs,/Volumes/D/YAPSMAD_Nuclear_Localization/251219_YAPSMAD_Early_D14_Male_#3/tifs,/Volumes/D/YAPSMAD_Nuclear_Localization/251219_YAPSMAD_Early_D14_Male_#3/tifs,4046,9200,5.493302168730919,0.6103759941483377,0.182039867694193,7.920893721206845,6.324555320336759,43.66950527857989,31.751263052225113,26.826825537486002,0.010793253899797304,0.007847568722744714,0.006630456138775581,0.0061047246372418155,0.00779750043498233,0.005764460921420924
1,4,ctrl_002_DAPI.tif,ctrl_002_W647.tif,ctrl_002_G488.tif,ctrl_002_R555.tif,/Volumes/D/YAPSMAD_Nuclear_Localization/251219_YAPSMAD_Early_D14_Male_#3/tifs,/Volumes/D/YAPSMAD_Nuclear_Localization/251219_YAPSMAD_Early_D14_Male_#3/tifs,/Volumes/D/YAPSMAD_Nuclear_Localization/251219_YAPSMAD_Early_D14_Male_#3/tifs,/Volumes/D/YAPSMAD_Nuclear_Localization/251219_YAPSMAD_Early_D14_Male_#3/tifs,1000,2346,2.7669348653331634,0.5629651727429231,0.36141074823587915,4.9599363991606555,4.0,11.192599477013573,10.746288356138393,15.154284092830494,0.011192599477013574,0.010746288356138393,0.015154284092830494,0.006813299460748855,0.005148349695606754,0.0067486675088423796
1,5,ctrl_002_DAPI.tif,ctrl_002_W647.tif,ctrl_002_G488.tif,ctrl_002_R555.tif,/Volumes/D/YAPSMAD_Nuclear_Localization/251219_YAPSMAD_Early_D14_Male_#3/tifs,/Volumes/D/YAPSMAD_Nuclear_Localization/251219_YAPSMAD_Early_D14_Male_#3/tifs,/Volumes/D/YAPSMAD_Nuclear_Localization/251219_YAPSMAD_Early_D14_Male_#3/tifs,/Volumes/D/YAPSMAD_Nuclear_Localization/251219_YAPSMAD_Early_D14_Male_#3/tifs,2134,2856,1.2947890677845717,0.504253203671533,0.772326570312363,8.328385574222231,7.211102550927978,41.85465797665529,32.980926448479295,48.11512954765931,0.01961324178849826,0.015454979591602294,0.022546921062633226,0.009175421809815457,0.008634124260235694,0.010788609407921607
1,6,ctrl_002_DAPI.tif,ctrl_002_W647.tif,ctrl_002_G488.tif,ctrl_002_R555.tif,/Volumes/D/YAPSMAD_Nuclear_Localization/251219_YAPSMAD_Early_D14_Male_#3/tifs,/Volumes/D/YAPSMAD_Nuclear_Localization/251219_YAPSMAD_Early_D14_Male_#3/tifs,/Volumes/D/YAPSMAD_Nuclear_Localization/251219_YAPSMAD_Early_D14_Male_#3/tifs,/Volumes/D/YAPSMAD_Nuclear_Localization/251219_YAPSMAD_Early_D14_Male_#3/tifs,417,783,2.0210799167119053,0.7853442120717841,0.49478498684351874,3.1792674216342727,2.8284271247461903,5.473945256555453,6.392294224817306,3.0856489310972393,0.013126967042099407,0.015329242745365242,0.007399637724453811,0.010592245081486477,0.011392031854759822,0.003657884320529228
1,7,ctrl_002_DAPI.tif,ctrl_002_W647.tif,ctrl_002_G488.tif,ctrl_002_R555.tif,/Volumes/D/YAPSMAD_Nuclear_Localization/251219_YAPSMAD_Early_D14_Male_#3/tifs,/Volumes/D/YAPSMAD_Nuclear_Localization/251219_YAPSMAD_Early_D14_Male_#3/tifs,/Volumes/D/YAPSMAD_Nuclear_Localization/251219_YAPSMAD_Early_D14_Male_#3/tifs,/Volumes/D/YAPSMAD_Nuclear_Localization/251219_YAPSMAD_Early_D14_Male_#3/tifs,1494,2832,4.6216534522501505,0.6757204795364026,0.21637277877533823,4.988855155621977,4.0,21.031769445631653,18.461082049412653,17.050019199959934,0.014077489588776207,0.012356815294118242,0.011412328781767024,0.010189526579453666,0.009143213915977107,0.007492644261386945
1,8,ctrl_002_DAPI.tif,ctrl_002_W647.tif,ctrl_002_G488.tif,ctrl_002_R555.tif,/Volumes/D/YAPSMAD_Nuclear_Localization/251219_YAPSMAD_Early_D14_Male_#3/tifs,/Volumes/D/YAPSMAD_Nuclear_Localization/251219_YAPSMAD_Early_D14_Male_#3/tifs,/Volumes/D/YAPSMAD_Nuclear_Localization/251219_YAPSMAD_Early_D14_Male_#3/tifs,/Volumes/D/YAPSMAD_Nuclear_Localization/251219_YAPSMAD_Early_D14_Male_#3/tifs,3254,11176,5.901434905916988,0.8235785439233473,0.16945031436292968,7.059745945653855,5.385164807134504,50.70289192721248,30.051804719492793,65.2736098242458,0.015581712331657184,0.009235342568989795,0.020059499024046034,0.009596815454504632,0.005115467147872178,0.012564689583043952
1,9,ctrl_002_DAPI.tif,ctrl_002_W647.tif,ctrl_002_G488.tif,ctrl_002_R555.tif,/Volumes/D/YAPSMAD_Nuclear_Localization/251219_YAPSMAD_Early_D14_Male_#3/tifs,/Volumes/D/YAPSMAD_Nuclear_Localization/251219_YAPSMAD_Early_D14_Male_#3/tifs,/Volumes/D/YAPSMAD_Nuclear_Localization/251219_YAPSMAD_Early_D14_Male_#3/tifs,/Volumes/D/YAPSMAD_Nuclear_Localization/251219_YAPSMAD_Early_D14_Male_#3/tifs,1404,3792,3.3964431547518386,0.8972383583093263,0.2944256548504093,4.316706355170675,3.605551275463989,14.721736615058035,15.5803465268109,18.231830447912216,0.010485567389642474,0.011097112910833973,0.012985634222159698,0.006550935203497821,0.007491687854480986,0.007652205037596078
1,10,ctrl_002_DAPI.tif,ctrl_002_W647.tif,ctrl_002_G488.tif,ctrl_002_R555.tif,/Volumes/D/YAPSMAD_Nuclear_Localization/251219_YAPSMAD_Early_D14_Male_#3/tifs,/Volumes/D/YAPSMAD_Nuclear_Localization/251219_YAPSMAD_Early_D14_Male_#3/tifs,/Volumes/D/YAPSMAD_Nuclear_Localization/251219_YAPSMAD_Early_D14_Male_#3/tifs,/Volumes/D/YAPSMAD_Nuclear_Localization/251219_YAPSMAD_Early_D14_Male_#3/tifs,1878,4346,2.9363679617798293,0.915025171454764,0.3405567738839744,5.389021858809322,5.0,36.911543597932905,27.53165495977737,31.1549555354286,0.019654709051082485,0.01466009316282075,0.016589433192453994,0.012756622359778435,0.011943819296209673,0.012226740948737895
1,11,ctrl_002_DAPI.tif,ctrl_002_W647.tif,ctrl_002_G488.tif,ctrl_002_R555.tif,/Volumes/D/YAPSMAD_Nuclear_Localization/251219_YAPSMAD_Early_D14_Male_#3/tifs,/Volumes/D/YAPSMAD_Nuclear_Localization/251219_YAPSMAD_Early_D14_Male_#3/tifs,/Volumes/D/YAPSMAD_Nuclear_Localization/251219_YAPSMAD_Early_D14_Male_#3/tifs,/Volumes/D/YAPSMAD_Nuclear_Localization/251219_YAPSMAD_Early_D14_Male_#3/tifs,2097,5610,7.689029871015011,0.8007086779079762,0.13005541879472401,4.601916431389286,3.0,47.27441834961064,29.527321489993483,33.4460824416019,0.0225438332616169,0.014080744630421308,0.01594949091158889,0.014431980895544115,0.011561786986703975,0.01087907042542298
1,12,ctrl_002_DAPI.tif,ctrl_002_W647.tif,ctrl_002_G488.tif,ctrl_002_R555.tif,/Volumes/D/YAPSMAD_Nuclear_Localization/251219_YAPSMAD_Early_D14_Male_#3/tifs,/Volumes/D/YAPSMAD_Nuclear_Localization/251219_YAPSMAD_Early_D14_Male_#3/tifs,/Volumes/D/YAPSMAD_Nuclear_Localization/251219_YAPSMAD_Early_D14_Male_#3/tifs,/Volumes/D/YAPSMAD_Nuclear_Localization/251219_YAPSMAD_Early_D14_Male_#3/tifs,2184,5762,5.788407594186888,0.6087112126938636,0.17275908507276988,5.395105617999784,4.0,35.4871902524028,35.91039916500449,28.204638995230198,0.016248713485532418,0.01644249046016689,0.01291421199415302,0.00930228197118088,0.01292271361169652,0.007847247699140473
1,13,ctrl_002_DAPI.tif,ctrl_002_W647.tif,ctrl_002_G488.tif,ctrl_002_R555.tif,/Volumes/D/YAPSMAD_Nuclear_Localization/251219_YAPSMAD_Early_D14_Male_#3/tifs,/Volumes/D/YAPSMAD_Nuclear_Localization/251219_YAPSMAD_Early_D14_Male_#3/tifs,/Volumes/D/YAPSMAD_Nuclear_Localization/251219_YAPSMAD_Early_D14_Male_#3/tifs,/Volumes/D/YAPSMAD_Nuclear_Localization/251219_YAPSMAD_Early_D14_Male_#3/tifs,3076,5208,2.782367478668061,0.826475617801941,0.359406155968552,7.294968620575045,6.324555320336759,58.440100990002975,48.46834544208832,50.623895906377584,0.018998732441483413,0.015756939350483848,0.0164577034806169,0.012820007721624258,0.009772269921240495,0.009644041407115514
1,14,ctrl_002_DAPI.tif,ctrl_002_W647.tif,ctrl_002_G488.tif,ctrl_002_R555.tif,/Volumes/D/YAPSMAD_Nuclear_Localization/251219_YAPSMAD_Early_D14_Male_#3/tifs,/Volumes/D/YAPSMAD_Nuclear_Localization/251219_YAPSMAD_Early_D14_Male_#3/tifs,/Volumes/D/YAPSMAD_Nuclear_Localization/251219_YAPSMAD_Early_D14_Male_#3/tifs,/Volumes/D/YAPSMAD_Nuclear_Localization/251219_YAPSMAD_Early_D14_Male_#3/tifs,3985,7605,3.4671440707646863,0.9092464718186338,0.2884218191081537,7.462680790134461,6.708203932499369,101.11070447787642,49.136934933718294,63.28294842247851,0.02537282421025757,0.012330473007206598,0.01588028818631832,0.013202130931746086,0.006763441204620122,0.007549766004039015
1,15,ctrl_002_DAPI.tif,ctrl_002_W647.tif,ctrl_002_G488.tif,ctrl_002_R555.tif,/Volumes/D/YAPSMAD_Nuclear_Localization/251219_YAPSMAD_Early_D14_Male_#3/tifs,/Volumes/D/YAPSMAD_Nuclear_Localization/251219_YAPSMAD_Early_D14_Male_#3/tifs,/Volumes/D/YAPSMAD_Nuclear_Localization/251219_YAPSMAD_Early_D14_Male_#3/tifs,/Volumes/D/YAPSMAD_Nuclear_Localization/251219_YAPSMAD_Early_D14_Male_#3/tifs,1099,2408,2.589134560999682,0.7932317087535196,0.3862294432522246,4.48235590634755,4.0,18.11828806134872,14.127550294622779,14.563988807378337,0.016486158381572996,0.012854913825862402,0.013252037131372463,0.0108723281882694,0.008114896426060404,0.006821913383185003
1,16,ctrl_002_DAPI.tif,ctrl_002_W647.tif,ctrl_002_G488.tif,ctrl_002_R555.tif,/Volumes/D/YAPSMAD_Nuclear_Localization/251219_YAPSMAD_Early_D14_Male_#3/tifs,/Volumes/D/YAPSMAD_Nuclear_Localization/251219_YAPSMAD_Early_D14_Male_#3/tifs,/Volumes/D/YAPSMAD_Nuclear_Localization/251219_YAPSMAD_Early_D14_Male_#3/tifs,/Volumes/D/YAPSMAD_Nuclear_Localization/251219_YAPSMAD_Early_D14_Male_#3/tifs,859,1976,3.0554650237193197,0.8793679416178299,0.32728242419307163,3.9298606374726246,3.1622776601683795,8.882398798828945,12.748363567516208,12.50542465550825,0.010340394410743824,0.01484093546858697,0.014558119505830325,0.005958293977628304,0.00934595504540314,0.008410638897194012
1,17,ctrl_002_DAPI.tif,ctrl_002_W647.tif,ctrl_002_G488.tif,ctrl_002_R555.tif,/Volumes/D/YAPSMAD_Nuclear_Localization/251219_YAPSMAD_Early_D14_Male_#3/tifs,/Volumes/D/YAPSMAD_Nuclear_Localization/251219_YAPSMAD_Early_D14_Male_#3/tifs,/Volumes/D/YAPSMAD_Nuclear_Localization/251219_YAPSMAD_Early_D14_Male_#3/tifs,/Volumes/D/YAPSMAD_Nuclear_Localization/251219_YAPSMAD_Early_D14_Male_#3/tifs,1809,3910,6.25481463785631,0.7839225755231892,0.15987684014609366,4.9813162299007505,3.605551275463989,26.783718795748428,23.039292191155255,29.03230352140963,0.014805814701906261,0.01273592713717814,0.016048813444670885,0.009605076651733426,0.008330713033525873,0.009774769855863868
1,18,ctrl_002_DAPI.tif,ctrl_002_W647.tif,ctrl_002_G488.tif,ctrl_002_R555.tif,/Volumes/D/YAPSMAD_Nuclear_Localization/251219_YAPSMAD_Early_D14_Male_#3/tifs,/Volumes/D/YAPSMAD_Nuclear_Localization/251219_YAPSMAD_Early_D14_Male_#3/tifs,/Volumes/D/YAPSMAD_Nuclear_Localization/251219_YAPSMAD_Early_D14_Male_#3/tifs,/Volumes/D/YAPSMAD_Nuclear_Localization/251219_YAPSMAD_Early_D14_Male_#3/tifs,1604,4628,6.036277228458923,0.847122955870974,0.16566502202472608,4.305611820794777,3.605551275463989,18.989334099460393,25.83002985850908,19.920576967298985,0.0118387369697384,0.016103509886851046,0.012419312323752485,0.007721528369593011,0.012277106083023664,0.006940766448668403
1,19,ctrl_002_DAPI.tif,ctrl_002_W647.tif,ctrl_002_G488.tif,ctrl_002_R555.tif,/Volumes/D/YAPSMAD_Nuclear_Localization/251219_YAPSMAD_Early_D14_Male_#3/tifs,/Volumes/D/YAPSMAD_Nuclear_Localization/251219_YAPSMAD_Early_D14_Male_#3/tifs,/Volumes/D/YAPSMAD_Nuclear_Localization/251219_YAPSMAD_Early_D14_Male_#3/tifs,/Volumes/D/YAPSMAD_Nuclear_Localization/251219_YAPSMAD_Early_D14_Male_#3/tifs,1744,5440,6.6747703113451795,0.5007204817764581,0.1498178893587228,4.4264225367436865,3.1622776601683795,16.706782821798697,31.362157736439258,25.46758238528855,0.009579577306077235,0.01798288861034361,0.014602971551197564,0.006320289928738059,0.014758578273870407,0.010303818419839093
1,20,ctrl_002_DAPI.tif,ctrl_002_W647.tif,ctrl_002_G488.tif,ctrl_002_R555.tif,/Volumes/D/YAPSMAD_Nuclear_Localization/251219_YAPSMAD_Early_D14_Male_#3/tifs,/Volumes/D/YAPSMAD_Nuclear_Localization/251219_YAPSMAD_Early_D14_Male_#3/tifs,/Volumes/D/YAPSMAD_Nuclear_Localization/251219_YAPSMAD_Early_D14_Male_#3/tifs,/Volumes/D/YAPSMAD_Nuclear_Localization/251219_YAPSMAD_Early_D14_Male_#3/tifs,2581,5183,4.907217413197545,0.6115804493769034,0.20378147446872538,6.874134912511604,5.385164807134504,40.32030240772292,34.06315739406273,53.621957967523485,0.015621969162232824,0.013197658812112642,0.020775652060257065,0.008862471517464303,0.008220628436090269,0.013763785400953889
1,21,ctrl_002_DAPI.tif,ctrl_002_W647.tif,ctrl_002_G488.tif,ctrl_002_R555.tif,/Volumes/D/YAPSMAD_Nuclear_Localization/251219_YAPSMAD_Early_D14_Male_#3/tifs,/Volumes/D/YAPSMAD_Nuclear_Localization/251219_YAPSMAD_Early_D14_Male_#3/tifs,/Volumes/D/YAPSMAD_Nuclear_Localization/251219_YAPSMAD_Early_D14_Male_#3/tifs,/Volumes/D/YAPSMAD_Nuclear_Localization/251219_YAPSMAD_Early_D14_Male_#3/tifs,1412,2040,1.4474739617861123,0.6331837770288403,0.6908587141464353,6.682367491268363,6.0,7.7959106783382595,15.219989449484274,15.524513756856322,0.0055211831999562744,0.010779029355158834,0.010994698128085213,0.0030646143018348976,0.006621526474116445,0.0050182312764049716
1,22,ctrl_002_DAPI.tif,ctrl_002_W647.tif,ctrl_002_G488.tif,ctrl_002_R555.tif,/Volumes/D/YAPSMAD_Nuclear_Localization/251219_YAPSMAD_Early_D14_Male_#3/tifs,/Volumes/D/YAPSMAD_Nuclear_Localization/251219_YAPSMAD_Early_D14_Male_#3/tifs,/Volumes/D/YAPSMAD_Nuclear_Localization/251219_YAPSMAD_Early_D14_Male_#3/tifs,/Volumes/D/YAPSMAD_Nuclear_Localization/251219_YAPSMAD_Early_D14_Male_#3/tifs,2118,7007,12.414916870133252,0.7096756537270543,0.08054826387164256,3.584706571012211,2.8284271247461903,23.92507838550955,21.278889371315017,16.02423151466064,0.011296071003545585,0.0100466899770137,0.007565737259046573,0.009841263884585349,0.005960508852938942,0.0037434581919683903
1,23,ctrl_002_DAPI.tif,ctrl_002_W647.tif,ctrl_002_G488.tif,ctrl_002_R555.tif,/Volumes/D/YAPSMAD_Nuclear_Localization/251219_YAPSMAD_Early_D14_Male_#3/tifs,/Volumes/D/YAPSMAD_Nuclear_Localization/251219_YAPSMAD_Early_D14_Male_#3/tifs,/Volumes/D/YAPSMAD_Nuclear_Localization/251219_YAPSMAD_Early_D14_Male_#3/tifs,/Volumes/D/YAPSMAD_Nuclear_Localization/251219_YAPSMAD_Early_D14_Male_#3/tifs,1271,2912,2.201364279587768,0.8620914402418457,0.4542637532881482,5.0886223328883675,4.47213595499958,13.474738816265017,17.096269299276173,14.31554141244851,0.01060168278226988,0.01345103800100407,0.011263211182099536,0.0077139117272419745,0.008345830315861493,0.006164459041469533
1,24,ctrl_002_DAPI.tif,ctrl_002_W647.tif,ctrl_002_G488.tif,ctrl_002_R555.tif,/Volumes/D/YAPSMAD_Nuclear_Localization/251219_YAPSMAD_Early_D14_Male_#3/tifs,/Volumes/D/YAPSMAD_Nuclear_Localization/251219_YAPSMAD_Early_D14_Male_#3/tifs,/Volumes/D/YAPSMAD_Nuclear_Localization/251219_YAPSMAD_Early_D14_Male_#3/tifs,/Volumes/D/YAPSMAD_Nuclear_Localization/251219_YAPSMAD_Early_D14_Male_#3/tifs,1777,3286,3.2696374965523582,0.7027845933207616,0.3058443026342956,6.122749254884224,5.0,25.904051437275484,33.34953855816275,17.786343345185742,0.014577406548832574,0.018767326144154613,0.010009197155422478,0.007380653016804153,0.013279559117128734,0.005102746585857557
1,25,ctrl_002_DAPI.tif,ctrl_002_W647.tif,ctrl_002_G488.tif,ctrl_002_R555.tif,/Volumes/D/YAPSMAD_Nuclear_Localization/251219_YAPSMAD_Early_D14_Male_#3/tifs,/Volumes/D/YAPSMAD_Nuclear_Localization/251219_YAPSMAD_Early_D14_Male_#3/tifs,/Volumes/D/YAPSMAD_Nuclear_Localization/251219_YAPSMAD_Early_D14_Male_#3/tifs,/Volumes/D/YAPSMAD_Nuclear_Localization/251219_YAPSMAD_Early_D14_Male_#3/tifs,1276,5576,6.461299793990058,0.8793588104158094,0.15476762135849886,4.147640216016718,3.0,16.720103895757347,20.620264102704823,16.20390645856969,0.013103529698869394,0.016160081585191867,0.012698986252797563,0.00851086714279733,0.010054677104493438,0.006725995560242073
1,26,ctrl_002_DAPI.tif,ctrl_002_W647.tif,ctrl_002_G488.tif,ctrl_002_R555.tif,/Volumes/D/YAPSMAD_Nuclear_Localization/251219_YAPSMAD_Early_D14_Male_#3/tifs,/Volumes/D/YAPSMAD_Nuclear_Localization/251219_YAPSMAD_Early_D14_Male_#3/tifs,/Volumes/D/YAPSMAD_Nuclear_Localization/251219_YAPSMAD_Early_D14_Male_#3/tifs,/Volumes/D/YAPSMAD_Nuclear_Localization/251219_YAPSMAD_Early_D14_Male_#3/tifs,664,1155,2.2933342597661466,0.6237784799057913,0.4360463354792297,3.775782097377372,3.1622776601683795,6.801892186515033,10.415106502361596,7.974288624245673,0.010243813533908182,0.015685401358978307,0.012009470819647098,0.00782296094301272,0.011166345938265376,0.005564800925417241
1,27,ctrl_002_DAPI.tif,ctrl_002_W647.tif,ctrl_002_G488.tif,ctrl_002_R555.tif,/Volumes/D/YAPSMAD_Nuclear_Localization/251219_YAPSMAD_Early_D14_Male_#3/tifs,/Volumes/D/YAPSMAD_Nuclear_Localization/251219_YAPSMAD_Early_D14_Male_#3/tifs,/Volumes/D/YAPSMAD_Nuclear_Localization/251219_YAPSMAD_Early_D14_Male_#3/tifs,/Volumes/D/YAPSMAD_Nuclear_Localization/251219_YAPSMAD_Early_D14_Male_#3/tifs,1375,3174,4.259317514179705,0.741817951960116,0.23477939756097013,4.362507034822292,3.605551275463989,11.826245645061135,18.625147030688822,14.112993212416768,0.008600905923680825,0.013545561476864598,0.010263995063575832,0.005210439635120545,0.008411036363254484,0.004718661377619934
1,28,ctrl_002_DAPI.tif,ctrl_002_W647.tif,ctrl_002_G488.tif,ctrl_002_R555.tif,/Volumes/D/YAPSMAD_Nuclear_Localization/251219_YAPSMAD_Early_D14_Male_#3/tifs,/Volumes/D/YAPSMAD_Nuclear_Localization/251219_YAPSMAD_Early_D14_Male_#3/tifs,/Volumes/D/YAPSMAD_Nuclear_Localization/251219_YAPSMAD_Early_D14_Male_#3/tifs,/Volumes/D/YAPSMAD_Nuclear_Localization/251219_YAPSMAD_Early_D14_Male_#3/tifs,3886,10573,2.93710060602346,0.8390546643920586,0.3404718237942485,7.758078851514832,6.4031242374328485,63.385168629698455,55.37534181261435,56.12748949392699,0.016311160223803,0.014249959293004207,0.014443512479137156,0.010744826686226144,0.008216452000332383,0.007874508175326776
1,29,ctrl_002_DAPI.tif,ctrl_002_W647.tif,ctrl_002_G488.tif,ctrl_002_R555.tif,/Volumes/D/YAPSMAD_Nuclear_Localization/251219_YAPSMAD_Early_D14_Male_#3/tifs,/Volumes/D/YAPSMAD_Nuclear_Localization/251219_YAPSMAD_Early_D14_Male_#3/tifs,/Volumes/D/YAPSMAD_Nuclear_Localization/251219_YAPSMAD_Early_D14_Male_#3/tifs,/Volumes/D/YAPSMAD_Nuclear_Localization/251219_YAPSMAD_Early_D14_Male_#3/tifs,1333,2784,2.451663905694924,0.7332061857509512,0.4078862513238943,5.789446170585572,5.0,17.288899200269952,21.127947008004412,14.879011346725747,0.01296991687942232,0.01584992273668748,0.011162049022299884,0.007025854844158759,0.010255234464585108,0.005395219164853363
1,30,ctrl_002_DAPI.tif,ctrl_002_W647.tif,ctrl_002_G488.tif,ctrl_002_R555.tif,/Volumes/D/YAPSMAD_Nuclear_Localization/251219_YAPSMAD_Early_D14_Male_#3/tifs,/Volumes/D/YAPSMAD_Nuclear_Localization/251219_YAPSMAD_Early_D14_Male_#3/tifs,/Volumes/D/YAPSMAD_Nuclear_Localization/251219_YAPSMAD_Early_D14_Male_#3/tifs,/Volumes/D/YAPSMAD_Nuclear_Localization/251219_YAPSMAD_Early_D14_Male_#3/tifs,2046,4312,3.3329899186697465,0.7727770741139727,0.30003091050425895,6.056966064581067,5.0,21.37726429081522,24.534828923409805,20.609476044308394,0.010448320767749373,0.011991607489447607,0.010073057695165394,0.006011912378070904,0.00969316534556663,0.006239673852510083
1,31,ctrl_002_DAPI.tif,ctrl_002_W647.tif,ctrl_002_G488.tif,ctrl_002_R555.tif,/Volumes/D/YAPSMAD_Nuclear_Localization/251219_YAPSMAD_Early_D14_Male_#3/tifs,/Volumes/D/YAPSMAD_Nuclear_Localization/251219_YAPSMAD_Early_D14_Male_#3/tifs,/Volumes/D/YAPSMAD_Nuclear_Localization/251219_YAPSMAD_Early_D14_Male_#3/tifs,/Volumes/D/YAPSMAD_Nuclear_Localization/251219_YAPSMAD_Early_D14_Male_#3/tifs,1446,4350,3.17915086972347,0.9321382926848645,0.31454940044634694,4.7686264442106205,4.123105625617661,16.453742439392954,14.104509183438495,19.84991243481636,0.01137879836749167,0.009754155728519015,0.013727463647867469,0.004623495231524557,0.005610397479027225,0.006942358826354319
1,32,ctrl_002_DAPI.tif,ctrl_002_W647.tif,ctrl_002_G488.tif,ctrl_002_R555.tif,/Volumes/D/YAPSMAD_Nuclear_Localization/251219_YAPSMAD_Early_D14_Male_#3/tifs,/Volumes/D/YAPSMAD_Nuclear_Localization/251219_YAPSMAD_Early_D14_Male_#3/tifs,/Volumes/D/YAPSMAD_Nuclear_Localization/251219_YAPSMAD_Early_D14_Male_#3/tifs,/Volumes/D/YAPSMAD_Nuclear_Localization/251219_YAPSMAD_Early_D14_Male_#3/tifs,706,1476,4.317591357141893,0.3727858446798142,0.23161061742118363,2.9451111068933202,2.23606797749979,7.02534529636614,9.71078057703562,6.347463246434927,0.009950914017515779,0.013754646709682182,0.008990741142259104,0.009452754291989145,0.012081831166375385,0.005185979495548394
1,33,ctrl_002_DAPI.tif,ctrl_002_W647.tif,ctrl_002_G488.tif,ctrl_002_R555.tif,/Volumes/D/YAPSMAD_Nuclear_Localization/251219_YAPSMAD_Early_D14_Male_#3/tifs,/Volumes/D/YAPSMAD_Nuclear_Localization/251219_YAPSMAD_Early_D14_Male_#3/tifs,/Volumes/D/YAPSMAD_Nuclear_Localization/251219_YAPSMAD_Early_D14_Male_#3/tifs,/Volumes/D/YAPSMAD_Nuclear_Localization/251219_YAPSMAD_Early_D14_Male_#3/tifs,1438,2680,2.638952862396558,0.8105711814331298,0.37893818197716983,5.669619238443637,5.0,13.445273658493534,29.733150305924937,18.790463247103617,0.009349981681845294,0.020676738738473532,0.01306708153484257,0.004974350560714964,0.013506030125983575,0.006714490857159679
1,34,ctrl_002_DAPI.tif,ctrl_002_W647.tif,ctrl_002_G488.tif,ctrl_002_R555.tif,/Volumes/D/YAPSMAD_Nuclear_Localization/251219_YAPSMAD_Early_D14_Male_#3/tifs,/Volumes/D/YAPSMAD_Nuclear_Localization/251219_YAPSMAD_Early_D14_Male_#3/tifs,/Volumes/D/YAPSMAD_Nuclear_Localization/251219_YAPSMAD_Early_D14_Male_#3/tifs,/Volumes/D/YAPSMAD_Nuclear_Localization/251219_YAPSMAD_Early_D14_Male_#3/tifs,137,176,1.043492566812047,0.7561984880225219,0.9583201948961455,2.4135002985587444,2.0,0.13604943919926882,0.5562218823470175,0.41989776445552707,0.0009930615999946628,0.004060013739759252,0.003064947185806767,0.00023534738165419879,4.942373599951181e-05,4.200891119257985e-05
1,35,ctrl_002_DAPI.tif,ctrl_002_W647.tif,ctrl_002_G488.tif,ctrl_002_R555.tif,/Volumes/D/YAPSMAD_Nuclear_Localization/251219_YAPSMAD_Early_D14_Male_#3/tifs,/Volumes/D/YAPSMAD_Nuclear_Localization/251219_YAPSMAD_Early_D14_Male_#3/tifs,/Volumes/D/YAPSMAD_Nuclear_Localization/251219_YAPSMAD_Early_D14_Male_#3/tifs,/Volumes/D/YAPSMAD_Nuclear_Localization/251219_YAPSMAD_Early_D14_Male_#3/tifs,2757,6715,4.800647629419889,0.5774838151676247,0.2083052282095614,5.953072281092304,5.0,43.301411672495306,49.11987511557527,42.18709114892408,0.01570598899981694,0.01781642187724892,0.015301810355068583,0.010880134602376797,0.012568271789507226,0.008437652936041385
1,36,ctrl_002_DAPI.tif,ctrl_002_W647.tif,ctrl_002_G488.tif,ctrl_002_R555.tif,/Volumes/D/YAPSMAD_Nuclear_Localization/251219_YAPSMAD_Early_D14_Male_#3/tifs,/Volumes/D/YAPSMAD_Nuclear_Localization/251219_YAPSMAD_Early_D14_Male_#3/tifs,/Volumes/D/YAPSMAD_Nuclear_Localization/251219_YAPSMAD_Early_D14_Male_#3/tifs,/Volumes/D/YAPSMAD_Nuclear_Localization/251219_YAPSMAD_Early_D14_Male_#3/tifs,2523,8184,6.238947780240134,0.7547819091057798,0.16028343804498238,5.0331403860038595,4.0,23.932921608909965,24.82378905476071,23.38445127615705,0.009485898378481952,0.009838996850876223,0.009268510216471284,0.005013448146119378,0.005093264757070509,0.004755634548723883
1,37,ctrl_002_DAPI.tif,ctrl_002_W647.tif,ctrl_002_G488.tif,ctrl_002_R555.tif,/Volumes/D/YAPSMAD_Nuclear_Localization/251219_YAPSMAD_Early_D14_Male_#3/tifs,/Volumes/D/YAPSMAD_Nuclear_Localization/251219_YAPSMAD_Early_D14_Male_#3/tifs,/Volumes/D/YAPSMAD_Nuclear_Localization/251219_YAPSMAD_Early_D14_Male_#3/tifs,/Volumes/D/YAPSMAD_Nuclear_Localization/251219_YAPSMAD_Early_D14_Male_#3/tifs,1418,3380,3.1457537098011175,0.5758967209775422,0.3178888407202173,5.367315676811941,4.242640687119285,10.707560983719304,20.527962307678536,15.887190191075206,0.007551171356642668,0.014476701204286697,0.011203942306823136,0.0035343186644482476,0.010650974165850287,0.005771886230411146
1,38,ctrl_002_DAPI.tif,ctrl_002_W647.tif,ctrl_002_G488.tif,ctrl_002_R555.tif,/Volumes/D/YAPSMAD_Nuclear_Localization/251219_YAPSMAD_Early_D14_Male_#3/tifs,/Volumes/D/YAPSMAD_Nuclear_Localization/251219_YAPSMAD_Early_D14_Male_#3/tifs,/Volumes/D/YAPSMAD_Nuclear_Localization/251219_YAPSMAD_Early_D14_Male_#3/tifs,/Volumes/D/YAPSMAD_Nuclear_Localization/251219_YAPSMAD_Early_D14_Male_#3/tifs,1398,3332,2.417106125283235,0.8122050633042585,0.41371787094487655,5.236894253472701,4.47213595499958,15.001419253181666,18.407995872432366,24.918257552199066,0.010730628936467573,0.013167379021768502,0.01782421856380477,0.006756938496293684,0.00820275082568852,0.010731031534654184
1,39,ctrl_002_DAPI.tif,ctrl_002_W647.tif,ctrl_002_G488.tif,ctrl_002_R555.tif,/Volumes/D/YAPSMAD_Nuclear_Localization/251219_YAPSMAD_Early_D14_Male_#3/tifs,/Volumes/D/YAPSMAD_Nuclear_Localization/251219_YAPSMAD_Early_D14_Male_#3/tifs,/Volumes/D/YAPSMAD_Nuclear_Localization/251219_YAPSMAD_Early_D14_Male_#3/tifs,/Volumes/D/YAPSMAD_Nuclear_Localization/251219_YAPSMAD_Early_D14_Male_#3/tifs,1711,3216,4.042964055224415,0.8178138879356344,0.2473432823890126,5.004916162823918,4.242640687119285,22.153368587139994,31.28848715010099,20.547173437429592,0.012947614603822323,0.018286666949211567,0.012008868169158148,0.00814998888037297,0.015629406718395317,0.006446666934363686
1,40,ctrl_002_DAPI.tif,ctrl_002_W647.tif,ctrl_002_G488.tif,ctrl_002_R555.tif,/Volumes/D/YAPSMAD_Nuclear_Localization/251219_YAPSMAD_Early_D14_Male_#3/tifs,/Volumes/D/YAPSMAD_Nuclear_Localization/251219_YAPSMAD_Early_D14_Male_#3/tifs,/Volumes/D/YAPSMAD_Nuclear_Localization/251219_YAPSMAD_Early_D14_Male_#3/tifs,/Volumes/D/YAPSMAD_Nuclear_Localization/251219_YAPSMAD_Early_D14_Male_#3/tifs,2616,7553,6.4376534242746155,0.6720299905798706,0.1553361037158782,6.249937217401554,5.0,20.65348312887363,36.32253012340516,28.532219618558884,0.007895062358132122,0.013884759221485153,0.01090681178079468,0.004881594253625154,0.010543385910733604,0.007446315031255329
2,1,ctrl_003_DAPI.tif,ctrl_003_W647.tif,ctrl_003_G488.tif,ctrl_003_R555.tif,/Volumes/D/YAPSMAD_Nuclear_Localization/251219_YAPSMAD_Early_D14_Male_#3/tifs,/Volumes/D/YAPSMAD_Nuclear_Localization/251219_YAPSMAD_Early_D14_Male_#3/tifs,/Volumes/D/YAPSMAD_Nuclear_Localization/251219_YAPSMAD_Early_D14_Male_#3/tifs,/Volumes/D/YAPSMAD_Nuclear_Localization/251219_YAPSMAD_Early_D14_Male_#3/tifs,1356,2989,4.045375013194109,0.8142521515016311,0.2471958710227039,4.77709138754711,4.0,24.97436499898322,20.470451016211882,19.529869664926082,0.01841767330308497,0.015096202814315547,0.014402558749945489,0.012217479552154922,0.01233785715538959,0.009262089962359952
2,2,ctrl_003_DAPI.tif,ctrl_003_W647.tif,ctrl_003_G488.tif,ctrl_003_R555.tif,/Volumes/D/YAPSMAD_Nuclear_Localization/251219_YAPSMAD_Early_D14_Male_#3/tifs,/Volumes/D/YAPSMAD_Nuclear_Localization/251219_YAPSMAD_Early_D14_Male_#3/tifs,/Volumes/D/YAPSMAD_Nuclear_Localization/251219_YAPSMAD_Early_D14_Male_#3/tifs,/Volumes/D/YAPSMAD_Nuclear_Localization/251219_YAPSMAD_Early_D14_Male_#3/tifs,2164,4838,4.554102953956953,0.7665433330778573,0.21958221193289526,5.542596810511777,4.47213595499958,24.63613358559087,33.06739929690957,21.384069751948118,0.011384534928646427,0.015280683593765975,0.009881732787406708,0.0074733430288022595,0.012316643740722251,0.006741395276661041
2,3,ctrl_003_DAPI.tif,ctrl_003_W647.tif,ctrl_003_G488.tif,ctrl_003_R555.tif,/Volumes/D/YAPSMAD_Nuclear_Localization/251219_YAPSMAD_Early_D14_Male_#3/tifs,/Volumes/D/YAPSMAD_Nuclear_Localization/251219_YAPSMAD_Early_D14_Male_#3/tifs,/Volumes/D/YAPSMAD_Nuclear_Localization/251219_YAPSMAD_Early_D14_Male_#3/tifs,/Volumes/D/YAPSMAD_Nuclear_Localization/251219_YAPSMAD_Early_D14_Male_#3/tifs,1438,2745,3.2151198216172068,0.7712579688449496,0.31103039870439403,4.932335466160314,4.123105625617661,16.364660271443427,22.836652252124622,11.017364848870784,0.011380153179028808,0.01588084301260405,0.007661588907420573,0.007994422030984117,0.01729277797364452,0.005939491270509268
2,4,ctrl_003_DAPI.tif,ctrl_003_W647.tif,ctrl_003_G488.tif,ctrl_003_R555.tif,/Volumes/D/YAPSMAD_Nuclear_Localization/251219_YAPSMAD_Early_D14_Male_#3/tifs,/Volumes/D/YAPSMAD_Nuclear_Localization/251219_YAPSMAD_Early_D14_Male_#3/tifs,/Volumes/D/YAPSMAD_Nuclear_Localization/251219_YAPSMAD_Early_D14_Male_#3/tifs,/Volumes/D/YAPSMAD_Nuclear_Localization/251219_YAPSMAD_Early_D14_Male_#3/tifs,1291,4158,9.775164677289796,0.7348157774504759,0.10230006685444956,2.8984012556539183,2.23606797749979,13.300328189274296,18.889112771023065,7.70386821962893,0.010302345615239579,0.014631380922558532,0.005967365003585539,0.008844931676223803,0.013864701308808241,0.005232991618400677
2,5,ctrl_003_DAPI.tif,ctrl_003_W647.tif,ctrl_003_G488.tif,ctrl_003_R555.tif,/Volumes/D/YAPSMAD_Nuclear_Localization/251219_YAPSMAD_Early_D14_Male_#3/tifs,/Volumes/D/YAPSMAD_Nuclear_Localization/251219_YAPSMAD_Early_D14_Male_#3/tifs,/Volumes/D/YAPSMAD_Nuclear_Localization/251219_YAPSMAD_Early_D14_Male_#3/tifs,/Volumes/D/YAPSMAD_Nuclear_Localization/251219_YAPSMAD_Early_D14_Male_#3/tifs,1171,2714,3.306681836148153,0.8521541429602636,0.3024179674827342,4.635718956121209,3.605551275463989,23.241657234495506,14.138445231830701,16.6634928828571,0.019847700456443643,0.012073821718045006,0.014230139097230657,0.011578372884691733,0.008765510570133727,0.00933118442983524
2,6,ctrl_003_DAPI.tif,ctrl_003_W647.tif,ctrl_003_G488.tif,ctrl_003_R555.tif,/Volumes/D/YAPSMAD_Nuclear_Localization/251219_YAPSMAD_Early_D14_Male_#3/tifs,/Volumes/D/YAPSMAD_Nuclear_Localization/251219_YAPSMAD_Early_D14_Male_#3/tifs,/Volumes/D/YAPSMAD_Nuclear_Localization/251219_YAPSMAD_Early_D14_Male_#3/tifs,/Volumes/D/YAPSMAD_Nuclear_Localization/251219_YAPSMAD_Early_D14_Male_#3/tifs,2065,4420,3.202556190927835,0.7836085131155408,0.3122505712258192,6.100811856047038,5.0,42.89906173152849,23.40514247934334,26.873686026083305,0.020774364034638493,0.011334209433096048,0.01301389153805487,0.011266503082206598,0.00792361803342714,0.007762900030743344
2,7,ctrl_003_DAPI.tif,ctrl_003_W647.tif,ctrl_003_G488.tif,ctrl_003_R555.tif,/Volumes/D/YAPSMAD_Nuclear_Localization/251219_YAPSMAD_Early_D14_Male_#3/tifs,/Volumes/D/YAPSMAD_Nuclear_Localization/251219_YAPSMAD_Early_D14_Male_#3/tifs,/Volumes/D/YAPSMAD_Nuclear_Localization/251219_YAPSMAD_Early_D14_Male_#3/tifs,/Volumes/D/YAPSMAD_Nuclear_Localization/251219_YAPSMAD_Early_D14_Male_#3/tifs,2095,8316,9.330603521841592,0.895014694006343,0.10717420343273024,3.729315920331795,2.8284271247461903,22.74876039265655,27.752773439278826,10.229465264128521,0.010858596846136779,0.013247147226386074,0.004882799648748697,0.008923874483129913,0.012406100776378146,0.0045015545927069725
2,8,ctrl_003_DAPI.tif,ctrl_003_W647.tif,ctrl_003_G488.tif,ctrl_003_R555.tif,/Volumes/D/YAPSMAD_Nuclear_Localization/251219_YAPSMAD_Early_D14_Male_#3/tifs,/Volumes/D/YAPSMAD_Nuclear_Localization/251219_YAPSMAD_Early_D14_Male_#3/tifs,/Volumes/D/YAPSMAD_Nuclear_Localization/251219_YAPSMAD_Early_D14_Male_#3/tifs,/Volumes/D/YAPSMAD_Nuclear_Localization/251219_YAPSMAD_Early_D14_Male_#3/tifs,1987,7332,6.0031131985589035,0.8708356913291949,0.16658023377604445,4.679128350729954,3.605551275463989,39.30019088485278,28.255939772818238,35.91586195118725,0.019778656711048205,0.014220402502676517,0.018075421213481255,0.012147543716338801,0.010075407408152555,0.012275845373491665
2,9,ctrl_003_DAPI.tif,ctrl_003_W647.tif,ctrl_003_G488.tif,ctrl_003_R555.tif,/Volumes/D/YAPSMAD_Nuclear_Localization/251219_YAPSMAD_Early_D14_Male_#3/tifs,/Volumes/D/YAPSMAD_Nuclear_Localization/251219_YAPSMAD_Early_D14_Male_#3/tifs,/Volumes/D/YAPSMAD_Nuclear_Localization/251219_YAPSMAD_Early_D14_Male_#3/tifs,/Volumes/D/YAPSMAD_Nuclear_Localization/251219_YAPSMAD_Early_D14_Male_#3/tifs,2141,6072,7.307568615056882,0.6147130719253108,0.1368444215411881,5.63074480959096,4.242640687119285,20.71125374105759,36.23154058097862,19.79232486244291,0.009673635563315082,0.016922718627266985,0.00924443010856745,0.005480395419862586,0.01321300513570809,0.006822967957565086
2,10,ctrl_003_DAPI.tif,ctrl_003_W647.tif,ctrl_003_G488.tif,ctrl_003_R555.tif,/Volumes/D/YAPSMAD_Nuclear_Localization/251219_YAPSMAD_Early_D14_Male_#3/tifs,/Volumes/D/YAPSMAD_Nuclear_Localization/251219_YAPSMAD_Early_D14_Male_#3/tifs,/Volumes/D/YAPSMAD_Nuclear_Localization/251219_YAPSMAD_Early_D14_Male_#3/tifs,/Volumes/D/YAPSMAD_Nuclear_Localization/251219_YAPSMAD_Early_D14_Male_#3/tifs,2363,7848,8.812651037657846,0.7994206351972036,0.11347323248439574,4.9882214374361205,3.605551275463989,24.016586779383942,43.3419549446553,18.682765151839703,0.010163599991275474,0.018341919147124543,0.007906375434549176,0.007005829484071743,0.013338281924978837,0.00411394173938975
2,11,ctrl_003_DAPI.tif,ctrl_003_W647.tif,ctrl_003_G488.tif,ctrl_003_R555.tif,/Volumes/D/YAPSMAD_Nuclear_Localization/251219_YAPSMAD_Early_D14_Male_#3/tifs,/Volumes/D/YAPSMAD_Nuclear_Localization/251219_YAPSMAD_Early_D14_Male_#3/tifs,/Volumes/D/YAPSMAD_Nuclear_Localization/251219_YAPSMAD_Early_D14_Male_#3/tifs,/Volumes/D/YAPSMAD_Nuclear_Localization/251219_YAPSMAD_Early_D14_Male_#3/tifs,1912,6216,4.602295537344512,0.9111071608969851,0.21728287370632265,4.267646739125098,3.605551275463989,36.48990630568005,39.663035137811676,16.120821096934378,0.01908467903016739,0.020744265239441253,0.00843139178709957,0.011726195117710074,0.015684319709126607,0.005847104669551537
2,12,ctrl_003_DAPI.tif,ctrl_003_W647.tif,ctrl_003_G488.tif,ctrl_003_R555.tif,/Volumes/D/YAPSMAD_Nuclear_Localization/251219_YAPSMAD_Early_D14_Male_#3/tifs,/Volumes/D/YAPSMAD_Nuclear_Localization/251219_YAPSMAD_Early_D14_Male_#3/tifs,/Volumes/D/YAPSMAD_Nuclear_Localization/251219_YAPSMAD_Early_D14_Male_#3/tifs,/Volumes/D/YAPSMAD_Nuclear_Localization/251219_YAPSMAD_Early_D14_Male_#3/tifs,1359,2880,3.3961741373714216,0.5743390608820295,0.29444897686370763,5.279101049917666,4.123105625617661,21.075715390732512,22.070374752860516,17.83567569614388,0.015508252678979038,0.016240158022708253,0.013124117510039647,0.010108756306119885,0.011476422395123184,0.008195028846253172
2,13,ctrl_003_DAPI.tif,ctrl_003_W647.tif,ctrl_003_G488.tif,ctrl_003_R555.tif,/Volumes/D/YAPSMAD_Nuclear_Localization/251219_YAPSMAD_Early_D14_Male_#3/tifs,/Volumes/D/YAPSMAD_Nuclear_Localization/251219_YAPSMAD_Early_D14_Male_#3/tifs,/Volumes/D/YAPSMAD_Nuclear_Localization/251219_YAPSMAD_Early_D14_Male_#3/tifs,/Volumes/D/YAPSMAD_Nuclear_Localization/251219_YAPSMAD_Early_D14_Male_#3/tifs,2033,6840,5.745423481792935,0.3954698352271739,0.1740515739473284,5.192863478863766,4.0,22.0406197195407,32.96574369771406,22.203982790233567,0.01084142632540123,0.016215319083971502,0.010921781992244745,0.006470641100161793,0.014185234162397663,0.008187150785146372
2,14,ctrl_003_DAPI.tif,ctrl_003_W647.tif,ctrl_003_G488.tif,ctrl_003_R555.tif,/Volumes/D/YAPSMAD_Nuclear_Localization/251219_YAPSMAD_Early_D14_Male_#3/tifs,/Volumes/D/YAPSMAD_Nuclear_Localization/251219_YAPSMAD_Early_D14_Male_#3/tifs,/Volumes/D/YAPSMAD_Nuclear_Localization/251219_YAPSMAD_Early_D14_Male_#3/tifs,/Volumes/D/YAPSMAD_Nuclear_Localization/251219_YAPSMAD_Early_D14_Male_#3/tifs,2454,8200,6.743809873670325,0.7458597313144053,0.14828413296529502,4.364766983543815,3.605551275463989,40.77058082539588,32.58828135067597,30.540581595618278,0.01661392861670574,0.013279658252109198,0.012445224774090578,0.010553864049678416,0.009683715560457247,0.00848354969218504
2,15,ctrl_003_DAPI.tif,ctrl_003_W647.tif,ctrl_003_G488.tif,ctrl_003_R555.tif,/Volumes/D/YAPSMAD_Nuclear_Localization/251219_YAPSMAD_Early_D14_Male_#3/tifs,/Volumes/D/YAPSMAD_Nuclear_Localization/251219_YAPSMAD_Early_D14_Male_#3/tifs,/Volumes/D/YAPSMAD_Nuclear_Localization/251219_YAPSMAD_Early_D14_Male_#3/tifs,/Volumes/D/YAPSMAD_Nuclear_Localization/251219_YAPSMAD_Early_D14_Male_#3/tifs,2670,6080,7.889115531587476,0.5183918779398342,0.12675692173553155,5.574927889656093,4.0,43.46309629408643,35.8138707219623,32.845227976795286,0.01627831321875896,0.013413434727326706,0.012301583511908347,0.011382297577832486,0.010886125560316014,0.009103254132811798
2,16,ctrl_003_DAPI.tif,ctrl_003_W647.tif,ctrl_003_G488.tif,ctrl_003_R555.tif,/Volumes/D/YAPSMAD_Nuclear_Localization/251219_YAPSMAD_Early_D14_Male_#3/tifs,/Volumes/D/YAPSMAD_Nuclear_Localization/251219_YAPSMAD_Early_D14_Male_#3/tifs,/Volumes/D/YAPSMAD_Nuclear_Localization/251219_YAPSMAD_Early_D14_Male_#3/tifs,/Volumes/D/YAPSMAD_Nuclear_Localization/251219_YAPSMAD_Early_D14_Male_#3/tifs,3837,20305,14.293668798455535,0.671155808406931,0.06996104457856561,4.455134664750478,3.1622776601683795,65.5910891040694,80.9129171166569,43.797543610446155,0.017094367762332394,0.02108754681174274,0.011414527915154068,0.010893799055183886,0.016004867710729547,0.0071128309577237385
2,17,ctrl_003_DAPI.tif,ctrl_003_W647.tif,ctrl_003_G488.tif,ctrl_003_R555.tif,/Volumes/D/YAPSMAD_Nuclear_Localization/251219_YAPSMAD_Early_D14_Male_#3/tifs,/Volumes/D/YAPSMAD_Nuclear_Localization/251219_YAPSMAD_Early_D14_Male_#3/tifs,/Volumes/D/YAPSMAD_Nuclear_Localization/251219_YAPSMAD_Early_D14_Male_#3/tifs,/Volumes/D/YAPSMAD_Nuclear_Localization/251219_YAPSMAD_Early_D14_Male_#3/tifs,1294,3402,4.454944509912904,0.7887743523783395,0.22446968705779693,3.9317090797874017,3.1622776601683795,17.122468994930387,19.97940042614937,14.300007754703984,0.013232201696236776,0.01544003124122826,0.011051010629601224,0.00978643899439911,0.014657157005268793,0.006808788500899588
2,18,ctrl_003_DAPI.tif,ctrl_003_W647.tif,ctrl_003_G488.tif,ctrl_003_R555.tif,/Volumes/D/YAPSMAD_Nuclear_Localization/251219_YAPSMAD_Early_D14_Male_#3/tifs,/Volumes/D/YAPSMAD_Nuclear_Localization/251219_YAPSMAD_Early_D14_Male_#3/tifs,/Volumes/D/YAPSMAD_Nuclear_Localization/251219_YAPSMAD_Early_D14_Male_#3/tifs,/Volumes/D/YAPSMAD_Nuclear_Localization/251219_YAPSMAD_Early_D14_Male_#3/tifs,1854,4992,4.950092079063093,0.7931899226678399,0.2020164441444634,4.940569519076413,4.0,20.39073796151206,33.17393771233037,17.947509101592004,0.010998240540189892,0.017893170287125334,0.00968042562113916,0.006089920717816063,0.012344601392871978,0.006349346902193634
2,19,ctrl_003_DAPI.tif,ctrl_003_W647.tif,ctrl_003_G488.tif,ctrl_003_R555.tif,/Volumes/D/YAPSMAD_Nuclear_Localization/251219_YAPSMAD_Early_D14_Male_#3/tifs,/Volumes/D/YAPSMAD_Nuclear_Localization/251219_YAPSMAD_Early_D14_Male_#3/tifs,/Volumes/D/YAPSMAD_Nuclear_Localization/251219_YAPSMAD_Early_D14_Male_#3/tifs,/Volumes/D/YAPSMAD_Nuclear_Localization/251219_YAPSMAD_Early_D14_Male_#3/tifs,2084,3904,3.0874488231755612,0.5558288941429481,0.32389200834476056,6.710047102623566,5.385164807134504,35.49753583804704,42.27182435640134,32.74427420692518,0.01703336652497459,0.020283984815931546,0.015712223707737612,0.008754656037793799,0.016964291191694465,0.010524982045906203
2,20,ctrl_003_DAPI.tif,ctrl_003_W647.tif,ctrl_003_G488.tif,ctrl_003_R555.tif,/Volumes/D/YAPSMAD_Nuclear_Localization/251219_YAPSMAD_Early_D14_Male_#3/tifs,/Volumes/D/YAPSMAD_Nuclear_Localization/251219_YAPSMAD_Early_D14_Male_#3/tifs,/Volumes/D/YAPSMAD_Nuclear_Localization/251219_YAPSMAD_Early_D14_Male_#3/tifs,/Volumes/D/YAPSMAD_Nuclear_Localization/251219_YAPSMAD_Early_D14_Male_#3/tifs,2330,3762,1.7465370147954489,0.5145369335222313,0.5725615841683825,7.831382245763262,6.708203932499369,37.35436049383134,54.0175480064936,30.510460294783115,0.016031914375034907,0.023183496998495107,0.013094618152267432,0.010302192402041058,0.01423367736051217,0.007022243408806135
2,21,ctrl_003_DAPI.tif,ctrl_003_W647.tif,ctrl_003_G488.tif,ctrl_003_R555.tif,/Volumes/D/YAPSMAD_Nuclear_Localization/251219_YAPSMAD_Early_D14_Male_#3/tifs,/Volumes/D/YAPSMAD_Nuclear_Localization/251219_YAPSMAD_Early_D14_Male_#3/tifs,/Volumes/D/YAPSMAD_Nuclear_Localization/251219_YAPSMAD_Early_D14_Male_#3/tifs,/Volumes/D/YAPSMAD_Nuclear_Localization/251219_YAPSMAD_Early_D14_Male_#3/tifs,2252,4980,3.140277193993645,0.7659088510004636,0.3184432259396346,6.379312812057287,5.0,24.648890140466392,50.25078217405826,20.77970569068566,0.010945333099674241,0.022313846436082706,0.009227222775615301,0.005254898845947861,0.017662032859424102,0.005823572000536923
2,22,ctrl_003_DAPI.tif,ctrl_003_W647.tif,ctrl_003_G488.tif,ctrl_003_R555.tif,/Volumes/D/YAPSMAD_Nuclear_Localization/251219_YAPSMAD_Early_D14_Male_#3/tifs,/Volumes/D/YAPSMAD_Nuclear_Localization/251219_YAPSMAD_Early_D14_Male_#3/tifs,/Volumes/D/YAPSMAD_Nuclear_Localization/251219_YAPSMAD_Early_D14_Male_#3/tifs,/Volumes/D/YAPSMAD_Nuclear_Localization/251219_YAPSMAD_Early_D14_Male_#3/tifs,1627,2652,1.7457268947029612,0.4328634132156671,0.5728272864640445,7.116310779489092,6.082762530298219,12.336553142406046,31.749614802654833,16.557030737400055,0.007582392834914595,0.019514207008392643,0.010176417171112511,0.004084061010672483,0.014416856458156964,0.005445344361474767
2,23,ctrl_003_DAPI.tif,ctrl_003_W647.tif,ctrl_003_G488.tif,ctrl_003_R555.tif,/Volumes/D/YAPSMAD_Nuclear_Localization/251219_YAPSMAD_Early_D14_Male_#3/tifs,/Volumes/D/YAPSMAD_Nuclear_Localization/251219_YAPSMAD_Early_D14_Male_#3/tifs,/Volumes/D/YAPSMAD_Nuclear_Localization/251219_YAPSMAD_Early_D14_Male_#3/tifs,/Volumes/D/YAPSMAD_Nuclear_Localization/251219_YAPSMAD_Early_D14_Male_#3/tifs,3390,9424,7.1616264698809315,0.9562565728431949,0.13963308533412325,5.394351489869718,5.0,40.091157742077485,62.1794921872206,27.631601689616218,0.011826300218901914,0.018342033093575398,0.00815091495268915,0.007257915001516838,0.013108800777325557,0.005365688130317993
2,24,ctrl_003_DAPI.tif,ctrl_003_W647.tif,ctrl_003_G488.tif,ctrl_003_R555.tif,/Volumes/D/YAPSMAD_Nuclear_Localization/251219_YAPSMAD_Early_D14_Male_#3/tifs,/Volumes/D/YAPSMAD_Nuclear_Localization/251219_YAPSMAD_Early_D14_Male_#3/tifs,/Volumes/D/YAPSMAD_Nuclear_Localization/251219_YAPSMAD_Early_D14_Male_#3/tifs,/Volumes/D/YAPSMAD_Nuclear_Localization/251219_YAPSMAD_Early_D14_Male_#3/tifs,2853,11440,6.774598362166544,0.9288635803058447,0.14761022669396978,4.848678586377977,4.123105625617661,38.56456884788349,47.64600620791316,29.91398510779254,0.013517199035360495,0.016700317633337947,0.010485098180088517,0.007423249775269336,0.013027753188075874,0.008634754587113588
2,25,ctrl_003_DAPI.tif,ctrl_003_W647.tif,ctrl_003_G488.tif,ctrl_003_R555.tif,/Volumes/D/YAPSMAD_Nuclear_Localization/251219_YAPSMAD_Early_D14_Male_#3/tifs,/Volumes/D/YAPSMAD_Nuclear_Localization/251219_YAPSMAD_Early_D14_Male_#3/tifs,/Volumes/D/YAPSMAD_Nuclear_Localization/251219_YAPSMAD_Early_D14_Male_#3/tifs,/Volumes/D/YAPSMAD_Nuclear_Localization/251219_YAPSMAD_Early_D14_Male_#3/tifs,2160,3465,1.5938298766932275,0.7809060936492385,0.6274195349347659,7.789068065040704,7.0,51.33966596168466,33.59531568456441,39.828336188336834,0.023768363871150305,0.015553386891002042,0.018439044531637423,0.013751510725600187,0.00935982068193841,0.008619011045994482
2,26,ctrl_003_DAPI.tif,ctrl_003_W647.tif,ctrl_003_G488.tif,ctrl_003_R555.tif,/Volumes/D/YAPSMAD_Nuclear_Localization/251219_YAPSMAD_Early_D14_Male_#3/tifs,/Volumes/D/YAPSMAD_Nuclear_Localization/251219_YAPSMAD_Early_D14_Male_#3/tifs,/Volumes/D/YAPSMAD_Nuclear_Localization/251219_YAPSMAD_Early_D14_Male_#3/tifs,/Volumes/D/YAPSMAD_Nuclear_Localization/251219_YAPSMAD_Early_D14_Male_#3/tifs,2367,9944,9.84117184727395,0.895846294068225,0.10161391504173405,4.2796882680512525,3.0,19.39823020203039,35.37602827930823,26.553826382150874,0.008195281031698518,0.014945512581034317,0.01121834659152973,0.004846659992606,0.011773131787132404,0.008626848845126425
2,27,ctrl_003_DAPI.tif,ctrl_003_W647.tif,ctrl_003_G488.tif,ctrl_003_R555.tif,/Volumes/D/YAPSMAD_Nuclear_Localization/251219_YAPSMAD_Early_D14_Male_#3/tifs,/Volumes/D/YAPSMAD_Nuclear_Localization/251219_YAPSMAD_Early_D14_Male_#3/tifs,/Volumes/D/YAPSMAD_Nuclear_Localization/251219_YAPSMAD_Early_D14_Male_#3/tifs,/Volumes/D/YAPSMAD_Nuclear_Localization/251219_YAPSMAD_Early_D14_Male_#3/tifs,2665,9558,5.68437429570817,0.9410149651807393,0.17592085742049435,5.174647438013756,4.47213595499958,40.1736784693785,44.659174747997895,39.42035574070178,0.01507455102040469,0.0167576640705433,0.014791878326717366,0.008882577795685884,0.012013266361534368,0.009859186143504969
2,28,ctrl_003_DAPI.tif,ctrl_003_W647.tif,ctrl_003_G488.tif,ctrl_003_R555.tif,/Volumes/D/YAPSMAD_Nuclear_Localization/251219_YAPSMAD_Early_D14_Male_#3/tifs,/Volumes/D/YAPSMAD_Nuclear_Localization/251219_YAPSMAD_Early_D14_Male_#3/tifs,/Volumes/D/YAPSMAD_Nuclear_Localization/251219_YAPSMAD_Early_D14_Male_#3/tifs,/Volumes/D/YAPSMAD_Nuclear_Localization/251219_YAPSMAD_Early_D14_Male_#3/tifs,3795,13020,6.646031002321352,0.6685084482483361,0.15046574408857197,5.6818332651795735,4.47213595499958,54.8522777762264,55.997864119010046,29.34566296893172,0.014453828136028038,0.014755695420028997,0.007732717514870018,0.007693637991609051,0.012175908031184162,0.004427814822179132
2,29,ctrl_003_DAPI.tif,ctrl_003_W647.tif,ctrl_003_G488.tif,ctrl_003_R555.tif,/Volumes/D/YAPSMAD_Nuclear_Localization/251219_YAPSMAD_Early_D14_Male_#3/tifs,/Volumes/D/YAPSMAD_Nuclear_Localization/251219_YAPSMAD_Early_D14_Male_#3/tifs,/Volumes/D/YAPSMAD_Nuclear_Localization/251219_YAPSMAD_Early_D14_Male_#3/tifs,/Volumes/D/YAPSMAD_Nuclear_Localization/251219_YAPSMAD_Early_D14_Male_#3/tifs,1843,2688,1.2988419892152046,0.44967726580944745,0.7699165936298586,8.001045193215473,7.0710678118654755,33.87219062959775,31.995361409382895,39.166201420361176,0.01837883376538131,0.017360478247087842,0.021251330124992498,0.009343782257602315,0.0103560680368754,0.011432936889952382
2,30,ctrl_003_DAPI.tif,ctrl_003_W647.tif,ctrl_003_G488.tif,ctrl_003_R555.tif,/Volumes/D/YAPSMAD_Nuclear_Localization/251219_YAPSMAD_Early_D14_Male_#3/tifs,/Volumes/D/YAPSMAD_Nuclear_Localization/251219_YAPSMAD_Early_D14_Male_#3/tifs,/Volumes/D/YAPSMAD_Nuclear_Localization/251219_YAPSMAD_Early_D14_Male_#3/tifs,/Volumes/D/YAPSMAD_Nuclear_Localization/251219_YAPSMAD_Early_D14_Male_#3/tifs,2372,6500,3.895154154245742,0.9104082300075009,0.25672924880520936,5.72846003145462,5.0,22.78333735628985,42.48686976660974,33.2499124687165,0.009605116929295889,0.017911833797053012,0.014017669674838322,0.006534427910009575,0.01163270378807171,0.008268275621806834
2,31,ctrl_003_DAPI.tif,ctrl_003_W647.tif,ctrl_003_G488.tif,ctrl_003_R555.tif,/Volumes/D/YAPSMAD_Nuclear_Localization/251219_YAPSMAD_Early_D14_Male_#3/tifs,/Volumes/D/YAPSMAD_Nuclear_Localization/251219_YAPSMAD_Early_D14_Male_#3/tifs,/Volumes/D/YAPSMAD_Nuclear_Localization/251219_YAPSMAD_Early_D14_Male_#3/tifs,/Volumes/D/YAPSMAD_Nuclear_Localization/251219_YAPSMAD_Early_D14_Male_#3/tifs,2115,5568,4.048205126757452,0.7409716099655416,0.2470230555735164,5.769465694998331,4.123105625617661,24.129885027417913,41.60134300403297,32.58587035397068,0.011408929090977737,0.01966966572294703,0.015407030900222543,0.0054772823879441716,0.012202909435598507,0.009332947087917723
2,32,ctrl_003_DAPI.tif,ctrl_003_W647.tif,ctrl_003_G488.tif,ctrl_003_R555.tif,/Volumes/D/YAPSMAD_Nuclear_Localization/251219_YAPSMAD_Early_D14_Male_#3/tifs,/Volumes/D/YAPSMAD_Nuclear_Localization/251219_YAPSMAD_Early_D14_Male_#3/tifs,/Volumes/D/YAPSMAD_Nuclear_Localization/251219_YAPSMAD_Early_D14_Male_#3/tifs,/Volumes/D/YAPSMAD_Nuclear_Localization/251219_YAPSMAD_Early_D14_Male_#3/tifs,2797,10125,7.140452120191566,0.7684133837197994,0.1400471543212549,5.0059668908669055,4.0,34.25099595589563,37.885694954777136,23.051331548253074,0.012245618861600154,0.013545117967385462,0.008241448533519154,0.006359211309511466,0.010300600304146519,0.0057059528275486375
2,33,ctrl_003_DAPI.tif,ctrl_003_W647.tif,ctrl_003_G488.tif,ctrl_003_R555.tif,/Volumes/D/YAPSMAD_Nuclear_Localization/251219_YAPSMAD_Early_D14_Male_#3/tifs,/Volumes/D/YAPSMAD_Nuclear_Localization/251219_YAPSMAD_Early_D14_Male_#3/tifs,/Volumes/D/YAPSMAD_Nuclear_Localization/251219_YAPSMAD_Early_D14_Male_#3/tifs,/Volumes/D/YAPSMAD_Nuclear_Localization/251219_YAPSMAD_Early_D14_Male_#3/tifs,1548,5280,7.680592154686964,0.8817798568956748,0.13019829459239873,3.954376848413465,3.0,18.173098497558385,31.07663095300086,9.008911394746974,0.011739727711601025,0.02007534299289461,0.005819710203324919,0.007711370361568531,0.014259779047729104,0.0030782206298082073
2,34,ctrl_003_DAPI.tif,ctrl_003_W647.tif,ctrl_003_G488.tif,ctrl_003_R555.tif,/Volumes/D/YAPSMAD_Nuclear_Localization/251219_YAPSMAD_Early_D14_Male_#3/tifs,/Volumes/D/YAPSMAD_Nuclear_Localization/251219_YAPSMAD_Early_D14_Male_#3/tifs,/Volumes/D/YAPSMAD_Nuclear_Localization/251219_YAPSMAD_Early_D14_Male_#3/tifs,/Volumes/D/YAPSMAD_Nuclear_Localization/251219_YAPSMAD_Early_D14_Male_#3/tifs,1967,4828,5.030956223157957,0.6116949854302861,0.19876937020380092,5.083404983197493,3.605551275463989,23.90959050692618,33.46729243430309,25.02465876727365,0.012155358671543558,0.01701438354565485,0.012722246450062862,0.006352283168765784,0.012566346106975927,0.008296914096606295
2,35,ctrl_003_DAPI.tif,ctrl_003_W647.tif,ctrl_003_G488.tif,ctrl_003_R555.tif,/Volumes/D/YAPSMAD_Nuclear_Localization/251219_YAPSMAD_Early_D14_Male_#3/tifs,/Volumes/D/YAPSMAD_Nuclear_Localization/251219_YAPSMAD_Early_D14_Male_#3/tifs,/Volumes/D/YAPSMAD_Nuclear_Localization/251219_YAPSMAD_Early_D14_Male_#3/tifs,/Volumes/D/YAPSMAD_Nuclear_Localization/251219_YAPSMAD_Early_D14_Male_#3/tifs,1126,2050,1.5818816785055938,0.5792034308539415,0.6321585322011578,5.892109501237363,5.0,7.464088004548103,23.58954762108624,14.790920986328274,0.006628852579527622,0.020949864672367886,0.013135809046472713,0.0026116270537106666,0.01401951559963339,0.006648823188392679
2,36,ctrl_003_DAPI.tif,ctrl_003_W647.tif,ctrl_003_G488.tif,ctrl_003_R555.tif,/Volumes/D/YAPSMAD_Nuclear_Localization/251219_YAPSMAD_Early_D14_Male_#3/tifs,/Volumes/D/YAPSMAD_Nuclear_Localization/251219_YAPSMAD_Early_D14_Male_#3/tifs,/Volumes/D/YAPSMAD_Nuclear_Localization/251219_YAPSMAD_Early_D14_Male_#3/tifs,/Volumes/D/YAPSMAD_Nuclear_Localization/251219_YAPSMAD_Early_D14_Male_#3/tifs,2283,7290,8.985226703418647,0.6237031871987114,0.11129379736401374,4.437887435680613,3.1622776601683795,35.09201209270395,49.488456731662154,18.000442691380158,0.01537100836298903,0.02167694118776266,0.007884556588427577,0.011867150899297841,0.018022142933705274,0.0056887694579450376
2,37,ctrl_003_DAPI.tif,ctrl_003_W647.tif,ctrl_003_G488.tif,ctrl_003_R555.tif,/Volumes/D/YAPSMAD_Nuclear_Localization/251219_YAPSMAD_Early_D14_Male_#3/tifs,/Volumes/D/YAPSMAD_Nuclear_Localization/251219_YAPSMAD_Early_D14_Male_#3/tifs,/Volumes/D/YAPSMAD_Nuclear_Localization/251219_YAPSMAD_Early_D14_Male_#3/tifs,/Volumes/D/YAPSMAD_Nuclear_Localization/251219_YAPSMAD_Early_D14_Male_#3/tifs,6155,20727,5.7265025822635005,0.8710454860111381,0.1746266566083923,7.577005121931302,6.4031242374328485,54.58246799558401,63.28773987921886,45.8603650436271,0.008867988301475876,0.010282329793536776,0.007450912273538115,0.0053150155541203175,0.00917667098832934,0.006914557328782868
2,38,ctrl_003_DAPI.tif,ctrl_003_W647.tif,ctrl_003_G488.tif,ctrl_003_R555.tif,/Volumes/D/YAPSMAD_Nuclear_Localization/251219_YAPSMAD_Early_D14_Male_#3/tifs,/Volumes/D/YAPSMAD_Nuclear_Localization/251219_YAPSMAD_Early_D14_Male_#3/tifs,/Volumes/D/YAPSMAD_Nuclear_Localization/251219_YAPSMAD_Early_D14_Male_#3/tifs,/Volumes/D/YAPSMAD_Nuclear_Localization/251219_YAPSMAD_Early_D14_Male_#3/tifs,2162,5642,4.685192110214288,0.9096527544379528,0.2134384197010574,5.552706823888954,4.47213595499958,21.34982859203592,28.895720097236335,23.42734430008568,0.009875036351542979,0.013365272940442338,0.010835959435747307,0.005314520531670665,0.010225225269826426,0.007992023208783113
2,39,ctrl_003_DAPI.tif,ctrl_003_W647.tif,ctrl_003_G488.tif,ctrl_003_R555.tif,/Volumes/D/YAPSMAD_Nuclear_Localization/251219_YAPSMAD_Early_D14_Male_#3/tifs,/Volumes/D/YAPSMAD_Nuclear_Localization/251219_YAPSMAD_Early_D14_Male_#3/tifs,/Volumes/D/YAPSMAD_Nuclear_Localization/251219_YAPSMAD_Early_D14_Male_#3/tifs,/Volumes/D/YAPSMAD_Nuclear_Localization/251219_YAPSMAD_Early_D14_Male_#3/tifs,2766,6018,5.449496025696558,0.7750809932329129,0.18350320750480398,6.231292517774495,5.0,26.413061989936978,37.76493494748138,25.369573703501374,0.00954919088573282,0.013653266430759717,0.009171935539949883,0.006465987530756278,0.011513344342750592,0.007132533765558246
2,40,ctrl_003_DAPI.tif,ctrl_003_W647.tif,ctrl_003_G488.tif,ctrl_003_R555.tif,/Volumes/D/YAPSMAD_Nuclear_Localization/251219_YAPSMAD_Early_D14_Male_#3/tifs,/Volumes/D/YAPSMAD_Nuclear_Localization/251219_YAPSMAD_Early_D14_Male_#3/tifs,/Volumes/D/YAPSMAD_Nuclear_Localization/251219_YAPSMAD_Early_D14_Male_#3/tifs,/Volumes/D/YAPSMAD_Nuclear_Localization/251219_YAPSMAD_Early_D14_Male_#3/tifs,2403,4845,4.926455750962807,0.8052825854798866,0.20298568596796265,6.1959356684260065,5.0,27.14900459186174,33.45362040074542,33.46424070908688,0.011297962793117662,0.013921606492195348,0.013926026096165993,0.006581933996692278,0.00947786039776284,0.00961682453651225
2,41,ctrl_003_DAPI.tif,ctrl_003_W647.tif,ctrl_003_G488.tif,ctrl_003_R555.tif,/Volumes/D/YAPSMAD_Nuclear_Localization/251219_YAPSMAD_Early_D14_Male_#3/tifs,/Volumes/D/YAPSMAD_Nuclear_Localization/251219_YAPSMAD_Early_D14_Male_#3/tifs,/Volumes/D/YAPSMAD_Nuclear_Localization/251219_YAPSMAD_Early_D14_Male_#3/tifs,/Volumes/D/YAPSMAD_Nuclear_Localization/251219_YAPSMAD_Early_D14_Male_#3/tifs,1774,5568,5.82661061827683,0.7050987885892352,0.1716263648823922,4.124974672699558,3.1622776601683795,14.955428552813828,22.91444282582961,14.461234604939818,0.008430343039917604,0.01291682233699527,0.00815176697009009,0.006085646224690954,0.010754596293704908,0.005569913252391849
3,1,TGFb_004_DAPI.1.tif,TGFb_004_W647.1.tif,TGFb_004_G488.1.tif,TGFb_004_R555.1.tif,/Volumes/D/YAPSMAD_Nuclear_Localization/251219_YAPSMAD_Early_D14_Male_#3/tifs,/Volumes/D/YAPSMAD_Nuclear_Localization/251219_YAPSMAD_Early_D14_Male_#3/tifs,/Volumes/D/YAPSMAD_Nuclear_Localization/251219_YAPSMAD_Early_D14_Male_#3/tifs,/Volumes/D/YAPSMAD_Nuclear_Localization/251219_YAPSMAD_Early_D14_Male_#3/tifs,2807,5772,1.7394801201341177,0.6289683116020026,0.5748844085225291,8.503334573790644,7.615773105863909,65.77996513759717,39.082246461417526,34.70365483057685,0.02343425904438802,0.013923137321488253,0.012363254303732403,0.010514766415424906,0.0063482497475324555,0.003965462284235846
3,2,TGFb_004_DAPI.1.tif,TGFb_004_W647.1.tif,TGFb_004_G488.1.tif,TGFb_004_R555.1.tif,/Volumes/D/YAPSMAD_Nuclear_Localization/251219_YAPSMAD_Early_D14_Male_#3/tifs,/Volumes/D/YAPSMAD_Nuclear_Localization/251219_YAPSMAD_Early_D14_Male_#3/tifs,/Volumes/D/YAPSMAD_Nuclear_Localization/251219_YAPSMAD_Early_D14_Male_#3/tifs,/Volumes/D/YAPSMAD_Nuclear_Localization/251219_YAPSMAD_Early_D14_Male_#3/tifs,2128,4482,6.444337122335171,0.7831750972414434,0.1551749979891865,5.384228181285354,4.0,16.118211853317916,23.29010473820381,8.848401751136407,0.007574347675431352,0.010944598091261188,0.004158083529669365,0.00383417231779714,0.006421219710846186,0.0015935434537031807
3,3,TGFb_004_DAPI.1.tif,TGFb_004_W647.1.tif,TGFb_004_G488.1.tif,TGFb_004_R555.1.tif,/Volumes/D/YAPSMAD_Nuclear_Localization/251219_YAPSMAD_Early_D14_Male_#3/tifs,/Volumes/D/YAPSMAD_Nuclear_Localization/251219_YAPSMAD_Early_D14_Male_#3/tifs,/Volumes/D/YAPSMAD_Nuclear_Localization/251219_YAPSMAD_Early_D14_Male_#3/tifs,/Volumes/D/YAPSMAD_Nuclear_Localization/251219_YAPSMAD_Early_D14_Male_#3/tifs,1116,2660,3.1456892434069155,0.8709016298831556,0.3178953553965672,4.693755812789575,3.605551275463989,22.726710985414684,17.835278945509344,10.40244156634435,0.020364436366859036,0.015981432746872172,0.00932118419923329,0.014523565836898658,0.011372860786017238,0.004012146918953401
3,4,TGFb_004_DAPI.1.tif,TGFb_004_W647.1.tif,TGFb_004_G488.1.tif,TGFb_004_R555.1.tif,/Volumes/D/YAPSMAD_Nuclear_Localization/251219_YAPSMAD_Early_D14_Male_#3/tifs,/Volumes/D/YAPSMAD_Nuclear_Localization/251219_YAPSMAD_Early_D14_Male_#3/tifs,/Volumes/D/YAPSMAD_Nuclear_Localization/251219_YAPSMAD_Early_D14_Male_#3/tifs,/Volumes/D/YAPSMAD_Nuclear_Localization/251219_YAPSMAD_Early_D14_Male_#3/tifs,1131,2438,2.6847350187133032,0.34390958900754093,0.37247623807554164,4.387254332300777,4.0,14.501335287699476,10.938628332689404,10.813305956777185,0.0128216934462418,0.009671643088142709,0.009560836389723418,0.008044287828683263,0.005072372394566244,0.005092114176369447
3,5,TGFb_004_DAPI.1.tif,TGFb_004_W647.1.tif,TGFb_004_G488.1.tif,TGFb_004_R555.1.tif,/Volumes/D/YAPSMAD_Nuclear_Localization/251219_YAPSMAD_Early_D14_Male_#3/tifs,/Volumes/D/YAPSMAD_Nuclear_Localization/251219_YAPSMAD_Early_D14_Male_#3/tifs,/Volumes/D/YAPSMAD_Nuclear_Localization/251219_YAPSMAD_Early_D14_Male_#3/tifs,/Volumes/D/YAPSMAD_Nuclear_Localization/251219_YAPSMAD_Early_D14_Male_#3/tifs,1645,4218,3.872751210223774,0.8905871382730867,0.2582143664070325,4.146154812167156,3.605551275463989,27.10446340753697,15.406470008194447,14.5357139040716,0.016476877451390256,0.00936563526334009,0.00883630024563623,0.01026592948810996,0.00485497639013269,0.003497374568233272
3,6,TGFb_004_DAPI.1.tif,TGFb_004_W647.1.tif,TGFb_004_G488.1.tif,TGFb_004_R555.1.tif,/Volumes/D/YAPSMAD_Nuclear_Localization/251219_YAPSMAD_Early_D14_Male_#3/tifs,/Volumes/D/YAPSMAD_Nuclear_Localization/251219_YAPSMAD_Early_D14_Male_#3/tifs,/Volumes/D/YAPSMAD_Nuclear_Localization/251219_YAPSMAD_Early_D14_Male_#3/tifs,/Volumes/D/YAPSMAD_Nuclear_Localization/251219_YAPSMAD_Early_D14_Male_#3/tifs,1900,4140,2.5318033992800117,0.8933020120330418,0.39497537616245304,5.649135778574974,5.0,34.07319774595089,19.441260627936572,20.24127582088113,0.0179332619715531,0.01023224243575609,0.010653303063621647,0.00785410690686497,0.004624959314028544,0.00456502860801115
3,7,TGFb_004_DAPI.1.tif,TGFb_004_W647.1.tif,TGFb_004_G488.1.tif,TGFb_004_R555.1.tif,/Volumes/D/YAPSMAD_Nuclear_Localization/251219_YAPSMAD_Early_D14_Male_#3/tifs,/Volumes/D/YAPSMAD_Nuclear_Localization/251219_YAPSMAD_Early_D14_Male_#3/tifs,/Volumes/D/YAPSMAD_Nuclear_Localization/251219_YAPSMAD_Early_D14_Male_#3/tifs,/Volumes/D/YAPSMAD_Nuclear_Localization/251219_YAPSMAD_Early_D14_Male_#3/tifs,1680,3835,2.3870452077868505,0.8146076337588364,0.4189279686609497,5.801626660439886,5.0,20.643274779664353,16.0626842523925,13.944121609674767,0.01228766355932402,0.00956112157880506,0.00830007238671117,0.007549910169509801,0.004659706774190458,0.004073268102773305
3,8,TGFb_004_DAPI.1.tif,TGFb_004_W647.1.tif,TGFb_004_G488.1.tif,TGFb_004_R555.1.tif,/Volumes/D/YAPSMAD_Nuclear_Localization/251219_YAPSMAD_Early_D14_Male_#3/tifs,/Volumes/D/YAPSMAD_Nuclear_Localization/251219_YAPSMAD_Early_D14_Male_#3/tifs,/Volumes/D/YAPSMAD_Nuclear_Localization/251219_YAPSMAD_Early_D14_Male_#3/tifs,/Volumes/D/YAPSMAD_Nuclear_Localization/251219_YAPSMAD_Early_D14_Male_#3/tifs,1442,3432,5.916145982422401,0.6906005457085782,0.169028959557645,4.313835219349845,3.1622776601683795,13.325948102865368,22.159868916962296,18.49069978739135,0.009241295494358785,0.01536745417265069,0.012822954082795665,0.0071013565311201935,0.00921580105703973,0.006259941615709208
3,9,TGFb_004_DAPI.1.tif,TGFb_004_W647.1.tif,TGFb_004_G488.1.tif,TGFb_004_R555.1.tif,/Volumes/D/YAPSMAD_Nuclear_Localization/251219_YAPSMAD_Early_D14_Male_#3/tifs,/Volumes/D/YAPSMAD_Nuclear_Localization/251219_YAPSMAD_Early_D14_Male_#3/tifs,/Volumes/D/YAPSMAD_Nuclear_Localization/251219_YAPSMAD_Early_D14_Male_#3/tifs,/Volumes/D/YAPSMAD_Nuclear_Localization/251219_YAPSMAD_Early_D14_Male_#3/tifs,2420,4611,3.031515075747912,0.8265642549304235,0.3298680610233441,6.943397592092866,5.830951894845301,32.88390960521065,21.091859591193497,26.013122947188094,0.013588392398847375,0.008715644459170866,0.010749224358342187,0.006979682847773038,0.004279026394690249,0.006032080823163356
3,10,TGFb_004_DAPI.1.tif,TGFb_004_W647.1.tif,TGFb_004_G488.1.tif,TGFb_004_R555.1.tif,/Volumes/D/YAPSMAD_Nuclear_Localization/251219_YAPSMAD_Early_D14_Male_#3/tifs,/Volumes/D/YAPSMAD_Nuclear_Localization/251219_YAPSMAD_Early_D14_Male_#3/tifs,/Volumes/D/YAPSMAD_Nuclear_Localization/251219_YAPSMAD_Early_D14_Male_#3/tifs,/Volumes/D/YAPSMAD_Nuclear_Localization/251219_YAPSMAD_Early_D14_Male_#3/tifs,3572,12544,13.899316312328237,0.7770315686411176,0.07194598479013194,4.397512300640824,3.0,37.86125006200746,41.821256197523326,26.086412144592032,0.010599454104705336,0.01170807844275569,0.00730302691617918,0.007336262216324957,0.007549829794040458,0.004689437461681718
3,11,TGFb_004_DAPI.1.tif,TGFb_004_W647.1.tif,TGFb_004_G488.1.tif,TGFb_004_R555.1.tif,/Volumes/D/YAPSMAD_Nuclear_Localization/251219_YAPSMAD_Early_D14_Male_#3/tifs,/Volumes/D/YAPSMAD_Nuclear_Localization/251219_YAPSMAD_Early_D14_Male_#3/tifs,/Volumes/D/YAPSMAD_Nuclear_Localization/251219_YAPSMAD_Early_D14_Male_#3/tifs,/Volumes/D/YAPSMAD_Nuclear_Localization/251219_YAPSMAD_Early_D14_Male_#3/tifs,3092,7695,3.1456197675501447,0.9008540115581997,0.31790237660504495,6.762819218509985,5.656854249492381,48.58847975451499,42.32578041031957,38.715404313988984,0.01571425606549644,0.01368880349622237,0.012521152753554005,0.009014628833641087,0.009525656504656905,0.006137628890346223
3,12,TGFb_004_DAPI.1.tif,TGFb_004_W647.1.tif,TGFb_004_G488.1.tif,TGFb_004_R555.1.tif,/Volumes/D/YAPSMAD_Nuclear_Localization/251219_YAPSMAD_Early_D14_Male_#3/tifs,/Volumes/D/YAPSMAD_Nuclear_Localization/251219_YAPSMAD_Early_D14_Male_#3/tifs,/Volumes/D/YAPSMAD_Nuclear_Localization/251219_YAPSMAD_Early_D14_Male_#3/tifs,/Volumes/D/YAPSMAD_Nuclear_Localization/251219_YAPSMAD_Early_D14_Male_#3/tifs,2531,8245,5.067906385676715,0.7834703956294772,0.19732014048765237,4.644807064314313,4.123105625617661,29.41458787326701,25.886137395864353,17.592309654457495,0.011621725750006721,0.01022763231760741,0.006950734750872183,0.008772109850755355,0.00705230988466821,0.004116076084648713
3,13,TGFb_004_DAPI.1.tif,TGFb_004_W647.1.tif,TGFb_004_G488.1.tif,TGFb_004_R555.1.tif,/Volumes/D/YAPSMAD_Nuclear_Localization/251219_YAPSMAD_Early_D14_Male_#3/tifs,/Volumes/D/YAPSMAD_Nuclear_Localization/251219_YAPSMAD_Early_D14_Male_#3/tifs,/Volumes/D/YAPSMAD_Nuclear_Localization/251219_YAPSMAD_Early_D14_Male_#3/tifs,/Volumes/D/YAPSMAD_Nuclear_Localization/251219_YAPSMAD_Early_D14_Male_#3/tifs,3209,5635,2.505662184272476,0.9337541148182659,0.399096097740866,7.412216520748863,6.708203932499369,57.66633130633272,41.23671355238184,35.96537756896578,0.017970187381219298,0.012850331427978137,0.01120765894950632,0.009686077129598472,0.007161439271427949,0.004839870669472994
3,14,TGFb_004_DAPI.1.tif,TGFb_004_W647.1.tif,TGFb_004_G488.1.tif,TGFb_004_R555.1.tif,/Volumes/D/YAPSMAD_Nuclear_Localization/251219_YAPSMAD_Early_D14_Male_#3/tifs,/Volumes/D/YAPSMAD_Nuclear_Localization/251219_YAPSMAD_Early_D14_Male_#3/tifs,/Volumes/D/YAPSMAD_Nuclear_Localization/251219_YAPSMAD_Early_D14_Male_#3/tifs,/Volumes/D/YAPSMAD_Nuclear_Localization/251219_YAPSMAD_Early_D14_Male_#3/tifs,1738,3660,3.420318253162481,0.24256715051146313,0.29237045385334653,5.792660671749543,4.47213595499958,30.34433525777422,26.019409672357142,22.436774399364367,0.017459341345094487,0.014970891641172119,0.012909536478345435,0.009510077978970842,0.00892393886153431,0.007379958776926578
3,15,TGFb_004_DAPI.1.tif,TGFb_004_W647.1.tif,TGFb_004_G488.1.tif,TGFb_004_R555.1.tif,/Volumes/D/YAPSMAD_Nuclear_Localization/251219_YAPSMAD_Early_D14_Male_#3/tifs,/Volumes/D/YAPSMAD_Nuclear_Localization/251219_YAPSMAD_Early_D14_Male_#3/tifs,/Volumes/D/YAPSMAD_Nuclear_Localization/251219_YAPSMAD_Early_D14_Male_#3/tifs,/Volumes/D/YAPSMAD_Nuclear_Localization/251219_YAPSMAD_Early_D14_Male_#3/tifs,2084,3552,2.186800897821692,0.7483594746418099,0.45728900193708366,7.042865643276256,5.830951894845301,35.935118845431134,36.520805904176086,17.613092427840456,0.01724333917727022,0.017524379032714053,0.00845157985980828,0.012236263349435998,0.011722236122638001,0.0035024694194793014
3,16,TGFb_004_DAPI.1.tif,TGFb_004_W647.1.tif,TGFb_004_G488.1.tif,TGFb_004_R555.1.tif,/Volumes/D/YAPSMAD_Nuclear_Localization/251219_YAPSMAD_Early_D14_Male_#3/tifs,/Volumes/D/YAPSMAD_Nuclear_Localization/251219_YAPSMAD_Early_D14_Male_#3/tifs,/Volumes/D/YAPSMAD_Nuclear_Localization/251219_YAPSMAD_Early_D14_Male_#3/tifs,/Volumes/D/YAPSMAD_Nuclear_Localization/251219_YAPSMAD_Early_D14_Male_#3/tifs,1436,2730,3.063923769987016,0.7373897129768833,0.3263788772408779,5.394640131574812,4.242640687119285,26.829114359570667,22.454535890370607,18.92309464002028,0.01868322726989601,0.015636863433405715,0.013177642506977911,0.0123507190575711,0.011335984865060834,0.006360625050290746
3,17,TGFb_004_DAPI.1.tif,TGFb_004_W647.1.tif,TGFb_004_G488.1.tif,TGFb_004_R555.1.tif,/Volumes/D/YAPSMAD_Nuclear_Localization/251219_YAPSMAD_Early_D14_Male_#3/tifs,/Volumes/D/YAPSMAD_Nuclear_Localization/251219_YAPSMAD_Early_D14_Male_#3/tifs,/Volumes/D/YAPSMAD_Nuclear_Localization/251219_YAPSMAD_Early_D14_Male_#3/tifs,/Volumes/D/YAPSMAD_Nuclear_Localization/251219_YAPSMAD_Early_D14_Male_#3/tifs,3378,9016,6.691759825540205,0.6950267583931657,0.14943752108127595,5.417542691564479,4.242640687119285,33.96603377209976,34.47609712742269,31.065125815104693,0.010055072164623967,0.010206067829314,0.00919630722768049,0.007296720884216431,0.0054655395833108685,0.0048722519513816325
3,18,TGFb_004_DAPI.1.tif,TGFb_004_W647.1.tif,TGFb_004_G488.1.tif,TGFb_004_R555.1.tif,/Volumes/D/YAPSMAD_Nuclear_Localization/251219_YAPSMAD_Early_D14_Male_#3/tifs,/Volumes/D/YAPSMAD_Nuclear_Localization/251219_YAPSMAD_Early_D14_Male_#3/tifs,/Volumes/D/YAPSMAD_Nuclear_Localization/251219_YAPSMAD_Early_D14_Male_#3/tifs,/Volumes/D/YAPSMAD_Nuclear_Localization/251219_YAPSMAD_Early_D14_Male_#3/tifs,3956,8375,4.447270758744958,0.8961869696835535,0.22485700876962236,7.341063490455384,6.324555320336759,78.54265687335283,61.827954897191375,36.01297048269771,0.019854058865862695,0.015628906697975575,0.00910337979845746,0.013064238823884751,0.010825599409726673,0.005488134192302357
3,19,TGFb_004_DAPI.1.tif,TGFb_004_W647.1.tif,TGFb_004_G488.1.tif,TGFb_004_R555.1.tif,/Volumes/D/YAPSMAD_Nuclear_Localization/251219_YAPSMAD_Early_D14_Male_#3/tifs,/Volumes/D/YAPSMAD_Nuclear_Localization/251219_YAPSMAD_Early_D14_Male_#3/tifs,/Volumes/D/YAPSMAD_Nuclear_Localization/251219_YAPSMAD_Early_D14_Male_#3/tifs,/Volumes/D/YAPSMAD_Nuclear_Localization/251219_YAPSMAD_Early_D14_Male_#3/tifs,2856,7670,5.327549220062753,0.918127810117002,0.1877035685065376,5.894177419360055,5.0,48.343419790035114,34.755871270317584,31.565743763232604,0.01692696771359773,0.012169422713696634,0.01105243128964727,0.010936568298731856,0.007750321061936002,0.005886827620150305
3,20,TGFb_004_DAPI.1.tif,TGFb_004_W647.1.tif,TGFb_004_G488.1.tif,TGFb_004_R555.1.tif,/Volumes/D/YAPSMAD_Nuclear_Localization/251219_YAPSMAD_Early_D14_Male_#3/tifs,/Volumes/D/YAPSMAD_Nuclear_Localization/251219_YAPSMAD_Early_D14_Male_#3/tifs,/Volumes/D/YAPSMAD_Nuclear_Localization/251219_YAPSMAD_Early_D14_Male_#3/tifs,/Volumes/D/YAPSMAD_Nuclear_Localization/251219_YAPSMAD_Early_D14_Male_#3/tifs,2333,5544,3.6592183075455997,0.8120010796077282,0.2732824106006248,6.234582428292877,5.0,20.56879556714557,35.8492563450709,26.498710836982355,0.008816457594147266,0.015366162171054822,0.011358212960558231,0.0037355911058026174,0.01036419227422899,0.005760663562046957
3,21,TGFb_004_DAPI.1.tif,TGFb_004_W647.1.tif,TGFb_004_G488.1.tif,TGFb_004_R555.1.tif,/Volumes/D/YAPSMAD_Nuclear_Localization/251219_YAPSMAD_Early_D14_Male_#3/tifs,/Volumes/D/YAPSMAD_Nuclear_Localization/251219_YAPSMAD_Early_D14_Male_#3/tifs,/Volumes/D/YAPSMAD_Nuclear_Localization/251219_YAPSMAD_Early_D14_Male_#3/tifs,/Volumes/D/YAPSMAD_Nuclear_Localization/251219_YAPSMAD_Early_D14_Male_#3/tifs,2022,3696,2.3433424794543942,0.7649708681872416,0.42674086641950526,6.665199330901546,5.656854249492381,27.609231920912862,21.10856815194711,16.053467732854187,0.013654417369393107,0.010439450124602923,0.00793940046135222,0.009585710210494244,0.007190694466287429,0.005349205195052004
3,22,TGFb_004_DAPI.1.tif,TGFb_004_W647.1.tif,TGFb_004_G488.1.tif,TGFb_004_R555.1.tif,/Volumes/D/YAPSMAD_Nuclear_Localization/251219_YAPSMAD_Early_D14_Male_#3/tifs,/Volumes/D/YAPSMAD_Nuclear_Localization/251219_YAPSMAD_Early_D14_Male_#3/tifs,/Volumes/D/YAPSMAD_Nuclear_Localization/251219_YAPSMAD_Early_D14_Male_#3/tifs,/Volumes/D/YAPSMAD_Nuclear_Localization/251219_YAPSMAD_Early_D14_Male_#3/tifs,2758,7520,3.307438409167402,0.5865206810759782,0.302348789694238,6.217323594189597,5.0990195135927845,37.04504489991814,35.76113555044867,27.58889169129543,0.013431850942682429,0.012966329061076386,0.010003223963486378,0.007439283342775054,0.007861885911920795,0.0048982917672703305
3,23,TGFb_004_DAPI.1.tif,TGFb_004_W647.1.tif,TGFb_004_G488.1.tif,TGFb_004_R555.1.tif,/Volumes/D/YAPSMAD_Nuclear_Localization/251219_YAPSMAD_Early_D14_Male_#3/tifs,/Volumes/D/YAPSMAD_Nuclear_Localization/251219_YAPSMAD_Early_D14_Male_#3/tifs,/Volumes/D/YAPSMAD_Nuclear_Localization/251219_YAPSMAD_Early_D14_Male_#3/tifs,/Volumes/D/YAPSMAD_Nuclear_Localization/251219_YAPSMAD_Early_D14_Male_#3/tifs,1873,3720,3.8425585650454352,0.7635778685860675,0.26024326840368556,5.5306546517548,4.47213595499958,25.322270709322765,32.49675764096901,21.474159040721133,0.013519631985756949,0.017350110860100913,0.011465114276946681,0.00815301853347058,0.012424090926549005,0.005563764505015961
3,24,TGFb_004_DAPI.1.tif,TGFb_004_W647.1.tif,TGFb_004_G488.1.tif,TGFb_004_R555.1.tif,/Volumes/D/YAPSMAD_Nuclear_Localization/251219_YAPSMAD_Early_D14_Male_#3/tifs,/Volumes/D/YAPSMAD_Nuclear_Localization/251219_YAPSMAD_Early_D14_Male_#3/tifs,/Volumes/D/YAPSMAD_Nuclear_Localization/251219_YAPSMAD_Early_D14_Male_#3/tifs,/Volumes/D/YAPSMAD_Nuclear_Localization/251219_YAPSMAD_Early_D14_Male_#3/tifs,183,256,1.1513529033727656,0.3748912037312598,0.8685434301425797,2.6537684689159025,2.23606797749979,0.31956969713792205,7.612100415863097,0.5628290225286037,0.0017462824980214319,0.041596177135863915,0.003075568429118053,0.0016860869997520217,0.013898250283234641,6.915854328927254e-05
3,25,TGFb_004_DAPI.1.tif,TGFb_004_W647.1.tif,TGFb_004_G488.1.tif,TGFb_004_R555.1.tif,/Volumes/D/YAPSMAD_Nuclear_Localization/251219_YAPSMAD_Early_D14_Male_#3/tifs,/Volumes/D/YAPSMAD_Nuclear_Localization/251219_YAPSMAD_Early_D14_Male_#3/tifs,/Volumes/D/YAPSMAD_Nuclear_Localization/251219_YAPSMAD_Early_D14_Male_#3/tifs,/Volumes/D/YAPSMAD_Nuclear_Localization/251219_YAPSMAD_Early_D14_Male_#3/tifs,2582,14850,14.453416124459944,0.8057373221566304,0.06918779556257779,3.8441440065434356,2.8284271247461903,24.91693011811003,25.449759936425835,16.58410028135404,0.009650244042645249,0.00985660725655532,0.006422966801453927,0.0063386984182483945,0.007650133967711535,0.0036900592254190635
3,26,TGFb_004_DAPI.1.tif,TGFb_004_W647.1.tif,TGFb_004_G488.1.tif,TGFb_004_R555.1.tif,/Volumes/D/YAPSMAD_Nuclear_Localization/251219_YAPSMAD_Early_D14_Male_#3/tifs,/Volumes/D/YAPSMAD_Nuclear_Localization/251219_YAPSMAD_Early_D14_Male_#3/tifs,/Volumes/D/YAPSMAD_Nuclear_Localization/251219_YAPSMAD_Early_D14_Male_#3/tifs,/Volumes/D/YAPSMAD_Nuclear_Localization/251219_YAPSMAD_Early_D14_Male_#3/tifs,925,2618,3.8940091375457433,0.9292525663490003,0.25680473894066536,3.403235002071069,3.0,8.218906002119184,12.111345174256712,6.094987503951415,0.008885303786074793,0.013093346134331581,0.006589175679947476,0.006496513536027404,0.008430339803872335,0.002665841532992132
3,27,TGFb_004_DAPI.1.tif,TGFb_004_W647.1.tif,TGFb_004_G488.1.tif,TGFb_004_R555.1.tif,/Volumes/D/YAPSMAD_Nuclear_Localization/251219_YAPSMAD_Early_D14_Male_#3/tifs,/Volumes/D/YAPSMAD_Nuclear_Localization/251219_YAPSMAD_Early_D14_Male_#3/tifs,/Volumes/D/YAPSMAD_Nuclear_Localization/251219_YAPSMAD_Early_D14_Male_#3/tifs,/Volumes/D/YAPSMAD_Nuclear_Localization/251219_YAPSMAD_Early_D14_Male_#3/tifs,2634,8103,5.34049717003386,0.8954793134052336,0.18724848420688514,5.115753700666216,4.123105625617661,38.15378069202416,48.404272737912834,24.702815575757995,0.014485110361436657,0.018376717060711024,0.009378441752375852,0.0074019378257959905,0.011930851900582025,0.004405195011317801
3,28,TGFb_004_DAPI.1.tif,TGFb_004_W647.1.tif,TGFb_004_G488.1.tif,TGFb_004_R555.1.tif,/Volumes/D/YAPSMAD_Nuclear_Localization/251219_YAPSMAD_Early_D14_Male_#3/tifs,/Volumes/D/YAPSMAD_Nuclear_Localization/251219_YAPSMAD_Early_D14_Male_#3/tifs,/Volumes/D/YAPSMAD_Nuclear_Localization/251219_YAPSMAD_Early_D14_Male_#3/tifs,/Volumes/D/YAPSMAD_Nuclear_Localization/251219_YAPSMAD_Early_D14_Male_#3/tifs,2054,6188,5.9296978274648175,0.6919339272019261,0.16864265753446325,4.517543701358598,4.0,22.80642425874248,22.858518556226045,17.864484815392643,0.011103419794908706,0.011128782159798465,0.008697412276237899,0.007525291970355426,0.007611633637698189,0.0045843404189080126
3,29,TGFb_004_DAPI.1.tif,TGFb_004_W647.1.tif,TGFb_004_G488.1.tif,TGFb_004_R555.1.tif,/Volumes/D/YAPSMAD_Nuclear_Localization/251219_YAPSMAD_Early_D14_Male_#3/tifs,/Volumes/D/YAPSMAD_Nuclear_Localization/251219_YAPSMAD_Early_D14_Male_#3/tifs,/Volumes/D/YAPSMAD_Nuclear_Localization/251219_YAPSMAD_Early_D14_Male_#3/tifs,/Volumes/D/YAPSMAD_Nuclear_Localization/251219_YAPSMAD_Early_D14_Male_#3/tifs,2886,8240,7.346758338801677,0.7471728601634356,0.1361144540059976,4.949275677036616,4.0,45.775326463161036,39.28102567605674,20.238407232798636,0.015861166480651778,0.013610889007642669,0.007012615118779846,0.009392893043925389,0.008945558297460004,0.0035058794882723973
3,30,TGFb_004_DAPI.1.tif,TGFb_004_W647.1.tif,TGFb_004_G488.1.tif,TGFb_004_R555.1.tif,/Volumes/D/YAPSMAD_Nuclear_Localization/251219_YAPSMAD_Early_D14_Male_#3/tifs,/Volumes/D/YAPSMAD_Nuclear_Localization/251219_YAPSMAD_Early_D14_Male_#3/tifs,/Volumes/D/YAPSMAD_Nuclear_Localization/251219_YAPSMAD_Early_D14_Male_#3/tifs,/Volumes/D/YAPSMAD_Nuclear_Localization/251219_YAPSMAD_Early_D14_Male_#3/tifs,1517,2856,2.077249498935201,0.5578012936414798,0.4814058207801232,5.934224633475032,5.0,21.587197800865397,25.238239243160933,11.729350858135149,0.01423018971711628,0.01663694083267036,0.007731938601275642,0.008001078210797766,0.011605363535199954,0.00348148192405641
3,31,TGFb_004_DAPI.1.tif,TGFb_004_W647.1.tif,TGFb_004_G488.1.tif,TGFb_004_R555.1.tif,/Volumes/D/YAPSMAD_Nuclear_Localization/251219_YAPSMAD_Early_D14_Male_#3/tifs,/Volumes/D/YAPSMAD_Nuclear_Localization/251219_YAPSMAD_Early_D14_Male_#3/tifs,/Volumes/D/YAPSMAD_Nuclear_Localization/251219_YAPSMAD_Early_D14_Male_#3/tifs,/Volumes/D/YAPSMAD_Nuclear_Localization/251219_YAPSMAD_Early_D14_Male_#3/tifs,4803,14616,8.236442912155724,0.788828773711868,0.12141163493334649,6.190348284167852,5.0,66.92735227919184,80.42822963092476,50.21353513072245,0.01393448933566351,0.01674541528855398,0.01045461901534925,0.009316259445436393,0.01086925731014746,0.006085961112684276
3,32,TGFb_004_DAPI.1.tif,TGFb_004_W647.1.tif,TGFb_004_G488.1.tif,TGFb_004_R555.1.tif,/Volumes/D/YAPSMAD_Nuclear_Localization/251219_YAPSMAD_Early_D14_Male_#3/tifs,/Volumes/D/YAPSMAD_Nuclear_Localization/251219_YAPSMAD_Early_D14_Male_#3/tifs,/Volumes/D/YAPSMAD_Nuclear_Localization/251219_YAPSMAD_Early_D14_Male_#3/tifs,/Volumes/D/YAPSMAD_Nuclear_Localization/251219_YAPSMAD_Early_D14_Male_#3/tifs,106,143,1.2601670771604758,0.7313552420678756,0.7935455687775083,2.005385519019631,2.0,0.022247653920203447,0.45473412424325943,0.2685893033631146,0.0002098835275490891,0.0042899445683326366,0.0025338613524822132,7.208526470947274e-05,0.00025580016678995287,2.2263909015554103e-05
3,33,TGFb_004_DAPI.1.tif,TGFb_004_W647.1.tif,TGFb_004_G488.1.tif,TGFb_004_R555.1.tif,/Volumes/D/YAPSMAD_Nuclear_Localization/251219_YAPSMAD_Early_D14_Male_#3/tifs,/Volumes/D/YAPSMAD_Nuclear_Localization/251219_YAPSMAD_Early_D14_Male_#3/tifs,/Volumes/D/YAPSMAD_Nuclear_Localization/251219_YAPSMAD_Early_D14_Male_#3/tifs,/Volumes/D/YAPSMAD_Nuclear_Localization/251219_YAPSMAD_Early_D14_Male_#3/tifs,999,4446,4.9755393152849505,0.6868659140676885,0.2009832375212032,4.290151780951754,3.1622776601683795,6.394110108958557,14.514763213228434,6.590707337018102,0.006400510619578135,0.014529292505734169,0.006597304641659762,0.003351755074517146,0.00903715246343986,0.0030722670173738273
3,34,TGFb_004_DAPI.1.tif,TGFb_004_W647.1.tif,TGFb_004_G488.1.tif,TGFb_004_R555.1.tif,/Volumes/D/YAPSMAD_Nuclear_Localization/251219_YAPSMAD_Early_D14_Male_#3/tifs,/Volumes/D/YAPSMAD_Nuclear_Localization/251219_YAPSMAD_Early_D14_Male_#3/tifs,/Volumes/D/YAPSMAD_Nuclear_Localization/251219_YAPSMAD_Early_D14_Male_#3/tifs,/Volumes/D/YAPSMAD_Nuclear_Localization/251219_YAPSMAD_Early_D14_Male_#3/tifs,1686,4018,3.1207716941265518,0.9051933239031926,0.3204335651601974,5.133951192258138,4.242640687119285,30.196826278232038,18.95149173773825,15.489967341069132,0.01791033587083751,0.011240505182525654,0.009187406489364848,0.012441036570394288,0.006813030590277252,0.004509756953516434
3,35,TGFb_004_DAPI.1.tif,TGFb_004_W647.1.tif,TGFb_004_G488.1.tif,TGFb_004_R555.1.tif,/Volumes/D/YAPSMAD_Nuclear_Localization/251219_YAPSMAD_Early_D14_Male_#3/tifs,/Volumes/D/YAPSMAD_Nuclear_Localization/251219_YAPSMAD_Early_D14_Male_#3/tifs,/Volumes/D/YAPSMAD_Nuclear_Localization/251219_YAPSMAD_Early_D14_Male_#3/tifs,/Volumes/D/YAPSMAD_Nuclear_Localization/251219_YAPSMAD_Early_D14_Male_#3/tifs,1228,1886,1.4571489020946369,0.42074415029712064,0.6862716628084543,6.32493888822111,5.656854249492381,12.126756827812642,19.295475820545107,17.544304685434327,0.009875209143169904,0.01571292819262631,0.014286893066314598,0.0045465834140641275,0.00733162067223081,0.005629193482913908
3,36,TGFb_004_DAPI.1.tif,TGFb_004_W647.1.tif,TGFb_004_G488.1.tif,TGFb_004_R555.1.tif,/Volumes/D/YAPSMAD_Nuclear_Localization/251219_YAPSMAD_Early_D14_Male_#3/tifs,/Volumes/D/YAPSMAD_Nuclear_Localization/251219_YAPSMAD_Early_D14_Male_#3/tifs,/Volumes/D/YAPSMAD_Nuclear_Localization/251219_YAPSMAD_Early_D14_Male_#3/tifs,/Volumes/D/YAPSMAD_Nuclear_Localization/251219_YAPSMAD_Early_D14_Male_#3/tifs,1878,5624,8.886667957411637,0.7778746881216934,0.11252811568884852,4.494131871038246,3.0,16.879087706794962,21.71818134235218,14.509132655337453,0.008987799630881237,0.011564526806364314,0.007725842734471487,0.004717764683202514,0.008671303660264014,0.004793278265382832
3,37,TGFb_004_DAPI.1.tif,TGFb_004_W647.1.tif,TGFb_004_G488.1.tif,TGFb_004_R555.1.tif,/Volumes/D/YAPSMAD_Nuclear_Localization/251219_YAPSMAD_Early_D14_Male_#3/tifs,/Volumes/D/YAPSMAD_Nuclear_Localization/251219_YAPSMAD_Early_D14_Male_#3/tifs,/Volumes/D/YAPSMAD_Nuclear_Localization/251219_YAPSMAD_Early_D14_Male_#3/tifs,/Volumes/D/YAPSMAD_Nuclear_Localization/251219_YAPSMAD_Early_D14_Male_#3/tifs,1708,4320,8.740140774187129,0.5379336670832541,0.11441463310904215,4.04206704585841,3.0,14.673518128925934,18.678813034435734,12.709666705457494,0.008591052768691999,0.010936073205173147,0.00744125685331235,0.005312849854652298,0.007220205131241361,0.0047817896844298755
3,38,TGFb_004_DAPI.1.tif,TGFb_004_W647.1.tif,TGFb_004_G488.1.tif,TGFb_004_R555.1.tif,/Volumes/D/YAPSMAD_Nuclear_Localization/251219_YAPSMAD_Early_D14_Male_#3/tifs,/Volumes/D/YAPSMAD_Nuclear_Localization/251219_YAPSMAD_Early_D14_Male_#3/tifs,/Volumes/D/YAPSMAD_Nuclear_Localization/251219_YAPSMAD_Early_D14_Male_#3/tifs,/Volumes/D/YAPSMAD_Nuclear_Localization/251219_YAPSMAD_Early_D14_Male_#3/tifs,1284,3321,4.541303800110597,0.877083870059804,0.22020107969337932,4.507626096026102,3.1622776601683795,7.959350078832358,17.024979145964608,8.645410939352587,0.006198870777906821,0.013259329552931937,0.0067331860898384634,0.002782194758964293,0.009423570379537958,0.0037172402722842383
3,39,TGFb_004_DAPI.1.tif,TGFb_004_W647.1.tif,TGFb_004_G488.1.tif,TGFb_004_R555.1.tif,/Volumes/D/YAPSMAD_Nuclear_Localization/251219_YAPSMAD_Early_D14_Male_#3/tifs,/Volumes/D/YAPSMAD_Nuclear_Localization/251219_YAPSMAD_Early_D14_Male_#3/tifs,/Volumes/D/YAPSMAD_Nuclear_Localization/251219_YAPSMAD_Early_D14_Male_#3/tifs,/Volumes/D/YAPSMAD_Nuclear_Localization/251219_YAPSMAD_Early_D14_Male_#3/tifs,1233,2320,3.284211195412985,0.6387563339166021,0.3044871174535569,5.073482336645158,4.123105625617661,8.511818238999695,13.917113117175177,9.216739245690405,0.006903340015409322,0.011287196364294547,0.007475052105182811,0.0029374252020836935,0.006201265617315917,0.00333486328955395
4,1,TGFb_005_DAPI.1.tif,TGFb_005_W647.1.tif,TGFb_005_G488.1.tif,TGFb_005_R555.1.tif,/Volumes/D/YAPSMAD_Nuclear_Localization/251219_YAPSMAD_Early_D14_Male_#3/tifs,/Volumes/D/YAPSMAD_Nuclear_Localization/251219_YAPSMAD_Early_D14_Male_#3/tifs,/Volumes/D/YAPSMAD_Nuclear_Localization/251219_YAPSMAD_Early_D14_Male_#3/tifs,/Volumes/D/YAPSMAD_Nuclear_Localization/251219_YAPSMAD_Early_D14_Male_#3/tifs,1175,2067,3.2144222368911732,0.7279689168246554,0.3110978976324994,4.039982718638384,3.605551275463989,15.577050555031747,19.41458772076294,12.980987357906997,0.013257064302154679,0.016523053379372713,0.011047648815239997,0.009099371563579418,0.011104561419531344,0.005735048546473305
4,2,TGFb_005_DAPI.1.tif,TGFb_005_W647.1.tif,TGFb_005_G488.1.tif,TGFb_005_R555.1.tif,/Volumes/D/YAPSMAD_Nuclear_Localization/251219_YAPSMAD_Early_D14_Male_#3/tifs,/Volumes/D/YAPSMAD_Nuclear_Localization/251219_YAPSMAD_Early_D14_Male_#3/tifs,/Volumes/D/YAPSMAD_Nuclear_Localization/251219_YAPSMAD_Early_D14_Male_#3/tifs,/Volumes/D/YAPSMAD_Nuclear_Localization/251219_YAPSMAD_Early_D14_Male_#3/tifs,1375,2728,2.2910947278336393,0.77217769779581,0.43647256826676784,5.556288189751555,5.0,27.782879510661587,17.31464118231088,16.04603659454733,0.02020573055320843,0.012592466314407913,0.011669844796034423,0.010884981636294894,0.0063302288783045856,0.005331976135914158
4,3,TGFb_005_DAPI.1.tif,TGFb_005_W647.1.tif,TGFb_005_G488.1.tif,TGFb_005_R555.1.tif,/Volumes/D/YAPSMAD_Nuclear_Localization/251219_YAPSMAD_Early_D14_Male_#3/tifs,/Volumes/D/YAPSMAD_Nuclear_Localization/251219_YAPSMAD_Early_D14_Male_#3/tifs,/Volumes/D/YAPSMAD_Nuclear_Localization/251219_YAPSMAD_Early_D14_Male_#3/tifs,/Volumes/D/YAPSMAD_Nuclear_Localization/251219_YAPSMAD_Early_D14_Male_#3/tifs,1135,2356,2.107464919394966,0.8142983319317318,0.4745037465615754,5.2664268465043245,4.47213595499958,19.01522858440876,14.95707649923861,15.128832021960989,0.016753505360712562,0.013178040968492167,0.013329367420229946,0.012563997898742728,0.007343524800066297,0.006631191828779984
4,4,TGFb_005_DAPI.1.tif,TGFb_005_W647.1.tif,TGFb_005_G488.1.tif,TGFb_005_R555.1.tif,/Volumes/D/YAPSMAD_Nuclear_Localization/251219_YAPSMAD_Early_D14_Male_#3/tifs,/Volumes/D/YAPSMAD_Nuclear_Localization/251219_YAPSMAD_Early_D14_Male_#3/tifs,/Volumes/D/YAPSMAD_Nuclear_Localization/251219_YAPSMAD_Early_D14_Male_#3/tifs,/Volumes/D/YAPSMAD_Nuclear_Localization/251219_YAPSMAD_Early_D14_Male_#3/tifs,1310,3784,4.374445127216321,0.8870095824980103,0.22860042152051188,4.162837625989297,3.605551275463989,28.656061769695953,14.794598451815546,14.163836224470288,0.021874856312745,0.011293586604439347,0.010812088720969686,0.012598226789094802,0.006399485103058022,0.005863142918047658
4,5,TGFb_005_DAPI.1.tif,TGFb_005_W647.1.tif,TGFb_005_G488.1.tif,TGFb_005_R555.1.tif,/Volumes/D/YAPSMAD_Nuclear_Localization/251219_YAPSMAD_Early_D14_Male_#3/tifs,/Volumes/D/YAPSMAD_Nuclear_Localization/251219_YAPSMAD_Early_D14_Male_#3/tifs,/Volumes/D/YAPSMAD_Nuclear_Localization/251219_YAPSMAD_Early_D14_Male_#3/tifs,/Volumes/D/YAPSMAD_Nuclear_Localization/251219_YAPSMAD_Early_D14_Male_#3/tifs,2790,10100,3.827829441898321,0.9365581899904415,0.26124465971610106,5.660249261233996,5.0,73.00161762232892,38.13902527652681,34.02229368616827,0.02616545434492076,0.013669901532805308,0.012194370496834505,0.012543140840559151,0.007066969214507596,0.005145857880716728
4,6,TGFb_005_DAPI.1.tif,TGFb_005_W647.1.tif,TGFb_005_G488.1.tif,TGFb_005_R555.1.tif,/Volumes/D/YAPSMAD_Nuclear_Localization/251219_YAPSMAD_Early_D14_Male_#3/tifs,/Volumes/D/YAPSMAD_Nuclear_Localization/251219_YAPSMAD_Early_D14_Male_#3/tifs,/Volumes/D/YAPSMAD_Nuclear_Localization/251219_YAPSMAD_Early_D14_Male_#3/tifs,/Volumes/D/YAPSMAD_Nuclear_Localization/251219_YAPSMAD_Early_D14_Male_#3/tifs,1665,5160,5.745303207932065,0.80285395677575,0.1740552175939788,4.627485023968163,3.605551275463989,15.428900737315416,13.584161336999387,17.96324118762277,0.009266607049438689,0.00815865545765729,0.010788733446019681,0.005005657247210208,0.004539241888679786,0.005828030207258542
4,7,TGFb_005_DAPI.1.tif,TGFb_005_W647.1.tif,TGFb_005_G488.1.tif,TGFb_005_R555.1.tif,/Volumes/D/YAPSMAD_Nuclear_Localization/251219_YAPSMAD_Early_D14_Male_#3/tifs,/Volumes/D/YAPSMAD_Nuclear_Localization/251219_YAPSMAD_Early_D14_Male_#3/tifs,/Volumes/D/YAPSMAD_Nuclear_Localization/251219_YAPSMAD_Early_D14_Male_#3/tifs,/Volumes/D/YAPSMAD_Nuclear_Localization/251219_YAPSMAD_Early_D14_Male_#3/tifs,1364,3599,4.5919836395221205,0.7867427707719714,0.21777081072180565,4.635277049717071,3.605551275463989,16.12614647555165,20.297398483846337,14.600839383900166,0.011822688031929362,0.014880790677306698,0.010704427700806573,0.007440134709261333,0.008631111935256123,0.0049753887162602775
4,8,TGFb_005_DAPI.1.tif,TGFb_005_W647.1.tif,TGFb_005_G488.1.tif,TGFb_005_R555.1.tif,/Volumes/D/YAPSMAD_Nuclear_Localization/251219_YAPSMAD_Early_D14_Male_#3/tifs,/Volumes/D/YAPSMAD_Nuclear_Localization/251219_YAPSMAD_Early_D14_Male_#3/tifs,/Volumes/D/YAPSMAD_Nuclear_Localization/251219_YAPSMAD_Early_D14_Male_#3/tifs,/Volumes/D/YAPSMAD_Nuclear_Localization/251219_YAPSMAD_Early_D14_Male_#3/tifs,2242,3740,2.226380305956557,0.7799820916258454,0.44915956062158635,7.250009405588379,6.082762530298219,40.23439407791011,19.31790671753697,30.344075886765495,0.0179457600704327,0.008616372309338524,0.013534378183213869,0.010210546698337401,0.003917881639397293,0.006535198114927564
4,9,TGFb_005_DAPI.1.tif,TGFb_005_W647.1.tif,TGFb_005_G488.1.tif,TGFb_005_R555.1.tif,/Volumes/D/YAPSMAD_Nuclear_Localization/251219_YAPSMAD_Early_D14_Male_#3/tifs,/Volumes/D/YAPSMAD_Nuclear_Localization/251219_YAPSMAD_Early_D14_Male_#3/tifs,/Volumes/D/YAPSMAD_Nuclear_Localization/251219_YAPSMAD_Early_D14_Male_#3/tifs,/Volumes/D/YAPSMAD_Nuclear_Localization/251219_YAPSMAD_Early_D14_Male_#3/tifs,1832,5146,5.602004675826352,0.7725417988217709,0.17850752683502355,5.774349817136446,4.47213595499958,17.96670502354391,25.611230826471,14.023025986272842,0.009807153397130956,0.013979929490431768,0.0076544901671794984,0.004830852760408568,0.00965768910226218,0.0045600385910459585
4,10,TGFb_005_DAPI.1.tif,TGFb_005_W647.1.tif,TGFb_005_G488.1.tif,TGFb_005_R555.1.tif,/Volumes/D/YAPSMAD_Nuclear_Localization/251219_YAPSMAD_Early_D14_Male_#3/tifs,/Volumes/D/YAPSMAD_Nuclear_Localization/251219_YAPSMAD_Early_D14_Male_#3/tifs,/Volumes/D/YAPSMAD_Nuclear_Localization/251219_YAPSMAD_Early_D14_Male_#3/tifs,/Volumes/D/YAPSMAD_Nuclear_Localization/251219_YAPSMAD_Early_D14_Male_#3/tifs,656,1855,4.313729091307521,0.9563056724696968,0.23181798829580488,2.7861700783165313,2.23606797749979,6.763424198143184,10.956206668633968,5.282902326434851,0.010310097863023147,0.01670153455584446,0.008053204765906784,0.006434756107021561,0.013501142342309142,0.003066789087393927
4,11,TGFb_005_DAPI.1.tif,TGFb_005_W647.1.tif,TGFb_005_G488.1.tif,TGFb_005_R555.1.tif,/Volumes/D/YAPSMAD_Nuclear_Localization/251219_YAPSMAD_Early_D14_Male_#3/tifs,/Volumes/D/YAPSMAD_Nuclear_Localization/251219_YAPSMAD_Early_D14_Male_#3/tifs,/Volumes/D/YAPSMAD_Nuclear_Localization/251219_YAPSMAD_Early_D14_Male_#3/tifs,/Volumes/D/YAPSMAD_Nuclear_Localization/251219_YAPSMAD_Early_D14_Male_#3/tifs,1468,4224,4.974890758555671,0.7404142814539117,0.20100943890682008,4.476975132068257,3.1622776601683795,12.310444951057434,18.213824858888984,10.909269964089617,0.00838586168328163,0.012407237642294948,0.007431382809325353,0.00623483543999637,0.007673356204658424,0.003951928388243336
4,12,TGFb_005_DAPI.1.tif,TGFb_005_W647.1.tif,TGFb_005_G488.1.tif,TGFb_005_R555.1.tif,/Volumes/D/YAPSMAD_Nuclear_Localization/251219_YAPSMAD_Early_D14_Male_#3/tifs,/Volumes/D/YAPSMAD_Nuclear_Localization/251219_YAPSMAD_Early_D14_Male_#3/tifs,/Volumes/D/YAPSMAD_Nuclear_Localization/251219_YAPSMAD_Early_D14_Male_#3/tifs,/Volumes/D/YAPSMAD_Nuclear_Localization/251219_YAPSMAD_Early_D14_Male_#3/tifs,1436,2907,3.3085654943203275,0.8074234632383099,0.3022457925395937,4.8622243643749705,4.0,20.13731608632952,12.284397829789668,10.352788696996868,0.014023200617221114,0.00855459458899002,0.007209462880917039,0.008507938086021205,0.004975874069574893,0.003673621482308918
4,13,TGFb_005_DAPI.1.tif,TGFb_005_W647.1.tif,TGFb_005_G488.1.tif,TGFb_005_R555.1.tif,/Volumes/D/YAPSMAD_Nuclear_Localization/251219_YAPSMAD_Early_D14_Male_#3/tifs,/Volumes/D/YAPSMAD_Nuclear_Localization/251219_YAPSMAD_Early_D14_Male_#3/tifs,/Volumes/D/YAPSMAD_Nuclear_Localization/251219_YAPSMAD_Early_D14_Male_#3/tifs,/Volumes/D/YAPSMAD_Nuclear_Localization/251219_YAPSMAD_Early_D14_Male_#3/tifs,1654,4941,6.3353993437370395,0.6773236378447032,0.1578432464543164,4.519473107246196,3.1622776601683795,18.72146198595874,21.27437265915796,15.00164811918512,0.011318900837943615,0.012862377665754512,0.009069920265529092,0.006236044523817162,0.008734849523811606,0.005091677630225807
4,14,TGFb_005_DAPI.1.tif,TGFb_005_W647.1.tif,TGFb_005_G488.1.tif,TGFb_005_R555.1.tif,/Volumes/D/YAPSMAD_Nuclear_Localization/251219_YAPSMAD_Early_D14_Male_#3/tifs,/Volumes/D/YAPSMAD_Nuclear_Localization/251219_YAPSMAD_Early_D14_Male_#3/tifs,/Volumes/D/YAPSMAD_Nuclear_Localization/251219_YAPSMAD_Early_D14_Male_#3/tifs,/Volumes/D/YAPSMAD_Nuclear_Localization/251219_YAPSMAD_Early_D14_Male_#3/tifs,1417,2600,2.8031475032446016,0.6343815294188211,0.3567418406782072,5.500319426402486,4.47213595499958,17.390585337998345,15.605371341109276,9.867322902893648,0.012272819575157618,0.011012964954911275,0.006963530630129603,0.0056300608603046965,0.007655175653008853,0.003933400614106132
4,15,TGFb_005_DAPI.1.tif,TGFb_005_W647.1.tif,TGFb_005_G488.1.tif,TGFb_005_R555.1.tif,/Volumes/D/YAPSMAD_Nuclear_Localization/251219_YAPSMAD_Early_D14_Male_#3/tifs,/Volumes/D/YAPSMAD_Nuclear_Localization/251219_YAPSMAD_Early_D14_Male_#3/tifs,/Volumes/D/YAPSMAD_Nuclear_Localization/251219_YAPSMAD_Early_D14_Male_#3/tifs,/Volumes/D/YAPSMAD_Nuclear_Localization/251219_YAPSMAD_Early_D14_Male_#3/tifs,1946,9690,18.987417734602886,0.9381945478698807,0.05266645596455113,2.3436912575492848,2.0,16.60085465735756,21.702540860511363,10.800152730895206,0.008530757788981274,0.01115238482040666,0.005549924322145533,0.008324543789483168,0.008669768465872767,0.002667278709567027
4,16,TGFb_005_DAPI.1.tif,TGFb_005_W647.1.tif,TGFb_005_G488.1.tif,TGFb_005_R555.1.tif,/Volumes/D/YAPSMAD_Nuclear_Localization/251219_YAPSMAD_Early_D14_Male_#3/tifs,/Volumes/D/YAPSMAD_Nuclear_Localization/251219_YAPSMAD_Early_D14_Male_#3/tifs,/Volumes/D/YAPSMAD_Nuclear_Localization/251219_YAPSMAD_Early_D14_Male_#3/tifs,/Volumes/D/YAPSMAD_Nuclear_Localization/251219_YAPSMAD_Early_D14_Male_#3/tifs,2977,5508,2.884033486264015,0.7910848414037229,0.346736612027138,7.929117380058836,6.4031242374328485,85.78616024297662,36.74570873240009,40.724788568681106,0.028816311804829232,0.012343200783473325,0.013679808051286902,0.014215790291876411,0.007660978040174362,0.00824901436449172
4,17,TGFb_005_DAPI.1.tif,TGFb_005_W647.1.tif,TGFb_005_G488.1.tif,TGFb_005_R555.1.tif,/Volumes/D/YAPSMAD_Nuclear_Localization/251219_YAPSMAD_Early_D14_Male_#3/tifs,/Volumes/D/YAPSMAD_Nuclear_Localization/251219_YAPSMAD_Early_D14_Male_#3/tifs,/Volumes/D/YAPSMAD_Nuclear_Localization/251219_YAPSMAD_Early_D14_Male_#3/tifs,/Volumes/D/YAPSMAD_Nuclear_Localization/251219_YAPSMAD_Early_D14_Male_#3/tifs,1911,3640,2.060504473990902,0.8245701920766042,0.4853180435289924,6.3552433170115865,5.830951894845301,41.11796766286716,24.026428868994117,20.876264781923965,0.021516466594906938,0.012572699565146058,0.010924262052288835,0.011745656878216026,0.005240322852855149,0.004026319110574217
4,18,TGFb_005_DAPI.1.tif,TGFb_005_W647.1.tif,TGFb_005_G488.1.tif,TGFb_005_R555.1.tif,/Volumes/D/YAPSMAD_Nuclear_Localization/251219_YAPSMAD_Early_D14_Male_#3/tifs,/Volumes/D/YAPSMAD_Nuclear_Localization/251219_YAPSMAD_Early_D14_Male_#3/tifs,/Volumes/D/YAPSMAD_Nuclear_Localization/251219_YAPSMAD_Early_D14_Male_#3/tifs,/Volumes/D/YAPSMAD_Nuclear_Localization/251219_YAPSMAD_Early_D14_Male_#3/tifs,1503,2250,2.9920792354337604,0.5850205451013657,0.33421574808497023,5.4540699712249205,4.47213595499958,15.208438367815688,13.09712384082377,10.892698654904962,0.010118721468939247,0.00871398791804642,0.007247304494281411,0.006657478676686307,0.005326987460329555,0.003865963682954016
4,19,TGFb_005_DAPI.1.tif,TGFb_005_W647.1.tif,TGFb_005_G488.1.tif,TGFb_005_R555.1.tif,/Volumes/D/YAPSMAD_Nuclear_Localization/251219_YAPSMAD_Early_D14_Male_#3/tifs,/Volumes/D/YAPSMAD_Nuclear_Localization/251219_YAPSMAD_Early_D14_Male_#3/tifs,/Volumes/D/YAPSMAD_Nuclear_Localization/251219_YAPSMAD_Early_D14_Male_#3/tifs,/Volumes/D/YAPSMAD_Nuclear_Localization/251219_YAPSMAD_Early_D14_Male_#3/tifs,1637,3540,2.45258392540916,0.556691346113051,0.40773324396357685,5.945840137799283,5.0,26.062333300011232,21.236515027470887,15.91050598747097,0.01592079004276801,0.012972825306946174,0.009719307261741581,0.008259697252164237,0.006275973711655055,0.004325258560481378
4,20,TGFb_005_DAPI.1.tif,TGFb_005_W647.1.tif,TGFb_005_G488.1.tif,TGFb_005_R555.1.tif,/Volumes/D/YAPSMAD_Nuclear_Localization/251219_YAPSMAD_Early_D14_Male_#3/tifs,/Volumes/D/YAPSMAD_Nuclear_Localization/251219_YAPSMAD_Early_D14_Male_#3/tifs,/Volumes/D/YAPSMAD_Nuclear_Localization/251219_YAPSMAD_Early_D14_Male_#3/tifs,/Volumes/D/YAPSMAD_Nuclear_Localization/251219_YAPSMAD_Early_D14_Male_#3/tifs,2747,6396,3.827818526961396,0.8316621251310184,0.2612454046492693,6.4732687974561385,5.0,51.26880317507312,26.42685618577525,24.131319374777377,0.018663561403375724,0.009620260715608026,0.008784608436395114,0.007952948099548367,0.004585855868177686,0.003889659865345208
4,21,TGFb_005_DAPI.1.tif,TGFb_005_W647.1.tif,TGFb_005_G488.1.tif,TGFb_005_R555.1.tif,/Volumes/D/YAPSMAD_Nuclear_Localization/251219_YAPSMAD_Early_D14_Male_#3/tifs,/Volumes/D/YAPSMAD_Nuclear_Localization/251219_YAPSMAD_Early_D14_Male_#3/tifs,/Volumes/D/YAPSMAD_Nuclear_Localization/251219_YAPSMAD_Early_D14_Male_#3/tifs,/Volumes/D/YAPSMAD_Nuclear_Localization/251219_YAPSMAD_Early_D14_Male_#3/tifs,2600,5100,1.6397585116847684,0.6281417796935214,0.6098458967427776,8.208558785403811,7.0710678118654755,57.76726962462999,34.388983289245516,29.61077312938869,0.022218180624857687,0.013226532034325198,0.011388758895918727,0.010510709172611701,0.006157855881622618,0.0035667096826864186
4,22,TGFb_005_DAPI.1.tif,TGFb_005_W647.1.tif,TGFb_005_G488.1.tif,TGFb_005_R555.1.tif,/Volumes/D/YAPSMAD_Nuclear_Localization/251219_YAPSMAD_Early_D14_Male_#3/tifs,/Volumes/D/YAPSMAD_Nuclear_Localization/251219_YAPSMAD_Early_D14_Male_#3/tifs,/Volumes/D/YAPSMAD_Nuclear_Localization/251219_YAPSMAD_Early_D14_Male_#3/tifs,/Volumes/D/YAPSMAD_Nuclear_Localization/251219_YAPSMAD_Early_D14_Male_#3/tifs,2073,4823,6.849314514399602,0.7918250470052185,0.14600001181105904,5.368740592708973,4.0,15.18898317986168,22.876203787047416,8.557686859741807,0.0073270541147427305,0.011035312970114527,0.004128165393025474,0.003545129464796239,0.0065013311032210835,0.0016509683446186052
4,23,TGFb_005_DAPI.1.tif,TGFb_005_W647.1.tif,TGFb_005_G488.1.tif,TGFb_005_R555.1.tif,/Volumes/D/YAPSMAD_Nuclear_Localization/251219_YAPSMAD_Early_D14_Male_#3/tifs,/Volumes/D/YAPSMAD_Nuclear_Localization/251219_YAPSMAD_Early_D14_Male_#3/tifs,/Volumes/D/YAPSMAD_Nuclear_Localization/251219_YAPSMAD_Early_D14_Male_#3/tifs,/Volumes/D/YAPSMAD_Nuclear_Localization/251219_YAPSMAD_Early_D14_Male_#3/tifs,1049,2294,2.9109306142046836,0.8168017843640004,0.34353275035833075,4.863587250246265,4.123105625617661,18.693125899415463,15.895124887581915,8.578042377019301,0.01781994842651617,0.015152645269382188,0.00817735212299266,0.01329946572525765,0.011244608879907086,0.0033225650558326024
4,24,TGFb_005_DAPI.1.tif,TGFb_005_W647.1.tif,TGFb_005_G488.1.tif,TGFb_005_R555.1.tif,/Volumes/D/YAPSMAD_Nuclear_Localization/251219_YAPSMAD_Early_D14_Male_#3/tifs,/Volumes/D/YAPSMAD_Nuclear_Localization/251219_YAPSMAD_Early_D14_Male_#3/tifs,/Volumes/D/YAPSMAD_Nuclear_Localization/251219_YAPSMAD_Early_D14_Male_#3/tifs,/Volumes/D/YAPSMAD_Nuclear_Localization/251219_YAPSMAD_Early_D14_Male_#3/tifs,1082,2340,2.7501562600240983,0.3678234478808606,0.3636157023278515,4.196733816212764,3.605551275463989,13.849042595829815,9.854413790628314,9.900450239190832,0.012799484839029403,0.009107591303723026,0.009150138853226276,0.00820007543690823,0.004921571188142233,0.00482467539579041
4,25,TGFb_005_DAPI.1.tif,TGFb_005_W647.1.tif,TGFb_005_G488.1.tif,TGFb_005_R555.1.tif,/Volumes/D/YAPSMAD_Nuclear_Localization/251219_YAPSMAD_Early_D14_Male_#3/tifs,/Volumes/D/YAPSMAD_Nuclear_Localization/251219_YAPSMAD_Early_D14_Male_#3/tifs,/Volumes/D/YAPSMAD_Nuclear_Localization/251219_YAPSMAD_Early_D14_Male_#3/tifs,/Volumes/D/YAPSMAD_Nuclear_Localization/251219_YAPSMAD_Early_D14_Male_#3/tifs,1549,4125,3.7233580792166183,0.9022190470393657,0.2685747593232818,4.077740736039474,3.605551275463989,24.237338960170746,13.157366480212659,12.88262774515897,0.015647087772866847,0.008494103602461368,0.00831673837647448,0.009824888234396726,0.004416956905216844,0.003250212965905691
4,26,TGFb_005_DAPI.1.tif,TGFb_005_W647.1.tif,TGFb_005_G488.1.tif,TGFb_005_R555.1.tif,/Volumes/D/YAPSMAD_Nuclear_Localization/251219_YAPSMAD_Early_D14_Male_#3/tifs,/Volumes/D/YAPSMAD_Nuclear_Localization/251219_YAPSMAD_Early_D14_Male_#3/tifs,/Volumes/D/YAPSMAD_Nuclear_Localization/251219_YAPSMAD_Early_D14_Male_#3/tifs,/Volumes/D/YAPSMAD_Nuclear_Localization/251219_YAPSMAD_Early_D14_Male_#3/tifs,1783,4020,2.598236236791063,0.8970317684987414,0.3848764734476355,5.449310656132741,5.0,30.655695578781888,17.01843310147524,17.64646390802227,0.017193323375648842,0.009544830679458912,0.009897063324746085,0.008058049853727631,0.004270103532607644,0.0041968477412122375
4,27,TGFb_005_DAPI.1.tif,TGFb_005_W647.1.tif,TGFb_005_G488.1.tif,TGFb_005_R555.1.tif,/Volumes/D/YAPSMAD_Nuclear_Localization/251219_YAPSMAD_Early_D14_Male_#3/tifs,/Volumes/D/YAPSMAD_Nuclear_Localization/251219_YAPSMAD_Early_D14_Male_#3/tifs,/Volumes/D/YAPSMAD_Nuclear_Localization/251219_YAPSMAD_Early_D14_Male_#3/tifs,/Volumes/D/YAPSMAD_Nuclear_Localization/251219_YAPSMAD_Early_D14_Male_#3/tifs,2238,4284,3.325103115814068,0.814104425629457,0.30074255298851843,6.696363973293952,5.385164807134504,27.67968286923133,16.90611148509197,21.823239659890532,0.012368044177493891,0.007554115945081309,0.009751224155447066,0.00646974574875519,0.0038182764254574013,0.00543203392148984
4,28,TGFb_005_DAPI.1.tif,TGFb_005_W647.1.tif,TGFb_005_G488.1.tif,TGFb_005_R555.1.tif,/Volumes/D/YAPSMAD_Nuclear_Localization/251219_YAPSMAD_Early_D14_Male_#3/tifs,/Volumes/D/YAPSMAD_Nuclear_Localization/251219_YAPSMAD_Early_D14_Male_#3/tifs,/Volumes/D/YAPSMAD_Nuclear_Localization/251219_YAPSMAD_Early_D14_Male_#3/tifs,/Volumes/D/YAPSMAD_Nuclear_Localization/251219_YAPSMAD_Early_D14_Male_#3/tifs,2486,5520,6.722638690900866,0.7874277271795387,0.1487511148492193,5.399047539017726,4.123105625617661,21.031708472641185,24.5769438163843,17.726543267956004,0.008460059723508119,0.009886139910050001,0.00713054837809976,0.005063249527975702,0.007053221580788103,0.0036231226347968964
4,29,TGFb_005_DAPI.1.tif,TGFb_005_W647.1.tif,TGFb_005_G488.1.tif,TGFb_005_R555.1.tif,/Volumes/D/YAPSMAD_Nuclear_Localization/251219_YAPSMAD_Early_D14_Male_#3/tifs,/Volumes/D/YAPSMAD_Nuclear_Localization/251219_YAPSMAD_Early_D14_Male_#3/tifs,/Volumes/D/YAPSMAD_Nuclear_Localization/251219_YAPSMAD_Early_D14_Male_#3/tifs,/Volumes/D/YAPSMAD_Nuclear_Localization/251219_YAPSMAD_Early_D14_Male_#3/tifs,3270,11660,13.11720256066785,0.7834011600885431,0.07623576714432363,4.277867090137607,3.0,31.997238436480984,36.538292872486636,22.518333993386477,0.009785088206874919,0.011173789869261968,0.00688634067076039,0.006739095569971574,0.006886458279410589,0.004200539206628047
4,30,TGFb_005_DAPI.1.tif,TGFb_005_W647.1.tif,TGFb_005_G488.1.tif,TGFb_005_R555.1.tif,/Volumes/D/YAPSMAD_Nuclear_Localization/251219_YAPSMAD_Early_D14_Male_#3/tifs,/Volumes/D/YAPSMAD_Nuclear_Localization/251219_YAPSMAD_Early_D14_Male_#3/tifs,/Volumes/D/YAPSMAD_Nuclear_Localization/251219_YAPSMAD_Early_D14_Male_#3/tifs,/Volumes/D/YAPSMAD_Nuclear_Localization/251219_YAPSMAD_Early_D14_Male_#3/tifs,2558,6320,4.575418145412975,0.885139063523921,0.21855925911439084,6.184006350979011,4.47213595499958,33.27782124397345,27.310948614031076,28.364339934196323,0.013009312448777736,0.010676680458964456,0.011088483164267523,0.007851326038076539,0.007555195943869102,0.005786173111254913
4,31,TGFb_005_DAPI.1.tif,TGFb_005_W647.1.tif,TGFb_005_G488.1.tif,TGFb_005_R555.1.tif,/Volumes/D/YAPSMAD_Nuclear_Localization/251219_YAPSMAD_Early_D14_Male_#3/tifs,/Volumes/D/YAPSMAD_Nuclear_Localization/251219_YAPSMAD_Early_D14_Male_#3/tifs,/Volumes/D/YAPSMAD_Nuclear_Localization/251219_YAPSMAD_Early_D14_Male_#3/tifs,/Volumes/D/YAPSMAD_Nuclear_Localization/251219_YAPSMAD_Early_D14_Male_#3/tifs,3011,5152,2.58708256360508,0.9356995920661874,0.3865357890265812,7.13718790993438,6.324555320336759,47.95838894811459,34.55602382076904,29.48340608458966,0.015927727980111123,0.01147659376312489,0.00979189840072722,0.00915166948715211,0.006454889344158093,0.004094137717606083
4,32,TGFb_005_DAPI.1.tif,TGFb_005_W647.1.tif,TGFb_005_G488.1.tif,TGFb_005_R555.1.tif,/Volumes/D/YAPSMAD_Nuclear_Localization/251219_YAPSMAD_Early_D14_Male_#3/tifs,/Volumes/D/YAPSMAD_Nuclear_Localization/251219_YAPSMAD_Early_D14_Male_#3/tifs,/Volumes/D/YAPSMAD_Nuclear_Localization/251219_YAPSMAD_Early_D14_Male_#3/tifs,/Volumes/D/YAPSMAD_Nuclear_Localization/251219_YAPSMAD_Early_D14_Male_#3/tifs,1652,3420,3.293654678027204,0.2447461319017547,0.30361409976317516,5.741034453347842,4.47213595499958,26.219882685458288,22.953460128512233,19.502098257420585,0.015871599688534074,0.013894346324765274,0.01180514422362021,0.008382946910849004,0.008407326201262465,0.006500780345097052
4,33,TGFb_005_DAPI.1.tif,TGFb_005_W647.1.tif,TGFb_005_G488.1.tif,TGFb_005_R555.1.tif,/Volumes/D/YAPSMAD_Nuclear_Localization/251219_YAPSMAD_Early_D14_Male_#3/tifs,/Volumes/D/YAPSMAD_Nuclear_Localization/251219_YAPSMAD_Early_D14_Male_#3/tifs,/Volumes/D/YAPSMAD_Nuclear_Localization/251219_YAPSMAD_Early_D14_Male_#3/tifs,/Volumes/D/YAPSMAD_Nuclear_Localization/251219_YAPSMAD_Early_D14_Male_#3/tifs,1978,3431,2.2723140839078333,0.761116894509934,0.4400800079011264,6.844124570733555,5.385164807134504,29.706065641483292,30.791592463385314,14.209994828561321,0.015018233388009753,0.015567033601307035,0.007184021652457695,0.01102847020432121,0.010520696434491229,0.0029236557901273093
4,34,TGFb_005_DAPI.1.tif,TGFb_005_W647.1.tif,TGFb_005_G488.1.tif,TGFb_005_R555.1.tif,/Volumes/D/YAPSMAD_Nuclear_Localization/251219_YAPSMAD_Early_D14_Male_#3/tifs,/Volumes/D/YAPSMAD_Nuclear_Localization/251219_YAPSMAD_Early_D14_Male_#3/tifs,/Volumes/D/YAPSMAD_Nuclear_Localization/251219_YAPSMAD_Early_D14_Male_#3/tifs,/Volumes/D/YAPSMAD_Nuclear_Localization/251219_YAPSMAD_Early_D14_Male_#3/tifs,2069,5795,5.430268270248948,0.8661112876896118,0.1841529645006204,4.802178952329482,3.605551275463989,21.019546991446987,15.795498803490773,16.909727826248854,0.01015927839122619,0.007634363848956391,0.008172898901038596,0.0077143399300597945,0.0042395440734005465,0.004806377762421421
4,35,TGFb_005_DAPI.1.tif,TGFb_005_W647.1.tif,TGFb_005_G488.1.tif,TGFb_005_R555.1.tif,/Volumes/D/YAPSMAD_Nuclear_Localization/251219_YAPSMAD_Early_D14_Male_#3/tifs,/Volumes/D/YAPSMAD_Nuclear_Localization/251219_YAPSMAD_Early_D14_Male_#3/tifs,/Volumes/D/YAPSMAD_Nuclear_Localization/251219_YAPSMAD_Early_D14_Male_#3/tifs,/Volumes/D/YAPSMAD_Nuclear_Localization/251219_YAPSMAD_Early_D14_Male_#3/tifs,2730,7488,5.446704444197042,0.9161905442767068,0.18359725779969704,5.763437850577705,5.0,40.373586900066584,29.882826229790226,26.88271942199208,0.01478885967035406,0.010946090194062353,0.00984714997142567,0.009161273114128492,0.006785009376613277,0.004931688889701642
4,36,TGFb_005_DAPI.1.tif,TGFb_005_W647.1.tif,TGFb_005_G488.1.tif,TGFb_005_R555.1.tif,/Volumes/D/YAPSMAD_Nuclear_Localization/251219_YAPSMAD_Early_D14_Male_#3/tifs,/Volumes/D/YAPSMAD_Nuclear_Localization/251219_YAPSMAD_Early_D14_Male_#3/tifs,/Volumes/D/YAPSMAD_Nuclear_Localization/251219_YAPSMAD_Early_D14_Male_#3/tifs,/Volumes/D/YAPSMAD_Nuclear_Localization/251219_YAPSMAD_Early_D14_Male_#3/tifs,2138,5022,4.059752770816008,0.8099248259520347,0.24632041812708724,6.189524382998195,5.0,14.603509780950844,27.868665819754824,19.9354240198154,0.006830453592586924,0.013034923208491499,0.00932433303078363,0.0029202449854377702,0.008827553982313446,0.004356575036449398
4,37,TGFb_005_DAPI.1.tif,TGFb_005_W647.1.tif,TGFb_005_G488.1.tif,TGFb_005_R555.1.tif,/Volumes/D/YAPSMAD_Nuclear_Localization/251219_YAPSMAD_Early_D14_Male_#3/tifs,/Volumes/D/YAPSMAD_Nuclear_Localization/251219_YAPSMAD_Early_D14_Male_#3/tifs,/Volumes/D/YAPSMAD_Nuclear_Localization/251219_YAPSMAD_Early_D14_Male_#3/tifs,/Volumes/D/YAPSMAD_Nuclear_Localization/251219_YAPSMAD_Early_D14_Male_#3/tifs,971,1716,1.9399109416927753,0.7205701904847085,0.5154875816759894,4.909634219807797,4.242640687119285,13.120027549797669,10.761440537404269,8.477378582814708,0.013511871832953316,0.011082842983938485,0.008730564966853458,0.009265412406050095,0.0065424452319741,0.004133171439033644
4,38,TGFb_005_DAPI.1.tif,TGFb_005_W647.1.tif,TGFb_005_G488.1.tif,TGFb_005_R555.1.tif,/Volumes/D/YAPSMAD_Nuclear_Localization/251219_YAPSMAD_Early_D14_Male_#3/tifs,/Volumes/D/YAPSMAD_Nuclear_Localization/251219_YAPSMAD_Early_D14_Male_#3/tifs,/Volumes/D/YAPSMAD_Nuclear_Localization/251219_YAPSMAD_Early_D14_Male_#3/tifs,/Volumes/D/YAPSMAD_Nuclear_Localization/251219_YAPSMAD_Early_D14_Male_#3/tifs,2741,7347,3.215612743662129,0.5587301216702105,0.31098272078034533,6.18542780680372,5.0,30.291707006283104,29.986938529182225,21.999222060432658,0.011051334186896427,0.010940145395542585,0.008025983969512098,0.005815824143396511,0.0064140736852864215,0.003826860316943928
4,39,TGFb_005_DAPI.1.tif,TGFb_005_W647.1.tif,TGFb_005_G488.1.tif,TGFb_005_R555.1.tif,/Volumes/D/YAPSMAD_Nuclear_Localization/251219_YAPSMAD_Early_D14_Male_#3/tifs,/Volumes/D/YAPSMAD_Nuclear_Localization/251219_YAPSMAD_Early_D14_Male_#3/tifs,/Volumes/D/YAPSMAD_Nuclear_Localization/251219_YAPSMAD_Early_D14_Male_#3/tifs,/Volumes/D/YAPSMAD_Nuclear_Localization/251219_YAPSMAD_Early_D14_Male_#3/tifs,159,255,1.2951422522550327,0.46847976057188756,0.772115957346657,2.456252047319178,2.0,0.15715266717597842,5.987045091111213,0.27347219036892056,0.000988381554565902,0.03765437164220889,0.0017199508828233997,0.0013815352595675967,0.01186928970572658,3.3975356462124255e-05
5,1,FasTGFb_006_DAPI.1.1.tif,FasTGFb_006_W647.1.1.tif,FasTGFb_006_G488.1.1.tif,FasTGFb_006_R555.1.1.tif,/Volumes/D/YAPSMAD_Nuclear_Localization/251219_YAPSMAD_Early_D14_Male_#3/tifs,/Volumes/D/YAPSMAD_Nuclear_Localization/251219_YAPSMAD_Early_D14_Male_#3/tifs,/Volumes/D/YAPSMAD_Nuclear_Localization/251219_YAPSMAD_Early_D14_Male_#3/tifs,/Volumes/D/YAPSMAD_Nuclear_Localization/251219_YAPSMAD_Early_D14_Male_#3/tifs,2860,5328,3.230295249915867,0.4543991899688279,0.30956922591705666,7.433503644469895,6.4031242374328485,24.10852243285626,36.54700573347509,33.27397599653341,0.00842955329820149,0.012778673333382898,0.011634257341445247,0.004687116759568079,0.008188999601358752,0.007037150932983555
5,2,FasTGFb_006_DAPI.1.1.tif,FasTGFb_006_W647.1.1.tif,FasTGFb_006_G488.1.1.tif,FasTGFb_006_R555.1.1.tif,/Volumes/D/YAPSMAD_Nuclear_Localization/251219_YAPSMAD_Early_D14_Male_#3/tifs,/Volumes/D/YAPSMAD_Nuclear_Localization/251219_YAPSMAD_Early_D14_Male_#3/tifs,/Volumes/D/YAPSMAD_Nuclear_Localization/251219_YAPSMAD_Early_D14_Male_#3/tifs,/Volumes/D/YAPSMAD_Nuclear_Localization/251219_YAPSMAD_Early_D14_Male_#3/tifs,2182,9464,7.811108645715869,0.9350099084285634,0.12802280000912117,4.913060487747512,3.605551275463989,20.495903158793226,38.81083407206461,19.539604912279174,0.009393172850042725,0.01778681671497003,0.008954906009293847,0.008249916645033018,0.01591563362500285,0.006414593998111202
5,3,FasTGFb_006_DAPI.1.1.tif,FasTGFb_006_W647.1.1.tif,FasTGFb_006_G488.1.1.tif,FasTGFb_006_R555.1.1.tif,/Volumes/D/YAPSMAD_Nuclear_Localization/251219_YAPSMAD_Early_D14_Male_#3/tifs,/Volumes/D/YAPSMAD_Nuclear_Localization/251219_YAPSMAD_Early_D14_Male_#3/tifs,/Volumes/D/YAPSMAD_Nuclear_Localization/251219_YAPSMAD_Early_D14_Male_#3/tifs,/Volumes/D/YAPSMAD_Nuclear_Localization/251219_YAPSMAD_Early_D14_Male_#3/tifs,1934,5720,4.639924483392358,0.8814240619325584,0.21552074900772444,4.341819309946338,4.0,14.35634408192709,21.696818706113845,22.046708044828847,0.007423135512888878,0.011218623943181925,0.01139953880291047,0.007337762687178655,0.009599591636582193,0.007059430336835603
5,4,FasTGFb_006_DAPI.1.1.tif,FasTGFb_006_W647.1.1.tif,FasTGFb_006_G488.1.1.tif,FasTGFb_006_R555.1.1.tif,/Volumes/D/YAPSMAD_Nuclear_Localization/251219_YAPSMAD_Early_D14_Male_#3/tifs,/Volumes/D/YAPSMAD_Nuclear_Localization/251219_YAPSMAD_Early_D14_Male_#3/tifs,/Volumes/D/YAPSMAD_Nuclear_Localization/251219_YAPSMAD_Early_D14_Male_#3/tifs,/Volumes/D/YAPSMAD_Nuclear_Localization/251219_YAPSMAD_Early_D14_Male_#3/tifs,2007,3100,1.4959232962962712,0.5657818419173268,0.6684834726993566,8.027905581646266,7.0710678118654755,31.328954178839922,39.005203533917665,36.6501718503423,0.015609842640179334,0.019434580734388474,0.018261171823787895,0.00892478981491545,0.011424062667081663,0.009751488919823116
5,5,FasTGFb_006_DAPI.1.1.tif,FasTGFb_006_W647.1.1.tif,FasTGFb_006_G488.1.1.tif,FasTGFb_006_R555.1.1.tif,/Volumes/D/YAPSMAD_Nuclear_Localization/251219_YAPSMAD_Early_D14_Male_#3/tifs,/Volumes/D/YAPSMAD_Nuclear_Localization/251219_YAPSMAD_Early_D14_Male_#3/tifs,/Volumes/D/YAPSMAD_Nuclear_Localization/251219_YAPSMAD_Early_D14_Male_#3/tifs,/Volumes/D/YAPSMAD_Nuclear_Localization/251219_YAPSMAD_Early_D14_Male_#3/tifs,1531,2520,1.879555813602146,0.7260759569705172,0.5320405985090233,6.4988596805168815,5.830951894845301,11.976150282891467,29.107484662905335,13.050202320795506,0.007822436500908862,0.019012073587789245,0.008523972776483021,0.004971396555748545,0.014317316480871917,0.003588582979323163
5,6,FasTGFb_006_DAPI.1.1.tif,FasTGFb_006_W647.1.1.tif,FasTGFb_006_G488.1.1.tif,FasTGFb_006_R555.1.1.tif,/Volumes/D/YAPSMAD_Nuclear_Localization/251219_YAPSMAD_Early_D14_Male_#3/tifs,/Volumes/D/YAPSMAD_Nuclear_Localization/251219_YAPSMAD_Early_D14_Male_#3/tifs,/Volumes/D/YAPSMAD_Nuclear_Localization/251219_YAPSMAD_Early_D14_Male_#3/tifs,/Volumes/D/YAPSMAD_Nuclear_Localization/251219_YAPSMAD_Early_D14_Male_#3/tifs,1846,3740,2.4938340555039837,0.7881125406375952,0.4009889903431879,6.515999425360346,5.521009528313442,15.907438941532746,23.727779255248606,22.676524164155126,0.008617247530624456,0.012853618231445615,0.012284140933995193,0.005584686318361608,0.00994651809119244,0.007186293190861738
5,7,FasTGFb_006_DAPI.1.1.tif,FasTGFb_006_W647.1.1.tif,FasTGFb_006_G488.1.1.tif,FasTGFb_006_R555.1.1.tif,/Volumes/D/YAPSMAD_Nuclear_Localization/251219_YAPSMAD_Early_D14_Male_#3/tifs,/Volumes/D/YAPSMAD_Nuclear_Localization/251219_YAPSMAD_Early_D14_Male_#3/tifs,/Volumes/D/YAPSMAD_Nuclear_Localization/251219_YAPSMAD_Early_D14_Male_#3/tifs,/Volumes/D/YAPSMAD_Nuclear_Localization/251219_YAPSMAD_Early_D14_Male_#3/tifs,1498,2408,2.109352716443846,0.6769466741921273,0.47407908227216655,6.331712111836882,5.385164807134504,19.25256748823449,22.69179843366146,24.49456027895212,0.012852181233801396,0.01514806303982741,0.01635150886445402,0.009054685520586456,0.008897531104511334,0.00980820489124989
5,8,FasTGFb_006_DAPI.1.1.tif,FasTGFb_006_W647.1.1.tif,FasTGFb_006_G488.1.1.tif,FasTGFb_006_R555.1.1.tif,/Volumes/D/YAPSMAD_Nuclear_Localization/251219_YAPSMAD_Early_D14_Male_#3/tifs,/Volumes/D/YAPSMAD_Nuclear_Localization/251219_YAPSMAD_Early_D14_Male_#3/tifs,/Volumes/D/YAPSMAD_Nuclear_Localization/251219_YAPSMAD_Early_D14_Male_#3/tifs,/Volumes/D/YAPSMAD_Nuclear_Localization/251219_YAPSMAD_Early_D14_Male_#3/tifs,2316,5040,4.874071737679243,0.6542589651079803,0.20516727159952378,6.314775044134651,5.0,32.32480377913453,30.88638156466186,38.68622892303392,0.013957169161975183,0.013336088758489578,0.01670389849871931,0.009118829857902976,0.00886048902937423,0.011394736120925984
5,9,FasTGFb_006_DAPI.1.1.tif,FasTGFb_006_W647.1.1.tif,FasTGFb_006_G488.1.1.tif,FasTGFb_006_R555.1.1.tif,/Volumes/D/YAPSMAD_Nuclear_Localization/251219_YAPSMAD_Early_D14_Male_#3/tifs,/Volumes/D/YAPSMAD_Nuclear_Localization/251219_YAPSMAD_Early_D14_Male_#3/tifs,/Volumes/D/YAPSMAD_Nuclear_Localization/251219_YAPSMAD_Early_D14_Male_#3/tifs,/Volumes/D/YAPSMAD_Nuclear_Localization/251219_YAPSMAD_Early_D14_Male_#3/tifs,2085,7360,4.740493319527725,0.9115357697815543,0.21094850948964644,4.558826890186585,4.0,15.461768711917102,33.25474960496649,19.672755197854713,0.007415716408593335,0.015949520194228534,0.009435374195613772,0.004859887488718529,0.011273361424914167,0.007791706395583056
5,10,FasTGFb_006_DAPI.1.1.tif,FasTGFb_006_W647.1.1.tif,FasTGFb_006_G488.1.1.tif,FasTGFb_006_R555.1.1.tif,/Volumes/D/YAPSMAD_Nuclear_Localization/251219_YAPSMAD_Early_D14_Male_#3/tifs,/Volumes/D/YAPSMAD_Nuclear_Localization/251219_YAPSMAD_Early_D14_Male_#3/tifs,/Volumes/D/YAPSMAD_Nuclear_Localization/251219_YAPSMAD_Early_D14_Male_#3/tifs,/Volumes/D/YAPSMAD_Nuclear_Localization/251219_YAPSMAD_Early_D14_Male_#3/tifs,1256,3074,4.24801084997185,0.8812342502386953,0.23540429516714315,4.021976830765764,3.1622776601683795,13.88445879262872,30.033707265742123,14.7243916769512,0.011054505408143886,0.02391218731348895,0.011723241781012101,0.008419176174001402,0.01735039367090744,0.006327002402119265
5,11,FasTGFb_006_DAPI.1.1.tif,FasTGFb_006_W647.1.1.tif,FasTGFb_006_G488.1.1.tif,FasTGFb_006_R555.1.1.tif,/Volumes/D/YAPSMAD_Nuclear_Localization/251219_YAPSMAD_Early_D14_Male_#3/tifs,/Volumes/D/YAPSMAD_Nuclear_Localization/251219_YAPSMAD_Early_D14_Male_#3/tifs,/Volumes/D/YAPSMAD_Nuclear_Localization/251219_YAPSMAD_Early_D14_Male_#3/tifs,/Volumes/D/YAPSMAD_Nuclear_Localization/251219_YAPSMAD_Early_D14_Male_#3/tifs,1549,3200,3.5946934316429195,0.4562135824902445,0.2781878396631336,5.630070870455501,4.47213595499958,10.927153576398268,22.417639601510018,20.17129792738706,0.007054327680050528,0.014472330278573284,0.013022141980236965,0.0034161455382182154,0.010504240485312313,0.00793485266261507
5,12,FasTGFb_006_DAPI.1.1.tif,FasTGFb_006_W647.1.1.tif,FasTGFb_006_G488.1.1.tif,FasTGFb_006_R555.1.1.tif,/Volumes/D/YAPSMAD_Nuclear_Localization/251219_YAPSMAD_Early_D14_Male_#3/tifs,/Volumes/D/YAPSMAD_Nuclear_Localization/251219_YAPSMAD_Early_D14_Male_#3/tifs,/Volumes/D/YAPSMAD_Nuclear_Localization/251219_YAPSMAD_Early_D14_Male_#3/tifs,/Volumes/D/YAPSMAD_Nuclear_Localization/251219_YAPSMAD_Early_D14_Male_#3/tifs,1338,2668,3.000820505880813,0.5756504660310184,0.333242190940866,4.833451784150891,4.123105625617661,14.480155784636736,21.301411602646112,16.126924676122144,0.010822239001970655,0.015920337520662266,0.012053007979164532,0.008134026428118012,0.013296622089784358,0.007120745699948087
5,13,FasTGFb_006_DAPI.1.1.tif,FasTGFb_006_W647.1.1.tif,FasTGFb_006_G488.1.1.tif,FasTGFb_006_R555.1.1.tif,/Volumes/D/YAPSMAD_Nuclear_Localization/251219_YAPSMAD_Early_D14_Male_#3/tifs,/Volumes/D/YAPSMAD_Nuclear_Localization/251219_YAPSMAD_Early_D14_Male_#3/tifs,/Volumes/D/YAPSMAD_Nuclear_Localization/251219_YAPSMAD_Early_D14_Male_#3/tifs,/Volumes/D/YAPSMAD_Nuclear_Localization/251219_YAPSMAD_Early_D14_Male_#3/tifs,4471,17100,17.771783745717023,0.8830417137998341,0.05626897188871087,3.9740755403372723,3.1622776601683795,20.24155053519644,24.033387027215213,19.282932930393144,0.004527298263296005,0.0053753941013677505,0.004312890389262613,0.0031077001443052176,0.0026683003861037694,0.004371983518654235
5,14,FasTGFb_006_DAPI.1.1.tif,FasTGFb_006_W647.1.1.tif,FasTGFb_006_G488.1.1.tif,FasTGFb_006_R555.1.1.tif,/Volumes/D/YAPSMAD_Nuclear_Localization/251219_YAPSMAD_Early_D14_Male_#3/tifs,/Volumes/D/YAPSMAD_Nuclear_Localization/251219_YAPSMAD_Early_D14_Male_#3/tifs,/Volumes/D/YAPSMAD_Nuclear_Localization/251219_YAPSMAD_Early_D14_Male_#3/tifs,/Volumes/D/YAPSMAD_Nuclear_Localization/251219_YAPSMAD_Early_D14_Male_#3/tifs,1895,5950,7.36600949920551,0.7683912766521664,0.13575871713277848,4.141928691778874,3.1622776601683795,16.164187252754346,31.09509442653507,22.27264840248972,0.008529914117548467,0.016409020805559404,0.011753376465693785,0.007563106894176611,0.011854758229945316,0.007551043889599331
5,15,FasTGFb_006_DAPI.1.1.tif,FasTGFb_006_W647.1.1.tif,FasTGFb_006_G488.1.1.tif,FasTGFb_006_R555.1.1.tif,/Volumes/D/YAPSMAD_Nuclear_Localization/251219_YAPSMAD_Early_D14_Male_#3/tifs,/Volumes/D/YAPSMAD_Nuclear_Localization/251219_YAPSMAD_Early_D14_Male_#3/tifs,/Volumes/D/YAPSMAD_Nuclear_Localization/251219_YAPSMAD_Early_D14_Male_#3/tifs,/Volumes/D/YAPSMAD_Nuclear_Localization/251219_YAPSMAD_Early_D14_Male_#3/tifs,2346,4692,3.851806535007966,0.37845440572379546,0.259618439013301,6.3655305258905965,5.0,30.123384702950716,35.76734596909955,32.1807738491334,0.012840317435187858,0.01524609802604414,0.013717294905853964,0.007597587453821865,0.010225353719933616,0.008570713765661576
5,16,FasTGFb_006_DAPI.1.1.tif,FasTGFb_006_W647.1.1.tif,FasTGFb_006_G488.1.1.tif,FasTGFb_006_R555.1.1.tif,/Volumes/D/YAPSMAD_Nuclear_Localization/251219_YAPSMAD_Early_D14_Male_#3/tifs,/Volumes/D/YAPSMAD_Nuclear_Localization/251219_YAPSMAD_Early_D14_Male_#3/tifs,/Volumes/D/YAPSMAD_Nuclear_Localization/251219_YAPSMAD_Early_D14_Male_#3/tifs,/Volumes/D/YAPSMAD_Nuclear_Localization/251219_YAPSMAD_Early_D14_Male_#3/tifs,3004,5766,2.6790487036811252,0.8220186963652182,0.37326682364003244,7.07030001046681,6.324555320336759,33.75228535011411,54.88540504546836,49.160784592619166,0.011235780742381527,0.01827077398317855,0.01636510805346843,0.0068741180159213,0.012259327210369412,0.010064628421897415
5,17,FasTGFb_006_DAPI.1.1.tif,FasTGFb_006_W647.1.1.tif,FasTGFb_006_G488.1.1.tif,FasTGFb_006_R555.1.1.tif,/Volumes/D/YAPSMAD_Nuclear_Localization/251219_YAPSMAD_Early_D14_Male_#3/tifs,/Volumes/D/YAPSMAD_Nuclear_Localization/251219_YAPSMAD_Early_D14_Male_#3/tifs,/Volumes/D/YAPSMAD_Nuclear_Localization/251219_YAPSMAD_Early_D14_Male_#3/tifs,/Volumes/D/YAPSMAD_Nuclear_Localization/251219_YAPSMAD_Early_D14_Male_#3/tifs,2119,3864,2.7196389942535752,0.5733208688572764,0.36769586041122976,7.100280647815828,6.0,18.004745756275952,44.049714006949216,28.731441373704,0.008496812532456797,0.020787972631877875,0.013558962422701274,0.00440016633525306,0.01740822438897566,0.008190466180170632
5,18,FasTGFb_006_DAPI.1.1.tif,FasTGFb_006_W647.1.1.tif,FasTGFb_006_G488.1.1.tif,FasTGFb_006_R555.1.1.tif,/Volumes/D/YAPSMAD_Nuclear_Localization/251219_YAPSMAD_Early_D14_Male_#3/tifs,/Volumes/D/YAPSMAD_Nuclear_Localization/251219_YAPSMAD_Early_D14_Male_#3/tifs,/Volumes/D/YAPSMAD_Nuclear_Localization/251219_YAPSMAD_Early_D14_Male_#3/tifs,/Volumes/D/YAPSMAD_Nuclear_Localization/251219_YAPSMAD_Early_D14_Male_#3/tifs,1545,4466,3.4515037262104125,0.8339335152632616,0.2897287904996564,5.743337794526644,4.47213595499958,5.747859983006492,23.717143662273884,19.36945159989409,0.0037202977236287975,0.015350902046779212,0.012536861876954105,0.0020168092477356003,0.008470990832448398,0.005621730305359457
5,19,FasTGFb_006_DAPI.1.1.tif,FasTGFb_006_W647.1.1.tif,FasTGFb_006_G488.1.1.tif,FasTGFb_006_R555.1.1.tif,/Volumes/D/YAPSMAD_Nuclear_Localization/251219_YAPSMAD_Early_D14_Male_#3/tifs,/Volumes/D/YAPSMAD_Nuclear_Localization/251219_YAPSMAD_Early_D14_Male_#3/tifs,/Volumes/D/YAPSMAD_Nuclear_Localization/251219_YAPSMAD_Early_D14_Male_#3/tifs,/Volumes/D/YAPSMAD_Nuclear_Localization/251219_YAPSMAD_Early_D14_Male_#3/tifs,1864,2499,1.277032729829623,0.49231878788104066,0.7830652861445583,7.947868290100389,7.0710678118654755,22.57816453045234,34.88801421551034,34.18027023994364,0.012112749211616062,0.01871674582377164,0.01833705484975517,0.007568955271852464,0.011174395434218408,0.008943827303633956
5,20,FasTGFb_006_DAPI.1.1.tif,FasTGFb_006_W647.1.1.tif,FasTGFb_006_G488.1.1.tif,FasTGFb_006_R555.1.1.tif,/Volumes/D/YAPSMAD_Nuclear_Localization/251219_YAPSMAD_Early_D14_Male_#3/tifs,/Volumes/D/YAPSMAD_Nuclear_Localization/251219_YAPSMAD_Early_D14_Male_#3/tifs,/Volumes/D/YAPSMAD_Nuclear_Localization/251219_YAPSMAD_Early_D14_Male_#3/tifs,/Volumes/D/YAPSMAD_Nuclear_Localization/251219_YAPSMAD_Early_D14_Male_#3/tifs,1789,6480,5.3735752487503206,0.763909325697445,0.18609584005221852,5.017499695167848,3.605551275463989,13.638895401498303,42.628839740063995,23.055344633525237,0.007623753717997933,0.02382830617108105,0.012887280398840267,0.004694808571763451,0.017725740754985907,0.008170980988010373
5,21,FasTGFb_006_DAPI.1.1.tif,FasTGFb_006_W647.1.1.tif,FasTGFb_006_G488.1.1.tif,FasTGFb_006_R555.1.1.tif,/Volumes/D/YAPSMAD_Nuclear_Localization/251219_YAPSMAD_Early_D14_Male_#3/tifs,/Volumes/D/YAPSMAD_Nuclear_Localization/251219_YAPSMAD_Early_D14_Male_#3/tifs,/Volumes/D/YAPSMAD_Nuclear_Localization/251219_YAPSMAD_Early_D14_Male_#3/tifs,/Volumes/D/YAPSMAD_Nuclear_Localization/251219_YAPSMAD_Early_D14_Male_#3/tifs,1667,3713,4.035054120183726,0.8758025965908238,0.24782815055637158,5.4816824132651645,4.123105625617661,15.049408820224926,27.951720571145415,22.468406337313354,0.009027839724190117,0.016767678806925864,0.013478348132761461,0.009261004039341507,0.014471879526359662,0.009069367047004263
5,22,FasTGFb_006_DAPI.1.1.tif,FasTGFb_006_W647.1.1.tif,FasTGFb_006_G488.1.1.tif,FasTGFb_006_R555.1.1.tif,/Volumes/D/YAPSMAD_Nuclear_Localization/251219_YAPSMAD_Early_D14_Male_#3/tifs,/Volumes/D/YAPSMAD_Nuclear_Localization/251219_YAPSMAD_Early_D14_Male_#3/tifs,/Volumes/D/YAPSMAD_Nuclear_Localization/251219_YAPSMAD_Early_D14_Male_#3/tifs,/Volumes/D/YAPSMAD_Nuclear_Localization/251219_YAPSMAD_Early_D14_Male_#3/tifs,1463,3657,2.920831241278222,0.8626489166147022,0.3423682908713265,5.339032711945655,4.47213595499958,17.7808805340901,26.631876230239868,22.457267227815464,0.012153711916671294,0.01820360644582356,0.015350148481076872,0.011540374440222696,0.013007150407043913,0.01080494165150526
5,23,FasTGFb_006_DAPI.1.1.tif,FasTGFb_006_W647.1.1.tif,FasTGFb_006_G488.1.1.tif,FasTGFb_006_R555.1.1.tif,/Volumes/D/YAPSMAD_Nuclear_Localization/251219_YAPSMAD_Early_D14_Male_#3/tifs,/Volumes/D/YAPSMAD_Nuclear_Localization/251219_YAPSMAD_Early_D14_Male_#3/tifs,/Volumes/D/YAPSMAD_Nuclear_Localization/251219_YAPSMAD_Early_D14_Male_#3/tifs,/Volumes/D/YAPSMAD_Nuclear_Localization/251219_YAPSMAD_Early_D14_Male_#3/tifs,1615,5292,7.925473127013457,0.7331515341714717,0.12617543255450142,3.7916323970175956,2.8284271247461903,8.031097990693524,33.993881249800324,16.008056923979893,0.004972816093308684,0.021048842879133327,0.009912109550451947,0.002575545828401043,0.014633247309598809,0.005106076503521528
5,24,FasTGFb_006_DAPI.1.1.tif,FasTGFb_006_W647.1.1.tif,FasTGFb_006_G488.1.1.tif,FasTGFb_006_R555.1.1.tif,/Volumes/D/YAPSMAD_Nuclear_Localization/251219_YAPSMAD_Early_D14_Male_#3/tifs,/Volumes/D/YAPSMAD_Nuclear_Localization/251219_YAPSMAD_Early_D14_Male_#3/tifs,/Volumes/D/YAPSMAD_Nuclear_Localization/251219_YAPSMAD_Early_D14_Male_#3/tifs,/Volumes/D/YAPSMAD_Nuclear_Localization/251219_YAPSMAD_Early_D14_Male_#3/tifs,2136,7917,4.44014337717638,0.8878077384353923,0.22521795245178095,5.695056192395266,4.47213595499958,18.2467843554914,30.051636666525155,21.834302449366078,0.008542502039087733,0.014069118289571702,0.010222051708504718,0.004575742255651508,0.010486233647807637,0.006839752684996843
5,25,FasTGFb_006_DAPI.1.1.tif,FasTGFb_006_W647.1.1.tif,FasTGFb_006_G488.1.1.tif,FasTGFb_006_R555.1.1.tif,/Volumes/D/YAPSMAD_Nuclear_Localization/251219_YAPSMAD_Early_D14_Male_#3/tifs,/Volumes/D/YAPSMAD_Nuclear_Localization/251219_YAPSMAD_Early_D14_Male_#3/tifs,/Volumes/D/YAPSMAD_Nuclear_Localization/251219_YAPSMAD_Early_D14_Male_#3/tifs,/Volumes/D/YAPSMAD_Nuclear_Localization/251219_YAPSMAD_Early_D14_Male_#3/tifs,1488,4543,7.46730493154506,0.7970753433271726,0.13391712393792524,4.172978173331513,3.1622776601683795,8.905150029342622,35.542855074163526,13.168917485279962,0.005984643836923805,0.023886327334787315,0.008850078955161265,0.003927744161048368,0.016393696755566033,0.005555662931848743
5,26,FasTGFb_006_DAPI.1.1.tif,FasTGFb_006_W647.1.1.tif,FasTGFb_006_G488.1.1.tif,FasTGFb_006_R555.1.1.tif,/Volumes/D/YAPSMAD_Nuclear_Localization/251219_YAPSMAD_Early_D14_Male_#3/tifs,/Volumes/D/YAPSMAD_Nuclear_Localization/251219_YAPSMAD_Early_D14_Male_#3/tifs,/Volumes/D/YAPSMAD_Nuclear_Localization/251219_YAPSMAD_Early_D14_Male_#3/tifs,/Volumes/D/YAPSMAD_Nuclear_Localization/251219_YAPSMAD_Early_D14_Male_#3/tifs,1697,3024,2.982960706307683,0.2013464993316917,0.3352374028546299,6.400881148453703,5.0990195135927845,13.947127669816837,37.382131832651794,20.791287269210443,0.008218696328707623,0.022028362894903827,0.012251789787395665,0.004556535398208405,0.015840693723115876,0.007649560488063792
5,27,FasTGFb_006_DAPI.1.1.tif,FasTGFb_006_W647.1.1.tif,FasTGFb_006_G488.1.1.tif,FasTGFb_006_R555.1.1.tif,/Volumes/D/YAPSMAD_Nuclear_Localization/251219_YAPSMAD_Early_D14_Male_#3/tifs,/Volumes/D/YAPSMAD_Nuclear_Localization/251219_YAPSMAD_Early_D14_Male_#3/tifs,/Volumes/D/YAPSMAD_Nuclear_Localization/251219_YAPSMAD_Early_D14_Male_#3/tifs,/Volumes/D/YAPSMAD_Nuclear_Localization/251219_YAPSMAD_Early_D14_Male_#3/tifs,1490,3675,3.507766342742594,0.7008830185233641,0.28508170222596313,5.8473811056339144,5.0,7.535851180087775,13.250644825166091,17.953780547948554,0.005057618241669648,0.008893050218232276,0.012049517146274197,0.0023252496785251017,0.005382504170523216,0.007430310632623433
5,28,FasTGFb_006_DAPI.1.1.tif,FasTGFb_006_W647.1.1.tif,FasTGFb_006_G488.1.1.tif,FasTGFb_006_R555.1.1.tif,/Volumes/D/YAPSMAD_Nuclear_Localization/251219_YAPSMAD_Early_D14_Male_#3/tifs,/Volumes/D/YAPSMAD_Nuclear_Localization/251219_YAPSMAD_Early_D14_Male_#3/tifs,/Volumes/D/YAPSMAD_Nuclear_Localization/251219_YAPSMAD_Early_D14_Male_#3/tifs,/Volumes/D/YAPSMAD_Nuclear_Localization/251219_YAPSMAD_Early_D14_Male_#3/tifs,1460,3016,3.833637296062722,0.47858498451898085,0.2608488813031516,4.544663244302192,3.605551275463989,10.225803148699924,30.22235453967005,18.9948120447807,0.00700397475938351,0.020700242835390445,0.013010145236151165,0.003274600536307569,0.013469102864075797,0.00781366567494365
5,29,FasTGFb_006_DAPI.1.1.tif,FasTGFb_006_W647.1.1.tif,FasTGFb_006_G488.1.1.tif,FasTGFb_006_R555.1.1.tif,/Volumes/D/YAPSMAD_Nuclear_Localization/251219_YAPSMAD_Early_D14_Male_#3/tifs,/Volumes/D/YAPSMAD_Nuclear_Localization/251219_YAPSMAD_Early_D14_Male_#3/tifs,/Volumes/D/YAPSMAD_Nuclear_Localization/251219_YAPSMAD_Early_D14_Male_#3/tifs,/Volumes/D/YAPSMAD_Nuclear_Localization/251219_YAPSMAD_Early_D14_Male_#3/tifs,1579,3969,5.8028949347798635,0.7261221222432097,0.17232777970982438,4.986256989639719,3.605551275463989,11.860502152703702,29.82323962682858,17.23987196921371,0.007511400983346233,0.01888742218291867,0.010918221639780689,0.004211724500490547,0.01530594273178327,0.00808966600104374
5,30,FasTGFb_006_DAPI.1.1.tif,FasTGFb_006_W647.1.1.tif,FasTGFb_006_G488.1.1.tif,FasTGFb_006_R555.1.1.tif,/Volumes/D/YAPSMAD_Nuclear_Localization/251219_YAPSMAD_Early_D14_Male_#3/tifs,/Volumes/D/YAPSMAD_Nuclear_Localization/251219_YAPSMAD_Early_D14_Male_#3/tifs,/Volumes/D/YAPSMAD_Nuclear_Localization/251219_YAPSMAD_Early_D14_Male_#3/tifs,/Volumes/D/YAPSMAD_Nuclear_Localization/251219_YAPSMAD_Early_D14_Male_#3/tifs,1252,4599,3.772420721148269,0.8320519931385232,0.2650817800872472,4.400114000016105,3.3839144678161843,7.27248046384193,19.136461537098512,9.176104471320286,0.00580869046632742,0.015284713687778364,0.00732915692597467,0.002526111204399272,0.010558981993193096,0.003991867083748835
5,31,FasTGFb_006_DAPI.1.1.tif,FasTGFb_006_W647.1.1.tif,FasTGFb_006_G488.1.1.tif,FasTGFb_006_R555.1.1.tif,/Volumes/D/YAPSMAD_Nuclear_Localization/251219_YAPSMAD_Early_D14_Male_#3/tifs,/Volumes/D/YAPSMAD_Nuclear_Localization/251219_YAPSMAD_Early_D14_Male_#3/tifs,/Volumes/D/YAPSMAD_Nuclear_Localization/251219_YAPSMAD_Early_D14_Male_#3/tifs,/Volumes/D/YAPSMAD_Nuclear_Localization/251219_YAPSMAD_Early_D14_Male_#3/tifs,1775,4307,5.711048724016087,0.6847708313390376,0.17509918901493568,5.051705680599507,4.0,8.615518550388515,26.42513178056106,18.083222850924358,0.004853813267824515,0.014887398186231584,0.010187731183619356,0.002384969720788444,0.010439582937676325,0.00675474439490658
5,32,FasTGFb_006_DAPI.1.1.tif,FasTGFb_006_W647.1.1.tif,FasTGFb_006_G488.1.1.tif,FasTGFb_006_R555.1.1.tif,/Volumes/D/YAPSMAD_Nuclear_Localization/251219_YAPSMAD_Early_D14_Male_#3/tifs,/Volumes/D/YAPSMAD_Nuclear_Localization/251219_YAPSMAD_Early_D14_Male_#3/tifs,/Volumes/D/YAPSMAD_Nuclear_Localization/251219_YAPSMAD_Early_D14_Male_#3/tifs,/Volumes/D/YAPSMAD_Nuclear_Localization/251219_YAPSMAD_Early_D14_Male_#3/tifs,3511,14896,10.40871907724417,0.7897728829197013,0.0960733009104096,5.676882774415024,4.47213595499958,23.411429264117032,60.69019636930898,38.574578780913725,0.006668023145575914,0.017285729527003413,0.010986778348309235,0.00458656934501811,0.01444977638661221,0.007286172241241559
5,33,FasTGFb_006_DAPI.1.1.tif,FasTGFb_006_W647.1.1.tif,FasTGFb_006_G488.1.1.tif,FasTGFb_006_R555.1.1.tif,/Volumes/D/YAPSMAD_Nuclear_Localization/251219_YAPSMAD_Early_D14_Male_#3/tifs,/Volumes/D/YAPSMAD_Nuclear_Localization/251219_YAPSMAD_Early_D14_Male_#3/tifs,/Volumes/D/YAPSMAD_Nuclear_Localization/251219_YAPSMAD_Early_D14_Male_#3/tifs,/Volumes/D/YAPSMAD_Nuclear_Localization/251219_YAPSMAD_Early_D14_Male_#3/tifs,1922,3843,2.9907531378172005,0.5343843947712537,0.3343639390878812,6.503754357751095,5.385164807134504,9.422018873039633,26.6972153512761,11.248386481078342,0.004902195043204804,0.01389033056778153,0.0058524383356286895,0.003611971403481225,0.011197744411832269,0.0037097103412170934
5,34,FasTGFb_006_DAPI.1.1.tif,FasTGFb_006_W647.1.1.tif,FasTGFb_006_G488.1.1.tif,FasTGFb_006_R555.1.1.tif,/Volumes/D/YAPSMAD_Nuclear_Localization/251219_YAPSMAD_Early_D14_Male_#3/tifs,/Volumes/D/YAPSMAD_Nuclear_Localization/251219_YAPSMAD_Early_D14_Male_#3/tifs,/Volumes/D/YAPSMAD_Nuclear_Localization/251219_YAPSMAD_Early_D14_Male_#3/tifs,/Volumes/D/YAPSMAD_Nuclear_Localization/251219_YAPSMAD_Early_D14_Male_#3/tifs,2307,8004,8.518152685390241,0.8754737266677094,0.11739634600764229,4.193538615898802,3.1622776601683795,12.123705026693642,48.49976368620992,16.782437039306387,0.005255182066187101,0.021022871125361907,0.007274571755226002,0.004022299417744989,0.015101792815066411,0.004563469570562622
5,35,FasTGFb_006_DAPI.1.1.tif,FasTGFb_006_W647.1.1.tif,FasTGFb_006_G488.1.1.tif,FasTGFb_006_R555.1.1.tif,/Volumes/D/YAPSMAD_Nuclear_Localization/251219_YAPSMAD_Early_D14_Male_#3/tifs,/Volumes/D/YAPSMAD_Nuclear_Localization/251219_YAPSMAD_Early_D14_Male_#3/tifs,/Volumes/D/YAPSMAD_Nuclear_Localization/251219_YAPSMAD_Early_D14_Male_#3/tifs,/Volumes/D/YAPSMAD_Nuclear_Localization/251219_YAPSMAD_Early_D14_Male_#3/tifs,3683,11136,8.031801071995694,0.6748176407123122,0.12450507564071503,7.502069624929912,5.656854249492381,30.446509819012135,42.83221213822253,50.10640140413307,0.008266768889224039,0.011629707341358276,0.013604779094252801,0.005359999758462767,0.007581369049855151,0.009730325932096504
5,36,FasTGFb_006_DAPI.1.1.tif,FasTGFb_006_W647.1.1.tif,FasTGFb_006_G488.1.1.tif,FasTGFb_006_R555.1.1.tif,/Volumes/D/YAPSMAD_Nuclear_Localization/251219_YAPSMAD_Early_D14_Male_#3/tifs,/Volumes/D/YAPSMAD_Nuclear_Localization/251219_YAPSMAD_Early_D14_Male_#3/tifs,/Volumes/D/YAPSMAD_Nuclear_Localization/251219_YAPSMAD_Early_D14_Male_#3/tifs,/Volumes/D/YAPSMAD_Nuclear_Localization/251219_YAPSMAD_Early_D14_Male_#3/tifs,2502,6300,4.591617543101774,0.5443061523183762,0.2177881739088553,6.382405809290953,5.0,19.050858554663137,45.83996358513832,21.73427956737578,0.007614252020249055,0.01832132837135824,0.008686762417016698,0.003973731588859816,0.013604942312232027,0.0051237538865992575
5,37,FasTGFb_006_DAPI.1.1.tif,FasTGFb_006_W647.1.1.tif,FasTGFb_006_G488.1.1.tif,FasTGFb_006_R555.1.1.tif,/Volumes/D/YAPSMAD_Nuclear_Localization/251219_YAPSMAD_Early_D14_Male_#3/tifs,/Volumes/D/YAPSMAD_Nuclear_Localization/251219_YAPSMAD_Early_D14_Male_#3/tifs,/Volumes/D/YAPSMAD_Nuclear_Localization/251219_YAPSMAD_Early_D14_Male_#3/tifs,/Volumes/D/YAPSMAD_Nuclear_Localization/251219_YAPSMAD_Early_D14_Male_#3/tifs,2145,4440,3.1128047279949835,0.7252853077465288,0.3212536883558767,6.673415197902742,5.656854249492381,18.22584898187779,22.49266829015687,31.307927245972678,0.008496899292250717,0.010486092442963576,0.014595770277842741,0.004550685700425129,0.006079451652846187,0.00967915506002443
5,38,FasTGFb_006_DAPI.1.1.tif,FasTGFb_006_W647.1.1.tif,FasTGFb_006_G488.1.1.tif,FasTGFb_006_R555.1.1.tif,/Volumes/D/YAPSMAD_Nuclear_Localization/251219_YAPSMAD_Early_D14_Male_#3/tifs,/Volumes/D/YAPSMAD_Nuclear_Localization/251219_YAPSMAD_Early_D14_Male_#3/tifs,/Volumes/D/YAPSMAD_Nuclear_Localization/251219_YAPSMAD_Early_D14_Male_#3/tifs,/Volumes/D/YAPSMAD_Nuclear_Localization/251219_YAPSMAD_Early_D14_Male_#3/tifs,2740,5232,7.909287696714029,0.9153502492345571,0.1264336357894096,4.792137831095378,4.0,12.3141376292333,26.20981182064861,10.183810250135139,0.0044942108135887955,0.009565624752061536,0.003716719069392386,0.0029643666400022022,0.01048324887956866,0.0030752696203359756
5,39,FasTGFb_006_DAPI.1.1.tif,FasTGFb_006_W647.1.1.tif,FasTGFb_006_G488.1.1.tif,FasTGFb_006_R555.1.1.tif,/Volumes/D/YAPSMAD_Nuclear_Localization/251219_YAPSMAD_Early_D14_Male_#3/tifs,/Volumes/D/YAPSMAD_Nuclear_Localization/251219_YAPSMAD_Early_D14_Male_#3/tifs,/Volumes/D/YAPSMAD_Nuclear_Localization/251219_YAPSMAD_Early_D14_Male_#3/tifs,/Volumes/D/YAPSMAD_Nuclear_Localization/251219_YAPSMAD_Early_D14_Male_#3/tifs,1235,2968,3.7369773083017974,0.5954880049516346,0.26759595188830093,5.216106542754996,4.123105625617661,4.321553411427885,13.95005731168203,9.768978498177603,0.003499233531520555,0.011295592964924722,0.007910104047107371,0.0016941190237722802,0.007822153671578425,0.005038072924604165
5,40,FasTGFb_006_DAPI.1.1.tif,FasTGFb_006_W647.1.1.tif,FasTGFb_006_G488.1.1.tif,FasTGFb_006_R555.1.1.tif,/Volumes/D/YAPSMAD_Nuclear_Localization/251219_YAPSMAD_Early_D14_Male_#3/tifs,/Volumes/D/YAPSMAD_Nuclear_Localization/251219_YAPSMAD_Early_D14_Male_#3/tifs,/Volumes/D/YAPSMAD_Nuclear_Localization/251219_YAPSMAD_Early_D14_Male_#3/tifs,/Volumes/D/YAPSMAD_Nuclear_Localization/251219_YAPSMAD_Early_D14_Male_#3/tifs,1959,4697,6.575474640105015,0.668574581079029,0.15208027628923063,5.165175748693843,3.605551275463989,11.50156421167776,37.34569333307445,20.759289077250287,0.005871140485797733,0.019063651522753675,0.010596880590735215,0.003304873413693461,0.01644328225532174,0.00818241102767345
5,41,FasTGFb_006_DAPI.1.1.tif,FasTGFb_006_W647.1.1.tif,FasTGFb_006_G488.1.1.tif,FasTGFb_006_R555.1.1.tif,/Volumes/D/YAPSMAD_Nuclear_Localization/251219_YAPSMAD_Early_D14_Male_#3/tifs,/Volumes/D/YAPSMAD_Nuclear_Localization/251219_YAPSMAD_Early_D14_Male_#3/tifs,/Volumes/D/YAPSMAD_Nuclear_Localization/251219_YAPSMAD_Early_D14_Male_#3/tifs,/Volumes/D/YAPSMAD_Nuclear_Localization/251219_YAPSMAD_Early_D14_Male_#3/tifs,2539,7296,7.760094668281731,0.7297747271492585,0.12886440729742074,4.3155325504660125,3.605551275463989,20.438605539035052,50.36913110478781,19.290165774757043,0.008049864332034286,0.019838176882547385,0.007597544613925578,0.0051100728730365304,0.017756157062855063,0.004800160941240029
5,42,FasTGFb_006_DAPI.1.1.tif,FasTGFb_006_W647.1.1.tif,FasTGFb_006_G488.1.1.tif,FasTGFb_006_R555.1.1.tif,/Volumes/D/YAPSMAD_Nuclear_Localization/251219_YAPSMAD_Early_D14_Male_#3/tifs,/Volumes/D/YAPSMAD_Nuclear_Localization/251219_YAPSMAD_Early_D14_Male_#3/tifs,/Volumes/D/YAPSMAD_Nuclear_Localization/251219_YAPSMAD_Early_D14_Male_#3/tifs,/Volumes/D/YAPSMAD_Nuclear_Localization/251219_YAPSMAD_Early_D14_Male_#3/tifs,2129,8134,7.575851287903896,0.8690877953916252,0.13199836717976052,4.888052194695049,3.605551275463989,13.413138164673,27.190020826878026,21.911238407716155,0.006300205807737436,0.012771263892380473,0.01029179821874878,0.005358970915430704,0.011335655724312685,0.008530850816556733
5,43,FasTGFb_006_DAPI.1.1.tif,FasTGFb_006_W647.1.1.tif,FasTGFb_006_G488.1.1.tif,FasTGFb_006_R555.1.1.tif,/Volumes/D/YAPSMAD_Nuclear_Localization/251219_YAPSMAD_Early_D14_Male_#3/tifs,/Volumes/D/YAPSMAD_Nuclear_Localization/251219_YAPSMAD_Early_D14_Male_#3/tifs,/Volumes/D/YAPSMAD_Nuclear_Localization/251219_YAPSMAD_Early_D14_Male_#3/tifs,/Volumes/D/YAPSMAD_Nuclear_Localization/251219_YAPSMAD_Early_D14_Male_#3/tifs,2117,5880,5.971419671997394,0.35659576386299807,0.1674643644106005,5.7657977500376445,4.47213595499958,14.431708411080763,46.556634050328285,22.945266080787405,0.006817056405801021,0.021991796906154125,0.010838576325360135,0.0051894060873248025,0.014932314537439617,0.006490230589044809
5,44,FasTGFb_006_DAPI.1.1.tif,FasTGFb_006_W647.1.1.tif,FasTGFb_006_G488.1.1.tif,FasTGFb_006_R555.1.1.tif,/Volumes/D/YAPSMAD_Nuclear_Localization/251219_YAPSMAD_Early_D14_Male_#3/tifs,/Volumes/D/YAPSMAD_Nuclear_Localization/251219_YAPSMAD_Early_D14_Male_#3/tifs,/Volumes/D/YAPSMAD_Nuclear_Localization/251219_YAPSMAD_Early_D14_Male_#3/tifs,/Volumes/D/YAPSMAD_Nuclear_Localization/251219_YAPSMAD_Early_D14_Male_#3/tifs,4954,18460,16.119918614537884,0.8156792811056183,0.062035052652073666,4.974707229269147,4.0,24.682429529959336,58.62778701540083,22.684077420039102,0.004982323280169426,0.011834434197698996,0.004578941748090251,0.0030888961292645572,0.010616036520950506,0.0036844335592625247
5,45,FasTGFb_006_DAPI.1.1.tif,FasTGFb_006_W647.1.1.tif,FasTGFb_006_G488.1.1.tif,FasTGFb_006_R555.1.1.tif,/Volumes/D/YAPSMAD_Nuclear_Localization/251219_YAPSMAD_Early_D14_Male_#3/tifs,/Volumes/D/YAPSMAD_Nuclear_Localization/251219_YAPSMAD_Early_D14_Male_#3/tifs,/Volumes/D/YAPSMAD_Nuclear_Localization/251219_YAPSMAD_Early_D14_Male_#3/tifs,/Volumes/D/YAPSMAD_Nuclear_Localization/251219_YAPSMAD_Early_D14_Male_#3/tifs,2130,4582,4.836847250647223,0.7393107958373987,0.20674624361275604,6.060908005587045,5.0,20.286854550940916,40.08815154177137,24.069825431564823,0.009524344859596674,0.01882072842336684,0.011300387526556255,0.006740077620065949,0.015069526217534244,0.008267688013611793
5,46,FasTGFb_006_DAPI.1.1.tif,FasTGFb_006_W647.1.1.tif,FasTGFb_006_G488.1.1.tif,FasTGFb_006_R555.1.1.tif,/Volumes/D/YAPSMAD_Nuclear_Localization/251219_YAPSMAD_Early_D14_Male_#3/tifs,/Volumes/D/YAPSMAD_Nuclear_Localization/251219_YAPSMAD_Early_D14_Male_#3/tifs,/Volumes/D/YAPSMAD_Nuclear_Localization/251219_YAPSMAD_Early_D14_Male_#3/tifs,/Volumes/D/YAPSMAD_Nuclear_Localization/251219_YAPSMAD_Early_D14_Male_#3/tifs,1574,3311,2.880342735910913,0.7390476248467441,0.3471809057763914,6.292788803251438,5.385164807134504,11.612543059047312,37.94798205886036,17.378988459706306,0.007377727483511634,0.024109264332185746,0.011041288729165379,0.0041388411981503,0.01618912548370796,0.006271879943863866
5,47,FasTGFb_006_DAPI.1.1.tif,FasTGFb_006_W647.1.1.tif,FasTGFb_006_G488.1.1.tif,FasTGFb_006_R555.1.1.tif,/Volumes/D/YAPSMAD_Nuclear_Localization/251219_YAPSMAD_Early_D14_Male_#3/tifs,/Volumes/D/YAPSMAD_Nuclear_Localization/251219_YAPSMAD_Early_D14_Male_#3/tifs,/Volumes/D/YAPSMAD_Nuclear_Localization/251219_YAPSMAD_Early_D14_Male_#3/tifs,/Volumes/D/YAPSMAD_Nuclear_Localization/251219_YAPSMAD_Early_D14_Male_#3/tifs,338,1000,3.6491735657148765,0.8156463600435097,0.2740346497616095,2.2844470024586574,2.0,1.1402304219081998,6.546425602631643,1.480186183936894,0.0033734627867106504,0.019368123084709005,0.004379249064902053,0.0018248829565715157,0.012202691155438108,0.0018458148013797346
5,48,FasTGFb_006_DAPI.1.1.tif,FasTGFb_006_W647.1.1.tif,FasTGFb_006_G488.1.1.tif,FasTGFb_006_R555.1.1.tif,/Volumes/D/YAPSMAD_Nuclear_Localization/251219_YAPSMAD_Early_D14_Male_#3/tifs,/Volumes/D/YAPSMAD_Nuclear_Localization/251219_YAPSMAD_Early_D14_Male_#3/tifs,/Volumes/D/YAPSMAD_Nuclear_Localization/251219_YAPSMAD_Early_D14_Male_#3/tifs,/Volumes/D/YAPSMAD_Nuclear_Localization/251219_YAPSMAD_Early_D14_Male_#3/tifs,1946,4980,6.083580381124911,0.6999655682974006,0.1643768862005388,5.409049751436559,4.0,5.834454922238365,34.483222886687145,22.847959289560094,0.002998178274531534,0.017720052870856703,0.011740986274182987,0.0012211103673860377,0.011306243304945783,0.006636486707694405
5,49,FasTGFb_006_DAPI.1.1.tif,FasTGFb_006_W647.1.1.tif,FasTGFb_006_G488.1.1.tif,FasTGFb_006_R555.1.1.tif,/Volumes/D/YAPSMAD_Nuclear_Localization/251219_YAPSMAD_Early_D14_Male_#3/tifs,/Volumes/D/YAPSMAD_Nuclear_Localization/251219_YAPSMAD_Early_D14_Male_#3/tifs,/Volumes/D/YAPSMAD_Nuclear_Localization/251219_YAPSMAD_Early_D14_Male_#3/tifs,/Volumes/D/YAPSMAD_Nuclear_Localization/251219_YAPSMAD_Early_D14_Male_#3/tifs,2316,6688,5.52759383636628,0.6303359551436956,0.18091054256211023,5.5420065242580545,4.123105625617661,14.841260578250512,49.47275519487448,22.147661726456136,0.006408143600280878,0.021361293262035612,0.009562893664272943,0.004103287940799373,0.01461219531489046,0.006203226675443926
6,1,FasTGFb_007_DAPI.1.1.tif,FasTGFb_007_W647.1.1.tif,FasTGFb_007_G488.1.1.tif,FasTGFb_007_R555.1.1.tif,/Volumes/D/YAPSMAD_Nuclear_Localization/251219_YAPSMAD_Early_D14_Male_#3/tifs,/Volumes/D/YAPSMAD_Nuclear_Localization/251219_YAPSMAD_Early_D14_Male_#3/tifs,/Volumes/D/YAPSMAD_Nuclear_Localization/251219_YAPSMAD_Early_D14_Male_#3/tifs,/Volumes/D/YAPSMAD_Nuclear_Localization/251219_YAPSMAD_Early_D14_Male_#3/tifs,2312,3304,1.7151939476966727,0.5011648981120395,0.5830244453362817,7.876598255364935,7.0,22.770840221084654,26.296544092241675,43.27808063686825,0.009848979334379176,0.011373937756159894,0.01871889300902606,0.006758668886110282,0.006746929433628545,0.012329091685543175
6,2,FasTGFb_007_DAPI.1.1.tif,FasTGFb_007_W647.1.1.tif,FasTGFb_007_G488.1.1.tif,FasTGFb_007_R555.1.1.tif,/Volumes/D/YAPSMAD_Nuclear_Localization/251219_YAPSMAD_Early_D14_Male_#3/tifs,/Volumes/D/YAPSMAD_Nuclear_Localization/251219_YAPSMAD_Early_D14_Male_#3/tifs,/Volumes/D/YAPSMAD_Nuclear_Localization/251219_YAPSMAD_Early_D14_Male_#3/tifs,/Volumes/D/YAPSMAD_Nuclear_Localization/251219_YAPSMAD_Early_D14_Male_#3/tifs,2341,5369,3.250182298696591,0.8525213839921819,0.30767504961214837,6.133111100565152,5.0,12.560799739323556,23.771984664490446,21.015793305356055,0.005365570157763159,0.010154628220628127,0.008977271809208055,0.00302876494589655,0.0066341478742409496,0.004829781449852668
6,3,FasTGFb_007_DAPI.1.1.tif,FasTGFb_007_W647.1.1.tif,FasTGFb_007_G488.1.1.tif,FasTGFb_007_R555.1.1.tif,/Volumes/D/YAPSMAD_Nuclear_Localization/251219_YAPSMAD_Early_D14_Male_#3/tifs,/Volumes/D/YAPSMAD_Nuclear_Localization/251219_YAPSMAD_Early_D14_Male_#3/tifs,/Volumes/D/YAPSMAD_Nuclear_Localization/251219_YAPSMAD_Early_D14_Male_#3/tifs,/Volumes/D/YAPSMAD_Nuclear_Localization/251219_YAPSMAD_Early_D14_Male_#3/tifs,1777,3080,1.928434525021983,0.4799339764846665,0.5185553292189687,6.594851292470685,5.656854249492381,11.28020155057311,24.69271402200684,26.81957752793096,0.006347890574323642,0.013895731019699965,0.015092615378689342,0.004234152316089304,0.007529426395635023,0.0065123705307661255
6,4,FasTGFb_007_DAPI.1.1.tif,FasTGFb_007_W647.1.1.tif,FasTGFb_007_G488.1.1.tif,FasTGFb_007_R555.1.1.tif,/Volumes/D/YAPSMAD_Nuclear_Localization/251219_YAPSMAD_Early_D14_Male_#3/tifs,/Volumes/D/YAPSMAD_Nuclear_Localization/251219_YAPSMAD_Early_D14_Male_#3/tifs,/Volumes/D/YAPSMAD_Nuclear_Localization/251219_YAPSMAD_Early_D14_Male_#3/tifs,/Volumes/D/YAPSMAD_Nuclear_Localization/251219_YAPSMAD_Early_D14_Male_#3/tifs,185,255,1.0520918233362562,0.7327588781513548,0.9504873793514814,2.754906435610493,2.23606797749979,0.10371557180769742,1.3709773598238826,2.395529141649604,0.0005606247124740401,0.007410688431480446,0.01294880617107894,0.00011861863292878268,0.0011139732960132067,0.0016901844048253989
6,5,FasTGFb_007_DAPI.1.1.tif,FasTGFb_007_W647.1.1.tif,FasTGFb_007_G488.1.1.tif,FasTGFb_007_R555.1.1.tif,/Volumes/D/YAPSMAD_Nuclear_Localization/251219_YAPSMAD_Early_D14_Male_#3/tifs,/Volumes/D/YAPSMAD_Nuclear_Localization/251219_YAPSMAD_Early_D14_Male_#3/tifs,/Volumes/D/YAPSMAD_Nuclear_Localization/251219_YAPSMAD_Early_D14_Male_#3/tifs,/Volumes/D/YAPSMAD_Nuclear_Localization/251219_YAPSMAD_Early_D14_Male_#3/tifs,1897,4004,3.6592965288627304,0.7725952687491605,0.273276568901288,6.035910556338764,5.0,17.941695430781692,23.20383022306487,27.465903921518475,0.009457931170680913,0.012231855679000985,0.014478599853198985,0.005695695601001021,0.006914871473180526,0.00848671787346468
6,6,FasTGFb_007_DAPI.1.1.tif,FasTGFb_007_W647.1.1.tif,FasTGFb_007_G488.1.1.tif,FasTGFb_007_R555.1.1.tif,/Volumes/D/YAPSMAD_Nuclear_Localization/251219_YAPSMAD_Early_D14_Male_#3/tifs,/Volumes/D/YAPSMAD_Nuclear_Localization/251219_YAPSMAD_Early_D14_Male_#3/tifs,/Volumes/D/YAPSMAD_Nuclear_Localization/251219_YAPSMAD_Early_D14_Male_#3/tifs,/Volumes/D/YAPSMAD_Nuclear_Localization/251219_YAPSMAD_Early_D14_Male_#3/tifs,1460,2100,1.7414498581684257,0.5423259504739187,0.5742341620170175,6.564040822294262,5.830951894845301,12.349691134877503,20.76917692506686,19.63854445447214,0.008458692558135276,0.014225463647306067,0.013451057845528863,0.004206675416767506,0.008845803365119689,0.0070875980361337085
6,7,FasTGFb_007_DAPI.1.1.tif,FasTGFb_007_W647.1.1.tif,FasTGFb_007_G488.1.1.tif,FasTGFb_007_R555.1.1.tif,/Volumes/D/YAPSMAD_Nuclear_Localization/251219_YAPSMAD_Early_D14_Male_#3/tifs,/Volumes/D/YAPSMAD_Nuclear_Localization/251219_YAPSMAD_Early_D14_Male_#3/tifs,/Volumes/D/YAPSMAD_Nuclear_Localization/251219_YAPSMAD_Early_D14_Male_#3/tifs,/Volumes/D/YAPSMAD_Nuclear_Localization/251219_YAPSMAD_Early_D14_Male_#3/tifs,1579,3213,3.218978338331816,0.7505337425032481,0.3106575735822547,5.519262085452807,4.242640687119285,9.839078461518511,15.628076723078266,16.042588050011545,0.006231208652006657,0.00989745200954925,0.01015996709943733,0.003955221403158677,0.005863697566338908,0.0057291013975064664
6,8,FasTGFb_007_DAPI.1.1.tif,FasTGFb_007_W647.1.1.tif,FasTGFb_007_G488.1.1.tif,FasTGFb_007_R555.1.1.tif,/Volumes/D/YAPSMAD_Nuclear_Localization/251219_YAPSMAD_Early_D14_Male_#3/tifs,/Volumes/D/YAPSMAD_Nuclear_Localization/251219_YAPSMAD_Early_D14_Male_#3/tifs,/Volumes/D/YAPSMAD_Nuclear_Localization/251219_YAPSMAD_Early_D14_Male_#3/tifs,/Volumes/D/YAPSMAD_Nuclear_Localization/251219_YAPSMAD_Early_D14_Male_#3/tifs,1023,2300,2.546280800509212,0.6975391709185055,0.39272966273005605,4.644572406471735,4.0,5.741802162956446,10.174456455977634,8.223575259326026,0.005612709836712069,0.009945705235559758,0.008038685492987318,0.003148016955006949,0.007415487009146399,0.004979843459311524
6,9,FasTGFb_007_DAPI.1.1.tif,FasTGFb_007_W647.1.1.tif,FasTGFb_007_G488.1.1.tif,FasTGFb_007_R555.1.1.tif,/Volumes/D/YAPSMAD_Nuclear_Localization/251219_YAPSMAD_Early_D14_Male_#3/tifs,/Volumes/D/YAPSMAD_Nuclear_Localization/251219_YAPSMAD_Early_D14_Male_#3/tifs,/Volumes/D/YAPSMAD_Nuclear_Localization/251219_YAPSMAD_Early_D14_Male_#3/tifs,/Volumes/D/YAPSMAD_Nuclear_Localization/251219_YAPSMAD_Early_D14_Male_#3/tifs,2965,10960,6.6756944241184355,0.9665607690612892,0.14979715014922299,4.871024711129918,4.0,22.08699195133522,36.16314979130402,24.33261638577096,0.007449238432153532,0.012196677838551103,0.008206615981710274,0.004110763927869279,0.007831607993095336,0.005133330163683932
6,10,FasTGFb_007_DAPI.1.1.tif,FasTGFb_007_W647.1.1.tif,FasTGFb_007_G488.1.1.tif,FasTGFb_007_R555.1.1.tif,/Volumes/D/YAPSMAD_Nuclear_Localization/251219_YAPSMAD_Early_D14_Male_#3/tifs,/Volumes/D/YAPSMAD_Nuclear_Localization/251219_YAPSMAD_Early_D14_Male_#3/tifs,/Volumes/D/YAPSMAD_Nuclear_Localization/251219_YAPSMAD_Early_D14_Male_#3/tifs,/Volumes/D/YAPSMAD_Nuclear_Localization/251219_YAPSMAD_Early_D14_Male_#3/tifs,7110,33696,13.020815947066685,0.9220564512693474,0.07680010254851033,5.887274187936764,5.0,58.625910400180146,91.4304425243754,79.29689545021392,0.008245557018309443,0.012859415263625232,0.011152868558398582,0.007409329486887617,0.009462226246034567,0.007800956263787865
6,11,FasTGFb_007_DAPI.1.1.tif,FasTGFb_007_W647.1.1.tif,FasTGFb_007_G488.1.1.tif,FasTGFb_007_R555.1.1.tif,/Volumes/D/YAPSMAD_Nuclear_Localization/251219_YAPSMAD_Early_D14_Male_#3/tifs,/Volumes/D/YAPSMAD_Nuclear_Localization/251219_YAPSMAD_Early_D14_Male_#3/tifs,/Volumes/D/YAPSMAD_Nuclear_Localization/251219_YAPSMAD_Early_D14_Male_#3/tifs,/Volumes/D/YAPSMAD_Nuclear_Localization/251219_YAPSMAD_Early_D14_Male_#3/tifs,2707,13572,7.790592628078757,0.9310228162034703,0.12835993970417764,4.243025732462335,3.1622776601683795,21.567956289742142,20.77430408471264,16.69634562614374,0.007967475541094253,0.007674290389624174,0.006167841014460192,0.005443361659196161,0.00438182388482694,0.0039382274233154746
6,12,FasTGFb_007_DAPI.1.1.tif,FasTGFb_007_W647.1.1.tif,FasTGFb_007_G488.1.1.tif,FasTGFb_007_R555.1.1.tif,/Volumes/D/YAPSMAD_Nuclear_Localization/251219_YAPSMAD_Early_D14_Male_#3/tifs,/Volumes/D/YAPSMAD_Nuclear_Localization/251219_YAPSMAD_Early_D14_Male_#3/tifs,/Volumes/D/YAPSMAD_Nuclear_Localization/251219_YAPSMAD_Early_D14_Male_#3/tifs,/Volumes/D/YAPSMAD_Nuclear_Localization/251219_YAPSMAD_Early_D14_Male_#3/tifs,3136,10998,7.624366633151312,0.8007326323013888,0.13115843559410245,5.339775874034225,4.123105625617661,16.46967288199812,35.5183188051451,36.65491749276407,0.005251808954718789,0.01132599451694678,0.011688430322947727,0.0035729845943016716,0.008105403559513209,0.008041246191777096
6,13,FasTGFb_007_DAPI.1.1.tif,FasTGFb_007_W647.1.1.tif,FasTGFb_007_G488.1.1.tif,FasTGFb_007_R555.1.1.tif,/Volumes/D/YAPSMAD_Nuclear_Localization/251219_YAPSMAD_Early_D14_Male_#3/tifs,/Volumes/D/YAPSMAD_Nuclear_Localization/251219_YAPSMAD_Early_D14_Male_#3/tifs,/Volumes/D/YAPSMAD_Nuclear_Localization/251219_YAPSMAD_Early_D14_Male_#3/tifs,/Volumes/D/YAPSMAD_Nuclear_Localization/251219_YAPSMAD_Early_D14_Male_#3/tifs,2659,9240,9.59598368479091,0.7142167776070663,0.10421026471574178,4.219319941733421,3.1622776601683795,9.484123086556792,26.780636509880424,25.657603020546958,0.0035668007094986054,0.010071694813794819,0.009649342993812319,0.0018891548918851015,0.0067667820569928564,0.0063608190810845585
6,14,FasTGFb_007_DAPI.1.1.tif,FasTGFb_007_W647.1.1.tif,FasTGFb_007_G488.1.1.tif,FasTGFb_007_R555.1.1.tif,/Volumes/D/YAPSMAD_Nuclear_Localization/251219_YAPSMAD_Early_D14_Male_#3/tifs,/Volumes/D/YAPSMAD_Nuclear_Localization/251219_YAPSMAD_Early_D14_Male_#3/tifs,/Volumes/D/YAPSMAD_Nuclear_Localization/251219_YAPSMAD_Early_D14_Male_#3/tifs,/Volumes/D/YAPSMAD_Nuclear_Localization/251219_YAPSMAD_Early_D14_Male_#3/tifs,1247,3300,2.8326998032525132,0.8258592880948051,0.3530201113622409,4.5287007744098196,3.605551275463989,10.573251044843346,14.807019293308258,14.23968882765621,0.0084789503166346,0.011874113306582404,0.011419157039018612,0.0075584501847961285,0.006978658534467539,0.006111305609977567
6,15,FasTGFb_007_DAPI.1.1.tif,FasTGFb_007_W647.1.1.tif,FasTGFb_007_G488.1.1.tif,FasTGFb_007_R555.1.1.tif,/Volumes/D/YAPSMAD_Nuclear_Localization/251219_YAPSMAD_Early_D14_Male_#3/tifs,/Volumes/D/YAPSMAD_Nuclear_Localization/251219_YAPSMAD_Early_D14_Male_#3/tifs,/Volumes/D/YAPSMAD_Nuclear_Localization/251219_YAPSMAD_Early_D14_Male_#3/tifs,/Volumes/D/YAPSMAD_Nuclear_Localization/251219_YAPSMAD_Early_D14_Male_#3/tifs,3120,13755,7.0616115124089704,0.8714072407734056,0.1416107354876088,6.184184357177523,4.47213595499958,38.07165667950176,32.332463913364336,33.5554286420811,0.012202454063942872,0.01036296920300139,0.010754945077590096,0.008204526098982883,0.00623019191415795,0.0071981096690441485
6,16,FasTGFb_007_DAPI.1.1.tif,FasTGFb_007_W647.1.1.tif,FasTGFb_007_G488.1.1.tif,FasTGFb_007_R555.1.1.tif,/Volumes/D/YAPSMAD_Nuclear_Localization/251219_YAPSMAD_Early_D14_Male_#3/tifs,/Volumes/D/YAPSMAD_Nuclear_Localization/251219_YAPSMAD_Early_D14_Male_#3/tifs,/Volumes/D/YAPSMAD_Nuclear_Localization/251219_YAPSMAD_Early_D14_Male_#3/tifs,/Volumes/D/YAPSMAD_Nuclear_Localization/251219_YAPSMAD_Early_D14_Male_#3/tifs,1306,4950,3.9866375852526588,0.5117969065621246,0.25083795018117344,4.9558258497319505,4.0,6.687159619759768,17.210284737870097,22.588891559513286,0.005120336615436269,0.01317785967677649,0.017296241622904506,0.0023402506851281416,0.006635992937449104,0.009496206449658389
6,17,FasTGFb_007_DAPI.1.1.tif,FasTGFb_007_W647.1.1.tif,FasTGFb_007_G488.1.1.tif,FasTGFb_007_R555.1.1.tif,/Volumes/D/YAPSMAD_Nuclear_Localization/251219_YAPSMAD_Early_D14_Male_#3/tifs,/Volumes/D/YAPSMAD_Nuclear_Localization/251219_YAPSMAD_Early_D14_Male_#3/tifs,/Volumes/D/YAPSMAD_Nuclear_Localization/251219_YAPSMAD_Early_D14_Male_#3/tifs,/Volumes/D/YAPSMAD_Nuclear_Localization/251219_YAPSMAD_Early_D14_Male_#3/tifs,1590,3780,3.906625126807421,0.34530969100954373,0.25597541805021407,5.672554445017272,4.47213595499958,9.660990409553051,22.24924105918035,22.70530266384594,0.0060760945972031764,0.013993233370553679,0.014280064568456567,0.004347537275019217,0.009082884622518075,0.008660993573552229
6,18,FasTGFb_007_DAPI.1.1.tif,FasTGFb_007_W647.1.1.tif,FasTGFb_007_G488.1.1.tif,FasTGFb_007_R555.1.1.tif,/Volumes/D/YAPSMAD_Nuclear_Localization/251219_YAPSMAD_Early_D14_Male_#3/tifs,/Volumes/D/YAPSMAD_Nuclear_Localization/251219_YAPSMAD_Early_D14_Male_#3/tifs,/Volumes/D/YAPSMAD_Nuclear_Localization/251219_YAPSMAD_Early_D14_Male_#3/tifs,/Volumes/D/YAPSMAD_Nuclear_Localization/251219_YAPSMAD_Early_D14_Male_#3/tifs,1268,5292,5.286843396187248,0.8869741151167138,0.1891487840780715,4.363812894301874,3.0,9.973693541483954,18.449164675548673,10.81895180651918,0.007865688912842235,0.014549814412893275,0.008532296377381057,0.006937951988648066,0.010911535026241918,0.004361909758285458
6,19,FasTGFb_007_DAPI.1.1.tif,FasTGFb_007_W647.1.1.tif,FasTGFb_007_G488.1.1.tif,FasTGFb_007_R555.1.1.tif,/Volumes/D/YAPSMAD_Nuclear_Localization/251219_YAPSMAD_Early_D14_Male_#3/tifs,/Volumes/D/YAPSMAD_Nuclear_Localization/251219_YAPSMAD_Early_D14_Male_#3/tifs,/Volumes/D/YAPSMAD_Nuclear_Localization/251219_YAPSMAD_Early_D14_Male_#3/tifs,/Volumes/D/YAPSMAD_Nuclear_Localization/251219_YAPSMAD_Early_D14_Male_#3/tifs,1246,2508,3.3511465698618617,0.9278146831889701,0.2984053305795041,4.1126238172847795,3.605551275463989,8.866010621422902,19.364583941176534,9.746532493736595,0.0071155783478514464,0.015541399631762869,0.007822257218087155,0.005326673682411502,0.011353459848633963,0.004068781730761942
6,20,FasTGFb_007_DAPI.1.1.tif,FasTGFb_007_W647.1.1.tif,FasTGFb_007_G488.1.1.tif,FasTGFb_007_R555.1.1.tif,/Volumes/D/YAPSMAD_Nuclear_Localization/251219_YAPSMAD_Early_D14_Male_#3/tifs,/Volumes/D/YAPSMAD_Nuclear_Localization/251219_YAPSMAD_Early_D14_Male_#3/tifs,/Volumes/D/YAPSMAD_Nuclear_Localization/251219_YAPSMAD_Early_D14_Male_#3/tifs,/Volumes/D/YAPSMAD_Nuclear_Localization/251219_YAPSMAD_Early_D14_Male_#3/tifs,1791,6336,7.345819306557018,0.5935004819249251,0.13613185381614015,5.02996437362082,3.605551275463989,8.982452232157812,18.209613376297057,22.46897092089057,0.0050153278794850984,0.010167288317307123,0.01254548906805727,0.0032690139349523394,0.005795623728947202,0.007975376111738946
6,21,FasTGFb_007_DAPI.1.1.tif,FasTGFb_007_W647.1.1.tif,FasTGFb_007_G488.1.1.tif,FasTGFb_007_R555.1.1.tif,/Volumes/D/YAPSMAD_Nuclear_Localization/251219_YAPSMAD_Early_D14_Male_#3/tifs,/Volumes/D/YAPSMAD_Nuclear_Localization/251219_YAPSMAD_Early_D14_Male_#3/tifs,/Volumes/D/YAPSMAD_Nuclear_Localization/251219_YAPSMAD_Early_D14_Male_#3/tifs,/Volumes/D/YAPSMAD_Nuclear_Localization/251219_YAPSMAD_Early_D14_Male_#3/tifs,1684,6003,8.040443453339227,0.5261960844047474,0.12437124964602496,4.6627303517018275,3.1622776601683795,8.377615093020722,18.779415782075375,16.437461017863825,0.004974830815332971,0.011151672079617207,0.009760962599681606,0.0038591286639011084,0.006796539368880355,0.006019827162049242
6,22,FasTGFb_007_DAPI.1.1.tif,FasTGFb_007_W647.1.1.tif,FasTGFb_007_G488.1.1.tif,FasTGFb_007_R555.1.1.tif,/Volumes/D/YAPSMAD_Nuclear_Localization/251219_YAPSMAD_Early_D14_Male_#3/tifs,/Volumes/D/YAPSMAD_Nuclear_Localization/251219_YAPSMAD_Early_D14_Male_#3/tifs,/Volumes/D/YAPSMAD_Nuclear_Localization/251219_YAPSMAD_Early_D14_Male_#3/tifs,/Volumes/D/YAPSMAD_Nuclear_Localization/251219_YAPSMAD_Early_D14_Male_#3/tifs,1641,3572,3.084606700107385,0.913465686789439,0.3241904389189023,5.01049694237154,4.123105625617661,8.99826058652252,17.77947680419311,14.589929190697148,0.005483400723048458,0.010834537967210914,0.00889087702053452,0.002948292354564586,0.006013013507228875,0.005476321559294333
6,23,FasTGFb_007_DAPI.1.1.tif,FasTGFb_007_W647.1.1.tif,FasTGFb_007_G488.1.1.tif,FasTGFb_007_R555.1.1.tif,/Volumes/D/YAPSMAD_Nuclear_Localization/251219_YAPSMAD_Early_D14_Male_#3/tifs,/Volumes/D/YAPSMAD_Nuclear_Localization/251219_YAPSMAD_Early_D14_Male_#3/tifs,/Volumes/D/YAPSMAD_Nuclear_Localization/251219_YAPSMAD_Early_D14_Male_#3/tifs,/Volumes/D/YAPSMAD_Nuclear_Localization/251219_YAPSMAD_Early_D14_Male_#3/tifs,1454,3306,3.5359335182674485,0.6958688089863213,0.2828107471008064,5.421731571687909,4.242640687119285,12.280232076300308,21.956710334401578,17.138689383631572,0.008445826737483017,0.015100901192848402,0.01178726917718815,0.0055437171006678995,0.011134089190285704,0.007020609938567383
6,24,FasTGFb_007_DAPI.1.1.tif,FasTGFb_007_W647.1.1.tif,FasTGFb_007_G488.1.1.tif,FasTGFb_007_R555.1.1.tif,/Volumes/D/YAPSMAD_Nuclear_Localization/251219_YAPSMAD_Early_D14_Male_#3/tifs,/Volumes/D/YAPSMAD_Nuclear_Localization/251219_YAPSMAD_Early_D14_Male_#3/tifs,/Volumes/D/YAPSMAD_Nuclear_Localization/251219_YAPSMAD_Early_D14_Male_#3/tifs,/Volumes/D/YAPSMAD_Nuclear_Localization/251219_YAPSMAD_Early_D14_Male_#3/tifs,3376,9198,6.558610418932505,0.9323674827063619,0.15247132183874437,5.209575269761829,4.0,15.123827147763222,39.600214020116255,24.77813407080248,0.004479806619598111,0.011729921214489411,0.007339494689218744,0.0025135736058148573,0.008403115351792128,0.005612640530328771
6,25,FasTGFb_007_DAPI.1.1.tif,FasTGFb_007_W647.1.1.tif,FasTGFb_007_G488.1.1.tif,FasTGFb_007_R555.1.1.tif,/Volumes/D/YAPSMAD_Nuclear_Localization/251219_YAPSMAD_Early_D14_Male_#3/tifs,/Volumes/D/YAPSMAD_Nuclear_Localization/251219_YAPSMAD_Early_D14_Male_#3/tifs,/Volumes/D/YAPSMAD_Nuclear_Localization/251219_YAPSMAD_Early_D14_Male_#3/tifs,/Volumes/D/YAPSMAD_Nuclear_Localization/251219_YAPSMAD_Early_D14_Male_#3/tifs,970,2080,3.6201786635456066,0.7279340085980113,0.2762294607362276,3.862771454733766,3.1622776601683795,4.253437150735408,9.925291931722313,7.112504836637527,0.004384986753335473,0.010232259723425065,0.007332479213028378,0.0028083354925122336,0.005485781367673525,0.004666424440769867
6,26,FasTGFb_007_DAPI.1.1.tif,FasTGFb_007_W647.1.1.tif,FasTGFb_007_G488.1.1.tif,FasTGFb_007_R555.1.1.tif,/Volumes/D/YAPSMAD_Nuclear_Localization/251219_YAPSMAD_Early_D14_Male_#3/tifs,/Volumes/D/YAPSMAD_Nuclear_Localization/251219_YAPSMAD_Early_D14_Male_#3/tifs,/Volumes/D/YAPSMAD_Nuclear_Localization/251219_YAPSMAD_Early_D14_Male_#3/tifs,/Volumes/D/YAPSMAD_Nuclear_Localization/251219_YAPSMAD_Early_D14_Male_#3/tifs,3268,10998,7.423412088420202,0.9248167222088344,0.13470894355439358,5.6601792813740035,4.47213595499958,20.413641825318336,38.00439497129992,36.940856335218996,0.006246524426352,0.011629251827203157,0.011303811608084148,0.0035733322461956193,0.0076912733621619855,0.007613977631480555
6,27,FasTGFb_007_DAPI.1.1.tif,FasTGFb_007_W647.1.1.tif,FasTGFb_007_G488.1.1.tif,FasTGFb_007_R555.1.1.tif,/Volumes/D/YAPSMAD_Nuclear_Localization/251219_YAPSMAD_Early_D14_Male_#3/tifs,/Volumes/D/YAPSMAD_Nuclear_Localization/251219_YAPSMAD_Early_D14_Male_#3/tifs,/Volumes/D/YAPSMAD_Nuclear_Localization/251219_YAPSMAD_Early_D14_Male_#3/tifs,/Volumes/D/YAPSMAD_Nuclear_Localization/251219_YAPSMAD_Early_D14_Male_#3/tifs,3468,18818,17.314327840522747,0.9686455962432704,0.05775563505616332,3.1531441317488804,2.8284271247461903,12.775066895410419,30.950500092469156,13.811551222577691,0.00368369864342861,0.00892459633577542,0.003982569556683302,0.0020065768505942313,0.007458429977022139,0.001862298882269536
6,28,FasTGFb_007_DAPI.1.1.tif,FasTGFb_007_W647.1.1.tif,FasTGFb_007_G488.1.1.tif,FasTGFb_007_R555.1.1.tif,/Volumes/D/YAPSMAD_Nuclear_Localization/251219_YAPSMAD_Early_D14_Male_#3/tifs,/Volumes/D/YAPSMAD_Nuclear_Localization/251219_YAPSMAD_Early_D14_Male_#3/tifs,/Volumes/D/YAPSMAD_Nuclear_Localization/251219_YAPSMAD_Early_D14_Male_#3/tifs,/Volumes/D/YAPSMAD_Nuclear_Localization/251219_YAPSMAD_Early_D14_Male_#3/tifs,2777,5427,2.340080591820062,0.48608058244465,0.4273357095031597,8.241968702839296,7.0710678118654755,26.85114851896651,48.4040134078823,33.00381502183154,0.009669120820657727,0.01743032531792665,0.011884701124174123,0.004925830088912763,0.011486154487698314,0.006357308483844557
6,29,FasTGFb_007_DAPI.1.1.tif,FasTGFb_007_W647.1.1.tif,FasTGFb_007_G488.1.1.tif,FasTGFb_007_R555.1.1.tif,/Volumes/D/YAPSMAD_Nuclear_Localization/251219_YAPSMAD_Early_D14_Male_#3/tifs,/Volumes/D/YAPSMAD_Nuclear_Localization/251219_YAPSMAD_Early_D14_Male_#3/tifs,/Volumes/D/YAPSMAD_Nuclear_Localization/251219_YAPSMAD_Early_D14_Male_#3/tifs,/Volumes/D/YAPSMAD_Nuclear_Localization/251219_YAPSMAD_Early_D14_Male_#3/tifs,991,2420,4.107457905843233,0.8751776166588447,0.2434595856910448,3.562193114036767,3.0,3.782848897855729,11.45549719245173,8.172686427133158,0.003817203731438677,0.011559532989355933,0.008246908604574327,0.002527109295653577,0.005748791578506548,0.004511298667491472
6,30,FasTGFb_007_DAPI.1.1.tif,FasTGFb_007_W647.1.1.tif,FasTGFb_007_G488.1.1.tif,FasTGFb_007_R555.1.1.tif,/Volumes/D/YAPSMAD_Nuclear_Localization/251219_YAPSMAD_Early_D14_Male_#3/tifs,/Volumes/D/YAPSMAD_Nuclear_Localization/251219_YAPSMAD_Early_D14_Male_#3/tifs,/Volumes/D/YAPSMAD_Nuclear_Localization/251219_YAPSMAD_Early_D14_Male_#3/tifs,/Volumes/D/YAPSMAD_Nuclear_Localization/251219_YAPSMAD_Early_D14_Male_#3/tifs,2110,4800,3.3773445599196377,0.9280838020184683,0.296090606764681,5.2602644065280675,5.0,8.016449304996058,28.622568320017308,18.62543693324551,0.0037992650734578475,0.013565198255932373,0.00882722129537702,0.002766966798983841,0.008677250255559153,0.006528646417967228
6,31,FasTGFb_007_DAPI.1.1.tif,FasTGFb_007_W647.1.1.tif,FasTGFb_007_G488.1.1.tif,FasTGFb_007_R555.1.1.tif,/Volumes/D/YAPSMAD_Nuclear_Localization/251219_YAPSMAD_Early_D14_Male_#3/tifs,/Volumes/D/YAPSMAD_Nuclear_Localization/251219_YAPSMAD_Early_D14_Male_#3/tifs,/Volumes/D/YAPSMAD_Nuclear_Localization/251219_YAPSMAD_Early_D14_Male_#3/tifs,/Volumes/D/YAPSMAD_Nuclear_Localization/251219_YAPSMAD_Early_D14_Male_#3/tifs,2589,5103,3.8289544160095574,0.7423535614175011,0.2611679041721723,7.0216516503559125,5.830951894845301,19.953460200689733,20.247303276322782,27.592660626396537,0.007707014368748448,0.007820511114840781,0.010657651844880857,0.004695336638873393,0.003633350080666857,0.006412728775392661
6,32,FasTGFb_007_DAPI.1.1.tif,FasTGFb_007_W647.1.1.tif,FasTGFb_007_G488.1.1.tif,FasTGFb_007_R555.1.1.tif,/Volumes/D/YAPSMAD_Nuclear_Localization/251219_YAPSMAD_Early_D14_Male_#3/tifs,/Volumes/D/YAPSMAD_Nuclear_Localization/251219_YAPSMAD_Early_D14_Male_#3/tifs,/Volumes/D/YAPSMAD_Nuclear_Localization/251219_YAPSMAD_Early_D14_Male_#3/tifs,/Volumes/D/YAPSMAD_Nuclear_Localization/251219_YAPSMAD_Early_D14_Male_#3/tifs,3766,10710,8.634501593653537,0.8479452833224316,0.11581444385105125,4.733142594710639,4.0,21.934844213770702,55.48659522552043,30.30421941448003,0.00582444084274315,0.01473356219477441,0.008046792197153487,0.004734084212190719,0.011670336850498543,0.006337626440294124
6,33,FasTGFb_007_DAPI.1.1.tif,FasTGFb_007_W647.1.1.tif,FasTGFb_007_G488.1.1.tif,FasTGFb_007_R555.1.1.tif,/Volumes/D/YAPSMAD_Nuclear_Localization/251219_YAPSMAD_Early_D14_Male_#3/tifs,/Volumes/D/YAPSMAD_Nuclear_Localization/251219_YAPSMAD_Early_D14_Male_#3/tifs,/Volumes/D/YAPSMAD_Nuclear_Localization/251219_YAPSMAD_Early_D14_Male_#3/tifs,/Volumes/D/YAPSMAD_Nuclear_Localization/251219_YAPSMAD_Early_D14_Male_#3/tifs,1548,2064,1.312422007748755,0.4689059795296849,0.7619500390086694,7.283727720157271,6.324555320336759,6.936842993134633,25.791256671771407,16.5937744602561,0.004481164724247179,0.016661018521816156,0.010719492545385078,0.002509427368040746,0.009588209534742815,0.0046584628461481
6,34,FasTGFb_007_DAPI.1.1.tif,FasTGFb_007_W647.1.1.tif,FasTGFb_007_G488.1.1.tif,FasTGFb_007_R555.1.1.tif,/Volumes/D/YAPSMAD_Nuclear_Localization/251219_YAPSMAD_Early_D14_Male_#3/tifs,/Volumes/D/YAPSMAD_Nuclear_Localization/251219_YAPSMAD_Early_D14_Male_#3/tifs,/Volumes/D/YAPSMAD_Nuclear_Localization/251219_YAPSMAD_Early_D14_Male_#3/tifs,/Volumes/D/YAPSMAD_Nuclear_Localization/251219_YAPSMAD_Early_D14_Male_#3/tifs,1681,4698,4.41556770092883,0.9533445286616279,0.22647144551529502,4.755722261946625,4.0,5.83790346281603,25.94374013855122,20.98315420281142,0.0034728753496823497,0.01543351584684784,0.012482542654855098,0.0019776215315250438,0.009962187996707629,0.007148014074682374
6,35,FasTGFb_007_DAPI.1.1.tif,FasTGFb_007_W647.1.1.tif,FasTGFb_007_G488.1.1.tif,FasTGFb_007_R555.1.1.tif,/Volumes/D/YAPSMAD_Nuclear_Localization/251219_YAPSMAD_Early_D14_Male_#3/tifs,/Volumes/D/YAPSMAD_Nuclear_Localization/251219_YAPSMAD_Early_D14_Male_#3/tifs,/Volumes/D/YAPSMAD_Nuclear_Localization/251219_YAPSMAD_Early_D14_Male_#3/tifs,/Volumes/D/YAPSMAD_Nuclear_Localization/251219_YAPSMAD_Early_D14_Male_#3/tifs,3165,9450,7.865577201484919,0.6496526461691654,0.1271362513371826,5.21152771537481,4.123105625617661,13.383291522273794,37.27850804827176,25.529320454923436,0.0042285281271007245,0.011778359572913668,0.008066136004715146,0.002357241916155104,0.008098713002876267,0.005587855152359378
6,36,FasTGFb_007_DAPI.1.1.tif,FasTGFb_007_W647.1.1.tif,FasTGFb_007_G488.1.1.tif,FasTGFb_007_R555.1.1.tif,/Volumes/D/YAPSMAD_Nuclear_Localization/251219_YAPSMAD_Early_D14_Male_#3/tifs,/Volumes/D/YAPSMAD_Nuclear_Localization/251219_YAPSMAD_Early_D14_Male_#3/tifs,/Volumes/D/YAPSMAD_Nuclear_Localization/251219_YAPSMAD_Early_D14_Male_#3/tifs,/Volumes/D/YAPSMAD_Nuclear_Localization/251219_YAPSMAD_Early_D14_Male_#3/tifs,2526,6205,5.909331665261231,0.8278929986592096,0.1692238744829012,5.1050656483715935,4.123105625617661,13.17891218001023,32.81269571115263,14.066834638593718,0.005217304901033345,0.012989982466806266,0.005568818146711686,0.004369711085252808,0.01464464230840445,0.004813347614862063
6,37,FasTGFb_007_DAPI.1.1.tif,FasTGFb_007_W647.1.1.tif,FasTGFb_007_G488.1.1.tif,FasTGFb_007_R555.1.1.tif,/Volumes/D/YAPSMAD_Nuclear_Localization/251219_YAPSMAD_Early_D14_Male_#3/tifs,/Volumes/D/YAPSMAD_Nuclear_Localization/251219_YAPSMAD_Early_D14_Male_#3/tifs,/Volumes/D/YAPSMAD_Nuclear_Localization/251219_YAPSMAD_Early_D14_Male_#3/tifs,/Volumes/D/YAPSMAD_Nuclear_Localization/251219_YAPSMAD_Early_D14_Male_#3/tifs,3194,7426,2.6128872850449283,0.5058086576051362,0.382718384265399,7.384213365644029,6.708203932499369,11.8777296023909,27.9368278356269,19.387441950151697,0.0037187631817128678,0.008746658683665278,0.006069956778381872,0.002282283366119569,0.00832856114012475,0.005822376302500304
6,38,FasTGFb_007_DAPI.1.1.tif,FasTGFb_007_W647.1.1.tif,FasTGFb_007_G488.1.1.tif,FasTGFb_007_R555.1.1.tif,/Volumes/D/YAPSMAD_Nuclear_Localization/251219_YAPSMAD_Early_D14_Male_#3/tifs,/Volumes/D/YAPSMAD_Nuclear_Localization/251219_YAPSMAD_Early_D14_Male_#3/tifs,/Volumes/D/YAPSMAD_Nuclear_Localization/251219_YAPSMAD_Early_D14_Male_#3/tifs,/Volumes/D/YAPSMAD_Nuclear_Localization/251219_YAPSMAD_Early_D14_Male_#3/tifs,2646,11097,7.4317717076300385,0.9421541169722764,0.1345574163659147,4.840167521096046,4.0,16.349645434413105,30.542641525855288,26.21377911954187,0.006179004321395731,0.011542948422469874,0.009906946001338575,0.003556781511625967,0.009523466579422558,0.006763530842015984
6,39,FasTGFb_007_DAPI.1.1.tif,FasTGFb_007_W647.1.1.tif,FasTGFb_007_G488.1.1.tif,FasTGFb_007_R555.1.1.tif,/Volumes/D/YAPSMAD_Nuclear_Localization/251219_YAPSMAD_Early_D14_Male_#3/tifs,/Volumes/D/YAPSMAD_Nuclear_Localization/251219_YAPSMAD_Early_D14_Male_#3/tifs,/Volumes/D/YAPSMAD_Nuclear_Localization/251219_YAPSMAD_Early_D14_Male_#3/tifs,/Volumes/D/YAPSMAD_Nuclear_Localization/251219_YAPSMAD_Early_D14_Male_#3/tifs,1547,5104,4.519795675448696,0.8655438197577955,0.22124893951112656,5.319331977304165,4.242640687119285,6.902632258133963,13.003418142907321,15.906248686369509,0.0044619471610432854,0.008405570874536084,0.010281996565203302,0.0029342998310851343,0.005665556024160025,0.0065420878195526526
6,40,FasTGFb_007_DAPI.1.1.tif,FasTGFb_007_W647.1.1.tif,FasTGFb_007_G488.1.1.tif,FasTGFb_007_R555.1.1.tif,/Volumes/D/YAPSMAD_Nuclear_Localization/251219_YAPSMAD_Early_D14_Male_#3/tifs,/Volumes/D/YAPSMAD_Nuclear_Localization/251219_YAPSMAD_Early_D14_Male_#3/tifs,/Volumes/D/YAPSMAD_Nuclear_Localization/251219_YAPSMAD_Early_D14_Male_#3/tifs,/Volumes/D/YAPSMAD_Nuclear_Localization/251219_YAPSMAD_Early_D14_Male_#3/tifs,1439,2915,3.606807049021738,0.5043537609432522,0.2772535337789213,4.795337808173805,3.605551275463989,5.001876909984276,19.12231642822735,8.909330993890762,0.0034759394787937984,0.013288614613083635,0.006191334950584268,0.0014054739646628509,0.010826468984931777,0.003739157768847853
6,41,FasTGFb_007_DAPI.1.1.tif,FasTGFb_007_W647.1.1.tif,FasTGFb_007_G488.1.1.tif,FasTGFb_007_R555.1.1.tif,/Volumes/D/YAPSMAD_Nuclear_Localization/251219_YAPSMAD_Early_D14_Male_#3/tifs,/Volumes/D/YAPSMAD_Nuclear_Localization/251219_YAPSMAD_Early_D14_Male_#3/tifs,/Volumes/D/YAPSMAD_Nuclear_Localization/251219_YAPSMAD_Early_D14_Male_#3/tifs,/Volumes/D/YAPSMAD_Nuclear_Localization/251219_YAPSMAD_Early_D14_Male_#3/tifs,2539,6210,5.102242351910672,0.8064059185184884,0.19599225811481163,5.648604666661917,5.0,9.069138697581366,16.85220120474696,10.068482561502606,0.0035719333192522117,0.006637338008959024,0.003965530744979364,0.0020368528289102434,0.006432756565053443,0.0038117785908184402
6,42,FasTGFb_007_DAPI.1.1.tif,FasTGFb_007_W647.1.1.tif,FasTGFb_007_G488.1.1.tif,FasTGFb_007_R555.1.1.tif,/Volumes/D/YAPSMAD_Nuclear_Localization/251219_YAPSMAD_Early_D14_Male_#3/tifs,/Volumes/D/YAPSMAD_Nuclear_Localization/251219_YAPSMAD_Early_D14_Male_#3/tifs,/Volumes/D/YAPSMAD_Nuclear_Localization/251219_YAPSMAD_Early_D14_Male_#3/tifs,/Volumes/D/YAPSMAD_Nuclear_Localization/251219_YAPSMAD_Early_D14_Male_#3/tifs,2133,5070,3.3719186473814635,0.8639561686959545,0.29656706005542915,5.736099376304058,5.0,12.037308442639187,27.87574593676254,22.495246950304136,0.00564337010906666,0.013068797907530494,0.010546294866527958,0.005822736197787168,0.01108493968987173,0.009426179897650459
6,43,FasTGFb_007_DAPI.1.1.tif,FasTGFb_007_W647.1.1.tif,FasTGFb_007_G488.1.1.tif,FasTGFb_007_R555.1.1.tif,/Volumes/D/YAPSMAD_Nuclear_Localization/251219_YAPSMAD_Early_D14_Male_#3/tifs,/Volumes/D/YAPSMAD_Nuclear_Localization/251219_YAPSMAD_Early_D14_Male_#3/tifs,/Volumes/D/YAPSMAD_Nuclear_Localization/251219_YAPSMAD_Early_D14_Male_#3/tifs,/Volumes/D/YAPSMAD_Nuclear_Localization/251219_YAPSMAD_Early_D14_Male_#3/tifs,2799,7245,6.408971360743897,0.8442479414734002,0.15603127923541366,5.096964697263293,4.123105625617661,17.0408791329246,44.15774802281521,25.75111028808169,0.0060882026198372996,0.015776258671959704,0.009200110856763734,0.0037930149475428067,0.012466580339578983,0.00743093306725575
6,44,FasTGFb_007_DAPI.1.1.tif,FasTGFb_007_W647.1.1.tif,FasTGFb_007_G488.1.1.tif,FasTGFb_007_R555.1.1.tif,/Volumes/D/YAPSMAD_Nuclear_Localization/251219_YAPSMAD_Early_D14_Male_#3/tifs,/Volumes/D/YAPSMAD_Nuclear_Localization/251219_YAPSMAD_Early_D14_Male_#3/tifs,/Volumes/D/YAPSMAD_Nuclear_Localization/251219_YAPSMAD_Early_D14_Male_#3/tifs,/Volumes/D/YAPSMAD_Nuclear_Localization/251219_YAPSMAD_Early_D14_Male_#3/tifs,4867,12638,8.768384960528365,0.8592307970009642,0.11404608767767216,6.202191765731577,5.0,17.458518523024395,31.761944209923968,20.0522775282152,0.003587121126571686,0.006525979907524957,0.004120048803824779,0.0021377922122417102,0.0066427058873543485,0.004465791547583871
6,45,FasTGFb_007_DAPI.1.1.tif,FasTGFb_007_W647.1.1.tif,FasTGFb_007_G488.1.1.tif,FasTGFb_007_R555.1.1.tif,/Volumes/D/YAPSMAD_Nuclear_Localization/251219_YAPSMAD_Early_D14_Male_#3/tifs,/Volumes/D/YAPSMAD_Nuclear_Localization/251219_YAPSMAD_Early_D14_Male_#3/tifs,/Volumes/D/YAPSMAD_Nuclear_Localization/251219_YAPSMAD_Early_D14_Male_#3/tifs,/Volumes/D/YAPSMAD_Nuclear_Localization/251219_YAPSMAD_Early_D14_Male_#3/tifs,2003,4836,3.636844495195647,0.7940855971445929,0.27496363985895533,5.726751432890412,4.47213595499958,17.737255089683458,30.961959385313094,22.36717799049802,0.008855344528049655,0.015457793003151818,0.011166838737143296,0.004900724855904916,0.0111611984379615,0.007476296065157996
6,46,FasTGFb_007_DAPI.1.1.tif,FasTGFb_007_W647.1.1.tif,FasTGFb_007_G488.1.1.tif,FasTGFb_007_R555.1.1.tif,/Volumes/D/YAPSMAD_Nuclear_Localization/251219_YAPSMAD_Early_D14_Male_#3/tifs,/Volumes/D/YAPSMAD_Nuclear_Localization/251219_YAPSMAD_Early_D14_Male_#3/tifs,/Volumes/D/YAPSMAD_Nuclear_Localization/251219_YAPSMAD_Early_D14_Male_#3/tifs,/Volumes/D/YAPSMAD_Nuclear_Localization/251219_YAPSMAD_Early_D14_Male_#3/tifs,3414,5985,2.0314271464019424,0.7651938763602372,0.49226476163380845,9.011432889135039,8.0,41.01687680114992,40.36157806357369,38.85674858791754,0.01201431657913003,0.011822372016278174,0.011381590096050831,0.005964436999817634,0.007715235871540719,0.0066249809208217755
6,47,FasTGFb_007_DAPI.1.1.tif,FasTGFb_007_W647.1.1.tif,FasTGFb_007_G488.1.1.tif,FasTGFb_007_R555.1.1.tif,/Volumes/D/YAPSMAD_Nuclear_Localization/251219_YAPSMAD_Early_D14_Male_#3/tifs,/Volumes/D/YAPSMAD_Nuclear_Localization/251219_YAPSMAD_Early_D14_Male_#3/tifs,/Volumes/D/YAPSMAD_Nuclear_Localization/251219_YAPSMAD_Early_D14_Male_#3/tifs,/Volumes/D/YAPSMAD_Nuclear_Localization/251219_YAPSMAD_Early_D14_Male_#3/tifs,998,1849,1.8570626883536587,0.5305777159851869,0.5384847836701354,5.472728455757308,4.73606797749979,27.13481345726177,7.9524834307376295,7.979858176317066,0.02718919184094366,0.00796842027128019,0.007995849876069204,0.017914885825044816,0.00828877854828096,0.0052339315323679195
6,48,FasTGFb_007_DAPI.1.1.tif,FasTGFb_007_W647.1.1.tif,FasTGFb_007_G488.1.1.tif,FasTGFb_007_R555.1.1.tif,/Volumes/D/YAPSMAD_Nuclear_Localization/251219_YAPSMAD_Early_D14_Male_#3/tifs,/Volumes/D/YAPSMAD_Nuclear_Localization/251219_YAPSMAD_Early_D14_Male_#3/tifs,/Volumes/D/YAPSMAD_Nuclear_Localization/251219_YAPSMAD_Early_D14_Male_#3/tifs,/Volumes/D/YAPSMAD_Nuclear_Localization/251219_YAPSMAD_Early_D14_Male_#3/tifs,769,1560,7.526698905984303,0.5061334683532298,0.13286036979703322,2.2045708077000388,2.0,1.697917147539556,4.9780728404875845,5.086030428763479,0.0022079546782048844,0.006473436723650955,0.006613823704503874,0.0009475007104523928,0.003987885038910556,0.0033926451913700692
6,49,FasTGFb_007_DAPI.1.1.tif,FasTGFb_007_W647.1.1.tif,FasTGFb_007_G488.1.1.tif,FasTGFb_007_R555.1.1.tif,/Volumes/D/YAPSMAD_Nuclear_Localization/251219_YAPSMAD_Early_D14_Male_#3/tifs,/Volumes/D/YAPSMAD_Nuclear_Localization/251219_YAPSMAD_Early_D14_Male_#3/tifs,/Volumes/D/YAPSMAD_Nuclear_Localization/251219_YAPSMAD_Early_D14_Male_#3/tifs,/Volumes/D/YAPSMAD_Nuclear_Localization/251219_YAPSMAD_Early_D14_Male_#3/tifs,1483,6072,8.670938223114382,0.644614980878442,0.11532777356598735,3.903476281229164,2.8284271247461903,4.331639608833939,14.33528657257557,6.854688426712528,0.00292086285154008,0.0096664103658635,0.0046221769566503895,0.0016342539017404727,0.007448463090910004,0.0027595014431123126
6,50,FasTGFb_007_DAPI.1.1.tif,FasTGFb_007_W647.1.1.tif,FasTGFb_007_G488.1.1.tif,FasTGFb_007_R555.1.1.tif,/Volumes/D/YAPSMAD_Nuclear_Localization/251219_YAPSMAD_Early_D14_Male_#3/tifs,/Volumes/D/YAPSMAD_Nuclear_Localization/251219_YAPSMAD_Early_D14_Male_#3/tifs,/Volumes/D/YAPSMAD_Nuclear_Localization/251219_YAPSMAD_Early_D14_Male_#3/tifs,/Volumes/D/YAPSMAD_Nuclear_Localization/251219_YAPSMAD_Early_D14_Male_#3/tifs,1054,1702,1.5518550206734611,0.45692727204498257,0.6443900922948512,5.6698069197517675,5.0,4.637491474626586,26.756984882988036,10.282597193028778,0.004399897034750081,0.02538613366507404,0.009755784813120283,0.002645307588228802,0.015878545281101945,0.004262197499669535
6,51,FasTGFb_007_DAPI.1.1.tif,FasTGFb_007_W647.1.1.tif,FasTGFb_007_G488.1.1.tif,FasTGFb_007_R555.1.1.tif,/Volumes/D/YAPSMAD_Nuclear_Localization/251219_YAPSMAD_Early_D14_Male_#3/tifs,/Volumes/D/YAPSMAD_Nuclear_Localization/251219_YAPSMAD_Early_D14_Male_#3/tifs,/Volumes/D/YAPSMAD_Nuclear_Localization/251219_YAPSMAD_Early_D14_Male_#3/tifs,/Volumes/D/YAPSMAD_Nuclear_Localization/251219_YAPSMAD_Early_D14_Male_#3/tifs,2593,8614,5.729927371019152,0.8700983671983008,0.17452228191543992,4.890792353378431,4.123105625617661,12.087297030957416,37.73971181712113,10.073869047220796,0.004661510617415124,0.014554458857354853,0.0038850247000465857,0.002187482848076791,0.01059540893308005,0.00199289806160075
7,1,Fas_008_DAPI.1.tif,Fas_008_W647.1.tif,Fas_008_G488.1.tif,Fas_008_R555.1.tif,/Volumes/D/YAPSMAD_Nuclear_Localization/251219_YAPSMAD_Early_D14_Male_#3/tifs,/Volumes/D/YAPSMAD_Nuclear_Localization/251219_YAPSMAD_Early_D14_Male_#3/tifs,/Volumes/D/YAPSMAD_Nuclear_Localization/251219_YAPSMAD_Early_D14_Male_#3/tifs,/Volumes/D/YAPSMAD_Nuclear_Localization/251219_YAPSMAD_Early_D14_Male_#3/tifs,3795,12180,7.013074815185628,0.8983711146002975,0.1425908073637927,5.989603120886166,5.0990195135927845,18.904554972890764,24.36447736248374,20.976241868687794,0.0049814374105114,0.006420152137676874,0.005527336460787297,0.003942258680948224,0.003133296369441107,0.0035394082339767455
7,2,Fas_008_DAPI.1.tif,Fas_008_W647.1.tif,Fas_008_G488.1.tif,Fas_008_R555.1.tif,/Volumes/D/YAPSMAD_Nuclear_Localization/251219_YAPSMAD_Early_D14_Male_#3/tifs,/Volumes/D/YAPSMAD_Nuclear_Localization/251219_YAPSMAD_Early_D14_Male_#3/tifs,/Volumes/D/YAPSMAD_Nuclear_Localization/251219_YAPSMAD_Early_D14_Male_#3/tifs,/Volumes/D/YAPSMAD_Nuclear_Localization/251219_YAPSMAD_Early_D14_Male_#3/tifs,2471,6076,5.661896921307357,0.8121385798198155,0.1766192521514672,4.625877600781317,4.0,18.289173911558464,15.327458756510168,12.30823240778409,0.00740152728108396,0.00620293757851484,0.00498107341472444,0.0051744375117290155,0.0044412199329340145,0.0025108635588745026
7,3,Fas_008_DAPI.1.tif,Fas_008_W647.1.tif,Fas_008_G488.1.tif,Fas_008_R555.1.tif,/Volumes/D/YAPSMAD_Nuclear_Localization/251219_YAPSMAD_Early_D14_Male_#3/tifs,/Volumes/D/YAPSMAD_Nuclear_Localization/251219_YAPSMAD_Early_D14_Male_#3/tifs,/Volumes/D/YAPSMAD_Nuclear_Localization/251219_YAPSMAD_Early_D14_Male_#3/tifs,/Volumes/D/YAPSMAD_Nuclear_Localization/251219_YAPSMAD_Early_D14_Male_#3/tifs,4186,17808,9.328713878634465,0.9228734363592276,0.10719591285678703,4.463038669124529,4.0,26.17610463872552,32.417533008148894,22.031876330263913,0.0062532500331403534,0.007744274488329884,0.005263228936995679,0.004636698520937704,0.005665340042510926,0.0025958558526660105
7,4,Fas_008_DAPI.1.tif,Fas_008_W647.1.tif,Fas_008_G488.1.tif,Fas_008_R555.1.tif,/Volumes/D/YAPSMAD_Nuclear_Localization/251219_YAPSMAD_Early_D14_Male_#3/tifs,/Volumes/D/YAPSMAD_Nuclear_Localization/251219_YAPSMAD_Early_D14_Male_#3/tifs,/Volumes/D/YAPSMAD_Nuclear_Localization/251219_YAPSMAD_Early_D14_Male_#3/tifs,/Volumes/D/YAPSMAD_Nuclear_Localization/251219_YAPSMAD_Early_D14_Male_#3/tifs,2087,2856,1.2210886684478182,0.6791203028556837,0.8189413478639074,8.29611487753453,7.211102550927978,26.44208461092785,17.190234458539635,32.77096228348091,0.01266990158645321,0.008236815744388901,0.015702425626967376,0.00784841012355992,0.0032858456316388522,0.008051065623030653
7,5,Fas_008_DAPI.1.tif,Fas_008_W647.1.tif,Fas_008_G488.1.tif,Fas_008_R555.1.tif,/Volumes/D/YAPSMAD_Nuclear_Localization/251219_YAPSMAD_Early_D14_Male_#3/tifs,/Volumes/D/YAPSMAD_Nuclear_Localization/251219_YAPSMAD_Early_D14_Male_#3/tifs,/Volumes/D/YAPSMAD_Nuclear_Localization/251219_YAPSMAD_Early_D14_Male_#3/tifs,/Volumes/D/YAPSMAD_Nuclear_Localization/251219_YAPSMAD_Early_D14_Male_#3/tifs,632,945,1.8713876049598244,0.7685161850176913,0.5343628424970082,3.8071535811178174,3.1622776601683795,2.405310162343085,5.379034176468849,5.090272438013926,0.0038058705100365267,0.008511130026058305,0.008054228541161276,0.0020578536590797527,0.005481330133291097,0.0034541321878218297
7,6,Fas_008_DAPI.1.tif,Fas_008_W647.1.tif,Fas_008_G488.1.tif,Fas_008_R555.1.tif,/Volumes/D/YAPSMAD_Nuclear_Localization/251219_YAPSMAD_Early_D14_Male_#3/tifs,/Volumes/D/YAPSMAD_Nuclear_Localization/251219_YAPSMAD_Early_D14_Male_#3/tifs,/Volumes/D/YAPSMAD_Nuclear_Localization/251219_YAPSMAD_Early_D14_Male_#3/tifs,/Volumes/D/YAPSMAD_Nuclear_Localization/251219_YAPSMAD_Early_D14_Male_#3/tifs,1982,4402,3.4210252960527474,0.5859344445014305,0.2923100279772329,6.644827093659547,5.385164807134504,17.159579041646793,21.378683327930048,25.009155568666756,0.008657708900931782,0.010786419438915262,0.012618141053817738,0.005859818849358957,0.007777117436595527,0.008287956190650722
7,7,Fas_008_DAPI.1.tif,Fas_008_W647.1.tif,Fas_008_G488.1.tif,Fas_008_R555.1.tif,/Volumes/D/YAPSMAD_Nuclear_Localization/251219_YAPSMAD_Early_D14_Male_#3/tifs,/Volumes/D/YAPSMAD_Nuclear_Localization/251219_YAPSMAD_Early_D14_Male_#3/tifs,/Volumes/D/YAPSMAD_Nuclear_Localization/251219_YAPSMAD_Early_D14_Male_#3/tifs,/Volumes/D/YAPSMAD_Nuclear_Localization/251219_YAPSMAD_Early_D14_Male_#3/tifs,3026,13225,9.477408103100549,0.7877972540604903,0.10551408033941774,4.816588629933044,3.605551275463989,21.263050514506176,19.231800152454525,34.89932117052376,0.007026784704066813,0.006355518887129718,0.011533153063623187,0.004695213922282921,0.002789439916966157,0.009503509593515758
7,8,Fas_008_DAPI.1.tif,Fas_008_W647.1.tif,Fas_008_G488.1.tif,Fas_008_R555.1.tif,/Volumes/D/YAPSMAD_Nuclear_Localization/251219_YAPSMAD_Early_D14_Male_#3/tifs,/Volumes/D/YAPSMAD_Nuclear_Localization/251219_YAPSMAD_Early_D14_Male_#3/tifs,/Volumes/D/YAPSMAD_Nuclear_Localization/251219_YAPSMAD_Early_D14_Male_#3/tifs,/Volumes/D/YAPSMAD_Nuclear_Localization/251219_YAPSMAD_Early_D14_Male_#3/tifs,3745,12782,8.754110893749717,0.9029431940918807,0.11423204619374683,5.128608182855759,4.123105625617661,35.00395239936188,42.224857391091064,23.94140559877269,0.009346849772860315,0.011274995298021645,0.006392898691261065,0.0068177623754902186,0.009223095286608715,0.0039605360095486195
7,9,Fas_008_DAPI.1.tif,Fas_008_W647.1.tif,Fas_008_G488.1.tif,Fas_008_R555.1.tif,/Volumes/D/YAPSMAD_Nuclear_Localization/251219_YAPSMAD_Early_D14_Male_#3/tifs,/Volumes/D/YAPSMAD_Nuclear_Localization/251219_YAPSMAD_Early_D14_Male_#3/tifs,/Volumes/D/YAPSMAD_Nuclear_Localization/251219_YAPSMAD_Early_D14_Male_#3/tifs,/Volumes/D/YAPSMAD_Nuclear_Localization/251219_YAPSMAD_Early_D14_Male_#3/tifs,1344,3720,3.724130930848589,0.8550599945113921,0.2685190232482341,5.208194618215578,4.123105625617661,9.126711016753688,11.727367143379524,17.327199309831485,0.0067907076017512565,0.008725719600728812,0.012892261391243665,0.005366934940610601,0.006893544543937041,0.009169700668104021
7,10,Fas_008_DAPI.1.tif,Fas_008_W647.1.tif,Fas_008_G488.1.tif,Fas_008_R555.1.tif,/Volumes/D/YAPSMAD_Nuclear_Localization/251219_YAPSMAD_Early_D14_Male_#3/tifs,/Volumes/D/YAPSMAD_Nuclear_Localization/251219_YAPSMAD_Early_D14_Male_#3/tifs,/Volumes/D/YAPSMAD_Nuclear_Localization/251219_YAPSMAD_Early_D14_Male_#3/tifs,/Volumes/D/YAPSMAD_Nuclear_Localization/251219_YAPSMAD_Early_D14_Male_#3/tifs,1344,2928,3.3957069467540197,0.7340338374085887,0.2944894879565232,4.91531995000103,4.0,5.680430368054658,12.683940048795193,13.223575296578929,0.004226510690516859,0.009437455393448804,0.009838969714716464,0.0020263552153275076,0.0051441762469828095,0.00552444241879166
7,11,Fas_008_DAPI.1.tif,Fas_008_W647.1.tif,Fas_008_G488.1.tif,Fas_008_R555.1.tif,/Volumes/D/YAPSMAD_Nuclear_Localization/251219_YAPSMAD_Early_D14_Male_#3/tifs,/Volumes/D/YAPSMAD_Nuclear_Localization/251219_YAPSMAD_Early_D14_Male_#3/tifs,/Volumes/D/YAPSMAD_Nuclear_Localization/251219_YAPSMAD_Early_D14_Male_#3/tifs,/Volumes/D/YAPSMAD_Nuclear_Localization/251219_YAPSMAD_Early_D14_Male_#3/tifs,1859,5720,5.676546441571907,0.610043753934231,0.17616344907821938,5.250349616265893,4.0,12.295796287478879,15.993087882641703,19.836270848521963,0.006614199186379171,0.008603059646391449,0.010670398519914989,0.004760710662332093,0.004959933994251957,0.0073058504387478575
7,12,Fas_008_DAPI.1.tif,Fas_008_W647.1.tif,Fas_008_G488.1.tif,Fas_008_R555.1.tif,/Volumes/D/YAPSMAD_Nuclear_Localization/251219_YAPSMAD_Early_D14_Male_#3/tifs,/Volumes/D/YAPSMAD_Nuclear_Localization/251219_YAPSMAD_Early_D14_Male_#3/tifs,/Volumes/D/YAPSMAD_Nuclear_Localization/251219_YAPSMAD_Early_D14_Male_#3/tifs,/Volumes/D/YAPSMAD_Nuclear_Localization/251219_YAPSMAD_Early_D14_Male_#3/tifs,2308,5916,3.8496348619533416,0.8648491778906916,0.2597648961160411,6.1669705737864815,5.0,11.639795663533732,16.67188552254811,25.021179679082707,0.005043239022328307,0.0072235205903588,0.010841065718839995,0.0035309197944271282,0.002834643349607484,0.0068658340310121255
7,13,Fas_008_DAPI.1.tif,Fas_008_W647.1.tif,Fas_008_G488.1.tif,Fas_008_R555.1.tif,/Volumes/D/YAPSMAD_Nuclear_Localization/251219_YAPSMAD_Early_D14_Male_#3/tifs,/Volumes/D/YAPSMAD_Nuclear_Localization/251219_YAPSMAD_Early_D14_Male_#3/tifs,/Volumes/D/YAPSMAD_Nuclear_Localization/251219_YAPSMAD_Early_D14_Male_#3/tifs,/Volumes/D/YAPSMAD_Nuclear_Localization/251219_YAPSMAD_Early_D14_Male_#3/tifs,1971,6136,5.637601378959378,0.9312933576703109,0.17738040219235687,4.721814171523424,3.605551275463989,21.244312372757122,18.02914495067671,18.78533623018302,0.010778443618851915,0.00914720697649757,0.00953086566726688,0.008075048625615972,0.006020982135663548,0.006520867888536602
7,14,Fas_008_DAPI.1.tif,Fas_008_W647.1.tif,Fas_008_G488.1.tif,Fas_008_R555.1.tif,/Volumes/D/YAPSMAD_Nuclear_Localization/251219_YAPSMAD_Early_D14_Male_#3/tifs,/Volumes/D/YAPSMAD_Nuclear_Localization/251219_YAPSMAD_Early_D14_Male_#3/tifs,/Volumes/D/YAPSMAD_Nuclear_Localization/251219_YAPSMAD_Early_D14_Male_#3/tifs,/Volumes/D/YAPSMAD_Nuclear_Localization/251219_YAPSMAD_Early_D14_Male_#3/tifs,2333,7896,5.460154135386666,0.8278472949004873,0.1831450129803312,5.582848315586041,4.123105625617661,17.53839952405542,19.956466135568917,20.77347995596938,0.00751753087186259,0.008553993199986678,0.008904192008559528,0.0044199424324469,0.007835655812257286,0.006548937626531338
7,15,Fas_008_DAPI.1.tif,Fas_008_W647.1.tif,Fas_008_G488.1.tif,Fas_008_R555.1.tif,/Volumes/D/YAPSMAD_Nuclear_Localization/251219_YAPSMAD_Early_D14_Male_#3/tifs,/Volumes/D/YAPSMAD_Nuclear_Localization/251219_YAPSMAD_Early_D14_Male_#3/tifs,/Volumes/D/YAPSMAD_Nuclear_Localization/251219_YAPSMAD_Early_D14_Male_#3/tifs,/Volumes/D/YAPSMAD_Nuclear_Localization/251219_YAPSMAD_Early_D14_Male_#3/tifs,1460,6440,7.902745587101763,0.8782839656576286,0.12653830102187788,3.2001355324359886,2.8284271247461903,10.00390641996637,17.34059678716585,14.33417271124199,0.006851990698607102,0.011877121087099898,0.009817926514549309,0.004684677724510004,0.0073409901902436936,0.006190426888236043
7,16,Fas_008_DAPI.1.tif,Fas_008_W647.1.tif,Fas_008_G488.1.tif,Fas_008_R555.1.tif,/Volumes/D/YAPSMAD_Nuclear_Localization/251219_YAPSMAD_Early_D14_Male_#3/tifs,/Volumes/D/YAPSMAD_Nuclear_Localization/251219_YAPSMAD_Early_D14_Male_#3/tifs,/Volumes/D/YAPSMAD_Nuclear_Localization/251219_YAPSMAD_Early_D14_Male_#3/tifs,/Volumes/D/YAPSMAD_Nuclear_Localization/251219_YAPSMAD_Early_D14_Male_#3/tifs,2046,7380,5.38700436310773,0.890222669847016,0.1856319268735669,5.049766182229337,4.0,14.292454591020942,19.18144519557245,18.918944235891104,0.006985559428651486,0.009375095403505597,0.009246795814218526,0.00431982105314256,0.005763820633142775,0.006401896015466688
7,17,Fas_008_DAPI.1.tif,Fas_008_W647.1.tif,Fas_008_G488.1.tif,Fas_008_R555.1.tif,/Volumes/D/YAPSMAD_Nuclear_Localization/251219_YAPSMAD_Early_D14_Male_#3/tifs,/Volumes/D/YAPSMAD_Nuclear_Localization/251219_YAPSMAD_Early_D14_Male_#3/tifs,/Volumes/D/YAPSMAD_Nuclear_Localization/251219_YAPSMAD_Early_D14_Male_#3/tifs,/Volumes/D/YAPSMAD_Nuclear_Localization/251219_YAPSMAD_Early_D14_Male_#3/tifs,1906,4928,5.139129600767687,0.737928829169362,0.19458547997128137,5.873521686222274,5.0,10.95751902484335,35.22934324480593,21.782772711245343,0.0057489606636114115,0.01848339099937352,0.011428527130768805,0.0030828853366972595,0.014700977063477862,0.007173851285368624
7,18,Fas_008_DAPI.1.tif,Fas_008_W647.1.tif,Fas_008_G488.1.tif,Fas_008_R555.1.tif,/Volumes/D/YAPSMAD_Nuclear_Localization/251219_YAPSMAD_Early_D14_Male_#3/tifs,/Volumes/D/YAPSMAD_Nuclear_Localization/251219_YAPSMAD_Early_D14_Male_#3/tifs,/Volumes/D/YAPSMAD_Nuclear_Localization/251219_YAPSMAD_Early_D14_Male_#3/tifs,/Volumes/D/YAPSMAD_Nuclear_Localization/251219_YAPSMAD_Early_D14_Male_#3/tifs,3231,8342,3.7499117075616475,0.7244857259521046,0.26667294538789094,7.44076160163376,6.0,18.615793311735615,18.29950431850739,28.48198695317842,0.005761619718890627,0.0056637277370805905,0.008815223445737673,0.003991829371142042,0.0032340676469640966,0.005578118419014224
7,19,Fas_008_DAPI.1.tif,Fas_008_W647.1.tif,Fas_008_G488.1.tif,Fas_008_R555.1.tif,/Volumes/D/YAPSMAD_Nuclear_Localization/251219_YAPSMAD_Early_D14_Male_#3/tifs,/Volumes/D/YAPSMAD_Nuclear_Localization/251219_YAPSMAD_Early_D14_Male_#3/tifs,/Volumes/D/YAPSMAD_Nuclear_Localization/251219_YAPSMAD_Early_D14_Male_#3/tifs,/Volumes/D/YAPSMAD_Nuclear_Localization/251219_YAPSMAD_Early_D14_Male_#3/tifs,1878,2601,1.44088999102896,0.29272978655539084,0.6940155086273351,7.693827763622145,6.854101966249685,17.655939769465476,17.267109382897615,21.577294726856053,0.0094014588761797,0.009194413941905014,0.011489507309295023,0.005952438880994676,0.00491098223598486,0.00674604923950831
7,20,Fas_008_DAPI.1.tif,Fas_008_W647.1.tif,Fas_008_G488.1.tif,Fas_008_R555.1.tif,/Volumes/D/YAPSMAD_Nuclear_Localization/251219_YAPSMAD_Early_D14_Male_#3/tifs,/Volumes/D/YAPSMAD_Nuclear_Localization/251219_YAPSMAD_Early_D14_Male_#3/tifs,/Volumes/D/YAPSMAD_Nuclear_Localization/251219_YAPSMAD_Early_D14_Male_#3/tifs,/Volumes/D/YAPSMAD_Nuclear_Localization/251219_YAPSMAD_Early_D14_Male_#3/tifs,1456,2340,3.0190975669480555,0.8625715697491746,0.3312248040433088,4.564056669742652,4.0,11.463203001767397,9.426093014888465,12.348256783559918,0.007873078984730355,0.006473964982753067,0.00848094559310434,0.004766169698907777,0.0039479665582854515,0.005198165607909273
7,21,Fas_008_DAPI.1.tif,Fas_008_W647.1.tif,Fas_008_G488.1.tif,Fas_008_R555.1.tif,/Volumes/D/YAPSMAD_Nuclear_Localization/251219_YAPSMAD_Early_D14_Male_#3/tifs,/Volumes/D/YAPSMAD_Nuclear_Localization/251219_YAPSMAD_Early_D14_Male_#3/tifs,/Volumes/D/YAPSMAD_Nuclear_Localization/251219_YAPSMAD_Early_D14_Male_#3/tifs,/Volumes/D/YAPSMAD_Nuclear_Localization/251219_YAPSMAD_Early_D14_Male_#3/tifs,2085,4848,4.437476278557808,0.940423845046094,0.22535331734212732,4.4528514091014015,4.0,7.6018311604857445,10.264438964659348,9.973846163135022,0.0036459621872833308,0.004922992309189135,0.004783619262894495,0.0019137428449505641,0.0031290069258202357,0.002742646100519554
7,22,Fas_008_DAPI.1.tif,Fas_008_W647.1.tif,Fas_008_G488.1.tif,Fas_008_R555.1.tif,/Volumes/D/YAPSMAD_Nuclear_Localization/251219_YAPSMAD_Early_D14_Male_#3/tifs,/Volumes/D/YAPSMAD_Nuclear_Localization/251219_YAPSMAD_Early_D14_Male_#3/tifs,/Volumes/D/YAPSMAD_Nuclear_Localization/251219_YAPSMAD_Early_D14_Male_#3/tifs,/Volumes/D/YAPSMAD_Nuclear_Localization/251219_YAPSMAD_Early_D14_Male_#3/tifs,1823,5628,4.749806977029164,0.8529530801697589,0.21053487117185227,4.793068445753046,4.0,8.61370270489715,10.31703684385866,10.940169521607459,0.004725015197420269,0.005659372925868711,0.006001190083163718,0.0028549354085578823,0.0029550244558888554,0.0030800446514577325
7,23,Fas_008_DAPI.1.tif,Fas_008_W647.1.tif,Fas_008_G488.1.tif,Fas_008_R555.1.tif,/Volumes/D/YAPSMAD_Nuclear_Localization/251219_YAPSMAD_Early_D14_Male_#3/tifs,/Volumes/D/YAPSMAD_Nuclear_Localization/251219_YAPSMAD_Early_D14_Male_#3/tifs,/Volumes/D/YAPSMAD_Nuclear_Localization/251219_YAPSMAD_Early_D14_Male_#3/tifs,/Volumes/D/YAPSMAD_Nuclear_Localization/251219_YAPSMAD_Early_D14_Male_#3/tifs,871,1150,1.4714093009009401,0.8259641592505265,0.6796205511190547,4.890997454888246,4.123105625617661,7.560082494281232,10.07747013727203,10.407461748924106,0.008679773242573172,0.01157000015760279,0.011948865383380145,0.0051267684477662515,0.006187808064969652,0.004995291159836581
7,24,Fas_008_DAPI.1.tif,Fas_008_W647.1.tif,Fas_008_G488.1.tif,Fas_008_R555.1.tif,/Volumes/D/YAPSMAD_Nuclear_Localization/251219_YAPSMAD_Early_D14_Male_#3/tifs,/Volumes/D/YAPSMAD_Nuclear_Localization/251219_YAPSMAD_Early_D14_Male_#3/tifs,/Volumes/D/YAPSMAD_Nuclear_Localization/251219_YAPSMAD_Early_D14_Male_#3/tifs,/Volumes/D/YAPSMAD_Nuclear_Localization/251219_YAPSMAD_Early_D14_Male_#3/tifs,3037,8184,6.720648685594894,0.5703184283268279,0.14879516052422292,4.609964556714712,4.0,11.285206494154409,16.7255819325801,16.458304954925552,0.0037159059908312177,0.005507270968910141,0.005419264061549408,0.0024887069935350006,0.005742985591981169,0.002675884945590607
7,25,Fas_008_DAPI.1.tif,Fas_008_W647.1.tif,Fas_008_G488.1.tif,Fas_008_R555.1.tif,/Volumes/D/YAPSMAD_Nuclear_Localization/251219_YAPSMAD_Early_D14_Male_#3/tifs,/Volumes/D/YAPSMAD_Nuclear_Localization/251219_YAPSMAD_Early_D14_Male_#3/tifs,/Volumes/D/YAPSMAD_Nuclear_Localization/251219_YAPSMAD_Early_D14_Male_#3/tifs,/Volumes/D/YAPSMAD_Nuclear_Localization/251219_YAPSMAD_Early_D14_Male_#3/tifs,1879,3816,2.6579977887661737,0.7281674935606559,0.37622303683864006,6.1499650987047225,5.0,10.076218977337703,18.97749313293025,15.124162817373872,0.00536254336207435,0.010099783466168306,0.008049048865020687,0.002468856258881827,0.005598400959185924,0.004132511665059348
7,26,Fas_008_DAPI.1.tif,Fas_008_W647.1.tif,Fas_008_G488.1.tif,Fas_008_R555.1.tif,/Volumes/D/YAPSMAD_Nuclear_Localization/251219_YAPSMAD_Early_D14_Male_#3/tifs,/Volumes/D/YAPSMAD_Nuclear_Localization/251219_YAPSMAD_Early_D14_Male_#3/tifs,/Volumes/D/YAPSMAD_Nuclear_Localization/251219_YAPSMAD_Early_D14_Male_#3/tifs,/Volumes/D/YAPSMAD_Nuclear_Localization/251219_YAPSMAD_Early_D14_Male_#3/tifs,2003,11102,7.272981315723361,0.9710960017970902,0.13749519716737255,4.554644002259314,3.1622776601683795,8.499611006118357,26.28806007676758,18.086274702101946,0.00424344034254536,0.01312434352309914,0.00902959296160856,0.0021686336003645247,0.007457719870188164,0.00550771050936306
7,27,Fas_008_DAPI.1.tif,Fas_008_W647.1.tif,Fas_008_G488.1.tif,Fas_008_R555.1.tif,/Volumes/D/YAPSMAD_Nuclear_Localization/251219_YAPSMAD_Early_D14_Male_#3/tifs,/Volumes/D/YAPSMAD_Nuclear_Localization/251219_YAPSMAD_Early_D14_Male_#3/tifs,/Volumes/D/YAPSMAD_Nuclear_Localization/251219_YAPSMAD_Early_D14_Male_#3/tifs,/Volumes/D/YAPSMAD_Nuclear_Localization/251219_YAPSMAD_Early_D14_Male_#3/tifs,3243,7007,8.013647908381502,0.6483029578713773,0.12478711461157366,4.889161436352193,3.605551275463989,25.135500370757654,30.427588562481105,30.22072200803086,0.007750693916360671,0.009382543497527322,0.009318754859090615,0.0053163394546673765,0.005939973795568469,0.007086390878597977
7,28,Fas_008_DAPI.1.tif,Fas_008_W647.1.tif,Fas_008_G488.1.tif,Fas_008_R555.1.tif,/Volumes/D/YAPSMAD_Nuclear_Localization/251219_YAPSMAD_Early_D14_Male_#3/tifs,/Volumes/D/YAPSMAD_Nuclear_Localization/251219_YAPSMAD_Early_D14_Male_#3/tifs,/Volumes/D/YAPSMAD_Nuclear_Localization/251219_YAPSMAD_Early_D14_Male_#3/tifs,/Volumes/D/YAPSMAD_Nuclear_Localization/251219_YAPSMAD_Early_D14_Male_#3/tifs,1436,2668,2.1595850384718416,0.7210868713077908,0.463051920709553,6.042915709344304,5.0,4.93965061660856,16.089204382849857,17.26272995956242,0.003439868117415432,0.011204181325104357,0.012021399693288594,0.0016738619985574605,0.005452911532827406,0.006340686448976522
7,29,Fas_008_DAPI.1.tif,Fas_008_W647.1.tif,Fas_008_G488.1.tif,Fas_008_R555.1.tif,/Volumes/D/YAPSMAD_Nuclear_Localization/251219_YAPSMAD_Early_D14_Male_#3/tifs,/Volumes/D/YAPSMAD_Nuclear_Localization/251219_YAPSMAD_Early_D14_Male_#3/tifs,/Volumes/D/YAPSMAD_Nuclear_Localization/251219_YAPSMAD_Early_D14_Male_#3/tifs,/Volumes/D/YAPSMAD_Nuclear_Localization/251219_YAPSMAD_Early_D14_Male_#3/tifs,920,2806,5.380818585768341,0.9292398914228673,0.18584532893282954,2.937300847151696,2.23606797749979,3.0433966857381165,7.572564352769405,2.8025635350495577,0.0033080398758023005,0.00823104820953196,0.003046264712010389,0.002223173639634167,0.005479243120456552,0.0012583842120630125
7,30,Fas_008_DAPI.1.tif,Fas_008_W647.1.tif,Fas_008_G488.1.tif,Fas_008_R555.1.tif,/Volumes/D/YAPSMAD_Nuclear_Localization/251219_YAPSMAD_Early_D14_Male_#3/tifs,/Volumes/D/YAPSMAD_Nuclear_Localization/251219_YAPSMAD_Early_D14_Male_#3/tifs,/Volumes/D/YAPSMAD_Nuclear_Localization/251219_YAPSMAD_Early_D14_Male_#3/tifs,/Volumes/D/YAPSMAD_Nuclear_Localization/251219_YAPSMAD_Early_D14_Male_#3/tifs,3449,9135,4.574712856954919,0.7068526347137349,0.2185929546331424,7.516641107182716,6.082762530298219,20.981948874425143,31.54877578583546,45.23845305480063,0.006083487641178644,0.009147224060839508,0.013116396942534251,0.0034096620059975067,0.005766349810178188,0.009854478709743628
8,1,Fas_009_DAPI.1.tif,Fas_009_W647.1.tif,Fas_009_G488.1.tif,Fas_009_R555.1.tif,/Volumes/D/YAPSMAD_Nuclear_Localization/251219_YAPSMAD_Early_D14_Male_#3/tifs,/Volumes/D/YAPSMAD_Nuclear_Localization/251219_YAPSMAD_Early_D14_Male_#3/tifs,/Volumes/D/YAPSMAD_Nuclear_Localization/251219_YAPSMAD_Early_D14_Male_#3/tifs,/Volumes/D/YAPSMAD_Nuclear_Localization/251219_YAPSMAD_Early_D14_Male_#3/tifs,2682,5530,3.531855151315901,0.6121399355396235,0.2831373193850884,6.476015285119437,5.385164807134504,23.568932867608964,17.13858263241127,17.889830054249614,0.008787819861151739,0.006390224695157073,0.006670331862136321,0.0054763374084107405,0.0036956928377674756,0.004152064155678761
8,2,Fas_009_DAPI.1.tif,Fas_009_W647.1.tif,Fas_009_G488.1.tif,Fas_009_R555.1.tif,/Volumes/D/YAPSMAD_Nuclear_Localization/251219_YAPSMAD_Early_D14_Male_#3/tifs,/Volumes/D/YAPSMAD_Nuclear_Localization/251219_YAPSMAD_Early_D14_Male_#3/tifs,/Volumes/D/YAPSMAD_Nuclear_Localization/251219_YAPSMAD_Early_D14_Male_#3/tifs,/Volumes/D/YAPSMAD_Nuclear_Localization/251219_YAPSMAD_Early_D14_Male_#3/tifs,2580,8740,7.574608422388144,0.6936491682724324,0.13202002588600048,5.367170020395801,4.0,22.816022208193317,13.052460646256804,24.734065921977162,0.008843419460540045,0.005059093273742947,0.009586847256580296,0.0069573637837636315,0.002262522427024098,0.007090617039669848
8,3,Fas_009_DAPI.1.tif,Fas_009_W647.1.tif,Fas_009_G488.1.tif,Fas_009_R555.1.tif,/Volumes/D/YAPSMAD_Nuclear_Localization/251219_YAPSMAD_Early_D14_Male_#3/tifs,/Volumes/D/YAPSMAD_Nuclear_Localization/251219_YAPSMAD_Early_D14_Male_#3/tifs,/Volumes/D/YAPSMAD_Nuclear_Localization/251219_YAPSMAD_Early_D14_Male_#3/tifs,/Volumes/D/YAPSMAD_Nuclear_Localization/251219_YAPSMAD_Early_D14_Male_#3/tifs,2909,8700,8.64126245836394,0.8219114033501894,0.11572383142142532,5.286714136940329,4.123105625617661,17.14897405076772,14.657740311464295,25.33839958976023,0.005895144053203067,0.005038755693181263,0.00871034705732562,0.0035750866399759055,0.002199363235159617,0.0053056025437522485
8,4,Fas_009_DAPI.1.tif,Fas_009_W647.1.tif,Fas_009_G488.1.tif,Fas_009_R555.1.tif,/Volumes/D/YAPSMAD_Nuclear_Localization/251219_YAPSMAD_Early_D14_Male_#3/tifs,/Volumes/D/YAPSMAD_Nuclear_Localization/251219_YAPSMAD_Early_D14_Male_#3/tifs,/Volumes/D/YAPSMAD_Nuclear_Localization/251219_YAPSMAD_Early_D14_Male_#3/tifs,/Volumes/D/YAPSMAD_Nuclear_Localization/251219_YAPSMAD_Early_D14_Male_#3/tifs,2406,6700,5.362036471030631,0.8208457746735117,0.18649630702862247,5.422687045663959,4.242640687119285,15.329259351361543,14.470710442401469,26.13482887810096,0.0063712632383048804,0.006014426617789471,0.010862356142186601,0.004583345800946663,0.003828599346224628,0.008053099320535337
8,5,Fas_009_DAPI.1.tif,Fas_009_W647.1.tif,Fas_009_G488.1.tif,Fas_009_R555.1.tif,/Volumes/D/YAPSMAD_Nuclear_Localization/251219_YAPSMAD_Early_D14_Male_#3/tifs,/Volumes/D/YAPSMAD_Nuclear_Localization/251219_YAPSMAD_Early_D14_Male_#3/tifs,/Volumes/D/YAPSMAD_Nuclear_Localization/251219_YAPSMAD_Early_D14_Male_#3/tifs,/Volumes/D/YAPSMAD_Nuclear_Localization/251219_YAPSMAD_Early_D14_Male_#3/tifs,1686,3036,2.2665448969937505,0.7367932121362978,0.44120017270620043,6.35222284750173,5.242092160363644,14.823438028804958,13.047211522003636,20.123842325992882,0.008792074750180876,0.007738559621591717,0.011935849540921046,0.005546385830285432,0.004575422265118095,0.007831358740445825
8,6,Fas_009_DAPI.1.tif,Fas_009_W647.1.tif,Fas_009_G488.1.tif,Fas_009_R555.1.tif,/Volumes/D/YAPSMAD_Nuclear_Localization/251219_YAPSMAD_Early_D14_Male_#3/tifs,/Volumes/D/YAPSMAD_Nuclear_Localization/251219_YAPSMAD_Early_D14_Male_#3/tifs,/Volumes/D/YAPSMAD_Nuclear_Localization/251219_YAPSMAD_Early_D14_Male_#3/tifs,/Volumes/D/YAPSMAD_Nuclear_Localization/251219_YAPSMAD_Early_D14_Male_#3/tifs,1741,2256,1.5746894439688173,0.3401453815897378,0.6350458522663486,7.419194836353942,6.4031242374328485,18.703746280400082,8.925841278629377,19.22615412203595,0.010743105273061507,0.005126847374284536,0.011043167215414101,0.005614313070778582,0.0019723474443710423,0.005669644909622277
8,7,Fas_009_DAPI.1.tif,Fas_009_W647.1.tif,Fas_009_G488.1.tif,Fas_009_R555.1.tif,/Volumes/D/YAPSMAD_Nuclear_Localization/251219_YAPSMAD_Early_D14_Male_#3/tifs,/Volumes/D/YAPSMAD_Nuclear_Localization/251219_YAPSMAD_Early_D14_Male_#3/tifs,/Volumes/D/YAPSMAD_Nuclear_Localization/251219_YAPSMAD_Early_D14_Male_#3/tifs,/Volumes/D/YAPSMAD_Nuclear_Localization/251219_YAPSMAD_Early_D14_Male_#3/tifs,1632,5130,5.515407032292676,0.8048684480209186,0.1813102812077161,4.926401680995929,3.605551275463989,9.384466426447034,9.758022510213777,16.241184217855334,0.005750285800519016,0.005979180459689815,0.00995170601584273,0.005092184194339375,0.003455564627244578,0.007003777670820706
8,8,Fas_009_DAPI.1.tif,Fas_009_W647.1.tif,Fas_009_G488.1.tif,Fas_009_R555.1.tif,/Volumes/D/YAPSMAD_Nuclear_Localization/251219_YAPSMAD_Early_D14_Male_#3/tifs,/Volumes/D/YAPSMAD_Nuclear_Localization/251219_YAPSMAD_Early_D14_Male_#3/tifs,/Volumes/D/YAPSMAD_Nuclear_Localization/251219_YAPSMAD_Early_D14_Male_#3/tifs,/Volumes/D/YAPSMAD_Nuclear_Localization/251219_YAPSMAD_Early_D14_Male_#3/tifs,1172,2880,3.9828716523131256,0.5547330815804218,0.2510751255113209,4.4992433988205365,3.605551275463989,7.957000168040395,11.649073145352304,8.187319872668013,0.006789249290136855,0.009939482205932,0.006985767809443697,0.00430414367692085,0.0068066737389663795,0.002619072930900315
8,9,Fas_009_DAPI.1.tif,Fas_009_W647.1.tif,Fas_009_G488.1.tif,Fas_009_R555.1.tif,/Volumes/D/YAPSMAD_Nuclear_Localization/251219_YAPSMAD_Early_D14_Male_#3/tifs,/Volumes/D/YAPSMAD_Nuclear_Localization/251219_YAPSMAD_Early_D14_Male_#3/tifs,/Volumes/D/YAPSMAD_Nuclear_Localization/251219_YAPSMAD_Early_D14_Male_#3/tifs,/Volumes/D/YAPSMAD_Nuclear_Localization/251219_YAPSMAD_Early_D14_Male_#3/tifs,1901,4158,4.285001668591533,0.8002494776894237,0.2333721378289911,4.907754797185157,4.123105625617661,10.206485198112205,10.927184060681611,16.52898463467136,0.005369008520837561,0.0057481241771076335,0.008694889339648269,0.0032858918002269546,0.0032975673987122906,0.005496919993451218
8,10,Fas_009_DAPI.1.tif,Fas_009_W647.1.tif,Fas_009_G488.1.tif,Fas_009_R555.1.tif,/Volumes/D/YAPSMAD_Nuclear_Localization/251219_YAPSMAD_Early_D14_Male_#3/tifs,/Volumes/D/YAPSMAD_Nuclear_Localization/251219_YAPSMAD_Early_D14_Male_#3/tifs,/Volumes/D/YAPSMAD_Nuclear_Localization/251219_YAPSMAD_Early_D14_Male_#3/tifs,/Volumes/D/YAPSMAD_Nuclear_Localization/251219_YAPSMAD_Early_D14_Male_#3/tifs,1795,6400,5.639739891519896,0.8708562926661229,0.17731314195954923,4.334720727860155,3.605551275463989,13.712459111353382,15.69387372257188,17.54883665498346,0.007639252986826397,0.008743105137923052,0.009776510671299978,0.009107218961763834,0.0048586101534923865,0.004653933543788753
8,11,Fas_009_DAPI.1.tif,Fas_009_W647.1.tif,Fas_009_G488.1.tif,Fas_009_R555.1.tif,/Volumes/D/YAPSMAD_Nuclear_Localization/251219_YAPSMAD_Early_D14_Male_#3/tifs,/Volumes/D/YAPSMAD_Nuclear_Localization/251219_YAPSMAD_Early_D14_Male_#3/tifs,/Volumes/D/YAPSMAD_Nuclear_Localization/251219_YAPSMAD_Early_D14_Male_#3/tifs,/Volumes/D/YAPSMAD_Nuclear_Localization/251219_YAPSMAD_Early_D14_Male_#3/tifs,3731,11136,5.826554268462345,0.459545498864754,0.17162802471655425,5.343417844534941,4.47213595499958,25.37189318984747,34.87457108241506,25.51837976020761,0.00680029300183529,0.009347244996626926,0.006839555014797,0.004243843690957067,0.007969704383918905,0.004208984924449683
8,12,Fas_009_DAPI.1.tif,Fas_009_W647.1.tif,Fas_009_G488.1.tif,Fas_009_R555.1.tif,/Volumes/D/YAPSMAD_Nuclear_Localization/251219_YAPSMAD_Early_D14_Male_#3/tifs,/Volumes/D/YAPSMAD_Nuclear_Localization/251219_YAPSMAD_Early_D14_Male_#3/tifs,/Volumes/D/YAPSMAD_Nuclear_Localization/251219_YAPSMAD_Early_D14_Male_#3/tifs,/Volumes/D/YAPSMAD_Nuclear_Localization/251219_YAPSMAD_Early_D14_Male_#3/tifs,2603,7200,5.694002258170237,0.46433037313241315,0.17562339364462232,5.412083282737498,4.47213595499958,14.320256497012451,16.423850148683414,15.419669030467048,0.005501443141380119,0.0063095851512421875,0.00592380677313371,0.004262968915671688,0.002945267582525192,0.003316811789658577
8,13,Fas_009_DAPI.1.tif,Fas_009_W647.1.tif,Fas_009_G488.1.tif,Fas_009_R555.1.tif,/Volumes/D/YAPSMAD_Nuclear_Localization/251219_YAPSMAD_Early_D14_Male_#3/tifs,/Volumes/D/YAPSMAD_Nuclear_Localization/251219_YAPSMAD_Early_D14_Male_#3/tifs,/Volumes/D/YAPSMAD_Nuclear_Localization/251219_YAPSMAD_Early_D14_Male_#3/tifs,/Volumes/D/YAPSMAD_Nuclear_Localization/251219_YAPSMAD_Early_D14_Male_#3/tifs,2201,5168,2.731549030968802,0.8473088637761897,0.36609264145089454,6.484130168716398,5.830951894845301,18.85293376701884,20.2789503633976,21.10022144857794,0.00856562188415213,0.009213516748476874,0.0095866521801808,0.0037538116004108835,0.005642121683711311,0.0048434394268864955
8,14,Fas_009_DAPI.1.tif,Fas_009_W647.1.tif,Fas_009_G488.1.tif,Fas_009_R555.1.tif,/Volumes/D/YAPSMAD_Nuclear_Localization/251219_YAPSMAD_Early_D14_Male_#3/tifs,/Volumes/D/YAPSMAD_Nuclear_Localization/251219_YAPSMAD_Early_D14_Male_#3/tifs,/Volumes/D/YAPSMAD_Nuclear_Localization/251219_YAPSMAD_Early_D14_Male_#3/tifs,/Volumes/D/YAPSMAD_Nuclear_Localization/251219_YAPSMAD_Early_D14_Male_#3/tifs,3278,10971,6.529429135030075,0.9470702772836663,0.1531527457178527,5.607429472979822,4.47213595499958,27.962066358188167,23.99519377015531,19.406729490263388,0.008530221585780404,0.007320071314873493,0.005920295756639228,0.006771517091258757,0.003941616775775142,0.0027991196349025707
8,15,Fas_009_DAPI.1.tif,Fas_009_W647.1.tif,Fas_009_G488.1.tif,Fas_009_R555.1.tif,/Volumes/D/YAPSMAD_Nuclear_Localization/251219_YAPSMAD_Early_D14_Male_#3/tifs,/Volumes/D/YAPSMAD_Nuclear_Localization/251219_YAPSMAD_Early_D14_Male_#3/tifs,/Volumes/D/YAPSMAD_Nuclear_Localization/251219_YAPSMAD_Early_D14_Male_#3/tifs,/Volumes/D/YAPSMAD_Nuclear_Localization/251219_YAPSMAD_Early_D14_Male_#3/tifs,1121,3478,4.136053065943614,0.9659289850693531,0.24177639504532236,3.4628259771205028,3.0,11.218509283848107,16.64773033373058,10.132082182448357,0.010007590797366732,0.01485078531108883,0.009038431920114503,0.007224154349686399,0.012539071784390305,0.006113728672740471
8,16,Fas_009_DAPI.1.tif,Fas_009_W647.1.tif,Fas_009_G488.1.tif,Fas_009_R555.1.tif,/Volumes/D/YAPSMAD_Nuclear_Localization/251219_YAPSMAD_Early_D14_Male_#3/tifs,/Volumes/D/YAPSMAD_Nuclear_Localization/251219_YAPSMAD_Early_D14_Male_#3/tifs,/Volumes/D/YAPSMAD_Nuclear_Localization/251219_YAPSMAD_Early_D14_Male_#3/tifs,/Volumes/D/YAPSMAD_Nuclear_Localization/251219_YAPSMAD_Early_D14_Male_#3/tifs,1781,5265,4.059351767049849,0.6508507532400264,0.24634475093218003,5.703418400635924,5.0,10.094438215484843,13.592736858176067,18.47945387312211,0.005667848520766335,0.0076320813353038,0.010375886509333021,0.0031788974690400845,0.0047110285129421114,0.006463953829632319
8,17,Fas_009_DAPI.1.tif,Fas_009_W647.1.tif,Fas_009_G488.1.tif,Fas_009_R555.1.tif,/Volumes/D/YAPSMAD_Nuclear_Localization/251219_YAPSMAD_Early_D14_Male_#3/tifs,/Volumes/D/YAPSMAD_Nuclear_Localization/251219_YAPSMAD_Early_D14_Male_#3/tifs,/Volumes/D/YAPSMAD_Nuclear_Localization/251219_YAPSMAD_Early_D14_Male_#3/tifs,/Volumes/D/YAPSMAD_Nuclear_Localization/251219_YAPSMAD_Early_D14_Male_#3/tifs,2025,3721,2.9148807188791586,0.40651645072229436,0.3430672114722155,6.8561036973030856,5.830951894845301,18.877989052562043,17.794934142613783,19.60289937397465,0.009322463729660268,0.00878762179882162,0.009680444135296125,0.005642048452331983,0.009019536678660515,0.006683111332825928
8,18,Fas_009_DAPI.1.tif,Fas_009_W647.1.tif,Fas_009_G488.1.tif,Fas_009_R555.1.tif,/Volumes/D/YAPSMAD_Nuclear_Localization/251219_YAPSMAD_Early_D14_Male_#3/tifs,/Volumes/D/YAPSMAD_Nuclear_Localization/251219_YAPSMAD_Early_D14_Male_#3/tifs,/Volumes/D/YAPSMAD_Nuclear_Localization/251219_YAPSMAD_Early_D14_Male_#3/tifs,/Volumes/D/YAPSMAD_Nuclear_Localization/251219_YAPSMAD_Early_D14_Male_#3/tifs,3263,8640,5.352510642208178,0.8574970203909107,0.1868282133087829,6.268357777286297,5.0990195135927845,19.145495020784438,33.48253627051599,23.99221812840551,0.0058674517379051295,0.010261273757436712,0.007352809723691545,0.003939052541708957,0.008931260408791409,0.004269197760249001
8,19,Fas_009_DAPI.1.tif,Fas_009_W647.1.tif,Fas_009_G488.1.tif,Fas_009_R555.1.tif,/Volumes/D/YAPSMAD_Nuclear_Localization/251219_YAPSMAD_Early_D14_Male_#3/tifs,/Volumes/D/YAPSMAD_Nuclear_Localization/251219_YAPSMAD_Early_D14_Male_#3/tifs,/Volumes/D/YAPSMAD_Nuclear_Localization/251219_YAPSMAD_Early_D14_Male_#3/tifs,/Volumes/D/YAPSMAD_Nuclear_Localization/251219_YAPSMAD_Early_D14_Male_#3/tifs,2110,4794,4.141670349139023,0.8805658795372442,0.2414484774742832,5.326675117585701,4.242640687119285,13.988891593413427,15.733013068325818,15.143236562144011,0.006629806442376032,0.007456404297784748,0.007176889365945029,0.0061805412024364395,0.005308598346743371,0.0040190318277374916
8,20,Fas_009_DAPI.1.tif,Fas_009_W647.1.tif,Fas_009_G488.1.tif,Fas_009_R555.1.tif,/Volumes/D/YAPSMAD_Nuclear_Localization/251219_YAPSMAD_Early_D14_Male_#3/tifs,/Volumes/D/YAPSMAD_Nuclear_Localization/251219_YAPSMAD_Early_D14_Male_#3/tifs,/Volumes/D/YAPSMAD_Nuclear_Localization/251219_YAPSMAD_Early_D14_Male_#3/tifs,/Volumes/D/YAPSMAD_Nuclear_Localization/251219_YAPSMAD_Early_D14_Male_#3/tifs,2577,4140,1.623323631582829,0.4346442895247342,0.6160201087105135,8.251604802819553,7.211102550927978,32.74747869046405,29.563790551619604,26.147631282685325,0.012707597473986825,0.011472173283515562,0.010146539108531364,0.00867491514795124,0.010295737847991098,0.006739842538657105
8,21,Fas_009_DAPI.1.tif,Fas_009_W647.1.tif,Fas_009_G488.1.tif,Fas_009_R555.1.tif,/Volumes/D/YAPSMAD_Nuclear_Localization/251219_YAPSMAD_Early_D14_Male_#3/tifs,/Volumes/D/YAPSMAD_Nuclear_Localization/251219_YAPSMAD_Early_D14_Male_#3/tifs,/Volumes/D/YAPSMAD_Nuclear_Localization/251219_YAPSMAD_Early_D14_Male_#3/tifs,/Volumes/D/YAPSMAD_Nuclear_Localization/251219_YAPSMAD_Early_D14_Male_#3/tifs,1778,4060,2.946640205204834,0.5639034224341222,0.33936956342129515,6.49706308434909,5.385164807134504,12.8782331594266,16.783795057795942,19.206103729549795,0.00724310076458189,0.009439704756915603,0.010802083087485825,0.004765896234134652,0.006306916560280851,0.00646661896993776
8,22,Fas_009_DAPI.1.tif,Fas_009_W647.1.tif,Fas_009_G488.1.tif,Fas_009_R555.1.tif,/Volumes/D/YAPSMAD_Nuclear_Localization/251219_YAPSMAD_Early_D14_Male_#3/tifs,/Volumes/D/YAPSMAD_Nuclear_Localization/251219_YAPSMAD_Early_D14_Male_#3/tifs,/Volumes/D/YAPSMAD_Nuclear_Localization/251219_YAPSMAD_Early_D14_Male_#3/tifs,/Volumes/D/YAPSMAD_Nuclear_Localization/251219_YAPSMAD_Early_D14_Male_#3/tifs,3383,13932,9.223656171217423,0.7849556077657079,0.10841687736805684,5.702339771782853,4.123105625617661,24.294362090993673,31.380041539669037,33.88351286598481,0.007181307150751898,0.009275802997241808,0.010015818169076209,0.004767674546388016,0.007250164670958703,0.007404054610392043
9,1,LPATGFb_010_DAPI.1.1.tif,LPATGFb_010_W647.1.1.tif,LPATGFb_010_G488.1.1.tif,LPATGFb_010_R555.1.1.tif,/Volumes/D/YAPSMAD_Nuclear_Localization/251219_YAPSMAD_Early_D14_Male_#3/tifs,/Volumes/D/YAPSMAD_Nuclear_Localization/251219_YAPSMAD_Early_D14_Male_#3/tifs,/Volumes/D/YAPSMAD_Nuclear_Localization/251219_YAPSMAD_Early_D14_Male_#3/tifs,/Volumes/D/YAPSMAD_Nuclear_Localization/251219_YAPSMAD_Early_D14_Male_#3/tifs,6777,12208,4.2575768867018695,0.8218825235258588,0.2348753825499672,9.34153906314232,8.0,78.09514069976285,81.79502630978823,28.971862618578598,0.01152355624904277,0.01206950366088066,0.004275027684606551,0.0065656495478476256,0.008150811947141984,0.003565346777533634
9,2,LPATGFb_010_DAPI.1.1.tif,LPATGFb_010_W647.1.1.tif,LPATGFb_010_G488.1.1.tif,LPATGFb_010_R555.1.1.tif,/Volumes/D/YAPSMAD_Nuclear_Localization/251219_YAPSMAD_Early_D14_Male_#3/tifs,/Volumes/D/YAPSMAD_Nuclear_Localization/251219_YAPSMAD_Early_D14_Male_#3/tifs,/Volumes/D/YAPSMAD_Nuclear_Localization/251219_YAPSMAD_Early_D14_Male_#3/tifs,/Volumes/D/YAPSMAD_Nuclear_Localization/251219_YAPSMAD_Early_D14_Male_#3/tifs,3446,10400,9.699275063391953,0.7331216080951115,0.10310048879573562,5.2860488840306905,4.0,43.11541956127621,68.12184360064566,32.913313802331686,0.012511729414183463,0.019768381776159506,0.009551164771425329,0.008756181233525841,0.0089116704963204,0.005738300208216122
9,3,LPATGFb_010_DAPI.1.1.tif,LPATGFb_010_W647.1.1.tif,LPATGFb_010_G488.1.1.tif,LPATGFb_010_R555.1.1.tif,/Volumes/D/YAPSMAD_Nuclear_Localization/251219_YAPSMAD_Early_D14_Male_#3/tifs,/Volumes/D/YAPSMAD_Nuclear_Localization/251219_YAPSMAD_Early_D14_Male_#3/tifs,/Volumes/D/YAPSMAD_Nuclear_Localization/251219_YAPSMAD_Early_D14_Male_#3/tifs,/Volumes/D/YAPSMAD_Nuclear_Localization/251219_YAPSMAD_Early_D14_Male_#3/tifs,4099,10824,6.540205985493416,0.8862395849441492,0.1529003829876402,5.733152209136913,5.0,92.1609829638619,103.93012924492359,46.099122878396884,0.02248377237469185,0.025354996156360964,0.011246431539008754,0.015192816932664385,0.018120560419034995,0.008808880292253662
9,4,LPATGFb_010_DAPI.1.1.tif,LPATGFb_010_W647.1.1.tif,LPATGFb_010_G488.1.1.tif,LPATGFb_010_R555.1.1.tif,/Volumes/D/YAPSMAD_Nuclear_Localization/251219_YAPSMAD_Early_D14_Male_#3/tifs,/Volumes/D/YAPSMAD_Nuclear_Localization/251219_YAPSMAD_Early_D14_Male_#3/tifs,/Volumes/D/YAPSMAD_Nuclear_Localization/251219_YAPSMAD_Early_D14_Male_#3/tifs,/Volumes/D/YAPSMAD_Nuclear_Localization/251219_YAPSMAD_Early_D14_Male_#3/tifs,2374,5250,4.4383251020156935,0.6031706874738143,0.22531021883589458,6.075324048341409,5.0,40.59079907392152,75.25839638803154,40.1527124941349,0.01709806195194672,0.031701093676508654,0.01691352674563391,0.009664303573342052,0.019909214574604935,0.011924150886252047
9,5,LPATGFb_010_DAPI.1.1.tif,LPATGFb_010_W647.1.1.tif,LPATGFb_010_G488.1.1.tif,LPATGFb_010_R555.1.1.tif,/Volumes/D/YAPSMAD_Nuclear_Localization/251219_YAPSMAD_Early_D14_Male_#3/tifs,/Volumes/D/YAPSMAD_Nuclear_Localization/251219_YAPSMAD_Early_D14_Male_#3/tifs,/Volumes/D/YAPSMAD_Nuclear_Localization/251219_YAPSMAD_Early_D14_Male_#3/tifs,/Volumes/D/YAPSMAD_Nuclear_Localization/251219_YAPSMAD_Early_D14_Male_#3/tifs,1676,3402,7.5296763713491215,0.5969131929593413,0.13280783272506388,4.186772749937429,3.0,17.634622883051634,33.885175925912336,12.42972467909567,0.010521851362202645,0.020217885397322395,0.007416303507813646,0.006681608297058021,0.019554323012738965,0.005822444043503786
9,6,LPATGFb_010_DAPI.1.1.tif,LPATGFb_010_W647.1.1.tif,LPATGFb_010_G488.1.1.tif,LPATGFb_010_R555.1.1.tif,/Volumes/D/YAPSMAD_Nuclear_Localization/251219_YAPSMAD_Early_D14_Male_#3/tifs,/Volumes/D/YAPSMAD_Nuclear_Localization/251219_YAPSMAD_Early_D14_Male_#3/tifs,/Volumes/D/YAPSMAD_Nuclear_Localization/251219_YAPSMAD_Early_D14_Male_#3/tifs,/Volumes/D/YAPSMAD_Nuclear_Localization/251219_YAPSMAD_Early_D14_Male_#3/tifs,2761,5481,4.204812978395406,0.8090795886431741,0.23782270582260448,6.597310055599822,5.0990195135927845,49.91357319219969,93.26448478968814,48.695796377258375,0.018078077939949182,0.03377924114077803,0.017637014261955224,0.011042763664671041,0.021002791636739716,0.011518882900924357
9,7,LPATGFb_010_DAPI.1.1.tif,LPATGFb_010_W647.1.1.tif,LPATGFb_010_G488.1.1.tif,LPATGFb_010_R555.1.1.tif,/Volumes/D/YAPSMAD_Nuclear_Localization/251219_YAPSMAD_Early_D14_Male_#3/tifs,/Volumes/D/YAPSMAD_Nuclear_Localization/251219_YAPSMAD_Early_D14_Male_#3/tifs,/Volumes/D/YAPSMAD_Nuclear_Localization/251219_YAPSMAD_Early_D14_Male_#3/tifs,/Volumes/D/YAPSMAD_Nuclear_Localization/251219_YAPSMAD_Early_D14_Male_#3/tifs,2448,9656,6.622974761364511,0.9469321352400516,0.15098955318893184,4.524810652172807,3.1622776601683795,46.56398889818229,75.64046709844843,28.668421652168036,0.019021237295009104,0.030898883618647233,0.011710956557258184,0.012090795776091241,0.021978349531825217,0.008868606827780462
9,8,LPATGFb_010_DAPI.1.1.tif,LPATGFb_010_W647.1.1.tif,LPATGFb_010_G488.1.1.tif,LPATGFb_010_R555.1.1.tif,/Volumes/D/YAPSMAD_Nuclear_Localization/251219_YAPSMAD_Early_D14_Male_#3/tifs,/Volumes/D/YAPSMAD_Nuclear_Localization/251219_YAPSMAD_Early_D14_Male_#3/tifs,/Volumes/D/YAPSMAD_Nuclear_Localization/251219_YAPSMAD_Early_D14_Male_#3/tifs,/Volumes/D/YAPSMAD_Nuclear_Localization/251219_YAPSMAD_Early_D14_Male_#3/tifs,2529,6097,4.15074281704094,0.7292559057196445,0.24092073252394347,5.985201012317299,4.47213595499958,35.699595909100026,66.08615258103237,24.934172810288146,0.014116091699920928,0.026131337517213273,0.00985930122984901,0.008984799090111345,0.01847118364525739,0.006502939991716072
9,9,LPATGFb_010_DAPI.1.1.tif,LPATGFb_010_W647.1.1.tif,LPATGFb_010_G488.1.1.tif,LPATGFb_010_R555.1.1.tif,/Volumes/D/YAPSMAD_Nuclear_Localization/251219_YAPSMAD_Early_D14_Male_#3/tifs,/Volumes/D/YAPSMAD_Nuclear_Localization/251219_YAPSMAD_Early_D14_Male_#3/tifs,/Volumes/D/YAPSMAD_Nuclear_Localization/251219_YAPSMAD_Early_D14_Male_#3/tifs,/Volumes/D/YAPSMAD_Nuclear_Localization/251219_YAPSMAD_Early_D14_Male_#3/tifs,2184,3876,2.050816629843829,0.5117175247848947,0.48761063541607363,7.738810554343827,6.708203932499369,41.088960316265,75.04794390592724,35.58655698946677,0.018813626518436356,0.034362611678538116,0.016294211075763173,0.008851238067911264,0.021202212880439372,0.009856697706537895
9,10,LPATGFb_010_DAPI.1.1.tif,LPATGFb_010_W647.1.1.tif,LPATGFb_010_G488.1.1.tif,LPATGFb_010_R555.1.1.tif,/Volumes/D/YAPSMAD_Nuclear_Localization/251219_YAPSMAD_Early_D14_Male_#3/tifs,/Volumes/D/YAPSMAD_Nuclear_Localization/251219_YAPSMAD_Early_D14_Male_#3/tifs,/Volumes/D/YAPSMAD_Nuclear_Localization/251219_YAPSMAD_Early_D14_Male_#3/tifs,/Volumes/D/YAPSMAD_Nuclear_Localization/251219_YAPSMAD_Early_D14_Male_#3/tifs,2691,9400,4.163545456559739,0.8724024239090162,0.2401799164758685,5.772546599606769,5.0,34.59812342817895,90.74061201326549,39.3829406502191,0.012856976376134876,0.033720034192963766,0.014635057841032738,0.007609740249640229,0.019093534382316153,0.010807041001461924
9,11,LPATGFb_010_DAPI.1.1.tif,LPATGFb_010_W647.1.1.tif,LPATGFb_010_G488.1.1.tif,LPATGFb_010_R555.1.1.tif,/Volumes/D/YAPSMAD_Nuclear_Localization/251219_YAPSMAD_Early_D14_Male_#3/tifs,/Volumes/D/YAPSMAD_Nuclear_Localization/251219_YAPSMAD_Early_D14_Male_#3/tifs,/Volumes/D/YAPSMAD_Nuclear_Localization/251219_YAPSMAD_Early_D14_Male_#3/tifs,/Volumes/D/YAPSMAD_Nuclear_Localization/251219_YAPSMAD_Early_D14_Male_#3/tifs,1778,4290,3.388403606989902,0.6103109191966402,0.2951242283938993,6.019986474089113,5.0,23.29987047170289,60.01039143605158,35.67507456289604,0.013104539072948757,0.03375162622950032,0.02006472135146009,0.008958281090126719,0.01722923778447687,0.012380156744924133
9,12,LPATGFb_010_DAPI.1.1.tif,LPATGFb_010_W647.1.1.tif,LPATGFb_010_G488.1.1.tif,LPATGFb_010_R555.1.1.tif,/Volumes/D/YAPSMAD_Nuclear_Localization/251219_YAPSMAD_Early_D14_Male_#3/tifs,/Volumes/D/YAPSMAD_Nuclear_Localization/251219_YAPSMAD_Early_D14_Male_#3/tifs,/Volumes/D/YAPSMAD_Nuclear_Localization/251219_YAPSMAD_Early_D14_Male_#3/tifs,/Volumes/D/YAPSMAD_Nuclear_Localization/251219_YAPSMAD_Early_D14_Male_#3/tifs,3226,11392,4.589480314810618,0.7062049785588224,0.21788959346288522,5.851058167632328,5.0,50.739986583124846,126.27258731471375,56.820386370876804,0.015728452133640682,0.03914215353834896,0.017613262979193058,0.010602300680962405,0.01760450211393456,0.008232312788984727
9,13,LPATGFb_010_DAPI.1.1.tif,LPATGFb_010_W647.1.1.tif,LPATGFb_010_G488.1.1.tif,LPATGFb_010_R555.1.1.tif,/Volumes/D/YAPSMAD_Nuclear_Localization/251219_YAPSMAD_Early_D14_Male_#3/tifs,/Volumes/D/YAPSMAD_Nuclear_Localization/251219_YAPSMAD_Early_D14_Male_#3/tifs,/Volumes/D/YAPSMAD_Nuclear_Localization/251219_YAPSMAD_Early_D14_Male_#3/tifs,/Volumes/D/YAPSMAD_Nuclear_Localization/251219_YAPSMAD_Early_D14_Male_#3/tifs,171,209,1.089460529819889,0.8046030230789232,0.9178854787564643,2.619677930355751,2.23606797749979,0.07832455937750638,2.5485923714004457,0.3882658120710403,0.0004580383589327858,0.014904048955558162,0.0022705603045090074,8.105408940407311e-05,0.004294521966898607,0.0003219068465110613
9,14,LPATGFb_010_DAPI.1.1.tif,LPATGFb_010_W647.1.1.tif,LPATGFb_010_G488.1.1.tif,LPATGFb_010_R555.1.1.tif,/Volumes/D/YAPSMAD_Nuclear_Localization/251219_YAPSMAD_Early_D14_Male_#3/tifs,/Volumes/D/YAPSMAD_Nuclear_Localization/251219_YAPSMAD_Early_D14_Male_#3/tifs,/Volumes/D/YAPSMAD_Nuclear_Localization/251219_YAPSMAD_Early_D14_Male_#3/tifs,/Volumes/D/YAPSMAD_Nuclear_Localization/251219_YAPSMAD_Early_D14_Male_#3/tifs,2419,4160,1.988026496462524,0.6092805963628302,0.5030114044150774,7.96743908542517,6.708203932499369,44.42937384475954,77.99212647555396,41.422934513073415,0.018366834991632715,0.03224147435946836,0.017123991117434234,0.007958623009750485,0.02003045454115478,0.009553614238565605
9,15,LPATGFb_010_DAPI.1.1.tif,LPATGFb_010_W647.1.1.tif,LPATGFb_010_G488.1.1.tif,LPATGFb_010_R555.1.1.tif,/Volumes/D/YAPSMAD_Nuclear_Localization/251219_YAPSMAD_Early_D14_Male_#3/tifs,/Volumes/D/YAPSMAD_Nuclear_Localization/251219_YAPSMAD_Early_D14_Male_#3/tifs,/Volumes/D/YAPSMAD_Nuclear_Localization/251219_YAPSMAD_Early_D14_Male_#3/tifs,/Volumes/D/YAPSMAD_Nuclear_Localization/251219_YAPSMAD_Early_D14_Male_#3/tifs,1451,2688,2.07355199286485,0.5071971035510306,0.48226425160354197,6.465065047501424,5.656854249492381,11.92457480658777,37.416464612819254,25.235477363225073,0.008218176985932302,0.025786674440261375,0.017391783158666487,0.0032386624685438793,0.014581733690125514,0.009805884084192695
9,16,LPATGFb_010_DAPI.1.1.tif,LPATGFb_010_W647.1.1.tif,LPATGFb_010_G488.1.1.tif,LPATGFb_010_R555.1.1.tif,/Volumes/D/YAPSMAD_Nuclear_Localization/251219_YAPSMAD_Early_D14_Male_#3/tifs,/Volumes/D/YAPSMAD_Nuclear_Localization/251219_YAPSMAD_Early_D14_Male_#3/tifs,/Volumes/D/YAPSMAD_Nuclear_Localization/251219_YAPSMAD_Early_D14_Male_#3/tifs,/Volumes/D/YAPSMAD_Nuclear_Localization/251219_YAPSMAD_Early_D14_Male_#3/tifs,3606,9212,8.163714259134013,0.7874174627555147,0.12249326326936848,5.9536782814672575,4.47213595499958,47.54134472319856,104.58712165383622,34.29529288737103,0.013183955830060611,0.029003638839111542,0.00951061921446784,0.007623168163214557,0.018524432135925528,0.007458921839267146
9,17,LPATGFb_010_DAPI.1.1.tif,LPATGFb_010_W647.1.1.tif,LPATGFb_010_G488.1.1.tif,LPATGFb_010_R555.1.1.tif,/Volumes/D/YAPSMAD_Nuclear_Localization/251219_YAPSMAD_Early_D14_Male_#3/tifs,/Volumes/D/YAPSMAD_Nuclear_Localization/251219_YAPSMAD_Early_D14_Male_#3/tifs,/Volumes/D/YAPSMAD_Nuclear_Localization/251219_YAPSMAD_Early_D14_Male_#3/tifs,/Volumes/D/YAPSMAD_Nuclear_Localization/251219_YAPSMAD_Early_D14_Male_#3/tifs,2172,6468,6.108150343079304,0.737513921795878,0.16371568213494064,5.5874840686253595,4.123105625617661,27.428107333369553,64.55198001628742,30.15382637712173,0.012628042050354307,0.029720064464220725,0.013882977153370963,0.00966133957070329,0.02115197009162657,0.011551460103988474
9,18,LPATGFb_010_DAPI.1.1.tif,LPATGFb_010_W647.1.1.tif,LPATGFb_010_G488.1.1.tif,LPATGFb_010_R555.1.1.tif,/Volumes/D/YAPSMAD_Nuclear_Localization/251219_YAPSMAD_Early_D14_Male_#3/tifs,/Volumes/D/YAPSMAD_Nuclear_Localization/251219_YAPSMAD_Early_D14_Male_#3/tifs,/Volumes/D/YAPSMAD_Nuclear_Localization/251219_YAPSMAD_Early_D14_Male_#3/tifs,/Volumes/D/YAPSMAD_Nuclear_Localization/251219_YAPSMAD_Early_D14_Male_#3/tifs,1702,5829,4.9157520547461235,0.6464538469874626,0.20342767268632012,4.164486157480199,3.605551275463989,26.685221824795008,63.20425739232451,14.550377774750814,0.015678743727846656,0.03713528636446798,0.008548988116774861,0.00990245261073414,0.019559865610110735,0.008213862361778224
9,19,LPATGFb_010_DAPI.1.1.tif,LPATGFb_010_W647.1.1.tif,LPATGFb_010_G488.1.1.tif,LPATGFb_010_R555.1.1.tif,/Volumes/D/YAPSMAD_Nuclear_Localization/251219_YAPSMAD_Early_D14_Male_#3/tifs,/Volumes/D/YAPSMAD_Nuclear_Localization/251219_YAPSMAD_Early_D14_Male_#3/tifs,/Volumes/D/YAPSMAD_Nuclear_Localization/251219_YAPSMAD_Early_D14_Male_#3/tifs,/Volumes/D/YAPSMAD_Nuclear_Localization/251219_YAPSMAD_Early_D14_Male_#3/tifs,2267,5096,3.3197686909770288,0.8994579450173573,0.30122580609846455,6.010181498393449,5.0,20.551003511762246,70.51407653349452,20.797375669004396,0.009065286066061865,0.031104577209305036,0.009173963682842698,0.004746269802106661,0.016358684789442843,0.004988237397019991
9,20,LPATGFb_010_DAPI.1.1.tif,LPATGFb_010_W647.1.1.tif,LPATGFb_010_G488.1.1.tif,LPATGFb_010_R555.1.1.tif,/Volumes/D/YAPSMAD_Nuclear_Localization/251219_YAPSMAD_Early_D14_Male_#3/tifs,/Volumes/D/YAPSMAD_Nuclear_Localization/251219_YAPSMAD_Early_D14_Male_#3/tifs,/Volumes/D/YAPSMAD_Nuclear_Localization/251219_YAPSMAD_Early_D14_Male_#3/tifs,/Volumes/D/YAPSMAD_Nuclear_Localization/251219_YAPSMAD_Early_D14_Male_#3/tifs,1180,2184,1.6178774510625218,0.6124247779920085,0.6180937866111317,5.8754842244908705,5.0,8.645029494306073,30.67589845554903,10.18731985730119,0.007326296181615316,0.02599652411487206,0.008633321912967111,0.00323934710670737,0.01623470713841754,0.004415705292646712
9,21,LPATGFb_010_DAPI.1.1.tif,LPATGFb_010_W647.1.1.tif,LPATGFb_010_G488.1.1.tif,LPATGFb_010_R555.1.1.tif,/Volumes/D/YAPSMAD_Nuclear_Localization/251219_YAPSMAD_Early_D14_Male_#3/tifs,/Volumes/D/YAPSMAD_Nuclear_Localization/251219_YAPSMAD_Early_D14_Male_#3/tifs,/Volumes/D/YAPSMAD_Nuclear_Localization/251219_YAPSMAD_Early_D14_Male_#3/tifs,/Volumes/D/YAPSMAD_Nuclear_Localization/251219_YAPSMAD_Early_D14_Male_#3/tifs,2438,5814,5.094144667407,0.8839446934417183,0.1963038086448801,4.307231017996898,4.0,24.98562622559257,96.11371037969366,27.886091633699834,0.010248411085148715,0.03942317899085056,0.011438101572477372,0.005391720008379025,0.019824686016836932,0.006673678346491653
10,1,LPATGFb_011_DAPI.1.1.tif,LPATGFb_011_W647.1.1.tif,LPATGFb_011_G488.1.1.tif,LPATGFb_011_R555.1.1.tif,/Volumes/D/YAPSMAD_Nuclear_Localization/251219_YAPSMAD_Early_D14_Male_#3/tifs,/Volumes/D/YAPSMAD_Nuclear_Localization/251219_YAPSMAD_Early_D14_Male_#3/tifs,/Volumes/D/YAPSMAD_Nuclear_Localization/251219_YAPSMAD_Early_D14_Male_#3/tifs,/Volumes/D/YAPSMAD_Nuclear_Localization/251219_YAPSMAD_Early_D14_Male_#3/tifs,2284,7728,5.161544568685543,0.94579376839919,0.19374045630970177,5.157069629929349,4.242640687119285,19.069032057886943,17.967986830044538,17.87948438152671,0.00834896324776136,0.007866894408951199,0.007828145526062482,0.0036471527768005,0.0030383893381106322,0.005676266384292602
10,2,LPATGFb_011_DAPI.1.1.tif,LPATGFb_011_W647.1.1.tif,LPATGFb_011_G488.1.1.tif,LPATGFb_011_R555.1.1.tif,/Volumes/D/YAPSMAD_Nuclear_Localization/251219_YAPSMAD_Early_D14_Male_#3/tifs,/Volumes/D/YAPSMAD_Nuclear_Localization/251219_YAPSMAD_Early_D14_Male_#3/tifs,/Volumes/D/YAPSMAD_Nuclear_Localization/251219_YAPSMAD_Early_D14_Male_#3/tifs,/Volumes/D/YAPSMAD_Nuclear_Localization/251219_YAPSMAD_Early_D14_Male_#3/tifs,2348,8541,5.3627064747776165,0.9576639423248363,0.18647300662516095,4.629784164361881,4.0,52.1445335901808,17.76249359222129,16.949279196560383,0.022208063709617035,0.007564946163637687,0.007218602724259107,0.011229355932137475,0.003646856850646077,0.005026746121990134
10,3,LPATGFb_011_DAPI.1.1.tif,LPATGFb_011_W647.1.1.tif,LPATGFb_011_G488.1.1.tif,LPATGFb_011_R555.1.1.tif,/Volumes/D/YAPSMAD_Nuclear_Localization/251219_YAPSMAD_Early_D14_Male_#3/tifs,/Volumes/D/YAPSMAD_Nuclear_Localization/251219_YAPSMAD_Early_D14_Male_#3/tifs,/Volumes/D/YAPSMAD_Nuclear_Localization/251219_YAPSMAD_Early_D14_Male_#3/tifs,/Volumes/D/YAPSMAD_Nuclear_Localization/251219_YAPSMAD_Early_D14_Male_#3/tifs,2945,9828,5.366587473543871,0.9335460741236855,0.18633815342240972,4.756403888427888,4.123105625617661,55.08090356364846,27.427619158290327,32.977813594508916,0.018703193060661618,0.009313283245599432,0.011197899352974165,0.012908810432644307,0.0051359304852455125,0.00954069533495607
10,4,LPATGFb_011_DAPI.1.1.tif,LPATGFb_011_W647.1.1.tif,LPATGFb_011_G488.1.1.tif,LPATGFb_011_R555.1.1.tif,/Volumes/D/YAPSMAD_Nuclear_Localization/251219_YAPSMAD_Early_D14_Male_#3/tifs,/Volumes/D/YAPSMAD_Nuclear_Localization/251219_YAPSMAD_Early_D14_Male_#3/tifs,/Volumes/D/YAPSMAD_Nuclear_Localization/251219_YAPSMAD_Early_D14_Male_#3/tifs,/Volumes/D/YAPSMAD_Nuclear_Localization/251219_YAPSMAD_Early_D14_Male_#3/tifs,9775,27880,3.7315777966332595,0.8232183577969578,0.26798315739316214,10.9334507379083,9.486832980505138,150.59446199284866,64.92303458414972,39.15857225470245,0.015406083068322115,0.006641742668455214,0.0040059920465168744,0.008459809716515295,0.0005792564737026758,0.0008876657596474657
10,5,LPATGFb_011_DAPI.1.1.tif,LPATGFb_011_W647.1.1.tif,LPATGFb_011_G488.1.1.tif,LPATGFb_011_R555.1.1.tif,/Volumes/D/YAPSMAD_Nuclear_Localization/251219_YAPSMAD_Early_D14_Male_#3/tifs,/Volumes/D/YAPSMAD_Nuclear_Localization/251219_YAPSMAD_Early_D14_Male_#3/tifs,/Volumes/D/YAPSMAD_Nuclear_Localization/251219_YAPSMAD_Early_D14_Male_#3/tifs,/Volumes/D/YAPSMAD_Nuclear_Localization/251219_YAPSMAD_Early_D14_Male_#3/tifs,3917,10138,5.519003994237324,0.9351485468946863,0.18119211383868383,6.109942800886407,5.0,61.35233121388592,41.42996916780248,49.43912444077432,0.015663091961676263,0.010576964301200531,0.012621680990751678,0.008785551876067266,0.00588942435462542,0.011094636664674945
10,6,LPATGFb_011_DAPI.1.1.tif,LPATGFb_011_W647.1.1.tif,LPATGFb_011_G488.1.1.tif,LPATGFb_011_R555.1.1.tif,/Volumes/D/YAPSMAD_Nuclear_Localization/251219_YAPSMAD_Early_D14_Male_#3/tifs,/Volumes/D/YAPSMAD_Nuclear_Localization/251219_YAPSMAD_Early_D14_Male_#3/tifs,/Volumes/D/YAPSMAD_Nuclear_Localization/251219_YAPSMAD_Early_D14_Male_#3/tifs,/Volumes/D/YAPSMAD_Nuclear_Localization/251219_YAPSMAD_Early_D14_Male_#3/tifs,3569,7776,5.08908839427344,0.8662811223707997,0.19649884665498488,5.937137465174986,5.0,43.8981769005768,32.394476651679724,23.55652727233246,0.012299853432495601,0.009076625567856465,0.00660031585103179,0.00849757588402773,0.003975733046876855,0.004363862583214694
10,7,LPATGFb_011_DAPI.1.1.tif,LPATGFb_011_W647.1.1.tif,LPATGFb_011_G488.1.1.tif,LPATGFb_011_R555.1.1.tif,/Volumes/D/YAPSMAD_Nuclear_Localization/251219_YAPSMAD_Early_D14_Male_#3/tifs,/Volumes/D/YAPSMAD_Nuclear_Localization/251219_YAPSMAD_Early_D14_Male_#3/tifs,/Volumes/D/YAPSMAD_Nuclear_Localization/251219_YAPSMAD_Early_D14_Male_#3/tifs,/Volumes/D/YAPSMAD_Nuclear_Localization/251219_YAPSMAD_Early_D14_Male_#3/tifs,2660,5092,2.585974643406079,0.5495267650103723,0.3867013942112226,6.743523678311741,5.830951894845301,62.769039686070755,38.11625873250887,21.95851098955609,0.023597383340628105,0.014329420576131154,0.008255079319381988,0.013911967596080783,0.008839924864061165,0.005167701252991236
10,8,LPATGFb_011_DAPI.1.1.tif,LPATGFb_011_W647.1.1.tif,LPATGFb_011_G488.1.1.tif,LPATGFb_011_R555.1.1.tif,/Volumes/D/YAPSMAD_Nuclear_Localization/251219_YAPSMAD_Early_D14_Male_#3/tifs,/Volumes/D/YAPSMAD_Nuclear_Localization/251219_YAPSMAD_Early_D14_Male_#3/tifs,/Volumes/D/YAPSMAD_Nuclear_Localization/251219_YAPSMAD_Early_D14_Male_#3/tifs,/Volumes/D/YAPSMAD_Nuclear_Localization/251219_YAPSMAD_Early_D14_Male_#3/tifs,3315,12928,4.186865006315482,0.9629439222924748,0.23884218824624065,5.952047994573813,5.0,76.09936706419103,30.72860341379419,26.12809978914447,0.022956068495985228,0.009269563624070646,0.007881779725232118,0.008403417294194537,0.0038996227644274373,0.0036732650883231992
10,9,LPATGFb_011_DAPI.1.1.tif,LPATGFb_011_W647.1.1.tif,LPATGFb_011_G488.1.1.tif,LPATGFb_011_R555.1.1.tif,/Volumes/D/YAPSMAD_Nuclear_Localization/251219_YAPSMAD_Early_D14_Male_#3/tifs,/Volumes/D/YAPSMAD_Nuclear_Localization/251219_YAPSMAD_Early_D14_Male_#3/tifs,/Volumes/D/YAPSMAD_Nuclear_Localization/251219_YAPSMAD_Early_D14_Male_#3/tifs,/Volumes/D/YAPSMAD_Nuclear_Localization/251219_YAPSMAD_Early_D14_Male_#3/tifs,4074,7950,2.492536261508344,0.8134385885470204,0.4011977741077498,8.173744942261258,7.211102550927978,120.6516978200525,42.05691660940647,35.362737860530615,0.029615046102123836,0.010323249045018771,0.008680102567631472,0.012955781944909497,0.004000771504561697,0.003190534337429733
10,10,LPATGFb_011_DAPI.1.1.tif,LPATGFb_011_W647.1.1.tif,LPATGFb_011_G488.1.1.tif,LPATGFb_011_R555.1.1.tif,/Volumes/D/YAPSMAD_Nuclear_Localization/251219_YAPSMAD_Early_D14_Male_#3/tifs,/Volumes/D/YAPSMAD_Nuclear_Localization/251219_YAPSMAD_Early_D14_Male_#3/tifs,/Volumes/D/YAPSMAD_Nuclear_Localization/251219_YAPSMAD_Early_D14_Male_#3/tifs,/Volumes/D/YAPSMAD_Nuclear_Localization/251219_YAPSMAD_Early_D14_Male_#3/tifs,3855,10300,4.169848687512681,0.9376106290557534,0.2398168554640051,6.330140234725065,5.830951894845301,51.117449092911556,32.89004392828792,22.399679706431925,0.013260038675204035,0.008531788308245894,0.005810552453030331,0.008120349405999478,0.004245701582555948,0.004002550619023902
10,11,LPATGFb_011_DAPI.1.1.tif,LPATGFb_011_W647.1.1.tif,LPATGFb_011_G488.1.1.tif,LPATGFb_011_R555.1.1.tif,/Volumes/D/YAPSMAD_Nuclear_Localization/251219_YAPSMAD_Early_D14_Male_#3/tifs,/Volumes/D/YAPSMAD_Nuclear_Localization/251219_YAPSMAD_Early_D14_Male_#3/tifs,/Volumes/D/YAPSMAD_Nuclear_Localization/251219_YAPSMAD_Early_D14_Male_#3/tifs,/Volumes/D/YAPSMAD_Nuclear_Localization/251219_YAPSMAD_Early_D14_Male_#3/tifs,1543,2795,2.6630821242324902,0.8735528937286734,0.3755047547728944,4.989277912535771,4.242640687119285,26.36487388727255,12.99630750156939,9.58666374720633,0.017086762078595302,0.008422752755391697,0.006213003076608121,0.01119004182799451,0.0030229572628355616,0.0029580260920011626
10,12,LPATGFb_011_DAPI.1.1.tif,LPATGFb_011_W647.1.1.tif,LPATGFb_011_G488.1.1.tif,LPATGFb_011_R555.1.1.tif,/Volumes/D/YAPSMAD_Nuclear_Localization/251219_YAPSMAD_Early_D14_Male_#3/tifs,/Volumes/D/YAPSMAD_Nuclear_Localization/251219_YAPSMAD_Early_D14_Male_#3/tifs,/Volumes/D/YAPSMAD_Nuclear_Localization/251219_YAPSMAD_Early_D14_Male_#3/tifs,/Volumes/D/YAPSMAD_Nuclear_Localization/251219_YAPSMAD_Early_D14_Male_#3/tifs,2157,4664,4.447695748088076,0.8646762818241915,0.22483552307503687,5.210316017754451,4.123105625617661,62.13717869273387,34.67815691744909,30.631922059692442,0.028807222388842778,0.016077031486995404,0.01420116924417823,0.01561501347842565,0.010414833005447394,0.010487259589538592
10,13,LPATGFb_011_DAPI.1.1.tif,LPATGFb_011_W647.1.1.tif,LPATGFb_011_G488.1.1.tif,LPATGFb_011_R555.1.1.tif,/Volumes/D/YAPSMAD_Nuclear_Localization/251219_YAPSMAD_Early_D14_Male_#3/tifs,/Volumes/D/YAPSMAD_Nuclear_Localization/251219_YAPSMAD_Early_D14_Male_#3/tifs,/Volumes/D/YAPSMAD_Nuclear_Localization/251219_YAPSMAD_Early_D14_Male_#3/tifs,/Volumes/D/YAPSMAD_Nuclear_Localization/251219_YAPSMAD_Early_D14_Male_#3/tifs,2441,4002,1.52201803245684,0.6642454156509174,0.6570224390743918,7.923230445721834,7.0710678118654755,76.70748463715427,30.364156836643815,23.202929995022714,0.031424614763274995,0.012439228527916351,0.009505501841467723,0.012964738503327657,0.004414618281855066,0.0026258943957456504
10,14,LPATGFb_011_DAPI.1.1.tif,LPATGFb_011_W647.1.1.tif,LPATGFb_011_G488.1.1.tif,LPATGFb_011_R555.1.1.tif,/Volumes/D/YAPSMAD_Nuclear_Localization/251219_YAPSMAD_Early_D14_Male_#3/tifs,/Volumes/D/YAPSMAD_Nuclear_Localization/251219_YAPSMAD_Early_D14_Male_#3/tifs,/Volumes/D/YAPSMAD_Nuclear_Localization/251219_YAPSMAD_Early_D14_Male_#3/tifs,/Volumes/D/YAPSMAD_Nuclear_Localization/251219_YAPSMAD_Early_D14_Male_#3/tifs,3348,6308,3.3675449836488025,0.5744972465109629,0.29695223222125455,6.562185097608544,5.830951894845301,53.128328721039,25.68731249170378,17.325780369574204,0.015868676439975804,0.00767243503336433,0.005174964268092654,0.009495340338187132,0.0022502578510286415,0.002106154948592543
10,15,LPATGFb_011_DAPI.1.1.tif,LPATGFb_011_W647.1.1.tif,LPATGFb_011_G488.1.1.tif,LPATGFb_011_R555.1.1.tif,/Volumes/D/YAPSMAD_Nuclear_Localization/251219_YAPSMAD_Early_D14_Male_#3/tifs,/Volumes/D/YAPSMAD_Nuclear_Localization/251219_YAPSMAD_Early_D14_Male_#3/tifs,/Volumes/D/YAPSMAD_Nuclear_Localization/251219_YAPSMAD_Early_D14_Male_#3/tifs,/Volumes/D/YAPSMAD_Nuclear_Localization/251219_YAPSMAD_Early_D14_Male_#3/tifs,1777,4264,2.640484944963481,0.8777709269009789,0.37871831153872776,5.7834826636801155,5.0,46.71386294532567,25.006836224813014,21.64419029117562,0.026288048928151758,0.014072502096124375,0.012180185870104457,0.012043791601318637,0.007357262907693354,0.007041305226275346
10,16,LPATGFb_011_DAPI.1.1.tif,LPATGFb_011_W647.1.1.tif,LPATGFb_011_G488.1.1.tif,LPATGFb_011_R555.1.1.tif,/Volumes/D/YAPSMAD_Nuclear_Localization/251219_YAPSMAD_Early_D14_Male_#3/tifs,/Volumes/D/YAPSMAD_Nuclear_Localization/251219_YAPSMAD_Early_D14_Male_#3/tifs,/Volumes/D/YAPSMAD_Nuclear_Localization/251219_YAPSMAD_Early_D14_Male_#3/tifs,/Volumes/D/YAPSMAD_Nuclear_Localization/251219_YAPSMAD_Early_D14_Male_#3/tifs,3187,11921,9.146298321141426,0.8427077295639613,0.10933384904891266,5.315973277081499,4.0,42.623316157376394,31.48378765489906,22.870771549642086,0.013374118656221021,0.009878816333510844,0.007176269704939469,0.006947534978357669,0.00626416038150734,0.005584165278319167
10,17,LPATGFb_011_DAPI.1.1.tif,LPATGFb_011_W647.1.1.tif,LPATGFb_011_G488.1.1.tif,LPATGFb_011_R555.1.1.tif,/Volumes/D/YAPSMAD_Nuclear_Localization/251219_YAPSMAD_Early_D14_Male_#3/tifs,/Volumes/D/YAPSMAD_Nuclear_Localization/251219_YAPSMAD_Early_D14_Male_#3/tifs,/Volumes/D/YAPSMAD_Nuclear_Localization/251219_YAPSMAD_Early_D14_Male_#3/tifs,/Volumes/D/YAPSMAD_Nuclear_Localization/251219_YAPSMAD_Early_D14_Male_#3/tifs,1488,4615,3.0142700493193417,0.7923173732276989,0.3317552786041224,4.886857746631825,4.123105625617661,25.024750255048275,13.39417122444138,10.548394094686955,0.016817708504736743,0.009001459156210605,0.0070889745259992976,0.008460033190795125,0.0037097878627853145,0.003761832547287218
10,18,LPATGFb_011_DAPI.1.1.tif,LPATGFb_011_W647.1.1.tif,LPATGFb_011_G488.1.1.tif,LPATGFb_011_R555.1.1.tif,/Volumes/D/YAPSMAD_Nuclear_Localization/251219_YAPSMAD_Early_D14_Male_#3/tifs,/Volumes/D/YAPSMAD_Nuclear_Localization/251219_YAPSMAD_Early_D14_Male_#3/tifs,/Volumes/D/YAPSMAD_Nuclear_Localization/251219_YAPSMAD_Early_D14_Male_#3/tifs,/Volumes/D/YAPSMAD_Nuclear_Localization/251219_YAPSMAD_Early_D14_Male_#3/tifs,2309,3717,1.7484287813557347,0.5725212695777189,0.5719420834657035,7.851114912632703,7.0,60.02995357522741,30.887312391772866,31.56414147769101,0.02599824754232456,0.013376921780759145,0.013670048279640974,0.011456452873702033,0.006330064081097353,0.007382298326896064
10,19,LPATGFb_011_DAPI.1.1.tif,LPATGFb_011_W647.1.1.tif,LPATGFb_011_G488.1.1.tif,LPATGFb_011_R555.1.1.tif,/Volumes/D/YAPSMAD_Nuclear_Localization/251219_YAPSMAD_Early_D14_Male_#3/tifs,/Volumes/D/YAPSMAD_Nuclear_Localization/251219_YAPSMAD_Early_D14_Male_#3/tifs,/Volumes/D/YAPSMAD_Nuclear_Localization/251219_YAPSMAD_Early_D14_Male_#3/tifs,/Volumes/D/YAPSMAD_Nuclear_Localization/251219_YAPSMAD_Early_D14_Male_#3/tifs,2226,4897,2.6846152535133347,0.8648402422446108,0.3724928548667478,5.971179761389323,5.0990195135927845,30.66460695117712,17.34712773375213,15.274174284888431,0.013775654515353604,0.007792959449124947,0.006861713515223913,0.004991310868158214,0.0023383383885307823,0.0033748192903540635
10,20,LPATGFb_011_DAPI.1.1.tif,LPATGFb_011_W647.1.1.tif,LPATGFb_011_G488.1.1.tif,LPATGFb_011_R555.1.1.tif,/Volumes/D/YAPSMAD_Nuclear_Localization/251219_YAPSMAD_Early_D14_Male_#3/tifs,/Volumes/D/YAPSMAD_Nuclear_Localization/251219_YAPSMAD_Early_D14_Male_#3/tifs,/Volumes/D/YAPSMAD_Nuclear_Localization/251219_YAPSMAD_Early_D14_Male_#3/tifs,/Volumes/D/YAPSMAD_Nuclear_Localization/251219_YAPSMAD_Early_D14_Male_#3/tifs,2091,5226,3.2843751661675737,0.6885676027784867,0.3044719160895575,6.2743747391469284,5.0,39.189761395100504,28.724681720603257,17.33345558284782,0.018742114488331182,0.013737293984028339,0.008289553124269641,0.009258009932732547,0.007611750898707752,0.00605204282046934
10,21,LPATGFb_011_DAPI.1.1.tif,LPATGFb_011_W647.1.1.tif,LPATGFb_011_G488.1.1.tif,LPATGFb_011_R555.1.1.tif,/Volumes/D/YAPSMAD_Nuclear_Localization/251219_YAPSMAD_Early_D14_Male_#3/tifs,/Volumes/D/YAPSMAD_Nuclear_Localization/251219_YAPSMAD_Early_D14_Male_#3/tifs,/Volumes/D/YAPSMAD_Nuclear_Localization/251219_YAPSMAD_Early_D14_Male_#3/tifs,/Volumes/D/YAPSMAD_Nuclear_Localization/251219_YAPSMAD_Early_D14_Male_#3/tifs,2027,5310,2.808175000284645,0.9382868164210468,0.3561031630502504,5.178281136135855,5.0,39.23164737178013,25.2053713821806,12.636743858689442,0.01935453743057727,0.012434815679418156,0.0062342100930880325,0.010307959252868157,0.0057271144100356376,0.003435110462173431
10,22,LPATGFb_011_DAPI.1.1.tif,LPATGFb_011_W647.1.1.tif,LPATGFb_011_G488.1.1.tif,LPATGFb_011_R555.1.1.tif,/Volumes/D/YAPSMAD_Nuclear_Localization/251219_YAPSMAD_Early_D14_Male_#3/tifs,/Volumes/D/YAPSMAD_Nuclear_Localization/251219_YAPSMAD_Early_D14_Male_#3/tifs,/Volumes/D/YAPSMAD_Nuclear_Localization/251219_YAPSMAD_Early_D14_Male_#3/tifs,/Volumes/D/YAPSMAD_Nuclear_Localization/251219_YAPSMAD_Early_D14_Male_#3/tifs,2631,5390,3.4015937670786776,0.7159150679172624,0.2939798425309351,6.390138292740274,5.385164807134504,43.37268664781004,45.946090147830546,26.492515687830746,0.01648524768065756,0.017463356194538406,0.010069371223044753,0.012483261040937003,0.01428688422217301,0.007155076532082165
10,23,LPATGFb_011_DAPI.1.1.tif,LPATGFb_011_W647.1.1.tif,LPATGFb_011_G488.1.1.tif,LPATGFb_011_R555.1.1.tif,/Volumes/D/YAPSMAD_Nuclear_Localization/251219_YAPSMAD_Early_D14_Male_#3/tifs,/Volumes/D/YAPSMAD_Nuclear_Localization/251219_YAPSMAD_Early_D14_Male_#3/tifs,/Volumes/D/YAPSMAD_Nuclear_Localization/251219_YAPSMAD_Early_D14_Male_#3/tifs,/Volumes/D/YAPSMAD_Nuclear_Localization/251219_YAPSMAD_Early_D14_Male_#3/tifs,3112,7680,6.936710413515654,0.5305179588049556,0.14416055167180913,5.9228023538321315,4.123105625617661,58.02862622728571,47.633875308092684,32.218631509225816,0.0186467307928296,0.015306515201829268,0.010353030690625263,0.010010532352685607,0.011015080624160517,0.008694681465828878
10,24,LPATGFb_011_DAPI.1.1.tif,LPATGFb_011_W647.1.1.tif,LPATGFb_011_G488.1.1.tif,LPATGFb_011_R555.1.1.tif,/Volumes/D/YAPSMAD_Nuclear_Localization/251219_YAPSMAD_Early_D14_Male_#3/tifs,/Volumes/D/YAPSMAD_Nuclear_Localization/251219_YAPSMAD_Early_D14_Male_#3/tifs,/Volumes/D/YAPSMAD_Nuclear_Localization/251219_YAPSMAD_Early_D14_Male_#3/tifs,/Volumes/D/YAPSMAD_Nuclear_Localization/251219_YAPSMAD_Early_D14_Male_#3/tifs,2697,8175,10.349741098166103,0.7268254192790493,0.09662077442470446,4.290417140098295,3.1622776601683795,36.643381676403806,29.47608169936575,18.882948250044137,0.013586719197776717,0.010929210863687708,0.007001463941432754,0.010289458219274029,0.010102592363986989,0.005221070326218615
10,25,LPATGFb_011_DAPI.1.1.tif,LPATGFb_011_W647.1.1.tif,LPATGFb_011_G488.1.1.tif,LPATGFb_011_R555.1.1.tif,/Volumes/D/YAPSMAD_Nuclear_Localization/251219_YAPSMAD_Early_D14_Male_#3/tifs,/Volumes/D/YAPSMAD_Nuclear_Localization/251219_YAPSMAD_Early_D14_Male_#3/tifs,/Volumes/D/YAPSMAD_Nuclear_Localization/251219_YAPSMAD_Early_D14_Male_#3/tifs,/Volumes/D/YAPSMAD_Nuclear_Localization/251219_YAPSMAD_Early_D14_Male_#3/tifs,1807,4277,4.4553638180557025,0.8492090420646744,0.22444856151756307,5.616453798731462,4.123105625617661,29.351827431237325,21.945998530834913,17.553811060031876,0.016243402009539196,0.012144990885907534,0.009714339269525111,0.008329103830765282,0.008188558539933982,0.0072251879887466385
10,26,LPATGFb_011_DAPI.1.1.tif,LPATGFb_011_W647.1.1.tif,LPATGFb_011_G488.1.1.tif,LPATGFb_011_R555.1.1.tif,/Volumes/D/YAPSMAD_Nuclear_Localization/251219_YAPSMAD_Early_D14_Male_#3/tifs,/Volumes/D/YAPSMAD_Nuclear_Localization/251219_YAPSMAD_Early_D14_Male_#3/tifs,/Volumes/D/YAPSMAD_Nuclear_Localization/251219_YAPSMAD_Early_D14_Male_#3/tifs,/Volumes/D/YAPSMAD_Nuclear_Localization/251219_YAPSMAD_Early_D14_Male_#3/tifs,3186,7224,4.6380487632670855,0.6684628674799677,0.21560790992969,6.089359607471037,5.0,48.9139546956867,52.53752987552434,21.122759089339525,0.015352779251627965,0.016490122371476568,0.00662986788742609,0.009739899127768062,0.010678406793212022,0.005123543414896675
10,27,LPATGFb_011_DAPI.1.1.tif,LPATGFb_011_W647.1.1.tif,LPATGFb_011_G488.1.1.tif,LPATGFb_011_R555.1.1.tif,/Volumes/D/YAPSMAD_Nuclear_Localization/251219_YAPSMAD_Early_D14_Male_#3/tifs,/Volumes/D/YAPSMAD_Nuclear_Localization/251219_YAPSMAD_Early_D14_Male_#3/tifs,/Volumes/D/YAPSMAD_Nuclear_Localization/251219_YAPSMAD_Early_D14_Male_#3/tifs,/Volumes/D/YAPSMAD_Nuclear_Localization/251219_YAPSMAD_Early_D14_Male_#3/tifs,3217,7221,5.886769194246467,0.5459709457138645,0.16987246603406278,5.374532874579242,4.47213595499958,30.815472977468744,37.51586214406416,23.830258911009878,0.009578947148731348,0.0116617538526777,0.007407603018653988,0.006605331530605433,0.006800403457411515,0.004316032736931421
10,28,LPATGFb_011_DAPI.1.1.tif,LPATGFb_011_W647.1.1.tif,LPATGFb_011_G488.1.1.tif,LPATGFb_011_R555.1.1.tif,/Volumes/D/YAPSMAD_Nuclear_Localization/251219_YAPSMAD_Early_D14_Male_#3/tifs,/Volumes/D/YAPSMAD_Nuclear_Localization/251219_YAPSMAD_Early_D14_Male_#3/tifs,/Volumes/D/YAPSMAD_Nuclear_Localization/251219_YAPSMAD_Early_D14_Male_#3/tifs,/Volumes/D/YAPSMAD_Nuclear_Localization/251219_YAPSMAD_Early_D14_Male_#3/tifs,6974,18104,6.068247732205816,0.6421793170397272,0.1647922174786524,7.5395521179501,6.324555320336759,51.45215595886111,71.84002522192895,32.50893458118662,0.007377710920398783,0.010301122056485368,0.004661447459304076,0.004688692358398992,0.004097595765520897,0.0020842559062462076
10,29,LPATGFb_011_DAPI.1.1.tif,LPATGFb_011_W647.1.1.tif,LPATGFb_011_G488.1.1.tif,LPATGFb_011_R555.1.1.tif,/Volumes/D/YAPSMAD_Nuclear_Localization/251219_YAPSMAD_Early_D14_Male_#3/tifs,/Volumes/D/YAPSMAD_Nuclear_Localization/251219_YAPSMAD_Early_D14_Male_#3/tifs,/Volumes/D/YAPSMAD_Nuclear_Localization/251219_YAPSMAD_Early_D14_Male_#3/tifs,/Volumes/D/YAPSMAD_Nuclear_Localization/251219_YAPSMAD_Early_D14_Male_#3/tifs,2878,8100,6.786240553584253,0.9164139749857827,0.1473569927420028,5.0172089177959,4.123105625617661,23.14580025942996,34.61229909956455,17.12138569005765,0.008042321146431537,0.012026511153427573,0.00594905687632302,0.0038414010670928876,0.006174399980201324,0.0038812724080993627
10,30,LPATGFb_011_DAPI.1.1.tif,LPATGFb_011_W647.1.1.tif,LPATGFb_011_G488.1.1.tif,LPATGFb_011_R555.1.1.tif,/Volumes/D/YAPSMAD_Nuclear_Localization/251219_YAPSMAD_Early_D14_Male_#3/tifs,/Volumes/D/YAPSMAD_Nuclear_Localization/251219_YAPSMAD_Early_D14_Male_#3/tifs,/Volumes/D/YAPSMAD_Nuclear_Localization/251219_YAPSMAD_Early_D14_Male_#3/tifs,/Volumes/D/YAPSMAD_Nuclear_Localization/251219_YAPSMAD_Early_D14_Male_#3/tifs,2334,4526,2.8111647644618194,0.8024248537218485,0.35572443587860775,6.371190258189221,5.385164807134504,41.32375088939443,36.91967675508931,23.38329156069085,0.01770512034678425,0.01581819912386003,0.010018548226517073,0.0077658460722209,0.008466705018659993,0.00564544698034843
10,31,LPATGFb_011_DAPI.1.1.tif,LPATGFb_011_W647.1.1.tif,LPATGFb_011_G488.1.1.tif,LPATGFb_011_R555.1.1.tif,/Volumes/D/YAPSMAD_Nuclear_Localization/251219_YAPSMAD_Early_D14_Male_#3/tifs,/Volumes/D/YAPSMAD_Nuclear_Localization/251219_YAPSMAD_Early_D14_Male_#3/tifs,/Volumes/D/YAPSMAD_Nuclear_Localization/251219_YAPSMAD_Early_D14_Male_#3/tifs,/Volumes/D/YAPSMAD_Nuclear_Localization/251219_YAPSMAD_Early_D14_Male_#3/tifs,4418,17810,13.46524884856276,0.8832459968877732,0.07426524464913524,4.2170770210630115,3.1622776601683795,57.7882662541233,108.31317646009848,33.643900585360825,0.013080187019946423,0.024516336908125505,0.0076151880003080185,0.009521793018502039,0.015601485928556674,0.004659310190016592
10,32,LPATGFb_011_DAPI.1.1.tif,LPATGFb_011_W647.1.1.tif,LPATGFb_011_G488.1.1.tif,LPATGFb_011_R555.1.1.tif,/Volumes/D/YAPSMAD_Nuclear_Localization/251219_YAPSMAD_Early_D14_Male_#3/tifs,/Volumes/D/YAPSMAD_Nuclear_Localization/251219_YAPSMAD_Early_D14_Male_#3/tifs,/Volumes/D/YAPSMAD_Nuclear_Localization/251219_YAPSMAD_Early_D14_Male_#3/tifs,/Volumes/D/YAPSMAD_Nuclear_Localization/251219_YAPSMAD_Early_D14_Male_#3/tifs,1003,1665,2.3167710381703572,0.6432524241378628,0.43163523003539367,5.032189415721818,4.123105625617661,7.90041973721236,26.513572964817286,10.726665222784504,0.007876789369105045,0.026434270154354223,0.010694581478349455,0.0032453949718231193,0.01580398547148711,0.0069485813534491845
10,33,LPATGFb_011_DAPI.1.1.tif,LPATGFb_011_W647.1.1.tif,LPATGFb_011_G488.1.1.tif,LPATGFb_011_R555.1.1.tif,/Volumes/D/YAPSMAD_Nuclear_Localization/251219_YAPSMAD_Early_D14_Male_#3/tifs,/Volumes/D/YAPSMAD_Nuclear_Localization/251219_YAPSMAD_Early_D14_Male_#3/tifs,/Volumes/D/YAPSMAD_Nuclear_Localization/251219_YAPSMAD_Early_D14_Male_#3/tifs,/Volumes/D/YAPSMAD_Nuclear_Localization/251219_YAPSMAD_Early_D14_Male_#3/tifs,1038,2420,2.2028337865561123,0.9328808244395985,0.45396071464991905,4.183461183880039,4.0,13.013519620290026,18.524239073041826,10.122179064434022,0.012537109460780372,0.0178460877389613,0.009751617595793856,0.008043276700633237,0.011113956222453614,0.007343601118964042
10,34,LPATGFb_011_DAPI.1.1.tif,LPATGFb_011_W647.1.1.tif,LPATGFb_011_G488.1.1.tif,LPATGFb_011_R555.1.1.tif,/Volumes/D/YAPSMAD_Nuclear_Localization/251219_YAPSMAD_Early_D14_Male_#3/tifs,/Volumes/D/YAPSMAD_Nuclear_Localization/251219_YAPSMAD_Early_D14_Male_#3/tifs,/Volumes/D/YAPSMAD_Nuclear_Localization/251219_YAPSMAD_Early_D14_Male_#3/tifs,/Volumes/D/YAPSMAD_Nuclear_Localization/251219_YAPSMAD_Early_D14_Male_#3/tifs,2736,6764,3.117080568800258,0.9043565371734035,0.3208130100996692,6.367102248763525,5.656854249492381,31.307606884511188,41.29550642706454,18.734584715683013,0.011442838773578651,0.015093386851997273,0.006847435934094669,0.007440926547485804,0.012064055628000801,0.005669301228303858
10,35,LPATGFb_011_DAPI.1.1.tif,LPATGFb_011_W647.1.1.tif,LPATGFb_011_G488.1.1.tif,LPATGFb_011_R555.1.1.tif,/Volumes/D/YAPSMAD_Nuclear_Localization/251219_YAPSMAD_Early_D14_Male_#3/tifs,/Volumes/D/YAPSMAD_Nuclear_Localization/251219_YAPSMAD_Early_D14_Male_#3/tifs,/Volumes/D/YAPSMAD_Nuclear_Localization/251219_YAPSMAD_Early_D14_Male_#3/tifs,/Volumes/D/YAPSMAD_Nuclear_Localization/251219_YAPSMAD_Early_D14_Male_#3/tifs,2738,6104,3.715026341391577,0.858675916746127,0.2691770954241523,6.2640076319508085,5.0,45.30479924730025,46.02957226615399,19.95832788408734,0.016546676131227265,0.016811385049727536,0.007289381988344536,0.009310338816043552,0.00923940704988593,0.003543954955134034
10,36,LPATGFb_011_DAPI.1.1.tif,LPATGFb_011_W647.1.1.tif,LPATGFb_011_G488.1.1.tif,LPATGFb_011_R555.1.1.tif,/Volumes/D/YAPSMAD_Nuclear_Localization/251219_YAPSMAD_Early_D14_Male_#3/tifs,/Volumes/D/YAPSMAD_Nuclear_Localization/251219_YAPSMAD_Early_D14_Male_#3/tifs,/Volumes/D/YAPSMAD_Nuclear_Localization/251219_YAPSMAD_Early_D14_Male_#3/tifs,/Volumes/D/YAPSMAD_Nuclear_Localization/251219_YAPSMAD_Early_D14_Male_#3/tifs,1605,3500,4.345160827901167,0.8589430563445573,0.2301410786866151,4.893531623813425,4.0,22.686381460167468,34.95985362585634,19.920729517005384,0.014134817109138609,0.021781840265331052,0.01241166948100024,0.010523360266913017,0.014539642554082422,0.00909921069760539
10,37,LPATGFb_011_DAPI.1.1.tif,LPATGFb_011_W647.1.1.tif,LPATGFb_011_G488.1.1.tif,LPATGFb_011_R555.1.1.tif,/Volumes/D/YAPSMAD_Nuclear_Localization/251219_YAPSMAD_Early_D14_Male_#3/tifs,/Volumes/D/YAPSMAD_Nuclear_Localization/251219_YAPSMAD_Early_D14_Male_#3/tifs,/Volumes/D/YAPSMAD_Nuclear_Localization/251219_YAPSMAD_Early_D14_Male_#3/tifs,/Volumes/D/YAPSMAD_Nuclear_Localization/251219_YAPSMAD_Early_D14_Male_#3/tifs,6056,12535,5.819388038869363,0.8156370481907864,0.1718393744016919,8.552411158736405,7.0,66.01396266533993,80.94869980867952,28.204806795343757,0.010900588286879117,0.013366694155990674,0.0046573326940792205,0.006410507416797329,0.006894109759645015,0.0030139111141092387
10,38,LPATGFb_011_DAPI.1.1.tif,LPATGFb_011_W647.1.1.tif,LPATGFb_011_G488.1.1.tif,LPATGFb_011_R555.1.1.tif,/Volumes/D/YAPSMAD_Nuclear_Localization/251219_YAPSMAD_Early_D14_Male_#3/tifs,/Volumes/D/YAPSMAD_Nuclear_Localization/251219_YAPSMAD_Early_D14_Male_#3/tifs,/Volumes/D/YAPSMAD_Nuclear_Localization/251219_YAPSMAD_Early_D14_Male_#3/tifs,/Volumes/D/YAPSMAD_Nuclear_Localization/251219_YAPSMAD_Early_D14_Male_#3/tifs,3064,9486,7.893075716877893,0.7540340387959963,0.12669332410706305,5.323799016282108,4.0,40.00566138816066,60.568597256205976,29.525551532162353,0.013056677998746952,0.019767818947847904,0.009636276609713562,0.008769764900083672,0.00746447397222479,0.00520206410561993
10,39,LPATGFb_011_DAPI.1.1.tif,LPATGFb_011_W647.1.1.tif,LPATGFb_011_G488.1.1.tif,LPATGFb_011_R555.1.1.tif,/Volumes/D/YAPSMAD_Nuclear_Localization/251219_YAPSMAD_Early_D14_Male_#3/tifs,/Volumes/D/YAPSMAD_Nuclear_Localization/251219_YAPSMAD_Early_D14_Male_#3/tifs,/Volumes/D/YAPSMAD_Nuclear_Localization/251219_YAPSMAD_Early_D14_Male_#3/tifs,/Volumes/D/YAPSMAD_Nuclear_Localization/251219_YAPSMAD_Early_D14_Male_#3/tifs,6578,13651,5.458755691352531,0.9568076657164175,0.183191931740808,7.629331227260217,6.708203932499369,79.98893786524422,79.13630958693102,46.34749424876645,0.01216006960554032,0.012030451442221195,0.007045833725869026,0.008703817051601528,0.00819028069171246,0.005360596386692226
10,40,LPATGFb_011_DAPI.1.1.tif,LPATGFb_011_W647.1.1.tif,LPATGFb_011_G488.1.1.tif,LPATGFb_011_R555.1.1.tif,/Volumes/D/YAPSMAD_Nuclear_Localization/251219_YAPSMAD_Early_D14_Male_#3/tifs,/Volumes/D/YAPSMAD_Nuclear_Localization/251219_YAPSMAD_Early_D14_Male_#3/tifs,/Volumes/D/YAPSMAD_Nuclear_Localization/251219_YAPSMAD_Early_D14_Male_#3/tifs,/Volumes/D/YAPSMAD_Nuclear_Localization/251219_YAPSMAD_Early_D14_Male_#3/tifs,4670,11060,3.7147017943347174,0.8979268418552343,0.26920061296039904,6.681161950112621,6.324555320336759,65.87016142741777,65.35159892495722,25.76411107624881,0.01410495962043207,0.01399391839934844,0.005516940273286683,0.009863084168660115,0.006863028453156605,0.0031074358856094213
10,41,LPATGFb_011_DAPI.1.1.tif,LPATGFb_011_W647.1.1.tif,LPATGFb_011_G488.1.1.tif,LPATGFb_011_R555.1.1.tif,/Volumes/D/YAPSMAD_Nuclear_Localization/251219_YAPSMAD_Early_D14_Male_#3/tifs,/Volumes/D/YAPSMAD_Nuclear_Localization/251219_YAPSMAD_Early_D14_Male_#3/tifs,/Volumes/D/YAPSMAD_Nuclear_Localization/251219_YAPSMAD_Early_D14_Male_#3/tifs,/Volumes/D/YAPSMAD_Nuclear_Localization/251219_YAPSMAD_Early_D14_Male_#3/tifs,2923,5550,3.303088930466884,0.857884210767927,0.30274691994400904,7.17264257348917,6.0,25.26175355212763,36.408789521083236,16.223132949788123,0.008642406278524677,0.012455966308957659,0.005550165224012358,0.004818230506788446,0.004092261068613534,0.0021116884154685827
10,42,LPATGFb_011_DAPI.1.1.tif,LPATGFb_011_W647.1.1.tif,LPATGFb_011_G488.1.1.tif,LPATGFb_011_R555.1.1.tif,/Volumes/D/YAPSMAD_Nuclear_Localization/251219_YAPSMAD_Early_D14_Male_#3/tifs,/Volumes/D/YAPSMAD_Nuclear_Localization/251219_YAPSMAD_Early_D14_Male_#3/tifs,/Volumes/D/YAPSMAD_Nuclear_Localization/251219_YAPSMAD_Early_D14_Male_#3/tifs,/Volumes/D/YAPSMAD_Nuclear_Localization/251219_YAPSMAD_Early_D14_Male_#3/tifs,5393,14872,5.168486389662105,0.8533738384229143,0.1934802424942394,8.315789605012307,7.0710678118654755,50.89312638062984,64.9222558606416,28.43074725032784,0.009436886033864238,0.01203824510673866,0.005271786992458343,0.005710556445330327,0.006464762307604025,0.003153217810711495
10,43,LPATGFb_011_DAPI.1.1.tif,LPATGFb_011_W647.1.1.tif,LPATGFb_011_G488.1.1.tif,LPATGFb_011_R555.1.1.tif,/Volumes/D/YAPSMAD_Nuclear_Localization/251219_YAPSMAD_Early_D14_Male_#3/tifs,/Volumes/D/YAPSMAD_Nuclear_Localization/251219_YAPSMAD_Early_D14_Male_#3/tifs,/Volumes/D/YAPSMAD_Nuclear_Localization/251219_YAPSMAD_Early_D14_Male_#3/tifs,/Volumes/D/YAPSMAD_Nuclear_Localization/251219_YAPSMAD_Early_D14_Male_#3/tifs,624,930,1.4888015701480664,0.4803357119579397,0.6716811830743479,4.30151884450979,4.0,5.011078123236075,8.572442279197276,5.136858235811815,0.008030573915442428,0.013737888267944353,0.008232144608672779,0.003764633929519489,0.007876484287805508,0.0024075404555740985
10,44,LPATGFb_011_DAPI.1.1.tif,LPATGFb_011_W647.1.1.tif,LPATGFb_011_G488.1.1.tif,LPATGFb_011_R555.1.1.tif,/Volumes/D/YAPSMAD_Nuclear_Localization/251219_YAPSMAD_Early_D14_Male_#3/tifs,/Volumes/D/YAPSMAD_Nuclear_Localization/251219_YAPSMAD_Early_D14_Male_#3/tifs,/Volumes/D/YAPSMAD_Nuclear_Localization/251219_YAPSMAD_Early_D14_Male_#3/tifs,/Volumes/D/YAPSMAD_Nuclear_Localization/251219_YAPSMAD_Early_D14_Male_#3/tifs,1874,3969,2.994452361832694,0.8423854237718897,0.3339508795484628,5.702637278186697,5.0,38.789211987750605,52.32413231302053,22.65220122667961,0.020698618990261795,0.027921095151024828,0.012087620718612385,0.013234919706862611,0.01601802179572547,0.007468762624254254
10,45,LPATGFb_011_DAPI.1.1.tif,LPATGFb_011_W647.1.1.tif,LPATGFb_011_G488.1.1.tif,LPATGFb_011_R555.1.1.tif,/Volumes/D/YAPSMAD_Nuclear_Localization/251219_YAPSMAD_Early_D14_Male_#3/tifs,/Volumes/D/YAPSMAD_Nuclear_Localization/251219_YAPSMAD_Early_D14_Male_#3/tifs,/Volumes/D/YAPSMAD_Nuclear_Localization/251219_YAPSMAD_Early_D14_Male_#3/tifs,/Volumes/D/YAPSMAD_Nuclear_Localization/251219_YAPSMAD_Early_D14_Male_#3/tifs,1046,2535,3.998096017306815,0.9082712242187969,0.25011905558826897,3.9370091201819175,3.1622776601683795,7.644846356706694,23.790829396340996,7.443732454208657,0.007308648524576189,0.02274457877279254,0.00711637901931994,0.005357074542438023,0.013992939758446605,0.003034166999034523
10,46,LPATGFb_011_DAPI.1.1.tif,LPATGFb_011_W647.1.1.tif,LPATGFb_011_G488.1.1.tif,LPATGFb_011_R555.1.1.tif,/Volumes/D/YAPSMAD_Nuclear_Localization/251219_YAPSMAD_Early_D14_Male_#3/tifs,/Volumes/D/YAPSMAD_Nuclear_Localization/251219_YAPSMAD_Early_D14_Male_#3/tifs,/Volumes/D/YAPSMAD_Nuclear_Localization/251219_YAPSMAD_Early_D14_Male_#3/tifs,/Volumes/D/YAPSMAD_Nuclear_Localization/251219_YAPSMAD_Early_D14_Male_#3/tifs,1181,2800,5.794254679027565,0.8951918298248459,0.17258475082559321,3.279435000315232,2.8284271247461903,7.75191893405281,9.846341781783849,3.5586480884812772,0.00656386023205149,0.008337291940545173,0.0030132498632356283,0.0034499427535676424,0.002317604189640372,0.0009771220146427664
10,47,LPATGFb_011_DAPI.1.1.tif,LPATGFb_011_W647.1.1.tif,LPATGFb_011_G488.1.1.tif,LPATGFb_011_R555.1.1.tif,/Volumes/D/YAPSMAD_Nuclear_Localization/251219_YAPSMAD_Early_D14_Male_#3/tifs,/Volumes/D/YAPSMAD_Nuclear_Localization/251219_YAPSMAD_Early_D14_Male_#3/tifs,/Volumes/D/YAPSMAD_Nuclear_Localization/251219_YAPSMAD_Early_D14_Male_#3/tifs,/Volumes/D/YAPSMAD_Nuclear_Localization/251219_YAPSMAD_Early_D14_Male_#3/tifs,2326,5846,9.495377277244511,0.6530181506424655,0.10531440413605057,4.59256824864817,3.1622776601683795,48.01329084439203,65.1001146202907,23.288746644044295,0.020641999503178,0.02798801144466496,0.010012358832349223,0.01461651318685059,0.017855384672411562,0.008132697519310271
10,48,LPATGFb_011_DAPI.1.1.tif,LPATGFb_011_W647.1.1.tif,LPATGFb_011_G488.1.1.tif,LPATGFb_011_R555.1.1.tif,/Volumes/D/YAPSMAD_Nuclear_Localization/251219_YAPSMAD_Early_D14_Male_#3/tifs,/Volumes/D/YAPSMAD_Nuclear_Localization/251219_YAPSMAD_Early_D14_Male_#3/tifs,/Volumes/D/YAPSMAD_Nuclear_Localization/251219_YAPSMAD_Early_D14_Male_#3/tifs,/Volumes/D/YAPSMAD_Nuclear_Localization/251219_YAPSMAD_Early_D14_Male_#3/tifs,5861,22576,7.580010904032754,0.9196716707807192,0.13192593159305024,6.590793021030768,5.385164807134504,57.13168591610156,79.87922539561987,29.218158417148516,0.009747771014519973,0.013628941374444611,0.004985183145734263,0.006447867731344383,0.010617635505662719,0.004168399148646231
10,49,LPATGFb_011_DAPI.1.1.tif,LPATGFb_011_W647.1.1.tif,LPATGFb_011_G488.1.1.tif,LPATGFb_011_R555.1.1.tif,/Volumes/D/YAPSMAD_Nuclear_Localization/251219_YAPSMAD_Early_D14_Male_#3/tifs,/Volumes/D/YAPSMAD_Nuclear_Localization/251219_YAPSMAD_Early_D14_Male_#3/tifs,/Volumes/D/YAPSMAD_Nuclear_Localization/251219_YAPSMAD_Early_D14_Male_#3/tifs,/Volumes/D/YAPSMAD_Nuclear_Localization/251219_YAPSMAD_Early_D14_Male_#3/tifs,195,270,1.0805004170113648,0.7077134700826889,0.9254970976929128,2.7727263634425157,2.23606797749979,0.3690852215513587,5.251300856471062,2.287251110188663,0.0018927447259044037,0.02692974798190288,0.011729492872762374,0.0004044392562264782,0.0030862286197993246,0.0013743251822387085
10,50,LPATGFb_011_DAPI.1.1.tif,LPATGFb_011_W647.1.1.tif,LPATGFb_011_G488.1.1.tif,LPATGFb_011_R555.1.1.tif,/Volumes/D/YAPSMAD_Nuclear_Localization/251219_YAPSMAD_Early_D14_Male_#3/tifs,/Volumes/D/YAPSMAD_Nuclear_Localization/251219_YAPSMAD_Early_D14_Male_#3/tifs,/Volumes/D/YAPSMAD_Nuclear_Localization/251219_YAPSMAD_Early_D14_Male_#3/tifs,/Volumes/D/YAPSMAD_Nuclear_Localization/251219_YAPSMAD_Early_D14_Male_#3/tifs,1561,9240,8.530534793304248,0.916106137406612,0.11722594470688001,3.9355263546844417,2.8284271247461903,13.767559463623911,26.752788743237033,11.427100108703598,0.008819704973493858,0.01713823750367523,0.007320371626331581,0.005308130966903194,0.01469360809238108,0.006238985696759039
10,51,LPATGFb_011_DAPI.1.1.tif,LPATGFb_011_W647.1.1.tif,LPATGFb_011_G488.1.1.tif,LPATGFb_011_R555.1.1.tif,/Volumes/D/YAPSMAD_Nuclear_Localization/251219_YAPSMAD_Early_D14_Male_#3/tifs,/Volumes/D/YAPSMAD_Nuclear_Localization/251219_YAPSMAD_Early_D14_Male_#3/tifs,/Volumes/D/YAPSMAD_Nuclear_Localization/251219_YAPSMAD_Early_D14_Male_#3/tifs,/Volumes/D/YAPSMAD_Nuclear_Localization/251219_YAPSMAD_Early_D14_Male_#3/tifs,2302,4774,7.25660535321504,0.651016063428026,0.13780548222275169,4.829566184327174,3.605551275463989,32.38513794192113,62.96810882166028,23.289875824702904,0.014068261486499187,0.027353652833040955,0.0101172353712871,0.01017378557802505,0.01859329667817324,0.007257361127092203
10,52,LPATGFb_011_DAPI.1.1.tif,LPATGFb_011_W647.1.1.tif,LPATGFb_011_G488.1.1.tif,LPATGFb_011_R555.1.1.tif,/Volumes/D/YAPSMAD_Nuclear_Localization/251219_YAPSMAD_Early_D14_Male_#3/tifs,/Volumes/D/YAPSMAD_Nuclear_Localization/251219_YAPSMAD_Early_D14_Male_#3/tifs,/Volumes/D/YAPSMAD_Nuclear_Localization/251219_YAPSMAD_Early_D14_Male_#3/tifs,/Volumes/D/YAPSMAD_Nuclear_Localization/251219_YAPSMAD_Early_D14_Male_#3/tifs,2307,3850,2.7849475454253794,0.6788924631077246,0.35907319031650115,7.037210354032647,6.0,26.622202122583985,55.71827280707657,37.218326300382614,0.011539749511306452,0.024151830432196174,0.016132781231201827,0.006525463236173841,0.014358446431442483,0.01058241551174101
10,53,LPATGFb_011_DAPI.1.1.tif,LPATGFb_011_W647.1.1.tif,LPATGFb_011_G488.1.1.tif,LPATGFb_011_R555.1.1.tif,/Volumes/D/YAPSMAD_Nuclear_Localization/251219_YAPSMAD_Early_D14_Male_#3/tifs,/Volumes/D/YAPSMAD_Nuclear_Localization/251219_YAPSMAD_Early_D14_Male_#3/tifs,/Volumes/D/YAPSMAD_Nuclear_Localization/251219_YAPSMAD_Early_D14_Male_#3/tifs,/Volumes/D/YAPSMAD_Nuclear_Localization/251219_YAPSMAD_Early_D14_Male_#3/tifs,4311,18090,7.86523548569387,0.9123437325651649,0.1271417749435356,5.945633835165444,4.47213595499958,48.6250100240577,90.53479858394712,43.36015909537673,0.011279287873824565,0.021000881137542827,0.010058028089857743,0.006181430424419606,0.012297886771372364,0.006669682121305379
10,54,LPATGFb_011_DAPI.1.1.tif,LPATGFb_011_W647.1.1.tif,LPATGFb_011_G488.1.1.tif,LPATGFb_011_R555.1.1.tif,/Volumes/D/YAPSMAD_Nuclear_Localization/251219_YAPSMAD_Early_D14_Male_#3/tifs,/Volumes/D/YAPSMAD_Nuclear_Localization/251219_YAPSMAD_Early_D14_Male_#3/tifs,/Volumes/D/YAPSMAD_Nuclear_Localization/251219_YAPSMAD_Early_D14_Male_#3/tifs,/Volumes/D/YAPSMAD_Nuclear_Localization/251219_YAPSMAD_Early_D14_Male_#3/tifs,526,1147,4.986248773330013,0.625882252846211,0.20055156600864113,2.4384885074964457,2.0,2.414328257087618,8.779232532950118,2.9671321061905473,0.004589977675071517,0.016690556146293,0.0056409355630999,0.0018330449373325985,0.010305510367972155,0.002913882092250643
10,55,LPATGFb_011_DAPI.1.1.tif,LPATGFb_011_W647.1.1.tif,LPATGFb_011_G488.1.1.tif,LPATGFb_011_R555.1.1.tif,/Volumes/D/YAPSMAD_Nuclear_Localization/251219_YAPSMAD_Early_D14_Male_#3/tifs,/Volumes/D/YAPSMAD_Nuclear_Localization/251219_YAPSMAD_Early_D14_Male_#3/tifs,/Volumes/D/YAPSMAD_Nuclear_Localization/251219_YAPSMAD_Early_D14_Male_#3/tifs,/Volumes/D/YAPSMAD_Nuclear_Localization/251219_YAPSMAD_Early_D14_Male_#3/tifs,1084,2592,4.488639066165458,0.8996261445067065,0.22278467599184296,3.5960360800860847,3.0,15.02713063522242,32.21786834998056,16.70182355423458,0.013862666637659058,0.029721280765664725,0.015407586304644446,0.008243833629735272,0.017066856639962897,0.011460237830337536
10,56,LPATGFb_011_DAPI.1.1.tif,LPATGFb_011_W647.1.1.tif,LPATGFb_011_G488.1.1.tif,LPATGFb_011_R555.1.1.tif,/Volumes/D/YAPSMAD_Nuclear_Localization/251219_YAPSMAD_Early_D14_Male_#3/tifs,/Volumes/D/YAPSMAD_Nuclear_Localization/251219_YAPSMAD_Early_D14_Male_#3/tifs,/Volumes/D/YAPSMAD_Nuclear_Localization/251219_YAPSMAD_Early_D14_Male_#3/tifs,/Volumes/D/YAPSMAD_Nuclear_Localization/251219_YAPSMAD_Early_D14_Male_#3/tifs,2608,6279,4.0948192800376715,0.7681425150283056,0.24421102168660305,5.942078069482565,4.47213595499958,33.459922461537644,67.41820412501693,24.342641556169838,0.01282972487022149,0.025850538391494222,0.00933383495251911,0.007585638062419383,0.017512211251401375,0.006084089605745627
10,57,LPATGFb_011_DAPI.1.1.tif,LPATGFb_011_W647.1.1.tif,LPATGFb_011_G488.1.1.tif,LPATGFb_011_R555.1.1.tif,/Volumes/D/YAPSMAD_Nuclear_Localization/251219_YAPSMAD_Early_D14_Male_#3/tifs,/Volumes/D/YAPSMAD_Nuclear_Localization/251219_YAPSMAD_Early_D14_Male_#3/tifs,/Volumes/D/YAPSMAD_Nuclear_Localization/251219_YAPSMAD_Early_D14_Male_#3/tifs,/Volumes/D/YAPSMAD_Nuclear_Localization/251219_YAPSMAD_Early_D14_Male_#3/tifs,7264,38556,14.64469524252678,0.8739067135343712,0.06828411130715077,6.692124478432943,5.0,54.43772105360404,98.4939505753573,34.62377385352738,0.0074941796604631105,0.013559189231189057,0.004766488691289562,0.004269348363626629,0.008736208014168809,0.004423425678596196
11,1,LPA_012_DAPI.1.tif,LPA_012_W647.1.tif,LPA_012_G488.1.tif,LPA_012_R555.1.tif,/Volumes/D/YAPSMAD_Nuclear_Localization/251219_YAPSMAD_Early_D14_Male_#3/tifs,/Volumes/D/YAPSMAD_Nuclear_Localization/251219_YAPSMAD_Early_D14_Male_#3/tifs,/Volumes/D/YAPSMAD_Nuclear_Localization/251219_YAPSMAD_Early_D14_Male_#3/tifs,/Volumes/D/YAPSMAD_Nuclear_Localization/251219_YAPSMAD_Early_D14_Male_#3/tifs,1694,4872,4.416562615278987,0.6964233541392311,0.22642042853429162,5.8465864226210496,4.47213595499958,15.840345031116158,45.0549325295724,18.96730004134588,0.00935085302899419,0.026596772449570483,0.011196753271160495,0.004422213310302451,0.018463941965437828,0.00755237654924353
11,2,LPA_012_DAPI.1.tif,LPA_012_W647.1.tif,LPA_012_G488.1.tif,LPA_012_R555.1.tif,/Volumes/D/YAPSMAD_Nuclear_Localization/251219_YAPSMAD_Early_D14_Male_#3/tifs,/Volumes/D/YAPSMAD_Nuclear_Localization/251219_YAPSMAD_Early_D14_Male_#3/tifs,/Volumes/D/YAPSMAD_Nuclear_Localization/251219_YAPSMAD_Early_D14_Male_#3/tifs,/Volumes/D/YAPSMAD_Nuclear_Localization/251219_YAPSMAD_Early_D14_Male_#3/tifs,1789,3828,4.154965195473286,0.5393202459937627,0.24067590291477556,5.7551382017993875,4.47213595499958,19.947768544079736,24.775997662218288,19.00395222636871,0.011150233954208907,0.013849076390284118,0.010622667538495646,0.006984163228647522,0.012753694860750928,0.007442844257772993
11,3,LPA_012_DAPI.1.tif,LPA_012_W647.1.tif,LPA_012_G488.1.tif,LPA_012_R555.1.tif,/Volumes/D/YAPSMAD_Nuclear_Localization/251219_YAPSMAD_Early_D14_Male_#3/tifs,/Volumes/D/YAPSMAD_Nuclear_Localization/251219_YAPSMAD_Early_D14_Male_#3/tifs,/Volumes/D/YAPSMAD_Nuclear_Localization/251219_YAPSMAD_Early_D14_Male_#3/tifs,/Volumes/D/YAPSMAD_Nuclear_Localization/251219_YAPSMAD_Early_D14_Male_#3/tifs,4060,11270,8.014435240612263,0.7873539479318558,0.12477485561710083,5.626315506129754,4.123105625617661,34.06753675430082,71.91519067250192,35.27106157573871,0.008391018905000202,0.017713101150862543,0.008687453590083426,0.006981716660634345,0.014200216963500881,0.005551651116888003
11,4,LPA_012_DAPI.1.tif,LPA_012_W647.1.tif,LPA_012_G488.1.tif,LPA_012_R555.1.tif,/Volumes/D/YAPSMAD_Nuclear_Localization/251219_YAPSMAD_Early_D14_Male_#3/tifs,/Volumes/D/YAPSMAD_Nuclear_Localization/251219_YAPSMAD_Early_D14_Male_#3/tifs,/Volumes/D/YAPSMAD_Nuclear_Localization/251219_YAPSMAD_Early_D14_Male_#3/tifs,/Volumes/D/YAPSMAD_Nuclear_Localization/251219_YAPSMAD_Early_D14_Male_#3/tifs,1742,3672,5.122867765441444,0.951496409555635,0.19520316466998025,4.036040610237252,3.605551275463989,21.885023422306404,44.09796305978671,16.679225030355155,0.01256315925505534,0.025314559735813265,0.009574756044979997,0.0087147293910261,0.01991875886080342,0.006366387254788503
11,5,LPA_012_DAPI.1.tif,LPA_012_W647.1.tif,LPA_012_G488.1.tif,LPA_012_R555.1.tif,/Volumes/D/YAPSMAD_Nuclear_Localization/251219_YAPSMAD_Early_D14_Male_#3/tifs,/Volumes/D/YAPSMAD_Nuclear_Localization/251219_YAPSMAD_Early_D14_Male_#3/tifs,/Volumes/D/YAPSMAD_Nuclear_Localization/251219_YAPSMAD_Early_D14_Male_#3/tifs,/Volumes/D/YAPSMAD_Nuclear_Localization/251219_YAPSMAD_Early_D14_Male_#3/tifs,2211,6624,5.028189834042748,0.8120520675699233,0.19887872833074471,5.826801404122311,4.242640687119285,15.349675946868956,40.802075422368944,30.806439518462867,0.006942413363577094,0.018454127282844388,0.013933260750096276,0.0035746290697849475,0.012567264021623316,0.010452466874318193
11,6,LPA_012_DAPI.1.tif,LPA_012_W647.1.tif,LPA_012_G488.1.tif,LPA_012_R555.1.tif,/Volumes/D/YAPSMAD_Nuclear_Localization/251219_YAPSMAD_Early_D14_Male_#3/tifs,/Volumes/D/YAPSMAD_Nuclear_Localization/251219_YAPSMAD_Early_D14_Male_#3/tifs,/Volumes/D/YAPSMAD_Nuclear_Localization/251219_YAPSMAD_Early_D14_Male_#3/tifs,/Volumes/D/YAPSMAD_Nuclear_Localization/251219_YAPSMAD_Early_D14_Male_#3/tifs,2015,5760,8.96372077500479,0.6592642972973259,0.11156081554754428,4.455350377159869,3.1622776601683795,25.43178473529406,45.04800503468141,16.81586951483041,0.012621233119252635,0.022356330042025512,0.008345344672372412,0.011627391215611037,0.019418833197477645,0.00558109736126104
11,7,LPA_012_DAPI.1.tif,LPA_012_W647.1.tif,LPA_012_G488.1.tif,LPA_012_R555.1.tif,/Volumes/D/YAPSMAD_Nuclear_Localization/251219_YAPSMAD_Early_D14_Male_#3/tifs,/Volumes/D/YAPSMAD_Nuclear_Localization/251219_YAPSMAD_Early_D14_Male_#3/tifs,/Volumes/D/YAPSMAD_Nuclear_Localization/251219_YAPSMAD_Early_D14_Male_#3/tifs,/Volumes/D/YAPSMAD_Nuclear_Localization/251219_YAPSMAD_Early_D14_Male_#3/tifs,3413,13289,12.500236151081367,0.8258120792508462,0.07999848866163159,4.1840977959371966,3.1622776601683795,32.97087081684731,67.60413559991866,38.6595562978182,0.009660378205932409,0.019807833460275027,0.011327148050928274,0.00704963024582717,0.014050675137288129,0.006844959281327103
11,8,LPA_012_DAPI.1.tif,LPA_012_W647.1.tif,LPA_012_G488.1.tif,LPA_012_R555.1.tif,/Volumes/D/YAPSMAD_Nuclear_Localization/251219_YAPSMAD_Early_D14_Male_#3/tifs,/Volumes/D/YAPSMAD_Nuclear_Localization/251219_YAPSMAD_Early_D14_Male_#3/tifs,/Volumes/D/YAPSMAD_Nuclear_Localization/251219_YAPSMAD_Early_D14_Male_#3/tifs,/Volumes/D/YAPSMAD_Nuclear_Localization/251219_YAPSMAD_Early_D14_Male_#3/tifs,1937,5400,4.3675903474554065,0.6277129706176757,0.22895920185889412,5.050688299058529,4.0,15.4449074678123,29.140978313516825,24.47121407580562,0.007973622853800877,0.015044387358552827,0.012633564313787104,0.004524588785737665,0.010827548716162903,0.007266426482158569
11,9,LPA_012_DAPI.1.tif,LPA_012_W647.1.tif,LPA_012_G488.1.tif,LPA_012_R555.1.tif,/Volumes/D/YAPSMAD_Nuclear_Localization/251219_YAPSMAD_Early_D14_Male_#3/tifs,/Volumes/D/YAPSMAD_Nuclear_Localization/251219_YAPSMAD_Early_D14_Male_#3/tifs,/Volumes/D/YAPSMAD_Nuclear_Localization/251219_YAPSMAD_Early_D14_Male_#3/tifs,/Volumes/D/YAPSMAD_Nuclear_Localization/251219_YAPSMAD_Early_D14_Male_#3/tifs,1270,2907,2.4358624873534542,0.5630304486625823,0.4105322058169598,5.537763279741832,5.0,14.659968089777976,30.966201309580356,17.56394304172136,0.0115432819604551,0.024382835676834927,0.01382987641080422,0.007019759114977224,0.01670481817082018,0.00784259032048964
11,10,LPA_012_DAPI.1.tif,LPA_012_W647.1.tif,LPA_012_G488.1.tif,LPA_012_R555.1.tif,/Volumes/D/YAPSMAD_Nuclear_Localization/251219_YAPSMAD_Early_D14_Male_#3/tifs,/Volumes/D/YAPSMAD_Nuclear_Localization/251219_YAPSMAD_Early_D14_Male_#3/tifs,/Volumes/D/YAPSMAD_Nuclear_Localization/251219_YAPSMAD_Early_D14_Male_#3/tifs,/Volumes/D/YAPSMAD_Nuclear_Localization/251219_YAPSMAD_Early_D14_Male_#3/tifs,2096,4788,3.299680457065588,0.8347110777394328,0.3030596486574042,6.038590217307627,5.0,23.260670070536435,41.4796979976818,18.670908863423392,0.011097647934416238,0.019789932250802385,0.008907876366137114,0.006679382202610232,0.01697859824258451,0.0052103132108808235
11,11,LPA_012_DAPI.1.tif,LPA_012_W647.1.tif,LPA_012_G488.1.tif,LPA_012_R555.1.tif,/Volumes/D/YAPSMAD_Nuclear_Localization/251219_YAPSMAD_Early_D14_Male_#3/tifs,/Volumes/D/YAPSMAD_Nuclear_Localization/251219_YAPSMAD_Early_D14_Male_#3/tifs,/Volumes/D/YAPSMAD_Nuclear_Localization/251219_YAPSMAD_Early_D14_Male_#3/tifs,/Volumes/D/YAPSMAD_Nuclear_Localization/251219_YAPSMAD_Early_D14_Male_#3/tifs,2450,12947,14.746982935162968,0.9150694585031773,0.06781048058417306,3.9586221331242073,2.8284271247461903,22.437659461051226,51.46781125618145,23.424124729819596,0.00915822835144948,0.021007269900482226,0.00956086723666106,0.007832590157438788,0.016985548677359436,0.006294808315289243
11,12,LPA_012_DAPI.1.tif,LPA_012_W647.1.tif,LPA_012_G488.1.tif,LPA_012_R555.1.tif,/Volumes/D/YAPSMAD_Nuclear_Localization/251219_YAPSMAD_Early_D14_Male_#3/tifs,/Volumes/D/YAPSMAD_Nuclear_Localization/251219_YAPSMAD_Early_D14_Male_#3/tifs,/Volumes/D/YAPSMAD_Nuclear_Localization/251219_YAPSMAD_Early_D14_Male_#3/tifs,/Volumes/D/YAPSMAD_Nuclear_Localization/251219_YAPSMAD_Early_D14_Male_#3/tifs,1415,3150,5.104721516130413,0.5285567259799873,0.19589707231630546,4.727059730725018,3.605551275463989,9.383184698177502,19.53319614380598,16.027390065370128,0.006631225935107775,0.013804378900216241,0.011326777431356981,0.002792405638370294,0.010277025895980719,0.007794333702920205
11,13,LPA_012_DAPI.1.tif,LPA_012_W647.1.tif,LPA_012_G488.1.tif,LPA_012_R555.1.tif,/Volumes/D/YAPSMAD_Nuclear_Localization/251219_YAPSMAD_Early_D14_Male_#3/tifs,/Volumes/D/YAPSMAD_Nuclear_Localization/251219_YAPSMAD_Early_D14_Male_#3/tifs,/Volumes/D/YAPSMAD_Nuclear_Localization/251219_YAPSMAD_Early_D14_Male_#3/tifs,/Volumes/D/YAPSMAD_Nuclear_Localization/251219_YAPSMAD_Early_D14_Male_#3/tifs,1517,2695,1.9798395825883053,0.5850229712781756,0.5050914269996911,6.394283759707636,5.385164807134504,19.12022600439377,31.36858179513365,26.32349140685983,0.012603972316673547,0.02067803677991671,0.017352334480461324,0.006607714958735011,0.01396439842625428,0.00972065096333305
11,14,LPA_012_DAPI.1.tif,LPA_012_W647.1.tif,LPA_012_G488.1.tif,LPA_012_R555.1.tif,/Volumes/D/YAPSMAD_Nuclear_Localization/251219_YAPSMAD_Early_D14_Male_#3/tifs,/Volumes/D/YAPSMAD_Nuclear_Localization/251219_YAPSMAD_Early_D14_Male_#3/tifs,/Volumes/D/YAPSMAD_Nuclear_Localization/251219_YAPSMAD_Early_D14_Male_#3/tifs,/Volumes/D/YAPSMAD_Nuclear_Localization/251219_YAPSMAD_Early_D14_Male_#3/tifs,1706,4662,3.894332005293513,0.8583253018889706,0.256783448006157,5.071764704803438,4.123105625617661,14.22533015604131,43.60131235560402,14.413077115314081,0.008338411580329021,0.02555762740656742,0.008448462552939087,0.0035322006822781546,0.018733051463766363,0.005246963930548782
11,15,LPA_012_DAPI.1.tif,LPA_012_W647.1.tif,LPA_012_G488.1.tif,LPA_012_R555.1.tif,/Volumes/D/YAPSMAD_Nuclear_Localization/251219_YAPSMAD_Early_D14_Male_#3/tifs,/Volumes/D/YAPSMAD_Nuclear_Localization/251219_YAPSMAD_Early_D14_Male_#3/tifs,/Volumes/D/YAPSMAD_Nuclear_Localization/251219_YAPSMAD_Early_D14_Male_#3/tifs,/Volumes/D/YAPSMAD_Nuclear_Localization/251219_YAPSMAD_Early_D14_Male_#3/tifs,1955,3675,2.8288367307354436,0.8408092551456575,0.3535021972583123,6.052566633892709,5.0,16.85574141284451,31.881544390926138,12.412604101700708,0.008621862615265733,0.01630769534062718,0.006349158108286807,0.0033650724539254703,0.012313835420561532,0.0036523009297307844
11,16,LPA_012_DAPI.1.tif,LPA_012_W647.1.tif,LPA_012_G488.1.tif,LPA_012_R555.1.tif,/Volumes/D/YAPSMAD_Nuclear_Localization/251219_YAPSMAD_Early_D14_Male_#3/tifs,/Volumes/D/YAPSMAD_Nuclear_Localization/251219_YAPSMAD_Early_D14_Male_#3/tifs,/Volumes/D/YAPSMAD_Nuclear_Localization/251219_YAPSMAD_Early_D14_Male_#3/tifs,/Volumes/D/YAPSMAD_Nuclear_Localization/251219_YAPSMAD_Early_D14_Male_#3/tifs,2039,4526,4.421021773018261,0.2153763847875845,0.22619205499123643,5.35568135813553,4.242640687119285,23.65995292365551,41.92106526112184,21.42072195117362,0.011603704229355326,0.02055962003978511,0.010505503654327425,0.008239773201922797,0.014774698048214959,0.006437065460130766
11,17,LPA_012_DAPI.1.tif,LPA_012_W647.1.tif,LPA_012_G488.1.tif,LPA_012_R555.1.tif,/Volumes/D/YAPSMAD_Nuclear_Localization/251219_YAPSMAD_Early_D14_Male_#3/tifs,/Volumes/D/YAPSMAD_Nuclear_Localization/251219_YAPSMAD_Early_D14_Male_#3/tifs,/Volumes/D/YAPSMAD_Nuclear_Localization/251219_YAPSMAD_Early_D14_Male_#3/tifs,/Volumes/D/YAPSMAD_Nuclear_Localization/251219_YAPSMAD_Early_D14_Male_#3/tifs,1981,5159,5.084645201977983,0.7538877037809875,0.19667055620930818,4.76005831017639,4.0,21.049698802409694,50.69723063893616,19.70507381367497,0.010625794448465268,0.025591736819250966,0.009947033727246327,0.00783955449818716,0.0182580853724816,0.005360526983792337
11,18,LPA_012_DAPI.1.tif,LPA_012_W647.1.tif,LPA_012_G488.1.tif,LPA_012_R555.1.tif,/Volumes/D/YAPSMAD_Nuclear_Localization/251219_YAPSMAD_Early_D14_Male_#3/tifs,/Volumes/D/YAPSMAD_Nuclear_Localization/251219_YAPSMAD_Early_D14_Male_#3/tifs,/Volumes/D/YAPSMAD_Nuclear_Localization/251219_YAPSMAD_Early_D14_Male_#3/tifs,/Volumes/D/YAPSMAD_Nuclear_Localization/251219_YAPSMAD_Early_D14_Male_#3/tifs,1147,1640,1.1703784906078787,0.3021111686662367,0.8544244515982292,6.386382370471138,5.656854249492381,7.930296897888184,22.375311019830406,15.905256867641583,0.006913946728760404,0.01950768179584168,0.013866832491405042,0.002656670569118952,0.011639989337568084,0.006680003360545315
11,19,LPA_012_DAPI.1.tif,LPA_012_W647.1.tif,LPA_012_G488.1.tif,LPA_012_R555.1.tif,/Volumes/D/YAPSMAD_Nuclear_Localization/251219_YAPSMAD_Early_D14_Male_#3/tifs,/Volumes/D/YAPSMAD_Nuclear_Localization/251219_YAPSMAD_Early_D14_Male_#3/tifs,/Volumes/D/YAPSMAD_Nuclear_Localization/251219_YAPSMAD_Early_D14_Male_#3/tifs,/Volumes/D/YAPSMAD_Nuclear_Localization/251219_YAPSMAD_Early_D14_Male_#3/tifs,1100,2772,3.875180347803475,0.9553785296849171,0.2580525060122218,3.8682439040621377,3.0,10.80079358885996,32.130708823446184,10.651041514938697,0.009818903262599965,0.029209735294041986,0.009682765013580634,0.004603782590367427,0.021755389629571218,0.005275742782521617
11,20,LPA_012_DAPI.1.tif,LPA_012_W647.1.tif,LPA_012_G488.1.tif,LPA_012_R555.1.tif,/Volumes/D/YAPSMAD_Nuclear_Localization/251219_YAPSMAD_Early_D14_Male_#3/tifs,/Volumes/D/YAPSMAD_Nuclear_Localization/251219_YAPSMAD_Early_D14_Male_#3/tifs,/Volumes/D/YAPSMAD_Nuclear_Localization/251219_YAPSMAD_Early_D14_Male_#3/tifs,/Volumes/D/YAPSMAD_Nuclear_Localization/251219_YAPSMAD_Early_D14_Male_#3/tifs,2108,5922,7.356550073778241,0.7848995736691177,0.13593328258097634,5.100980586014092,3.605551275463989,16.451560442568734,39.52088212966919,22.166445564012975,0.00780434556099086,0.018748046551076467,0.010515391633782246,0.004018741122982233,0.014496263430901034,0.007134887825253031
11,21,LPA_012_DAPI.1.tif,LPA_012_W647.1.tif,LPA_012_G488.1.tif,LPA_012_R555.1.tif,/Volumes/D/YAPSMAD_Nuclear_Localization/251219_YAPSMAD_Early_D14_Male_#3/tifs,/Volumes/D/YAPSMAD_Nuclear_Localization/251219_YAPSMAD_Early_D14_Male_#3/tifs,/Volumes/D/YAPSMAD_Nuclear_Localization/251219_YAPSMAD_Early_D14_Male_#3/tifs,/Volumes/D/YAPSMAD_Nuclear_Localization/251219_YAPSMAD_Early_D14_Male_#3/tifs,1087,1680,1.8329323905453092,0.4855016950161226,0.5455738603116144,5.174554135999952,4.47213595499958,18.478507740190253,26.041504620108753,9.75082025397569,0.01699954713908947,0.023957225961461593,0.008970395817824921,0.00933764167508888,0.021399836962108475,0.005883605265193071
11,22,LPA_012_DAPI.1.tif,LPA_012_W647.1.tif,LPA_012_G488.1.tif,LPA_012_R555.1.tif,/Volumes/D/YAPSMAD_Nuclear_Localization/251219_YAPSMAD_Early_D14_Male_#3/tifs,/Volumes/D/YAPSMAD_Nuclear_Localization/251219_YAPSMAD_Early_D14_Male_#3/tifs,/Volumes/D/YAPSMAD_Nuclear_Localization/251219_YAPSMAD_Early_D14_Male_#3/tifs,/Volumes/D/YAPSMAD_Nuclear_Localization/251219_YAPSMAD_Early_D14_Male_#3/tifs,2600,8052,7.80645341219601,0.8999454067353926,0.1280991440284139,5.245270438647007,4.0,22.68068994046189,41.47264842689037,28.864759489428252,0.008723342284793035,0.015951018625727068,0.01110183057285702,0.005597598936936964,0.012301617662496964,0.008813749929337967
11,23,LPA_012_DAPI.1.tif,LPA_012_W647.1.tif,LPA_012_G488.1.tif,LPA_012_R555.1.tif,/Volumes/D/YAPSMAD_Nuclear_Localization/251219_YAPSMAD_Early_D14_Male_#3/tifs,/Volumes/D/YAPSMAD_Nuclear_Localization/251219_YAPSMAD_Early_D14_Male_#3/tifs,/Volumes/D/YAPSMAD_Nuclear_Localization/251219_YAPSMAD_Early_D14_Male_#3/tifs,/Volumes/D/YAPSMAD_Nuclear_Localization/251219_YAPSMAD_Early_D14_Male_#3/tifs,2461,6860,8.007386173668442,0.8810947712137941,0.12488469749197419,4.4845185854666125,3.1622776601683795,20.422888767672703,37.39450697693974,26.365942099131644,0.008298613883654085,0.015194842331141706,0.010713507557550444,0.004373381752358062,0.01089349004054979,0.006931104735697727
11,24,LPA_012_DAPI.1.tif,LPA_012_W647.1.tif,LPA_012_G488.1.tif,LPA_012_R555.1.tif,/Volumes/D/YAPSMAD_Nuclear_Localization/251219_YAPSMAD_Early_D14_Male_#3/tifs,/Volumes/D/YAPSMAD_Nuclear_Localization/251219_YAPSMAD_Early_D14_Male_#3/tifs,/Volumes/D/YAPSMAD_Nuclear_Localization/251219_YAPSMAD_Early_D14_Male_#3/tifs,/Volumes/D/YAPSMAD_Nuclear_Localization/251219_YAPSMAD_Early_D14_Male_#3/tifs,2087,3906,3.2444355253642523,0.6456067585371649,0.30822002538877086,6.280448668242033,5.0,22.179476813180372,60.92396437563002,34.09378217207268,0.010627444567887097,0.029192124760723536,0.016336263618626105,0.008816114898525938,0.01872263291790972,0.009297574760248943
11,25,LPA_012_DAPI.1.tif,LPA_012_W647.1.tif,LPA_012_G488.1.tif,LPA_012_R555.1.tif,/Volumes/D/YAPSMAD_Nuclear_Localization/251219_YAPSMAD_Early_D14_Male_#3/tifs,/Volumes/D/YAPSMAD_Nuclear_Localization/251219_YAPSMAD_Early_D14_Male_#3/tifs,/Volumes/D/YAPSMAD_Nuclear_Localization/251219_YAPSMAD_Early_D14_Male_#3/tifs,/Volumes/D/YAPSMAD_Nuclear_Localization/251219_YAPSMAD_Early_D14_Male_#3/tifs,2539,6545,6.13923843717275,0.7993905371636116,0.16288665283711007,5.084103499355192,4.0,39.10669135255739,52.900221449323,38.23044195957482,0.015402399114831584,0.020835061618480897,0.015057283166433564,0.010090232250484247,0.014554044660334678,0.010346624762761606
11,26,LPA_012_DAPI.1.tif,LPA_012_W647.1.tif,LPA_012_G488.1.tif,LPA_012_R555.1.tif,/Volumes/D/YAPSMAD_Nuclear_Localization/251219_YAPSMAD_Early_D14_Male_#3/tifs,/Volumes/D/YAPSMAD_Nuclear_Localization/251219_YAPSMAD_Early_D14_Male_#3/tifs,/Volumes/D/YAPSMAD_Nuclear_Localization/251219_YAPSMAD_Early_D14_Male_#3/tifs,/Volumes/D/YAPSMAD_Nuclear_Localization/251219_YAPSMAD_Early_D14_Male_#3/tifs,1436,3591,2.7352241952151184,0.6417635352847358,0.36560074371576423,5.329055128904723,4.47213595499958,15.28519128356129,42.27797363931313,27.158953372156247,0.010644283623649923,0.029441485821248697,0.018912920175596273,0.006707747954204912,0.019204665375860696,0.011741992183515152
11,27,LPA_012_DAPI.1.tif,LPA_012_W647.1.tif,LPA_012_G488.1.tif,LPA_012_R555.1.tif,/Volumes/D/YAPSMAD_Nuclear_Localization/251219_YAPSMAD_Early_D14_Male_#3/tifs,/Volumes/D/YAPSMAD_Nuclear_Localization/251219_YAPSMAD_Early_D14_Male_#3/tifs,/Volumes/D/YAPSMAD_Nuclear_Localization/251219_YAPSMAD_Early_D14_Male_#3/tifs,/Volumes/D/YAPSMAD_Nuclear_Localization/251219_YAPSMAD_Early_D14_Male_#3/tifs,2857,11880,6.282622654739071,0.9377742136809213,0.15916919652108757,4.85824567332577,4.0,26.412588961888105,55.3376061138697,30.78516849502921,0.00924486838007984,0.019369130596384215,0.010775347740647256,0.005073156967869029,0.015720479782416755,0.007035723541917454
11,28,LPA_012_DAPI.1.tif,LPA_012_W647.1.tif,LPA_012_G488.1.tif,LPA_012_R555.1.tif,/Volumes/D/YAPSMAD_Nuclear_Localization/251219_YAPSMAD_Early_D14_Male_#3/tifs,/Volumes/D/YAPSMAD_Nuclear_Localization/251219_YAPSMAD_Early_D14_Male_#3/tifs,/Volumes/D/YAPSMAD_Nuclear_Localization/251219_YAPSMAD_Early_D14_Male_#3/tifs,/Volumes/D/YAPSMAD_Nuclear_Localization/251219_YAPSMAD_Early_D14_Male_#3/tifs,1203,1978,1.825550831651126,0.2871865574915733,0.5477798715117379,5.926738268185884,5.0,13.426459262380376,27.355626864824444,17.117067312356085,0.011160814016941294,0.022739506953303776,0.014228651132465573,0.006652234341164938,0.015205017609750642,0.008657733636159475
11,29,LPA_012_DAPI.1.tif,LPA_012_W647.1.tif,LPA_012_G488.1.tif,LPA_012_R555.1.tif,/Volumes/D/YAPSMAD_Nuclear_Localization/251219_YAPSMAD_Early_D14_Male_#3/tifs,/Volumes/D/YAPSMAD_Nuclear_Localization/251219_YAPSMAD_Early_D14_Male_#3/tifs,/Volumes/D/YAPSMAD_Nuclear_Localization/251219_YAPSMAD_Early_D14_Male_#3/tifs,/Volumes/D/YAPSMAD_Nuclear_Localization/251219_YAPSMAD_Early_D14_Male_#3/tifs,167,208,1.0252377715260474,0.7072897164848578,0.9753834942225338,2.6640335248184237,2.23606797749979,0.08198672463186085,2.223392103333026,0.5821011743973941,0.0004909384708494662,0.01331372516965884,0.003485635774834695,0.00012272126542056368,0.00665116349741351,0.0011605035276617659
11,30,LPA_012_DAPI.1.tif,LPA_012_W647.1.tif,LPA_012_G488.1.tif,LPA_012_R555.1.tif,/Volumes/D/YAPSMAD_Nuclear_Localization/251219_YAPSMAD_Early_D14_Male_#3/tifs,/Volumes/D/YAPSMAD_Nuclear_Localization/251219_YAPSMAD_Early_D14_Male_#3/tifs,/Volumes/D/YAPSMAD_Nuclear_Localization/251219_YAPSMAD_Early_D14_Male_#3/tifs,/Volumes/D/YAPSMAD_Nuclear_Localization/251219_YAPSMAD_Early_D14_Male_#3/tifs,2263,10396,9.397671040340567,0.5806500265164914,0.10640934287946309,4.544948030262001,3.1622776601683795,22.83927689353004,41.901915178634226,19.892347732791677,0.010092477637441467,0.018516091550434922,0.008790255295091328,0.007756238291371579,0.015173251951057929,0.007286859503863137
11,31,LPA_012_DAPI.1.tif,LPA_012_W647.1.tif,LPA_012_G488.1.tif,LPA_012_R555.1.tif,/Volumes/D/YAPSMAD_Nuclear_Localization/251219_YAPSMAD_Early_D14_Male_#3/tifs,/Volumes/D/YAPSMAD_Nuclear_Localization/251219_YAPSMAD_Early_D14_Male_#3/tifs,/Volumes/D/YAPSMAD_Nuclear_Localization/251219_YAPSMAD_Early_D14_Male_#3/tifs,/Volumes/D/YAPSMAD_Nuclear_Localization/251219_YAPSMAD_Early_D14_Male_#3/tifs,3611,7644,3.1600841369909793,0.7792634728658201,0.31644727059457234,8.394515727844158,7.0710678118654755,24.034165244782344,51.09687990648672,21.034867065493017,0.006655819785317736,0.01415034059996863,0.005825219347962619,0.004252570278496091,0.010002519762813454,0.00421362912200605
11,32,LPA_012_DAPI.1.tif,LPA_012_W647.1.tif,LPA_012_G488.1.tif,LPA_012_R555.1.tif,/Volumes/D/YAPSMAD_Nuclear_Localization/251219_YAPSMAD_Early_D14_Male_#3/tifs,/Volumes/D/YAPSMAD_Nuclear_Localization/251219_YAPSMAD_Early_D14_Male_#3/tifs,/Volumes/D/YAPSMAD_Nuclear_Localization/251219_YAPSMAD_Early_D14_Male_#3/tifs,/Volumes/D/YAPSMAD_Nuclear_Localization/251219_YAPSMAD_Early_D14_Male_#3/tifs,1534,2115,1.330684826360847,0.30366076816230725,0.7514927503417899,7.254912745474565,6.324555320336759,29.657725024269894,45.285633716732264,26.497902053175494,0.019333588672926918,0.029521273609343066,0.017273730152004885,0.010729089367049617,0.01571394885261035,0.008087053527055079
11,33,LPA_012_DAPI.1.tif,LPA_012_W647.1.tif,LPA_012_G488.1.tif,LPA_012_R555.1.tif,/Volumes/D/YAPSMAD_Nuclear_Localization/251219_YAPSMAD_Early_D14_Male_#3/tifs,/Volumes/D/YAPSMAD_Nuclear_Localization/251219_YAPSMAD_Early_D14_Male_#3/tifs,/Volumes/D/YAPSMAD_Nuclear_Localization/251219_YAPSMAD_Early_D14_Male_#3/tifs,/Volumes/D/YAPSMAD_Nuclear_Localization/251219_YAPSMAD_Early_D14_Male_#3/tifs,258,522,2.141247758468114,0.827445593396773,0.46701741825309245,2.356117240845366,2.0,1.7195086753927171,5.572045500390232,1.9771572619210929,0.00666476230772371,0.021597075582907875,0.007663400240004236,0.006024139379523531,0.011205581361535027,0.0054103527278612585
11,34,LPA_012_DAPI.1.tif,LPA_012_W647.1.tif,LPA_012_G488.1.tif,LPA_012_R555.1.tif,/Volumes/D/YAPSMAD_Nuclear_Localization/251219_YAPSMAD_Early_D14_Male_#3/tifs,/Volumes/D/YAPSMAD_Nuclear_Localization/251219_YAPSMAD_Early_D14_Male_#3/tifs,/Volumes/D/YAPSMAD_Nuclear_Localization/251219_YAPSMAD_Early_D14_Male_#3/tifs,/Volumes/D/YAPSMAD_Nuclear_Localization/251219_YAPSMAD_Early_D14_Male_#3/tifs,711,1680,5.744518691621111,0.7688526523749649,0.1740789879330689,2.6814766180515357,2.0,4.491294771898538,18.967803545761853,9.385290381731465,0.006316870283964189,0.026677642117808514,0.013200127119172244,0.006181271967620628,0.014441470233356709,0.006345439692303121
11,35,LPA_012_DAPI.1.tif,LPA_012_W647.1.tif,LPA_012_G488.1.tif,LPA_012_R555.1.tif,/Volumes/D/YAPSMAD_Nuclear_Localization/251219_YAPSMAD_Early_D14_Male_#3/tifs,/Volumes/D/YAPSMAD_Nuclear_Localization/251219_YAPSMAD_Early_D14_Male_#3/tifs,/Volumes/D/YAPSMAD_Nuclear_Localization/251219_YAPSMAD_Early_D14_Male_#3/tifs,/Volumes/D/YAPSMAD_Nuclear_Localization/251219_YAPSMAD_Early_D14_Male_#3/tifs,2389,5852,9.801365769389228,0.6143962851271815,0.10202659746900915,4.254938106187822,3.0,22.170702876290306,64.96730007464066,27.328542209696025,0.009280327700414528,0.027194349131285333,0.011439322816951036,0.007732158394413547,0.020078526517802557,0.006967511046066947
11,36,LPA_012_DAPI.1.tif,LPA_012_W647.1.tif,LPA_012_G488.1.tif,LPA_012_R555.1.tif,/Volumes/D/YAPSMAD_Nuclear_Localization/251219_YAPSMAD_Early_D14_Male_#3/tifs,/Volumes/D/YAPSMAD_Nuclear_Localization/251219_YAPSMAD_Early_D14_Male_#3/tifs,/Volumes/D/YAPSMAD_Nuclear_Localization/251219_YAPSMAD_Early_D14_Male_#3/tifs,/Volumes/D/YAPSMAD_Nuclear_Localization/251219_YAPSMAD_Early_D14_Male_#3/tifs,844,2223,3.857660934679443,0.8255347989616041,0.25922444116595134,3.2947901316260158,2.8284271247461903,5.6422065338119864,23.260288471821696,6.681101764785126,0.006685078831530789,0.02755958349741907,0.007915997351641144,0.0029600989462692656,0.020359543744284003,0.005776648287930647
11,37,LPA_012_DAPI.1.tif,LPA_012_W647.1.tif,LPA_012_G488.1.tif,LPA_012_R555.1.tif,/Volumes/D/YAPSMAD_Nuclear_Localization/251219_YAPSMAD_Early_D14_Male_#3/tifs,/Volumes/D/YAPSMAD_Nuclear_Localization/251219_YAPSMAD_Early_D14_Male_#3/tifs,/Volumes/D/YAPSMAD_Nuclear_Localization/251219_YAPSMAD_Early_D14_Male_#3/tifs,/Volumes/D/YAPSMAD_Nuclear_Localization/251219_YAPSMAD_Early_D14_Male_#3/tifs,929,2160,3.4785037477524323,0.780601399264208,0.2874799260015547,3.6901794702370703,3.0,6.375631435075775,23.379003618378192,7.001495436532423,0.00686289713140557,0.025165773539696654,0.007536593580766871,0.0029587755053505286,0.02121872455182782,0.005399098741184064
11,38,LPA_012_DAPI.1.tif,LPA_012_W647.1.tif,LPA_012_G488.1.tif,LPA_012_R555.1.tif,/Volumes/D/YAPSMAD_Nuclear_Localization/251219_YAPSMAD_Early_D14_Male_#3/tifs,/Volumes/D/YAPSMAD_Nuclear_Localization/251219_YAPSMAD_Early_D14_Male_#3/tifs,/Volumes/D/YAPSMAD_Nuclear_Localization/251219_YAPSMAD_Early_D14_Male_#3/tifs,/Volumes/D/YAPSMAD_Nuclear_Localization/251219_YAPSMAD_Early_D14_Male_#3/tifs,4765,10692,4.59106162458686,0.6298626940177074,0.21781454525563854,8.184570391067421,6.708203932499369,78.41748728579842,91.432029039599,64.61643441906199,0.01645697529607522,0.019188253733389088,0.01356063681407387,0.008912288808037197,0.012644194263394281,0.007927849656311336
11,39,LPA_012_DAPI.1.tif,LPA_012_W647.1.tif,LPA_012_G488.1.tif,LPA_012_R555.1.tif,/Volumes/D/YAPSMAD_Nuclear_Localization/251219_YAPSMAD_Early_D14_Male_#3/tifs,/Volumes/D/YAPSMAD_Nuclear_Localization/251219_YAPSMAD_Early_D14_Male_#3/tifs,/Volumes/D/YAPSMAD_Nuclear_Localization/251219_YAPSMAD_Early_D14_Male_#3/tifs,/Volumes/D/YAPSMAD_Nuclear_Localization/251219_YAPSMAD_Early_D14_Male_#3/tifs,1130,1824,1.7770576462396641,0.520149361536145,0.5627279464546612,5.516535656900527,5.0,6.293492100434378,26.808819808531553,9.97822547587566,0.005569462035782635,0.023724619299585446,0.008830288031748372,0.004069966065193629,0.01417262052944516,0.0040686495998364484
11,40,LPA_012_DAPI.1.tif,LPA_012_W647.1.tif,LPA_012_G488.1.tif,LPA_012_R555.1.tif,/Volumes/D/YAPSMAD_Nuclear_Localization/251219_YAPSMAD_Early_D14_Male_#3/tifs,/Volumes/D/YAPSMAD_Nuclear_Localization/251219_YAPSMAD_Early_D14_Male_#3/tifs,/Volumes/D/YAPSMAD_Nuclear_Localization/251219_YAPSMAD_Early_D14_Male_#3/tifs,/Volumes/D/YAPSMAD_Nuclear_Localization/251219_YAPSMAD_Early_D14_Male_#3/tifs,2080,7104,7.221009109160871,0.9430288957669397,0.13848479968421015,4.126145164505722,3.0,21.15606945217587,48.833737839479,14.177264211000875,0.010171187236623015,0.023477758576672596,0.006815992409135036,0.007543650829270762,0.02041857331721219,0.004638243200475029
11,41,LPA_012_DAPI.1.tif,LPA_012_W647.1.tif,LPA_012_G488.1.tif,LPA_012_R555.1.tif,/Volumes/D/YAPSMAD_Nuclear_Localization/251219_YAPSMAD_Early_D14_Male_#3/tifs,/Volumes/D/YAPSMAD_Nuclear_Localization/251219_YAPSMAD_Early_D14_Male_#3/tifs,/Volumes/D/YAPSMAD_Nuclear_Localization/251219_YAPSMAD_Early_D14_Male_#3/tifs,/Volumes/D/YAPSMAD_Nuclear_Localization/251219_YAPSMAD_Early_D14_Male_#3/tifs,798,1353,3.0440827417544796,0.6160981414899979,0.3285061822674513,3.3020808707700344,3.0,3.6029450295027345,18.520897262496874,6.6212558967527,0.0045149687086500434,0.02320914443921914,0.008297313153825439,0.0025031390604405217,0.015025298488585229,0.003515628803966907
11,42,LPA_012_DAPI.1.tif,LPA_012_W647.1.tif,LPA_012_G488.1.tif,LPA_012_R555.1.tif,/Volumes/D/YAPSMAD_Nuclear_Localization/251219_YAPSMAD_Early_D14_Male_#3/tifs,/Volumes/D/YAPSMAD_Nuclear_Localization/251219_YAPSMAD_Early_D14_Male_#3/tifs,/Volumes/D/YAPSMAD_Nuclear_Localization/251219_YAPSMAD_Early_D14_Male_#3/tifs,/Volumes/D/YAPSMAD_Nuclear_Localization/251219_YAPSMAD_Early_D14_Male_#3/tifs,4562,14396,4.806299206987945,0.8387828426316907,0.20806028857839023,7.654538300976308,6.0,34.993210174608976,85.56278367247432,31.50138131552376,0.007670585307893244,0.01875554223421182,0.006905169073985918,0.0034640869888184363,0.014076827205096403,0.0037969042244612016
11,43,LPA_012_DAPI.1.tif,LPA_012_W647.1.tif,LPA_012_G488.1.tif,LPA_012_R555.1.tif,/Volumes/D/YAPSMAD_Nuclear_Localization/251219_YAPSMAD_Early_D14_Male_#3/tifs,/Volumes/D/YAPSMAD_Nuclear_Localization/251219_YAPSMAD_Early_D14_Male_#3/tifs,/Volumes/D/YAPSMAD_Nuclear_Localization/251219_YAPSMAD_Early_D14_Male_#3/tifs,/Volumes/D/YAPSMAD_Nuclear_Localization/251219_YAPSMAD_Early_D14_Male_#3/tifs,1806,9434,9.063665539395467,0.8446378987155617,0.11033063782566478,4.074846199296992,3.0,12.03349366527982,37.41953170951456,13.519432507455349,0.0066630640450054375,0.020719563515788793,0.007485843027383914,0.005453429331407464,0.01459891823291282,0.004371304981481466
11,44,LPA_012_DAPI.1.tif,LPA_012_W647.1.tif,LPA_012_G488.1.tif,LPA_012_R555.1.tif,/Volumes/D/YAPSMAD_Nuclear_Localization/251219_YAPSMAD_Early_D14_Male_#3/tifs,/Volumes/D/YAPSMAD_Nuclear_Localization/251219_YAPSMAD_Early_D14_Male_#3/tifs,/Volumes/D/YAPSMAD_Nuclear_Localization/251219_YAPSMAD_Early_D14_Male_#3/tifs,/Volumes/D/YAPSMAD_Nuclear_Localization/251219_YAPSMAD_Early_D14_Male_#3/tifs,1450,2596,3.0880289054324326,0.5421313039574948,0.32383116564770786,5.942120192689294,5.0,9.583138913149014,18.84782189456746,11.517174151726067,0.006609061319413113,0.012998497858322387,0.007942878725328322,0.0035787455206264147,0.008562599538273825,0.004395262786506277
11,45,LPA_012_DAPI.1.tif,LPA_012_W647.1.tif,LPA_012_G488.1.tif,LPA_012_R555.1.tif,/Volumes/D/YAPSMAD_Nuclear_Localization/251219_YAPSMAD_Early_D14_Male_#3/tifs,/Volumes/D/YAPSMAD_Nuclear_Localization/251219_YAPSMAD_Early_D14_Male_#3/tifs,/Volumes/D/YAPSMAD_Nuclear_Localization/251219_YAPSMAD_Early_D14_Male_#3/tifs,/Volumes/D/YAPSMAD_Nuclear_Localization/251219_YAPSMAD_Early_D14_Male_#3/tifs,2582,5986,2.8763040130467394,0.8298937501612432,0.34766839508760583,6.711675846586741,5.743903072168841,21.6694593525026,60.593820246402174,29.490928747691214,0.008392509431643144,0.02346778475848264,0.011421738477029904,0.0048654148951793675,0.015171074241390713,0.0063577821515153985
11,46,LPA_012_DAPI.1.tif,LPA_012_W647.1.tif,LPA_012_G488.1.tif,LPA_012_R555.1.tif,/Volumes/D/YAPSMAD_Nuclear_Localization/251219_YAPSMAD_Early_D14_Male_#3/tifs,/Volumes/D/YAPSMAD_Nuclear_Localization/251219_YAPSMAD_Early_D14_Male_#3/tifs,/Volumes/D/YAPSMAD_Nuclear_Localization/251219_YAPSMAD_Early_D14_Male_#3/tifs,/Volumes/D/YAPSMAD_Nuclear_Localization/251219_YAPSMAD_Early_D14_Male_#3/tifs,2440,6417,3.662826891374781,0.9071154571713426,0.27301317524854873,6.022525495199611,5.0,24.734508494613692,55.14409113768488,28.97413613088429,0.010137093645333481,0.022600037351510196,0.011874645955280446,0.0067261851661174505,0.015726267101739525,0.007797711461722484
11,47,LPA_012_DAPI.1.tif,LPA_012_W647.1.tif,LPA_012_G488.1.tif,LPA_012_R555.1.tif,/Volumes/D/YAPSMAD_Nuclear_Localization/251219_YAPSMAD_Early_D14_Male_#3/tifs,/Volumes/D/YAPSMAD_Nuclear_Localization/251219_YAPSMAD_Early_D14_Male_#3/tifs,/Volumes/D/YAPSMAD_Nuclear_Localization/251219_YAPSMAD_Early_D14_Male_#3/tifs,/Volumes/D/YAPSMAD_Nuclear_Localization/251219_YAPSMAD_Early_D14_Male_#3/tifs,2210,5082,8.318804253176827,0.7361110462840973,0.1202095841620645,4.560800276700179,3.605551275463989,25.161989969201386,55.37442604545504,24.182604930130765,0.011385515823168048,0.025056301378033954,0.010942355172004871,0.012099834225720273,0.017119406883158887,0.007276802955084947
11,48,LPA_012_DAPI.1.tif,LPA_012_W647.1.tif,LPA_012_G488.1.tif,LPA_012_R555.1.tif,/Volumes/D/YAPSMAD_Nuclear_Localization/251219_YAPSMAD_Early_D14_Male_#3/tifs,/Volumes/D/YAPSMAD_Nuclear_Localization/251219_YAPSMAD_Early_D14_Male_#3/tifs,/Volumes/D/YAPSMAD_Nuclear_Localization/251219_YAPSMAD_Early_D14_Male_#3/tifs,/Volumes/D/YAPSMAD_Nuclear_Localization/251219_YAPSMAD_Early_D14_Male_#3/tifs,1465,7040,8.811869002711365,0.49859225631989096,0.11348330299648184,3.283193139817249,2.8284271247461903,9.913161031436175,33.34053572360426,14.748531477991492,0.006766662820092952,0.022758044862528505,0.010067256981564158,0.004838765577911816,0.017636296960851495,0.005852060865264945
11,49,LPA_012_DAPI.1.tif,LPA_012_W647.1.tif,LPA_012_G488.1.tif,LPA_012_R555.1.tif,/Volumes/D/YAPSMAD_Nuclear_Localization/251219_YAPSMAD_Early_D14_Male_#3/tifs,/Volumes/D/YAPSMAD_Nuclear_Localization/251219_YAPSMAD_Early_D14_Male_#3/tifs,/Volumes/D/YAPSMAD_Nuclear_Localization/251219_YAPSMAD_Early_D14_Male_#3/tifs,/Volumes/D/YAPSMAD_Nuclear_Localization/251219_YAPSMAD_Early_D14_Male_#3/tifs,1464,2378,1.6468218517171482,0.6331788154861122,0.6072302228424378,6.6426002201176875,5.830951894845301,21.53665995155461,47.17476169439033,19.95915175578557,0.014710833300242221,0.032223197878681914,0.013633300379634951,0.008646632694194262,0.017720827905426135,0.006363121079175331
12,1,LPA_013_DAPI.1.tif,LPA_013_W647.1.tif,LPA_013_G488.1.tif,LPA_013_R555.1.tif,/Volumes/D/YAPSMAD_Nuclear_Localization/251219_YAPSMAD_Early_D14_Male_#3/tifs,/Volumes/D/YAPSMAD_Nuclear_Localization/251219_YAPSMAD_Early_D14_Male_#3/tifs,/Volumes/D/YAPSMAD_Nuclear_Localization/251219_YAPSMAD_Early_D14_Male_#3/tifs,/Volumes/D/YAPSMAD_Nuclear_Localization/251219_YAPSMAD_Early_D14_Male_#3/tifs,2155,3300,2.036223842248151,0.41179862760433605,0.4911051423972727,7.437305635704008,6.324555320336759,34.41341288667172,38.83505020104349,36.834714501863346,0.01596910110750428,0.01802090496568143,0.01709267494286002,0.009800154663952945,0.010926046660658632,0.009918351463998703
12,2,LPA_013_DAPI.1.tif,LPA_013_W647.1.tif,LPA_013_G488.1.tif,LPA_013_R555.1.tif,/Volumes/D/YAPSMAD_Nuclear_Localization/251219_YAPSMAD_Early_D14_Male_#3/tifs,/Volumes/D/YAPSMAD_Nuclear_Localization/251219_YAPSMAD_Early_D14_Male_#3/tifs,/Volumes/D/YAPSMAD_Nuclear_Localization/251219_YAPSMAD_Early_D14_Male_#3/tifs,/Volumes/D/YAPSMAD_Nuclear_Localization/251219_YAPSMAD_Early_D14_Male_#3/tifs,3250,8800,6.748992251585257,0.8332533740474662,0.14817026938579045,5.423182587770907,4.47213595499958,35.20119047770277,67.81144450511783,34.557397074531764,0.01083113553160085,0.020865059847728563,0.010633045253702081,0.009741152627474124,0.01643373961894286,0.006581461597493516
12,3,LPA_013_DAPI.1.tif,LPA_013_W647.1.tif,LPA_013_G488.1.tif,LPA_013_R555.1.tif,/Volumes/D/YAPSMAD_Nuclear_Localization/251219_YAPSMAD_Early_D14_Male_#3/tifs,/Volumes/D/YAPSMAD_Nuclear_Localization/251219_YAPSMAD_Early_D14_Male_#3/tifs,/Volumes/D/YAPSMAD_Nuclear_Localization/251219_YAPSMAD_Early_D14_Male_#3/tifs,/Volumes/D/YAPSMAD_Nuclear_Localization/251219_YAPSMAD_Early_D14_Male_#3/tifs,2007,4757,4.211583573516292,0.7925613526981051,0.23744037902709603,6.253495551569536,5.0,28.115449951030314,52.388967868406326,44.58062123856507,0.014008694544609025,0.02610312300369025,0.02221256663605634,0.008699391998169808,0.018925505206108334,0.014066427897924538
12,4,LPA_013_DAPI.1.tif,LPA_013_W647.1.tif,LPA_013_G488.1.tif,LPA_013_R555.1.tif,/Volumes/D/YAPSMAD_Nuclear_Localization/251219_YAPSMAD_Early_D14_Male_#3/tifs,/Volumes/D/YAPSMAD_Nuclear_Localization/251219_YAPSMAD_Early_D14_Male_#3/tifs,/Volumes/D/YAPSMAD_Nuclear_Localization/251219_YAPSMAD_Early_D14_Male_#3/tifs,/Volumes/D/YAPSMAD_Nuclear_Localization/251219_YAPSMAD_Early_D14_Male_#3/tifs,1655,5396,5.186652668333163,0.829901109071379,0.19280257691158842,4.753136525925359,3.605551275463989,18.525551348458976,42.90324268536642,20.909086911240593,0.011193686615383067,0.025923409477562793,0.01263388937235081,0.011889104007209423,0.0208673733904145,0.007797953559663262
12,5,LPA_013_DAPI.1.tif,LPA_013_W647.1.tif,LPA_013_G488.1.tif,LPA_013_R555.1.tif,/Volumes/D/YAPSMAD_Nuclear_Localization/251219_YAPSMAD_Early_D14_Male_#3/tifs,/Volumes/D/YAPSMAD_Nuclear_Localization/251219_YAPSMAD_Early_D14_Male_#3/tifs,/Volumes/D/YAPSMAD_Nuclear_Localization/251219_YAPSMAD_Early_D14_Male_#3/tifs,/Volumes/D/YAPSMAD_Nuclear_Localization/251219_YAPSMAD_Early_D14_Male_#3/tifs,1684,4590,4.462876534419397,0.7364878543444943,0.22407072933513184,5.793574878385507,4.47213595499958,15.452018176438287,44.46894038049504,18.861448199488223,0.009175782765105871,0.02640673419269302,0.011200384916560703,0.0045180880585478835,0.01810591842969563,0.007504838763353633
12,6,LPA_013_DAPI.1.tif,LPA_013_W647.1.tif,LPA_013_G488.1.tif,LPA_013_R555.1.tif,/Volumes/D/YAPSMAD_Nuclear_Localization/251219_YAPSMAD_Early_D14_Male_#3/tifs,/Volumes/D/YAPSMAD_Nuclear_Localization/251219_YAPSMAD_Early_D14_Male_#3/tifs,/Volumes/D/YAPSMAD_Nuclear_Localization/251219_YAPSMAD_Early_D14_Male_#3/tifs,/Volumes/D/YAPSMAD_Nuclear_Localization/251219_YAPSMAD_Early_D14_Male_#3/tifs,3981,11088,8.11277981642882,0.7824562826316842,0.12326231237965385,5.504533187990064,4.123105625617661,30.38312381110154,69.21829593041912,32.02241583005525,0.007632033110048114,0.017387163006887495,0.008043812064821717,0.006465583719071597,0.013571275357988495,0.004988002510495653
12,7,LPA_013_DAPI.1.tif,LPA_013_W647.1.tif,LPA_013_G488.1.tif,LPA_013_R555.1.tif,/Volumes/D/YAPSMAD_Nuclear_Localization/251219_YAPSMAD_Early_D14_Male_#3/tifs,/Volumes/D/YAPSMAD_Nuclear_Localization/251219_YAPSMAD_Early_D14_Male_#3/tifs,/Volumes/D/YAPSMAD_Nuclear_Localization/251219_YAPSMAD_Early_D14_Male_#3/tifs,/Volumes/D/YAPSMAD_Nuclear_Localization/251219_YAPSMAD_Early_D14_Male_#3/tifs,1774,3774,4.478673493772569,0.950595726476063,0.22328039795498897,4.207179732122514,3.605551275463989,20.509346321690828,43.83439396088943,16.145205021835864,0.01156107458945368,0.024709353980208248,0.009101017486942425,0.008113022920724057,0.019123701724417904,0.006128423035828061
12,8,LPA_013_DAPI.1.tif,LPA_013_W647.1.tif,LPA_013_G488.1.tif,LPA_013_R555.1.tif,/Volumes/D/YAPSMAD_Nuclear_Localization/251219_YAPSMAD_Early_D14_Male_#3/tifs,/Volumes/D/YAPSMAD_Nuclear_Localization/251219_YAPSMAD_Early_D14_Male_#3/tifs,/Volumes/D/YAPSMAD_Nuclear_Localization/251219_YAPSMAD_Early_D14_Male_#3/tifs,/Volumes/D/YAPSMAD_Nuclear_Localization/251219_YAPSMAD_Early_D14_Male_#3/tifs,2156,6365,4.925953424034638,0.8189562676855131,0.20300638554981354,5.749294368331536,4.242640687119285,12.942168484441936,37.467429829295725,27.782742226263508,0.006002861078127058,0.017378214206537904,0.012886244075261368,0.0030534762614966462,0.011825848403231807,0.009534895385050477
12,9,LPA_013_DAPI.1.tif,LPA_013_W647.1.tif,LPA_013_G488.1.tif,LPA_013_R555.1.tif,/Volumes/D/YAPSMAD_Nuclear_Localization/251219_YAPSMAD_Early_D14_Male_#3/tifs,/Volumes/D/YAPSMAD_Nuclear_Localization/251219_YAPSMAD_Early_D14_Male_#3/tifs,/Volumes/D/YAPSMAD_Nuclear_Localization/251219_YAPSMAD_Early_D14_Male_#3/tifs,/Volumes/D/YAPSMAD_Nuclear_Localization/251219_YAPSMAD_Early_D14_Male_#3/tifs,2016,5600,7.548798572235206,0.68999019158866,0.13247141123596032,4.5962229374038275,3.605551275463989,23.281574884895235,44.27547127008438,15.916975802741945,0.01154840024052343,0.021962039320478365,0.00789532529897914,0.010797551841180027,0.018714726046401085,0.005138822116358086
12,10,LPA_013_DAPI.1.tif,LPA_013_W647.1.tif,LPA_013_G488.1.tif,LPA_013_R555.1.tif,/Volumes/D/YAPSMAD_Nuclear_Localization/251219_YAPSMAD_Early_D14_Male_#3/tifs,/Volumes/D/YAPSMAD_Nuclear_Localization/251219_YAPSMAD_Early_D14_Male_#3/tifs,/Volumes/D/YAPSMAD_Nuclear_Localization/251219_YAPSMAD_Early_D14_Male_#3/tifs,/Volumes/D/YAPSMAD_Nuclear_Localization/251219_YAPSMAD_Early_D14_Male_#3/tifs,3319,12784,12.594026584902231,0.8619025040554255,0.07940272265256323,4.128336632927664,3.1622776601683795,28.98226930387318,63.98217772739008,34.920455041341484,0.00873222937748514,0.01927754676932512,0.010521378439693125,0.006128617825466225,0.013718838286900143,0.0062675248500538485
12,11,LPA_013_DAPI.1.tif,LPA_013_W647.1.tif,LPA_013_G488.1.tif,LPA_013_R555.1.tif,/Volumes/D/YAPSMAD_Nuclear_Localization/251219_YAPSMAD_Early_D14_Male_#3/tifs,/Volumes/D/YAPSMAD_Nuclear_Localization/251219_YAPSMAD_Early_D14_Male_#3/tifs,/Volumes/D/YAPSMAD_Nuclear_Localization/251219_YAPSMAD_Early_D14_Male_#3/tifs,/Volumes/D/YAPSMAD_Nuclear_Localization/251219_YAPSMAD_Early_D14_Male_#3/tifs,1915,5328,4.413915525873211,0.6385463289079941,0.22655621616187785,5.032965239777481,4.0,13.47411323315464,27.12367458967492,21.88201741501689,0.007036090461177358,0.014163798741344606,0.011426640947789498,0.003945544728179644,0.010264074783842517,0.006421451488214031
12,12,LPA_013_DAPI.1.tif,LPA_013_W647.1.tif,LPA_013_G488.1.tif,LPA_013_R555.1.tif,/Volumes/D/YAPSMAD_Nuclear_Localization/251219_YAPSMAD_Early_D14_Male_#3/tifs,/Volumes/D/YAPSMAD_Nuclear_Localization/251219_YAPSMAD_Early_D14_Male_#3/tifs,/Volumes/D/YAPSMAD_Nuclear_Localization/251219_YAPSMAD_Early_D14_Male_#3/tifs,/Volumes/D/YAPSMAD_Nuclear_Localization/251219_YAPSMAD_Early_D14_Male_#3/tifs,1570,5376,5.61161186677459,0.8720985880520736,0.17820191840437716,4.8331953449118465,3.605551275463989,15.1001451080665,37.68995203683153,19.064072757959366,0.009617926820424522,0.024006338876962758,0.012142721501884947,0.006311969659048858,0.016713123640462717,0.007191354321483845
12,13,LPA_013_DAPI.1.tif,LPA_013_W647.1.tif,LPA_013_G488.1.tif,LPA_013_R555.1.tif,/Volumes/D/YAPSMAD_Nuclear_Localization/251219_YAPSMAD_Early_D14_Male_#3/tifs,/Volumes/D/YAPSMAD_Nuclear_Localization/251219_YAPSMAD_Early_D14_Male_#3/tifs,/Volumes/D/YAPSMAD_Nuclear_Localization/251219_YAPSMAD_Early_D14_Male_#3/tifs,/Volumes/D/YAPSMAD_Nuclear_Localization/251219_YAPSMAD_Early_D14_Male_#3/tifs,1402,2160,2.094347445756132,0.7024818090803187,0.4774756939333747,5.961282902396374,5.0,10.681025517405942,25.69779516593553,9.833646257407963,0.007618420483171143,0.018329383142607368,0.007014013022402257,0.004809802571917113,0.014585205258391066,0.0036033474529356697
12,14,LPA_013_DAPI.1.tif,LPA_013_W647.1.tif,LPA_013_G488.1.tif,LPA_013_R555.1.tif,/Volumes/D/YAPSMAD_Nuclear_Localization/251219_YAPSMAD_Early_D14_Male_#3/tifs,/Volumes/D/YAPSMAD_Nuclear_Localization/251219_YAPSMAD_Early_D14_Male_#3/tifs,/Volumes/D/YAPSMAD_Nuclear_Localization/251219_YAPSMAD_Early_D14_Male_#3/tifs,/Volumes/D/YAPSMAD_Nuclear_Localization/251219_YAPSMAD_Early_D14_Male_#3/tifs,2061,8073,10.67299537695,0.89034757151492,0.09369440955251007,4.216826003148425,3.0,17.851560388458893,42.96672024251893,18.78281851648353,0.008661601352964043,0.02084751103470108,0.009113449061855182,0.00712769837884054,0.016281777674715354,0.0057627918244586235
12,15,LPA_013_DAPI.1.tif,LPA_013_W647.1.tif,LPA_013_G488.1.tif,LPA_013_R555.1.tif,/Volumes/D/YAPSMAD_Nuclear_Localization/251219_YAPSMAD_Early_D14_Male_#3/tifs,/Volumes/D/YAPSMAD_Nuclear_Localization/251219_YAPSMAD_Early_D14_Male_#3/tifs,/Volumes/D/YAPSMAD_Nuclear_Localization/251219_YAPSMAD_Early_D14_Male_#3/tifs,/Volumes/D/YAPSMAD_Nuclear_Localization/251219_YAPSMAD_Early_D14_Male_#3/tifs,1343,3150,5.171064717182253,0.5068918542802899,0.19338377194878864,4.5652116025971505,3.1622776601683795,8.204318427713588,17.60762963956222,14.162234039977193,0.006108948940963208,0.01311066987309175,0.010545222665656882,0.0025963534737088387,0.00926541984532506,0.006978933269366836
12,16,LPA_013_DAPI.1.tif,LPA_013_W647.1.tif,LPA_013_G488.1.tif,LPA_013_R555.1.tif,/Volumes/D/YAPSMAD_Nuclear_Localization/251219_YAPSMAD_Early_D14_Male_#3/tifs,/Volumes/D/YAPSMAD_Nuclear_Localization/251219_YAPSMAD_Early_D14_Male_#3/tifs,/Volumes/D/YAPSMAD_Nuclear_Localization/251219_YAPSMAD_Early_D14_Male_#3/tifs,/Volumes/D/YAPSMAD_Nuclear_Localization/251219_YAPSMAD_Early_D14_Male_#3/tifs,1492,2754,1.9274922193616686,0.5458319308532176,0.5188088387361542,6.482724497540487,5.656854249492381,17.793743967544287,29.966750709805638,23.8934769181069,0.011926101854922445,0.020084953558850965,0.016014394717229825,0.005928933011997395,0.01324176522969119,0.008903472134269626
12,17,LPA_013_DAPI.1.tif,LPA_013_W647.1.tif,LPA_013_G488.1.tif,LPA_013_R555.1.tif,/Volumes/D/YAPSMAD_Nuclear_Localization/251219_YAPSMAD_Early_D14_Male_#3/tifs,/Volumes/D/YAPSMAD_Nuclear_Localization/251219_YAPSMAD_Early_D14_Male_#3/tifs,/Volumes/D/YAPSMAD_Nuclear_Localization/251219_YAPSMAD_Early_D14_Male_#3/tifs,/Volumes/D/YAPSMAD_Nuclear_Localization/251219_YAPSMAD_Early_D14_Male_#3/tifs,1713,4672,3.7299136674454596,0.8594160882527618,0.2681027201052831,5.172735176135824,4.123105625617661,12.256595871411264,40.79188227234408,12.706981123192236,0.007155047210397702,0.023813124502244064,0.007417969132044505,0.0030655995526372745,0.01771977270994903,0.004597550190714338
12,18,LPA_013_DAPI.1.tif,LPA_013_W647.1.tif,LPA_013_G488.1.tif,LPA_013_R555.1.tif,/Volumes/D/YAPSMAD_Nuclear_Localization/251219_YAPSMAD_Early_D14_Male_#3/tifs,/Volumes/D/YAPSMAD_Nuclear_Localization/251219_YAPSMAD_Early_D14_Male_#3/tifs,/Volumes/D/YAPSMAD_Nuclear_Localization/251219_YAPSMAD_Early_D14_Male_#3/tifs,/Volumes/D/YAPSMAD_Nuclear_Localization/251219_YAPSMAD_Early_D14_Male_#3/tifs,1873,3600,2.8896639986595805,0.839917604058276,0.34606099548731856,5.9765054652194,5.0,13.718593303579837,28.07537974230945,10.625192767940462,0.00732439578407893,0.014989524688899867,0.005672820484751982,0.0027293434918356607,0.010903411031746166,0.0031544842366378824
12,19,LPA_013_DAPI.1.tif,LPA_013_W647.1.tif,LPA_013_G488.1.tif,LPA_013_R555.1.tif,/Volumes/D/YAPSMAD_Nuclear_Localization/251219_YAPSMAD_Early_D14_Male_#3/tifs,/Volumes/D/YAPSMAD_Nuclear_Localization/251219_YAPSMAD_Early_D14_Male_#3/tifs,/Volumes/D/YAPSMAD_Nuclear_Localization/251219_YAPSMAD_Early_D14_Male_#3/tifs,/Volumes/D/YAPSMAD_Nuclear_Localization/251219_YAPSMAD_Early_D14_Male_#3/tifs,2020,4599,4.353599355042601,0.2387286407795841,0.22969499911417887,5.403066683446054,4.242640687119285,19.77474653045647,38.08439787477255,18.380590706830844,0.009789478480423995,0.018853662314243836,0.00909930233011428,0.007102547227048213,0.01335242922966339,0.005619774503018472
12,20,LPA_013_DAPI.1.tif,LPA_013_W647.1.tif,LPA_013_G488.1.tif,LPA_013_R555.1.tif,/Volumes/D/YAPSMAD_Nuclear_Localization/251219_YAPSMAD_Early_D14_Male_#3/tifs,/Volumes/D/YAPSMAD_Nuclear_Localization/251219_YAPSMAD_Early_D14_Male_#3/tifs,/Volumes/D/YAPSMAD_Nuclear_Localization/251219_YAPSMAD_Early_D14_Male_#3/tifs,/Volumes/D/YAPSMAD_Nuclear_Localization/251219_YAPSMAD_Early_D14_Male_#3/tifs,2025,5236,5.218331289035638,0.7321319828306618,0.19163214150491445,4.849559666169284,4.0,18.64231344568543,49.3198292623274,18.074220100650564,0.009206080713918732,0.024355471240655506,0.008925540790444723,0.006841975612669777,0.0177455178436801,0.004672531200406542
12,21,LPA_013_DAPI.1.tif,LPA_013_W647.1.tif,LPA_013_G488.1.tif,LPA_013_R555.1.tif,/Volumes/D/YAPSMAD_Nuclear_Localization/251219_YAPSMAD_Early_D14_Male_#3/tifs,/Volumes/D/YAPSMAD_Nuclear_Localization/251219_YAPSMAD_Early_D14_Male_#3/tifs,/Volumes/D/YAPSMAD_Nuclear_Localization/251219_YAPSMAD_Early_D14_Male_#3/tifs,/Volumes/D/YAPSMAD_Nuclear_Localization/251219_YAPSMAD_Early_D14_Male_#3/tifs,1319,2352,2.06091054041481,0.43212476881182016,0.485222420085602,6.23598840930127,5.0990195135927845,10.026703416835517,29.638101868331432,20.531548145459965,0.007601746335735797,0.02247013030199502,0.015565995561379806,0.003663647955137488,0.013456314811571333,0.008339853036723568
12,22,LPA_013_DAPI.1.tif,LPA_013_W647.1.tif,LPA_013_G488.1.tif,LPA_013_R555.1.tif,/Volumes/D/YAPSMAD_Nuclear_Localization/251219_YAPSMAD_Early_D14_Male_#3/tifs,/Volumes/D/YAPSMAD_Nuclear_Localization/251219_YAPSMAD_Early_D14_Male_#3/tifs,/Volumes/D/YAPSMAD_Nuclear_Localization/251219_YAPSMAD_Early_D14_Male_#3/tifs,/Volumes/D/YAPSMAD_Nuclear_Localization/251219_YAPSMAD_Early_D14_Male_#3/tifs,1086,2656,3.879711240827611,0.957431577051049,0.2577511412387181,3.8580828783622474,3.0,8.934340536827222,29.94454879174009,9.031052200123668,0.008226832906839062,0.02757324934782697,0.008315886003797115,0.003874414001374309,0.02060231327636149,0.004471917197886605
12,23,LPA_013_DAPI.1.tif,LPA_013_W647.1.tif,LPA_013_G488.1.tif,LPA_013_R555.1.tif,/Volumes/D/YAPSMAD_Nuclear_Localization/251219_YAPSMAD_Early_D14_Male_#3/tifs,/Volumes/D/YAPSMAD_Nuclear_Localization/251219_YAPSMAD_Early_D14_Male_#3/tifs,/Volumes/D/YAPSMAD_Nuclear_Localization/251219_YAPSMAD_Early_D14_Male_#3/tifs,/Volumes/D/YAPSMAD_Nuclear_Localization/251219_YAPSMAD_Early_D14_Male_#3/tifs,1926,5580,7.49924142865952,0.7780030520850632,0.13334682041017432,5.077351979258588,3.605551275463989,12.353338081389666,32.81162751861848,17.39356084377505,0.006413986542777604,0.017036151359614993,0.009030924633320378,0.003065734674453449,0.012697883607776564,0.005592817065946636
12,24,LPA_013_DAPI.1.tif,LPA_013_W647.1.tif,LPA_013_G488.1.tif,LPA_013_R555.1.tif,/Volumes/D/YAPSMAD_Nuclear_Localization/251219_YAPSMAD_Early_D14_Male_#3/tifs,/Volumes/D/YAPSMAD_Nuclear_Localization/251219_YAPSMAD_Early_D14_Male_#3/tifs,/Volumes/D/YAPSMAD_Nuclear_Localization/251219_YAPSMAD_Early_D14_Male_#3/tifs,/Volumes/D/YAPSMAD_Nuclear_Localization/251219_YAPSMAD_Early_D14_Male_#3/tifs,1024,1680,1.9694921811779376,0.4562294594837773,0.507745097724586,5.049684247976395,4.242640687119285,11.195254549616948,18.426367636071518,5.65816745813936,0.0109328657711103,0.017994499644601092,0.005525554158339219,0.005661608424718917,0.016797285894092795,0.0033886839365241186
12,25,LPA_013_DAPI.1.tif,LPA_013_W647.1.tif,LPA_013_G488.1.tif,LPA_013_R555.1.tif,/Volumes/D/YAPSMAD_Nuclear_Localization/251219_YAPSMAD_Early_D14_Male_#3/tifs,/Volumes/D/YAPSMAD_Nuclear_Localization/251219_YAPSMAD_Early_D14_Male_#3/tifs,/Volumes/D/YAPSMAD_Nuclear_Localization/251219_YAPSMAD_Early_D14_Male_#3/tifs,/Volumes/D/YAPSMAD_Nuclear_Localization/251219_YAPSMAD_Early_D14_Male_#3/tifs,2446,7504,6.140170017356865,0.9015066042335758,0.1628619398442107,5.518161648705503,4.123105625617661,18.64699798519723,37.27124465396628,25.206622602185234,0.007623466060996415,0.01523763068436888,0.010305242273992328,0.0045934972444950884,0.011527890934432978,0.007726101143254007
12,26,LPA_013_DAPI.1.tif,LPA_013_W647.1.tif,LPA_013_G488.1.tif,LPA_013_R555.1.tif,/Volumes/D/YAPSMAD_Nuclear_Localization/251219_YAPSMAD_Early_D14_Male_#3/tifs,/Volumes/D/YAPSMAD_Nuclear_Localization/251219_YAPSMAD_Early_D14_Male_#3/tifs,/Volumes/D/YAPSMAD_Nuclear_Localization/251219_YAPSMAD_Early_D14_Male_#3/tifs,/Volumes/D/YAPSMAD_Nuclear_Localization/251219_YAPSMAD_Early_D14_Male_#3/tifs,2518,7227,7.9108444921507965,0.875212615319713,0.12640875458899592,4.538315962005445,3.3839144678161843,17.816602044040337,36.17100811889395,24.263691355241463,0.007075695807799975,0.014364975424501172,0.00963609664624363,0.0035498352782141244,0.01044034833287757,0.006399301081895553
12,27,LPA_013_DAPI.1.tif,LPA_013_W647.1.tif,LPA_013_G488.1.tif,LPA_013_R555.1.tif,/Volumes/D/YAPSMAD_Nuclear_Localization/251219_YAPSMAD_Early_D14_Male_#3/tifs,/Volumes/D/YAPSMAD_Nuclear_Localization/251219_YAPSMAD_Early_D14_Male_#3/tifs,/Volumes/D/YAPSMAD_Nuclear_Localization/251219_YAPSMAD_Early_D14_Male_#3/tifs,/Volumes/D/YAPSMAD_Nuclear_Localization/251219_YAPSMAD_Early_D14_Male_#3/tifs,2113,4095,3.8037782040609045,0.6575544990162066,0.26289650614549565,6.225765658041328,5.0,19.767727356404066,57.246631735470146,30.287342832423747,0.009355289804261271,0.027092584825116017,0.014333811089646828,0.007905976046411535,0.017401649153327734,0.008109673992680522
12,28,LPA_013_DAPI.1.tif,LPA_013_W647.1.tif,LPA_013_G488.1.tif,LPA_013_R555.1.tif,/Volumes/D/YAPSMAD_Nuclear_Localization/251219_YAPSMAD_Early_D14_Male_#3/tifs,/Volumes/D/YAPSMAD_Nuclear_Localization/251219_YAPSMAD_Early_D14_Male_#3/tifs,/Volumes/D/YAPSMAD_Nuclear_Localization/251219_YAPSMAD_Early_D14_Male_#3/tifs,/Volumes/D/YAPSMAD_Nuclear_Localization/251219_YAPSMAD_Early_D14_Male_#3/tifs,2645,6675,5.602058326738216,0.8166543049661145,0.17850581726846237,5.262245318224535,4.0,36.42626103712246,55.40509674837813,36.74923345842399,0.013771743303259908,0.020947106521125945,0.013893850078799239,0.009032421222842101,0.014487815634144717,0.009282509380622611
12,29,LPA_013_DAPI.1.tif,LPA_013_W647.1.tif,LPA_013_G488.1.tif,LPA_013_R555.1.tif,/Volumes/D/YAPSMAD_Nuclear_Localization/251219_YAPSMAD_Early_D14_Male_#3/tifs,/Volumes/D/YAPSMAD_Nuclear_Localization/251219_YAPSMAD_Early_D14_Male_#3/tifs,/Volumes/D/YAPSMAD_Nuclear_Localization/251219_YAPSMAD_Early_D14_Male_#3/tifs,/Volumes/D/YAPSMAD_Nuclear_Localization/251219_YAPSMAD_Early_D14_Male_#3/tifs,1509,2646,2.7196798213520412,0.299748722601947,0.3676903406603456,5.805994221888314,5.0,22.853727186331525,60.15927374130115,25.89599463576451,0.015144948433619302,0.03986698061053754,0.017161030242388676,0.011760463381682568,0.021952129115526155,0.00855175879337959
12,30,LPA_013_DAPI.1.tif,LPA_013_W647.1.tif,LPA_013_G488.1.tif,LPA_013_R555.1.tif,/Volumes/D/YAPSMAD_Nuclear_Localization/251219_YAPSMAD_Early_D14_Male_#3/tifs,/Volumes/D/YAPSMAD_Nuclear_Localization/251219_YAPSMAD_Early_D14_Male_#3/tifs,/Volumes/D/YAPSMAD_Nuclear_Localization/251219_YAPSMAD_Early_D14_Male_#3/tifs,/Volumes/D/YAPSMAD_Nuclear_Localization/251219_YAPSMAD_Early_D14_Male_#3/tifs,1751,5180,3.476851460024423,0.6213312658210741,0.2876165437314873,5.410407161483009,4.242640687119285,17.680506760720164,46.65300991758704,26.84223710349761,0.01009737679081677,0.02664363787412167,0.015329661395486928,0.006096800736591869,0.017401508830116715,0.00981766488883276
12,31,LPA_013_DAPI.1.tif,LPA_013_W647.1.tif,LPA_013_G488.1.tif,LPA_013_R555.1.tif,/Volumes/D/YAPSMAD_Nuclear_Localization/251219_YAPSMAD_Early_D14_Male_#3/tifs,/Volumes/D/YAPSMAD_Nuclear_Localization/251219_YAPSMAD_Early_D14_Male_#3/tifs,/Volumes/D/YAPSMAD_Nuclear_Localization/251219_YAPSMAD_Early_D14_Male_#3/tifs,/Volumes/D/YAPSMAD_Nuclear_Localization/251219_YAPSMAD_Early_D14_Male_#3/tifs,3117,12300,6.38515660644593,0.9259720333011431,0.15661322997003427,4.987997723796748,4.0,26.98200993705541,58.64524334715679,30.07553246594034,0.008656403573004623,0.018814643358086875,0.00964887150014127,0.005311237930601967,0.015465238745437766,0.006222069664367101
12,32,LPA_013_DAPI.1.tif,LPA_013_W647.1.tif,LPA_013_G488.1.tif,LPA_013_R555.1.tif,/Volumes/D/YAPSMAD_Nuclear_Localization/251219_YAPSMAD_Early_D14_Male_#3/tifs,/Volumes/D/YAPSMAD_Nuclear_Localization/251219_YAPSMAD_Early_D14_Male_#3/tifs,/Volumes/D/YAPSMAD_Nuclear_Localization/251219_YAPSMAD_Early_D14_Male_#3/tifs,/Volumes/D/YAPSMAD_Nuclear_Localization/251219_YAPSMAD_Early_D14_Male_#3/tifs,1193,1892,1.6446894382463912,0.31478178204414503,0.608017524005155,6.096833828559627,5.0990195135927845,11.323384566698223,25.172091314569116,14.8054170566611,0.009491521011482165,0.02109982507507889,0.012410240617486253,0.00557354670644106,0.013917133463719136,0.007234903333783063
12,33,LPA_013_DAPI.1.tif,LPA_013_W647.1.tif,LPA_013_G488.1.tif,LPA_013_R555.1.tif,/Volumes/D/YAPSMAD_Nuclear_Localization/251219_YAPSMAD_Early_D14_Male_#3/tifs,/Volumes/D/YAPSMAD_Nuclear_Localization/251219_YAPSMAD_Early_D14_Male_#3/tifs,/Volumes/D/YAPSMAD_Nuclear_Localization/251219_YAPSMAD_Early_D14_Male_#3/tifs,/Volumes/D/YAPSMAD_Nuclear_Localization/251219_YAPSMAD_Early_D14_Male_#3/tifs,174,238,1.0555440598393586,0.698634255267167,0.9473787386498942,2.7062249854214064,2.23606797749979,0.08198672463186085,2.1102617094293237,0.5806515654549003,0.00047118807259690146,0.012127940858789217,0.003337077962384484,9.247371813525868e-05,0.005802850316999617,0.0011576420139502868
12,34,LPA_013_DAPI.1.tif,LPA_013_W647.1.tif,LPA_013_G488.1.tif,LPA_013_R555.1.tif,/Volumes/D/YAPSMAD_Nuclear_Localization/251219_YAPSMAD_Early_D14_Male_#3/tifs,/Volumes/D/YAPSMAD_Nuclear_Localization/251219_YAPSMAD_Early_D14_Male_#3/tifs,/Volumes/D/YAPSMAD_Nuclear_Localization/251219_YAPSMAD_Early_D14_Male_#3/tifs,/Volumes/D/YAPSMAD_Nuclear_Localization/251219_YAPSMAD_Early_D14_Male_#3/tifs,3615,7140,2.85705558270265,0.7748705403839631,0.35001069144550684,8.441262187729912,7.0710678118654755,19.41423689504154,45.076722769998014,17.85119419149123,0.0053704666376325145,0.012469356229598345,0.004938089679527312,0.0034415014375620535,0.008808883561110563,0.0033993968270674573
12,35,LPA_013_DAPI.1.tif,LPA_013_W647.1.tif,LPA_013_G488.1.tif,LPA_013_R555.1.tif,/Volumes/D/YAPSMAD_Nuclear_Localization/251219_YAPSMAD_Early_D14_Male_#3/tifs,/Volumes/D/YAPSMAD_Nuclear_Localization/251219_YAPSMAD_Early_D14_Male_#3/tifs,/Volumes/D/YAPSMAD_Nuclear_Localization/251219_YAPSMAD_Early_D14_Male_#3/tifs,/Volumes/D/YAPSMAD_Nuclear_Localization/251219_YAPSMAD_Early_D14_Male_#3/tifs,2020,8265,7.252110919629379,0.7080598042655636,0.13789088598924867,4.695306692516599,3.605551275463989,16.34258046373725,33.306080885464326,14.507438881788403,0.008090386368186757,0.01648815885419026,0.007181900436528913,0.005971604068958147,0.013390061428052368,0.005503362032996345
12,36,LPA_013_DAPI.1.tif,LPA_013_W647.1.tif,LPA_013_G488.1.tif,LPA_013_R555.1.tif,/Volumes/D/YAPSMAD_Nuclear_Localization/251219_YAPSMAD_Early_D14_Male_#3/tifs,/Volumes/D/YAPSMAD_Nuclear_Localization/251219_YAPSMAD_Early_D14_Male_#3/tifs,/Volumes/D/YAPSMAD_Nuclear_Localization/251219_YAPSMAD_Early_D14_Male_#3/tifs,/Volumes/D/YAPSMAD_Nuclear_Localization/251219_YAPSMAD_Early_D14_Male_#3/tifs,1588,2115,1.3177389674832847,0.30395428543050873,0.7588756382532073,7.362101473107964,6.324555320336759,25.89205785514787,43.075578046031296,23.7850310576614,0.01630482232691931,0.027125678870296786,0.014977979255454282,0.009398086753812429,0.014708239333425062,0.007169831227421026
12,37,LPA_013_DAPI.1.tif,LPA_013_W647.1.tif,LPA_013_G488.1.tif,LPA_013_R555.1.tif,/Volumes/D/YAPSMAD_Nuclear_Localization/251219_YAPSMAD_Early_D14_Male_#3/tifs,/Volumes/D/YAPSMAD_Nuclear_Localization/251219_YAPSMAD_Early_D14_Male_#3/tifs,/Volumes/D/YAPSMAD_Nuclear_Localization/251219_YAPSMAD_Early_D14_Male_#3/tifs,/Volumes/D/YAPSMAD_Nuclear_Localization/251219_YAPSMAD_Early_D14_Male_#3/tifs,257,522,2.084133715046118,0.8316990516560766,0.479815662872606,2.452302396066222,2.0,1.278416133718565,4.574059669859707,1.4430304619017988,0.0049743818432628996,0.017797897548092245,0.005614904521018672,0.004153986678921353,0.009407177019518941,0.004091324197578244
12,38,LPA_013_DAPI.1.tif,LPA_013_W647.1.tif,LPA_013_G488.1.tif,LPA_013_R555.1.tif,/Volumes/D/YAPSMAD_Nuclear_Localization/251219_YAPSMAD_Early_D14_Male_#3/tifs,/Volumes/D/YAPSMAD_Nuclear_Localization/251219_YAPSMAD_Early_D14_Male_#3/tifs,/Volumes/D/YAPSMAD_Nuclear_Localization/251219_YAPSMAD_Early_D14_Male_#3/tifs,/Volumes/D/YAPSMAD_Nuclear_Localization/251219_YAPSMAD_Early_D14_Male_#3/tifs,1105,1800,2.3500827138086873,0.7171564874752328,0.4255169378184732,5.071298268273561,4.242640687119285,7.648432189365849,33.122743607498705,16.065140900900587,0.006921658089923845,0.029975333581446793,0.014538589050588767,0.00776533569691995,0.014216480244038475,0.0069430594352429854
12,39,LPA_013_DAPI.1.tif,LPA_013_W647.1.tif,LPA_013_G488.1.tif,LPA_013_R555.1.tif,/Volumes/D/YAPSMAD_Nuclear_Localization/251219_YAPSMAD_Early_D14_Male_#3/tifs,/Volumes/D/YAPSMAD_Nuclear_Localization/251219_YAPSMAD_Early_D14_Male_#3/tifs,/Volumes/D/YAPSMAD_Nuclear_Localization/251219_YAPSMAD_Early_D14_Male_#3/tifs,/Volumes/D/YAPSMAD_Nuclear_Localization/251219_YAPSMAD_Early_D14_Male_#3/tifs,2508,7830,8.227060393784875,0.7078295874247292,0.12155009835049335,4.713675357246853,3.605551275463989,23.89251566445455,86.56295129517093,28.24782202183269,0.009526521397310427,0.034514733371280276,0.0112630869305553,0.0071882794498325155,0.02049118338895408,0.007091020525110684
12,40,LPA_013_DAPI.1.tif,LPA_013_W647.1.tif,LPA_013_G488.1.tif,LPA_013_R555.1.tif,/Volumes/D/YAPSMAD_Nuclear_Localization/251219_YAPSMAD_Early_D14_Male_#3/tifs,/Volumes/D/YAPSMAD_Nuclear_Localization/251219_YAPSMAD_Early_D14_Male_#3/tifs,/Volumes/D/YAPSMAD_Nuclear_Localization/251219_YAPSMAD_Early_D14_Male_#3/tifs,/Volumes/D/YAPSMAD_Nuclear_Localization/251219_YAPSMAD_Early_D14_Male_#3/tifs,1732,5920,6.58590132354497,0.7201860420927816,0.15183950546373104,4.766624596686676,3.605551275463989,11.451194152468815,40.49842079821974,17.05915935826488,0.006611543967938115,0.023382460045161514,0.009849399167589422,0.004649601005533166,0.018016742660392857,0.005977633257774203
12,41,LPA_013_DAPI.1.tif,LPA_013_W647.1.tif,LPA_013_G488.1.tif,LPA_013_R555.1.tif,/Volumes/D/YAPSMAD_Nuclear_Localization/251219_YAPSMAD_Early_D14_Male_#3/tifs,/Volumes/D/YAPSMAD_Nuclear_Localization/251219_YAPSMAD_Early_D14_Male_#3/tifs,/Volumes/D/YAPSMAD_Nuclear_Localization/251219_YAPSMAD_Early_D14_Male_#3/tifs,/Volumes/D/YAPSMAD_Nuclear_Localization/251219_YAPSMAD_Early_D14_Male_#3/tifs,726,2072,4.4008305122723606,0.8242654576146801,0.22722983700720883,2.880344746506151,2.23606797749979,2.805264399619773,14.62494854745455,3.5200580309610814,0.0038640005504404587,0.02014455722789883,0.004848564780938129,0.0016095248163864033,0.015214348439935806,0.0031868008646930533
12,42,LPA_013_DAPI.1.tif,LPA_013_W647.1.tif,LPA_013_G488.1.tif,LPA_013_R555.1.tif,/Volumes/D/YAPSMAD_Nuclear_Localization/251219_YAPSMAD_Early_D14_Male_#3/tifs,/Volumes/D/YAPSMAD_Nuclear_Localization/251219_YAPSMAD_Early_D14_Male_#3/tifs,/Volumes/D/YAPSMAD_Nuclear_Localization/251219_YAPSMAD_Early_D14_Male_#3/tifs,/Volumes/D/YAPSMAD_Nuclear_Localization/251219_YAPSMAD_Early_D14_Male_#3/tifs,818,2160,4.206017239339154,0.7732657959074883,0.2377546127597706,3.1830046738556623,2.8284271247461903,3.1360799949616194,16.018432963639498,3.7841459170449525,0.0038338386246474566,0.019582436385867357,0.0046260952531111885,0.0014980392481299418,0.017021266165215713,0.0030139963800405486
12,43,LPA_013_DAPI.1.tif,LPA_013_W647.1.tif,LPA_013_G488.1.tif,LPA_013_R555.1.tif,/Volumes/D/YAPSMAD_Nuclear_Localization/251219_YAPSMAD_Early_D14_Male_#3/tifs,/Volumes/D/YAPSMAD_Nuclear_Localization/251219_YAPSMAD_Early_D14_Male_#3/tifs,/Volumes/D/YAPSMAD_Nuclear_Localization/251219_YAPSMAD_Early_D14_Male_#3/tifs,/Volumes/D/YAPSMAD_Nuclear_Localization/251219_YAPSMAD_Early_D14_Male_#3/tifs,4613,9292,4.059512479439801,0.540947667322172,0.24633499836857173,8.50018224190874,7.0710678118654755,61.36684265709482,79.76385178184137,53.11505346093327,0.013303022470647045,0.01729110162190361,0.011514210592008078,0.006940155335432318,0.011299591126733228,0.006566390821444076
12,44,LPA_013_DAPI.1.tif,LPA_013_W647.1.tif,LPA_013_G488.1.tif,LPA_013_R555.1.tif,/Volumes/D/YAPSMAD_Nuclear_Localization/251219_YAPSMAD_Early_D14_Male_#3/tifs,/Volumes/D/YAPSMAD_Nuclear_Localization/251219_YAPSMAD_Early_D14_Male_#3/tifs,/Volumes/D/YAPSMAD_Nuclear_Localization/251219_YAPSMAD_Early_D14_Male_#3/tifs,/Volumes/D/YAPSMAD_Nuclear_Localization/251219_YAPSMAD_Early_D14_Male_#3/tifs,1087,2150,2.852956867751209,0.49160930826099203,0.3505135360802814,4.817737359234217,4.0,4.10547039215453,18.255069935694337,5.4481880746316165,0.0037768816855147467,0.016793992581135543,0.005012132543359353,0.0032637209151694015,0.008957792134445414,0.0019108198645301495
12,45,LPA_013_DAPI.1.tif,LPA_013_W647.1.tif,LPA_013_G488.1.tif,LPA_013_R555.1.tif,/Volumes/D/YAPSMAD_Nuclear_Localization/251219_YAPSMAD_Early_D14_Male_#3/tifs,/Volumes/D/YAPSMAD_Nuclear_Localization/251219_YAPSMAD_Early_D14_Male_#3/tifs,/Volumes/D/YAPSMAD_Nuclear_Localization/251219_YAPSMAD_Early_D14_Male_#3/tifs,/Volumes/D/YAPSMAD_Nuclear_Localization/251219_YAPSMAD_Early_D14_Male_#3/tifs,1466,4161,4.493899357104928,0.9130820158661536,0.22252389751875146,4.337402664053887,3.1622776601683795,10.26608692924492,31.917448816355318,8.111390963429585,0.0070027878098532885,0.021771793189874024,0.005533008842721409,0.005353171477363,0.0189504658130918,0.0034372789117105757
13,1,FasTGFb_014_DAPI.1.1.tif,FasTGFb_014_W647.1.1.tif,FasTGFb_014_G488.1.1.tif,FasTGFb_014_R555.1.1.tif,/Volumes/D/YAPSMAD_Nuclear_Localization/251219_YAPSMAD_Early_D14_Male_#3/tifs,/Volumes/D/YAPSMAD_Nuclear_Localization/251219_YAPSMAD_Early_D14_Male_#3/tifs,/Volumes/D/YAPSMAD_Nuclear_Localization/251219_YAPSMAD_Early_D14_Male_#3/tifs,/Volumes/D/YAPSMAD_Nuclear_Localization/251219_YAPSMAD_Early_D14_Male_#3/tifs,1803,3654,3.5730928607875505,0.7173098686377246,0.27986958048988086,5.76676291124668,4.47213595499958,9.46024273824878,35.09729168238118,9.844174972269684,0.005246945500969928,0.019466051959168708,0.0054598862852299965,0.0040057167429283,0.017331307823999168,0.003754225492025928
13,2,FasTGFb_014_DAPI.1.1.tif,FasTGFb_014_W647.1.1.tif,FasTGFb_014_G488.1.1.tif,FasTGFb_014_R555.1.1.tif,/Volumes/D/YAPSMAD_Nuclear_Localization/251219_YAPSMAD_Early_D14_Male_#3/tifs,/Volumes/D/YAPSMAD_Nuclear_Localization/251219_YAPSMAD_Early_D14_Male_#3/tifs,/Volumes/D/YAPSMAD_Nuclear_Localization/251219_YAPSMAD_Early_D14_Male_#3/tifs,/Volumes/D/YAPSMAD_Nuclear_Localization/251219_YAPSMAD_Early_D14_Male_#3/tifs,1741,4440,6.623732626981195,0.4551992133827404,0.15097227746279906,5.097816386223017,3.605551275463989,5.26727706938982,24.308186610462144,11.915297275874764,0.0030254319755254567,0.013962197938232133,0.006843938699525999,0.0013749275522092592,0.010301838481041716,0.004983352940027654
13,3,FasTGFb_014_DAPI.1.1.tif,FasTGFb_014_W647.1.1.tif,FasTGFb_014_G488.1.1.tif,FasTGFb_014_R555.1.1.tif,/Volumes/D/YAPSMAD_Nuclear_Localization/251219_YAPSMAD_Early_D14_Male_#3/tifs,/Volumes/D/YAPSMAD_Nuclear_Localization/251219_YAPSMAD_Early_D14_Male_#3/tifs,/Volumes/D/YAPSMAD_Nuclear_Localization/251219_YAPSMAD_Early_D14_Male_#3/tifs,/Volumes/D/YAPSMAD_Nuclear_Localization/251219_YAPSMAD_Early_D14_Male_#3/tifs,1956,5185,7.645550139256543,0.8208161430219802,0.13079503525396283,4.756256558324601,3.605551275463989,8.082017327426001,37.294529780512676,15.932189034996554,0.004131910699093048,0.019066733016622022,0.0081452909176874,0.0028388536792127938,0.017376771248699883,0.0066659411547748855
13,4,FasTGFb_014_DAPI.1.1.tif,FasTGFb_014_W647.1.1.tif,FasTGFb_014_G488.1.1.tif,FasTGFb_014_R555.1.1.tif,/Volumes/D/YAPSMAD_Nuclear_Localization/251219_YAPSMAD_Early_D14_Male_#3/tifs,/Volumes/D/YAPSMAD_Nuclear_Localization/251219_YAPSMAD_Early_D14_Male_#3/tifs,/Volumes/D/YAPSMAD_Nuclear_Localization/251219_YAPSMAD_Early_D14_Male_#3/tifs,/Volumes/D/YAPSMAD_Nuclear_Localization/251219_YAPSMAD_Early_D14_Male_#3/tifs,2087,4440,3.423212189671073,0.7049457200500185,0.2921232878923837,6.64516123747771,5.830951894845301,12.845700904726982,36.904249768471345,20.06369132269174,0.0061551034521930914,0.017682917953268495,0.009613651807710464,0.0046562245444415895,0.014070898538769482,0.007099355839742255
13,5,FasTGFb_014_DAPI.1.1.tif,FasTGFb_014_W647.1.1.tif,FasTGFb_014_G488.1.1.tif,FasTGFb_014_R555.1.1.tif,/Volumes/D/YAPSMAD_Nuclear_Localization/251219_YAPSMAD_Early_D14_Male_#3/tifs,/Volumes/D/YAPSMAD_Nuclear_Localization/251219_YAPSMAD_Early_D14_Male_#3/tifs,/Volumes/D/YAPSMAD_Nuclear_Localization/251219_YAPSMAD_Early_D14_Male_#3/tifs,/Volumes/D/YAPSMAD_Nuclear_Localization/251219_YAPSMAD_Early_D14_Male_#3/tifs,2686,10179,11.658232282961945,0.7498598553846197,0.08577629744617984,4.124709047366498,2.8284271247461903,14.123628773959354,40.55246840044856,15.784695327281952,0.0052582385606699,0.015097717200464841,0.005876654998988069,0.0036270305925650893,0.014661451180960338,0.00508380347444162
13,6,FasTGFb_014_DAPI.1.1.tif,FasTGFb_014_W647.1.1.tif,FasTGFb_014_G488.1.1.tif,FasTGFb_014_R555.1.1.tif,/Volumes/D/YAPSMAD_Nuclear_Localization/251219_YAPSMAD_Early_D14_Male_#3/tifs,/Volumes/D/YAPSMAD_Nuclear_Localization/251219_YAPSMAD_Early_D14_Male_#3/tifs,/Volumes/D/YAPSMAD_Nuclear_Localization/251219_YAPSMAD_Early_D14_Male_#3/tifs,/Volumes/D/YAPSMAD_Nuclear_Localization/251219_YAPSMAD_Early_D14_Male_#3/tifs,2178,5328,5.4444044367891085,0.8836483488859851,0.18367481909366745,4.837290121045246,4.123105625617661,11.640390750952065,42.99308784259483,15.28210895229131,0.005344532025230516,0.0197397097532575,0.0070165789496287,0.004841349485479125,0.01757222469670943,0.005580163959390032
13,7,FasTGFb_014_DAPI.1.1.tif,FasTGFb_014_W647.1.1.tif,FasTGFb_014_G488.1.1.tif,FasTGFb_014_R555.1.1.tif,/Volumes/D/YAPSMAD_Nuclear_Localization/251219_YAPSMAD_Early_D14_Male_#3/tifs,/Volumes/D/YAPSMAD_Nuclear_Localization/251219_YAPSMAD_Early_D14_Male_#3/tifs,/Volumes/D/YAPSMAD_Nuclear_Localization/251219_YAPSMAD_Early_D14_Male_#3/tifs,/Volumes/D/YAPSMAD_Nuclear_Localization/251219_YAPSMAD_Early_D14_Male_#3/tifs,3356,15748,8.26679453561443,0.6256438470742782,0.1209658708332316,5.757889850890909,4.47213595499958,17.81112404470332,62.958160024601966,24.868177507072687,0.005307247927503969,0.01875988081781942,0.007410064811404257,0.0031842455701391967,0.014309299671785174,0.005955802730263657
13,8,FasTGFb_014_DAPI.1.1.tif,FasTGFb_014_W647.1.1.tif,FasTGFb_014_G488.1.1.tif,FasTGFb_014_R555.1.1.tif,/Volumes/D/YAPSMAD_Nuclear_Localization/251219_YAPSMAD_Early_D14_Male_#3/tifs,/Volumes/D/YAPSMAD_Nuclear_Localization/251219_YAPSMAD_Early_D14_Male_#3/tifs,/Volumes/D/YAPSMAD_Nuclear_Localization/251219_YAPSMAD_Early_D14_Male_#3/tifs,/Volumes/D/YAPSMAD_Nuclear_Localization/251219_YAPSMAD_Early_D14_Male_#3/tifs,905,3300,6.542101178458967,0.9055542381886516,0.15285608900282344,2.7322948652484897,2.23606797749979,6.698298678966239,21.10521105141379,6.511574028292671,0.007401435004382585,0.023320675194932364,0.007195109423527813,0.006913401642437021,0.016949315099271067,0.005502834944596206
13,9,FasTGFb_014_DAPI.1.1.tif,FasTGFb_014_W647.1.1.tif,FasTGFb_014_G488.1.1.tif,FasTGFb_014_R555.1.1.tif,/Volumes/D/YAPSMAD_Nuclear_Localization/251219_YAPSMAD_Early_D14_Male_#3/tifs,/Volumes/D/YAPSMAD_Nuclear_Localization/251219_YAPSMAD_Early_D14_Male_#3/tifs,/Volumes/D/YAPSMAD_Nuclear_Localization/251219_YAPSMAD_Early_D14_Male_#3/tifs,/Volumes/D/YAPSMAD_Nuclear_Localization/251219_YAPSMAD_Early_D14_Male_#3/tifs,337,792,2.833024097863491,0.8715624303686633,0.3529797013566331,2.5608066575927935,2.0,0.9654535809531808,10.378057535272092,2.5336843165569007,0.0028648474212260556,0.030795422953329647,0.007518351087705937,0.0030026231307610425,0.017595649923003207,0.0032940020790895737
13,10,FasTGFb_014_DAPI.1.1.tif,FasTGFb_014_W647.1.1.tif,FasTGFb_014_G488.1.1.tif,FasTGFb_014_R555.1.1.tif,/Volumes/D/YAPSMAD_Nuclear_Localization/251219_YAPSMAD_Early_D14_Male_#3/tifs,/Volumes/D/YAPSMAD_Nuclear_Localization/251219_YAPSMAD_Early_D14_Male_#3/tifs,/Volumes/D/YAPSMAD_Nuclear_Localization/251219_YAPSMAD_Early_D14_Male_#3/tifs,/Volumes/D/YAPSMAD_Nuclear_Localization/251219_YAPSMAD_Early_D14_Male_#3/tifs,2713,7416,5.263659047193929,0.9074229259308194,0.18998191011879897,5.380103364027608,4.47213595499958,22.19974084664136,49.92871014168486,25.719798773527145,0.008182727919882551,0.018403505396861357,0.00948020596149176,0.0043971193500736624,0.01478800181585223,0.006486613428946338
13,11,FasTGFb_014_DAPI.1.1.tif,FasTGFb_014_W647.1.1.tif,FasTGFb_014_G488.1.1.tif,FasTGFb_014_R555.1.1.tif,/Volumes/D/YAPSMAD_Nuclear_Localization/251219_YAPSMAD_Early_D14_Male_#3/tifs,/Volumes/D/YAPSMAD_Nuclear_Localization/251219_YAPSMAD_Early_D14_Male_#3/tifs,/Volumes/D/YAPSMAD_Nuclear_Localization/251219_YAPSMAD_Early_D14_Male_#3/tifs,/Volumes/D/YAPSMAD_Nuclear_Localization/251219_YAPSMAD_Early_D14_Male_#3/tifs,1446,2250,1.26615125195387,0.7393167538311485,0.7897950568360954,6.658323161132358,6.0,12.685496437596157,32.164995862171054,14.271503902738914,0.008772819113137037,0.022244118853506953,0.009869643086264809,0.004423324432941124,0.014329323855371928,0.005196524706973989
13,12,FasTGFb_014_DAPI.1.1.tif,FasTGFb_014_W647.1.1.tif,FasTGFb_014_G488.1.1.tif,FasTGFb_014_R555.1.1.tif,/Volumes/D/YAPSMAD_Nuclear_Localization/251219_YAPSMAD_Early_D14_Male_#3/tifs,/Volumes/D/YAPSMAD_Nuclear_Localization/251219_YAPSMAD_Early_D14_Male_#3/tifs,/Volumes/D/YAPSMAD_Nuclear_Localization/251219_YAPSMAD_Early_D14_Male_#3/tifs,/Volumes/D/YAPSMAD_Nuclear_Localization/251219_YAPSMAD_Early_D14_Male_#3/tifs,1809,2295,1.18495122443295,0.5221496592790273,0.8439165928357455,7.933869452725124,7.0,15.683680595364422,53.32677211007103,34.97367834695615,0.008669806852053302,0.02947859154785574,0.01933315552623336,0.008415396087826354,0.019057747455652134,0.009550554069848168
13,13,FasTGFb_014_DAPI.1.1.tif,FasTGFb_014_W647.1.1.tif,FasTGFb_014_G488.1.1.tif,FasTGFb_014_R555.1.1.tif,/Volumes/D/YAPSMAD_Nuclear_Localization/251219_YAPSMAD_Early_D14_Male_#3/tifs,/Volumes/D/YAPSMAD_Nuclear_Localization/251219_YAPSMAD_Early_D14_Male_#3/tifs,/Volumes/D/YAPSMAD_Nuclear_Localization/251219_YAPSMAD_Early_D14_Male_#3/tifs,/Volumes/D/YAPSMAD_Nuclear_Localization/251219_YAPSMAD_Early_D14_Male_#3/tifs,2230,6666,10.18646602462127,0.7639519628704278,0.09816947286555935,4.607514246908966,3.0,12.107133727287874,40.20138874929398,16.80015271785669,0.005429207949456446,0.018027528587127348,0.007533700770339323,0.003992007395486798,0.016111116098064534,0.006617101823003835
13,14,FasTGFb_014_DAPI.1.1.tif,FasTGFb_014_W647.1.1.tif,FasTGFb_014_G488.1.1.tif,FasTGFb_014_R555.1.1.tif,/Volumes/D/YAPSMAD_Nuclear_Localization/251219_YAPSMAD_Early_D14_Male_#3/tifs,/Volumes/D/YAPSMAD_Nuclear_Localization/251219_YAPSMAD_Early_D14_Male_#3/tifs,/Volumes/D/YAPSMAD_Nuclear_Localization/251219_YAPSMAD_Early_D14_Male_#3/tifs,/Volumes/D/YAPSMAD_Nuclear_Localization/251219_YAPSMAD_Early_D14_Male_#3/tifs,3054,15800,7.972385656597442,0.9430847195250712,0.12543296863373177,5.971725912960993,4.47213595499958,25.604700021911412,60.78281861031428,33.88744970643893,0.008383988219355407,0.01990269109702498,0.011096087002763239,0.006650463399672692,0.01566208685207359,0.0083535024151583
13,15,FasTGFb_014_DAPI.1.1.tif,FasTGFb_014_W647.1.1.tif,FasTGFb_014_G488.1.1.tif,FasTGFb_014_R555.1.1.tif,/Volumes/D/YAPSMAD_Nuclear_Localization/251219_YAPSMAD_Early_D14_Male_#3/tifs,/Volumes/D/YAPSMAD_Nuclear_Localization/251219_YAPSMAD_Early_D14_Male_#3/tifs,/Volumes/D/YAPSMAD_Nuclear_Localization/251219_YAPSMAD_Early_D14_Male_#3/tifs,/Volumes/D/YAPSMAD_Nuclear_Localization/251219_YAPSMAD_Early_D14_Male_#3/tifs,2635,7488,4.464767651703584,0.936595784676202,0.2239758209183491,5.752093410293532,5.0,15.29797838628292,42.270664784591645,21.206378451082855,0.005805684397071317,0.01604199802071789,0.00804796146151152,0.0038362289848267576,0.01330248976231718,0.005799589040376587
13,16,FasTGFb_014_DAPI.1.1.tif,FasTGFb_014_W647.1.1.tif,FasTGFb_014_G488.1.1.tif,FasTGFb_014_R555.1.1.tif,/Volumes/D/YAPSMAD_Nuclear_Localization/251219_YAPSMAD_Early_D14_Male_#3/tifs,/Volumes/D/YAPSMAD_Nuclear_Localization/251219_YAPSMAD_Early_D14_Male_#3/tifs,/Volumes/D/YAPSMAD_Nuclear_Localization/251219_YAPSMAD_Early_D14_Male_#3/tifs,/Volumes/D/YAPSMAD_Nuclear_Localization/251219_YAPSMAD_Early_D14_Male_#3/tifs,1826,3160,2.7087198118588076,0.8573900446390736,0.36917808760507015,5.8623910915162805,5.0,15.422659813426435,33.300374009180814,20.909010569332168,0.00844614447613715,0.018236787518718958,0.011450717726906992,0.005499411066186651,0.01397145488361554,0.007946262568165035
13,17,FasTGFb_014_DAPI.1.1.tif,FasTGFb_014_W647.1.1.tif,FasTGFb_014_G488.1.1.tif,FasTGFb_014_R555.1.1.tif,/Volumes/D/YAPSMAD_Nuclear_Localization/251219_YAPSMAD_Early_D14_Male_#3/tifs,/Volumes/D/YAPSMAD_Nuclear_Localization/251219_YAPSMAD_Early_D14_Male_#3/tifs,/Volumes/D/YAPSMAD_Nuclear_Localization/251219_YAPSMAD_Early_D14_Male_#3/tifs,/Volumes/D/YAPSMAD_Nuclear_Localization/251219_YAPSMAD_Early_D14_Male_#3/tifs,2332,5920,4.957533833521636,0.789938496236149,0.20171319724300085,6.264682032643331,5.0,12.392019690480083,44.177966124610975,20.729717126116157,0.005313902097118389,0.018944239333023576,0.008889244050650153,0.003142371014888095,0.016603742785201554,0.006680431830028923
13,18,FasTGFb_014_DAPI.1.1.tif,FasTGFb_014_W647.1.1.tif,FasTGFb_014_G488.1.1.tif,FasTGFb_014_R555.1.1.tif,/Volumes/D/YAPSMAD_Nuclear_Localization/251219_YAPSMAD_Early_D14_Male_#3/tifs,/Volumes/D/YAPSMAD_Nuclear_Localization/251219_YAPSMAD_Early_D14_Male_#3/tifs,/Volumes/D/YAPSMAD_Nuclear_Localization/251219_YAPSMAD_Early_D14_Male_#3/tifs,/Volumes/D/YAPSMAD_Nuclear_Localization/251219_YAPSMAD_Early_D14_Male_#3/tifs,1157,2430,3.0729704535289644,0.6739715489551755,0.3254180328520931,4.985688147972919,4.123105625617661,6.95091180712916,30.581094085704535,15.121812851633877,0.006007702512644045,0.026431369131983178,0.013069846889916921,0.004377555324394172,0.0197611007452098,0.009778949174893985
13,19,FasTGFb_014_DAPI.1.1.tif,FasTGFb_014_W647.1.1.tif,FasTGFb_014_G488.1.1.tif,FasTGFb_014_R555.1.1.tif,/Volumes/D/YAPSMAD_Nuclear_Localization/251219_YAPSMAD_Early_D14_Male_#3/tifs,/Volumes/D/YAPSMAD_Nuclear_Localization/251219_YAPSMAD_Early_D14_Male_#3/tifs,/Volumes/D/YAPSMAD_Nuclear_Localization/251219_YAPSMAD_Early_D14_Male_#3/tifs,/Volumes/D/YAPSMAD_Nuclear_Localization/251219_YAPSMAD_Early_D14_Male_#3/tifs,1209,2655,2.564907005449413,0.8069346572987897,0.38987768284596497,5.232718771284726,4.0,10.541741173248738,27.37561616161838,8.32690936839208,0.008719388894333116,0.02264318954641719,0.006887435375014127,0.005356525053509459,0.016633674553330983,0.004352577374730351
13,20,FasTGFb_014_DAPI.1.1.tif,FasTGFb_014_W647.1.1.tif,FasTGFb_014_G488.1.1.tif,FasTGFb_014_R555.1.1.tif,/Volumes/D/YAPSMAD_Nuclear_Localization/251219_YAPSMAD_Early_D14_Male_#3/tifs,/Volumes/D/YAPSMAD_Nuclear_Localization/251219_YAPSMAD_Early_D14_Male_#3/tifs,/Volumes/D/YAPSMAD_Nuclear_Localization/251219_YAPSMAD_Early_D14_Male_#3/tifs,/Volumes/D/YAPSMAD_Nuclear_Localization/251219_YAPSMAD_Early_D14_Male_#3/tifs,2841,7373,5.533678600370391,0.7110698188337884,0.18071161558480575,5.86075662280995,5.0,13.135195098118857,55.874586349120364,19.416907177772373,0.004623440724434656,0.01966722504368897,0.006834532621531986,0.0027118778412003443,0.016222020397363507,0.004772736414067744
13,21,FasTGFb_014_DAPI.1.1.tif,FasTGFb_014_W647.1.1.tif,FasTGFb_014_G488.1.1.tif,FasTGFb_014_R555.1.1.tif,/Volumes/D/YAPSMAD_Nuclear_Localization/251219_YAPSMAD_Early_D14_Male_#3/tifs,/Volumes/D/YAPSMAD_Nuclear_Localization/251219_YAPSMAD_Early_D14_Male_#3/tifs,/Volumes/D/YAPSMAD_Nuclear_Localization/251219_YAPSMAD_Early_D14_Male_#3/tifs,/Volumes/D/YAPSMAD_Nuclear_Localization/251219_YAPSMAD_Early_D14_Male_#3/tifs,2353,6298,3.8813216248367386,0.6835569053172427,0.25764419871853916,5.5716280589618,5.0,21.366201497614384,63.88479457562789,18.001785486005247,0.009080408626270456,0.027150358935668462,0.007650567567363046,0.0052851281523970785,0.02025352194529222,0.004621184353553198
13,22,FasTGFb_014_DAPI.1.1.tif,FasTGFb_014_W647.1.1.tif,FasTGFb_014_G488.1.1.tif,FasTGFb_014_R555.1.1.tif,/Volumes/D/YAPSMAD_Nuclear_Localization/251219_YAPSMAD_Early_D14_Male_#3/tifs,/Volumes/D/YAPSMAD_Nuclear_Localization/251219_YAPSMAD_Early_D14_Male_#3/tifs,/Volumes/D/YAPSMAD_Nuclear_Localization/251219_YAPSMAD_Early_D14_Male_#3/tifs,/Volumes/D/YAPSMAD_Nuclear_Localization/251219_YAPSMAD_Early_D14_Male_#3/tifs,3079,6438,2.125970889963514,0.720248326807278,0.47037332670964366,7.678280804114553,6.4031242374328485,37.350606869207695,102.87856883369386,29.81945555470884,0.012130758970187625,0.03341298110870213,0.0096847858248486,0.006809542529982012,0.017835986303852122,0.004907334252466195
13,23,FasTGFb_014_DAPI.1.1.tif,FasTGFb_014_W647.1.1.tif,FasTGFb_014_G488.1.1.tif,FasTGFb_014_R555.1.1.tif,/Volumes/D/YAPSMAD_Nuclear_Localization/251219_YAPSMAD_Early_D14_Male_#3/tifs,/Volumes/D/YAPSMAD_Nuclear_Localization/251219_YAPSMAD_Early_D14_Male_#3/tifs,/Volumes/D/YAPSMAD_Nuclear_Localization/251219_YAPSMAD_Early_D14_Male_#3/tifs,/Volumes/D/YAPSMAD_Nuclear_Localization/251219_YAPSMAD_Early_D14_Male_#3/tifs,1831,2700,1.6397149402876112,0.6527427520877672,0.6098621018996123,7.12106637240456,6.082762530298219,10.64444966474548,36.261387165635824,22.738277409458533,0.00581346240565018,0.019804143727818583,0.01241850213514939,0.0032777387865362763,0.014968192660927467,0.008713664418843145
13,24,FasTGFb_014_DAPI.1.1.tif,FasTGFb_014_W647.1.1.tif,FasTGFb_014_G488.1.1.tif,FasTGFb_014_R555.1.1.tif,/Volumes/D/YAPSMAD_Nuclear_Localization/251219_YAPSMAD_Early_D14_Male_#3/tifs,/Volumes/D/YAPSMAD_Nuclear_Localization/251219_YAPSMAD_Early_D14_Male_#3/tifs,/Volumes/D/YAPSMAD_Nuclear_Localization/251219_YAPSMAD_Early_D14_Male_#3/tifs,/Volumes/D/YAPSMAD_Nuclear_Localization/251219_YAPSMAD_Early_D14_Male_#3/tifs,2434,7344,7.524984376413013,0.9308289285903766,0.13289064135926845,5.22210888619804,4.0,7.593713348964229,47.11282537342049,13.583749296143651,0.003119849362762625,0.019356132035094696,0.005580833728900432,0.0015084467382726328,0.014260481643008941,0.0038443407749447138
13,25,FasTGFb_014_DAPI.1.1.tif,FasTGFb_014_W647.1.1.tif,FasTGFb_014_G488.1.1.tif,FasTGFb_014_R555.1.1.tif,/Volumes/D/YAPSMAD_Nuclear_Localization/251219_YAPSMAD_Early_D14_Male_#3/tifs,/Volumes/D/YAPSMAD_Nuclear_Localization/251219_YAPSMAD_Early_D14_Male_#3/tifs,/Volumes/D/YAPSMAD_Nuclear_Localization/251219_YAPSMAD_Early_D14_Male_#3/tifs,/Volumes/D/YAPSMAD_Nuclear_Localization/251219_YAPSMAD_Early_D14_Male_#3/tifs,945,1900,2.4801345539047857,0.7946956642026236,0.4032039303777189,4.247307597708463,3.605551275463989,5.063279245980084,16.153383774217218,4.442130216630176,0.005357967456063581,0.017093527803404465,0.0047006668959049475,0.0026010547271887313,0.012658177152476885,0.003271567813714133
13,26,FasTGFb_014_DAPI.1.1.tif,FasTGFb_014_W647.1.1.tif,FasTGFb_014_G488.1.1.tif,FasTGFb_014_R555.1.1.tif,/Volumes/D/YAPSMAD_Nuclear_Localization/251219_YAPSMAD_Early_D14_Male_#3/tifs,/Volumes/D/YAPSMAD_Nuclear_Localization/251219_YAPSMAD_Early_D14_Male_#3/tifs,/Volumes/D/YAPSMAD_Nuclear_Localization/251219_YAPSMAD_Early_D14_Male_#3/tifs,/Volumes/D/YAPSMAD_Nuclear_Localization/251219_YAPSMAD_Early_D14_Male_#3/tifs,2917,7568,7.472060482071123,0.5395357934117232,0.13383189314372596,5.815410019370818,4.123105625617661,14.037659437395632,46.19717732584104,21.86439324868843,0.0048123618228987424,0.015837222257744615,0.007495506770205152,0.0028155915894498007,0.012586177107173257,0.006189283797971447
13,27,FasTGFb_014_DAPI.1.1.tif,FasTGFb_014_W647.1.1.tif,FasTGFb_014_G488.1.1.tif,FasTGFb_014_R555.1.1.tif,/Volumes/D/YAPSMAD_Nuclear_Localization/251219_YAPSMAD_Early_D14_Male_#3/tifs,/Volumes/D/YAPSMAD_Nuclear_Localization/251219_YAPSMAD_Early_D14_Male_#3/tifs,/Volumes/D/YAPSMAD_Nuclear_Localization/251219_YAPSMAD_Early_D14_Male_#3/tifs,/Volumes/D/YAPSMAD_Nuclear_Localization/251219_YAPSMAD_Early_D14_Male_#3/tifs,2016,3960,2.740538287788972,0.8326882113127005,0.36489181868237497,5.93986267947636,5.0990195135927845,9.673151835566387,22.022995511768386,7.227954594884068,0.004798190394626184,0.01092410491655178,0.0035852949379385256,0.0034649135706561573,0.011452357473662198,0.0033684195880449284
13,28,FasTGFb_014_DAPI.1.1.tif,FasTGFb_014_W647.1.1.tif,FasTGFb_014_G488.1.1.tif,FasTGFb_014_R555.1.1.tif,/Volumes/D/YAPSMAD_Nuclear_Localization/251219_YAPSMAD_Early_D14_Male_#3/tifs,/Volumes/D/YAPSMAD_Nuclear_Localization/251219_YAPSMAD_Early_D14_Male_#3/tifs,/Volumes/D/YAPSMAD_Nuclear_Localization/251219_YAPSMAD_Early_D14_Male_#3/tifs,/Volumes/D/YAPSMAD_Nuclear_Localization/251219_YAPSMAD_Early_D14_Male_#3/tifs,4291,9792,5.253808808615121,0.6103678047578429,0.19033810258953737,7.668029100921072,6.324555320336759,15.959838438313454,57.76218852493912,29.036560812732205,0.003719375073016419,0.01346124179094363,0.006766851739159218,0.002314566545333863,0.011986303827474577,0.006708032999752728
13,29,FasTGFb_014_DAPI.1.1.tif,FasTGFb_014_W647.1.1.tif,FasTGFb_014_G488.1.1.tif,FasTGFb_014_R555.1.1.tif,/Volumes/D/YAPSMAD_Nuclear_Localization/251219_YAPSMAD_Early_D14_Male_#3/tifs,/Volumes/D/YAPSMAD_Nuclear_Localization/251219_YAPSMAD_Early_D14_Male_#3/tifs,/Volumes/D/YAPSMAD_Nuclear_Localization/251219_YAPSMAD_Early_D14_Male_#3/tifs,/Volumes/D/YAPSMAD_Nuclear_Localization/251219_YAPSMAD_Early_D14_Male_#3/tifs,2877,13530,10.244063431558697,0.9370626291838283,0.09761751346827066,4.494663739114348,3.605551275463989,8.206622474594042,36.33250956516713,14.810193164972588,0.0028524930394835044,0.012628609511702166,0.005147790464015498,0.0014701512017536542,0.010493023004901611,0.004631519111950261
13,30,FasTGFb_014_DAPI.1.1.tif,FasTGFb_014_W647.1.1.tif,FasTGFb_014_G488.1.1.tif,FasTGFb_014_R555.1.1.tif,/Volumes/D/YAPSMAD_Nuclear_Localization/251219_YAPSMAD_Early_D14_Male_#3/tifs,/Volumes/D/YAPSMAD_Nuclear_Localization/251219_YAPSMAD_Early_D14_Male_#3/tifs,/Volumes/D/YAPSMAD_Nuclear_Localization/251219_YAPSMAD_Early_D14_Male_#3/tifs,/Volumes/D/YAPSMAD_Nuclear_Localization/251219_YAPSMAD_Early_D14_Male_#3/tifs,2247,9272,8.954055677285229,0.9343063900219772,0.11168123541344663,3.8277588420874578,3.0,8.35507750348188,11.831616936251521,5.624979079235345,0.003718325546720908,0.005265517105585902,0.0025033284731799488,0.0036073069549223302,0.0017861297871376242,0.0020720134685685582
13,31,FasTGFb_014_DAPI.1.1.tif,FasTGFb_014_W647.1.1.tif,FasTGFb_014_G488.1.1.tif,FasTGFb_014_R555.1.1.tif,/Volumes/D/YAPSMAD_Nuclear_Localization/251219_YAPSMAD_Early_D14_Male_#3/tifs,/Volumes/D/YAPSMAD_Nuclear_Localization/251219_YAPSMAD_Early_D14_Male_#3/tifs,/Volumes/D/YAPSMAD_Nuclear_Localization/251219_YAPSMAD_Early_D14_Male_#3/tifs,/Volumes/D/YAPSMAD_Nuclear_Localization/251219_YAPSMAD_Early_D14_Male_#3/tifs,3058,9443,7.54477659940163,0.8371336595972765,0.13254202915422428,5.376849171431996,4.123105625617661,12.188388013513759,46.18327636667527,12.611795366508886,0.003985738395524447,0.015102444855027885,0.004124197307556862,0.0025376866502128123,0.011572015943061786,0.003327811591021567
14,1,FasTGFb_015_DAPI.1.1.tif,FasTGFb_015_W647.1.1.tif,FasTGFb_015_G488.1.1.tif,FasTGFb_015_R555.1.1.tif,/Volumes/D/YAPSMAD_Nuclear_Localization/251219_YAPSMAD_Early_D14_Male_#3/tifs,/Volumes/D/YAPSMAD_Nuclear_Localization/251219_YAPSMAD_Early_D14_Male_#3/tifs,/Volumes/D/YAPSMAD_Nuclear_Localization/251219_YAPSMAD_Early_D14_Male_#3/tifs,/Volumes/D/YAPSMAD_Nuclear_Localization/251219_YAPSMAD_Early_D14_Male_#3/tifs,2007,6720,7.921017576943341,0.5430789665990751,0.12624640587982286,4.649600014364882,3.1622776601683795,11.425925204297528,32.80766021320596,17.575463655404747,0.005693036972744159,0.016346616947287475,0.008757082040560412,0.0037052087373340486,0.01157053538221785,0.005140056426844845
14,2,FasTGFb_015_DAPI.1.1.tif,FasTGFb_015_W647.1.1.tif,FasTGFb_015_G488.1.1.tif,FasTGFb_015_R555.1.1.tif,/Volumes/D/YAPSMAD_Nuclear_Localization/251219_YAPSMAD_Early_D14_Male_#3/tifs,/Volumes/D/YAPSMAD_Nuclear_Localization/251219_YAPSMAD_Early_D14_Male_#3/tifs,/Volumes/D/YAPSMAD_Nuclear_Localization/251219_YAPSMAD_Early_D14_Male_#3/tifs,/Volumes/D/YAPSMAD_Nuclear_Localization/251219_YAPSMAD_Early_D14_Male_#3/tifs,2161,4745,2.965182992719753,0.7730176614480213,0.33724731406299163,6.305253145929285,5.656854249492381,12.942015870241448,27.430274152196944,22.917021616129205,0.00598890137447545,0.012693324457286877,0.010604822589601668,0.004848443984140252,0.007569186561104238,0.005381194209233018
14,3,FasTGFb_015_DAPI.1.1.tif,FasTGFb_015_W647.1.1.tif,FasTGFb_015_G488.1.1.tif,FasTGFb_015_R555.1.1.tif,/Volumes/D/YAPSMAD_Nuclear_Localization/251219_YAPSMAD_Early_D14_Male_#3/tifs,/Volumes/D/YAPSMAD_Nuclear_Localization/251219_YAPSMAD_Early_D14_Male_#3/tifs,/Volumes/D/YAPSMAD_Nuclear_Localization/251219_YAPSMAD_Early_D14_Male_#3/tifs,/Volumes/D/YAPSMAD_Nuclear_Localization/251219_YAPSMAD_Early_D14_Male_#3/tifs,2721,8008,5.467415648429225,0.28785964148658544,0.18290177010546063,6.579477298492754,5.0990195135927845,15.606897226534784,54.88944857264869,37.71741841803305,0.005735721141688638,0.020172527957607017,0.013861601770684693,0.004767375535806451,0.015692907942996423,0.01005562284879736
14,4,FasTGFb_015_DAPI.1.1.tif,FasTGFb_015_W647.1.1.tif,FasTGFb_015_G488.1.1.tif,FasTGFb_015_R555.1.1.tif,/Volumes/D/YAPSMAD_Nuclear_Localization/251219_YAPSMAD_Early_D14_Male_#3/tifs,/Volumes/D/YAPSMAD_Nuclear_Localization/251219_YAPSMAD_Early_D14_Male_#3/tifs,/Volumes/D/YAPSMAD_Nuclear_Localization/251219_YAPSMAD_Early_D14_Male_#3/tifs,/Volumes/D/YAPSMAD_Nuclear_Localization/251219_YAPSMAD_Early_D14_Male_#3/tifs,2474,4070,2.0640081764673437,0.5644711699511455,0.4844942047233318,8.282965959610058,7.0710678118654755,20.03785787546076,34.02639835793525,35.500236727064475,0.00809937666752658,0.013753596749367523,0.01434932769889429,0.004160942410573007,0.009218760855065311,0.008343333959589716
14,5,FasTGFb_015_DAPI.1.1.tif,FasTGFb_015_W647.1.1.tif,FasTGFb_015_G488.1.1.tif,FasTGFb_015_R555.1.1.tif,/Volumes/D/YAPSMAD_Nuclear_Localization/251219_YAPSMAD_Early_D14_Male_#3/tifs,/Volumes/D/YAPSMAD_Nuclear_Localization/251219_YAPSMAD_Early_D14_Male_#3/tifs,/Volumes/D/YAPSMAD_Nuclear_Localization/251219_YAPSMAD_Early_D14_Male_#3/tifs,/Volumes/D/YAPSMAD_Nuclear_Localization/251219_YAPSMAD_Early_D14_Male_#3/tifs,1907,3944,3.6316543361262497,0.6313572986052401,0.2753566026514139,6.102190689756535,5.0990195135927845,8.675394935533404,16.61493869777769,14.427557930815965,0.004549236987694496,0.00871260550486507,0.007565578359106431,0.0024920357685770077,0.00831640416352045,0.005696720629126011
14,6,FasTGFb_015_DAPI.1.1.tif,FasTGFb_015_W647.1.1.tif,FasTGFb_015_G488.1.1.tif,FasTGFb_015_R555.1.1.tif,/Volumes/D/YAPSMAD_Nuclear_Localization/251219_YAPSMAD_Early_D14_Male_#3/tifs,/Volumes/D/YAPSMAD_Nuclear_Localization/251219_YAPSMAD_Early_D14_Male_#3/tifs,/Volumes/D/YAPSMAD_Nuclear_Localization/251219_YAPSMAD_Early_D14_Male_#3/tifs,/Volumes/D/YAPSMAD_Nuclear_Localization/251219_YAPSMAD_Early_D14_Male_#3/tifs,2052,5832,5.791300912367985,0.7368638764781819,0.17267277510384338,5.283085895017308,4.0,4.989593362202868,32.032654464710504,15.051377268973738,0.002431575712574497,0.015610455392159115,0.007334979175913128,0.0008863151402383428,0.009691464745607097,0.004654380643714537
14,7,FasTGFb_015_DAPI.1.1.tif,FasTGFb_015_W647.1.1.tif,FasTGFb_015_G488.1.1.tif,FasTGFb_015_R555.1.1.tif,/Volumes/D/YAPSMAD_Nuclear_Localization/251219_YAPSMAD_Early_D14_Male_#3/tifs,/Volumes/D/YAPSMAD_Nuclear_Localization/251219_YAPSMAD_Early_D14_Male_#3/tifs,/Volumes/D/YAPSMAD_Nuclear_Localization/251219_YAPSMAD_Early_D14_Male_#3/tifs,/Volumes/D/YAPSMAD_Nuclear_Localization/251219_YAPSMAD_Early_D14_Male_#3/tifs,3386,6771,6.131919319971005,0.8834913258737422,0.16308107589463988,6.461731201770362,5.0,41.17183218197897,43.38323068805039,36.70818673656322,0.012159430650318657,0.012812531213245833,0.010841165604419143,0.009649280004918182,0.009490226364765092,0.007886958956541987
14,8,FasTGFb_015_DAPI.1.1.tif,FasTGFb_015_W647.1.1.tif,FasTGFb_015_G488.1.1.tif,FasTGFb_015_R555.1.1.tif,/Volumes/D/YAPSMAD_Nuclear_Localization/251219_YAPSMAD_Early_D14_Male_#3/tifs,/Volumes/D/YAPSMAD_Nuclear_Localization/251219_YAPSMAD_Early_D14_Male_#3/tifs,/Volumes/D/YAPSMAD_Nuclear_Localization/251219_YAPSMAD_Early_D14_Male_#3/tifs,/Volumes/D/YAPSMAD_Nuclear_Localization/251219_YAPSMAD_Early_D14_Male_#3/tifs,1394,2236,2.1209309965844256,0.6149454643088893,0.4714910582241539,6.189211710943489,5.0990195135927845,12.290592935169116,40.82737477333285,19.022613981040195,0.008816781158657902,0.029287930253466894,0.013646064548809322,0.006728522495629739,0.020278542437625287,0.007434067300414624
14,9,FasTGFb_015_DAPI.1.1.tif,FasTGFb_015_W647.1.1.tif,FasTGFb_015_G488.1.1.tif,FasTGFb_015_R555.1.1.tif,/Volumes/D/YAPSMAD_Nuclear_Localization/251219_YAPSMAD_Early_D14_Male_#3/tifs,/Volumes/D/YAPSMAD_Nuclear_Localization/251219_YAPSMAD_Early_D14_Male_#3/tifs,/Volumes/D/YAPSMAD_Nuclear_Localization/251219_YAPSMAD_Early_D14_Male_#3/tifs,/Volumes/D/YAPSMAD_Nuclear_Localization/251219_YAPSMAD_Early_D14_Male_#3/tifs,1706,3186,2.600212187645454,0.5361646930723991,0.38458399847187885,6.460440584897824,5.385164807134504,6.286533979699016,16.25456642359495,17.43088440154679,0.0036849554394484266,0.00952788184266996,0.010217400000906677,0.0015587805955528623,0.006593865793683615,0.006282764100935733
14,10,FasTGFb_015_DAPI.1.1.tif,FasTGFb_015_W647.1.1.tif,FasTGFb_015_G488.1.1.tif,FasTGFb_015_R555.1.1.tif,/Volumes/D/YAPSMAD_Nuclear_Localization/251219_YAPSMAD_Early_D14_Male_#3/tifs,/Volumes/D/YAPSMAD_Nuclear_Localization/251219_YAPSMAD_Early_D14_Male_#3/tifs,/Volumes/D/YAPSMAD_Nuclear_Localization/251219_YAPSMAD_Early_D14_Male_#3/tifs,/Volumes/D/YAPSMAD_Nuclear_Localization/251219_YAPSMAD_Early_D14_Male_#3/tifs,3394,7360,4.870991630601661,0.7036232588010883,0.2052970064078063,7.81975143341138,6.324555320336759,28.22803110932,48.8428780566901,37.134752698475495,0.008317039219010018,0.01439094816048618,0.010941294254117707,0.0051485264761776586,0.010706710727663618,0.007576550029697827
14,11,FasTGFb_015_DAPI.1.1.tif,FasTGFb_015_W647.1.1.tif,FasTGFb_015_G488.1.1.tif,FasTGFb_015_R555.1.1.tif,/Volumes/D/YAPSMAD_Nuclear_Localization/251219_YAPSMAD_Early_D14_Male_#3/tifs,/Volumes/D/YAPSMAD_Nuclear_Localization/251219_YAPSMAD_Early_D14_Male_#3/tifs,/Volumes/D/YAPSMAD_Nuclear_Localization/251219_YAPSMAD_Early_D14_Male_#3/tifs,/Volumes/D/YAPSMAD_Nuclear_Localization/251219_YAPSMAD_Early_D14_Male_#3/tifs,1686,2925,1.909371962615163,0.7169451948025035,0.523732420701493,6.649271829284255,5.830951894845301,8.689585822401568,25.131365107372403,17.719356226269156,0.0051539654937138605,0.014905910502593359,0.010509701201820378,0.003111145109886516,0.010371344072223303,0.005521290633511215
14,12,FasTGFb_015_DAPI.1.1.tif,FasTGFb_015_W647.1.1.tif,FasTGFb_015_G488.1.1.tif,FasTGFb_015_R555.1.1.tif,/Volumes/D/YAPSMAD_Nuclear_Localization/251219_YAPSMAD_Early_D14_Male_#3/tifs,/Volumes/D/YAPSMAD_Nuclear_Localization/251219_YAPSMAD_Early_D14_Male_#3/tifs,/Volumes/D/YAPSMAD_Nuclear_Localization/251219_YAPSMAD_Early_D14_Male_#3/tifs,/Volumes/D/YAPSMAD_Nuclear_Localization/251219_YAPSMAD_Early_D14_Male_#3/tifs,5445,16006,10.95754025308423,0.7914239474853644,0.09126135764990952,6.151537950421743,4.47213595499958,57.067338545108214,100.57132867933251,40.19476653449237,0.010480686601489111,0.01847040012476263,0.007381958959502732,0.007001519192537062,0.014123494396304176,0.005159994636451943
14,13,FasTGFb_015_DAPI.1.1.tif,FasTGFb_015_W647.1.1.tif,FasTGFb_015_G488.1.1.tif,FasTGFb_015_R555.1.1.tif,/Volumes/D/YAPSMAD_Nuclear_Localization/251219_YAPSMAD_Early_D14_Male_#3/tifs,/Volumes/D/YAPSMAD_Nuclear_Localization/251219_YAPSMAD_Early_D14_Male_#3/tifs,/Volumes/D/YAPSMAD_Nuclear_Localization/251219_YAPSMAD_Early_D14_Male_#3/tifs,/Volumes/D/YAPSMAD_Nuclear_Localization/251219_YAPSMAD_Early_D14_Male_#3/tifs,1850,4898,4.769234973272338,0.7265362945871079,0.2096772345259108,5.51155657204943,4.47213595499958,7.497825670521706,32.7591975138057,14.831097990972921,0.004052878740822544,0.017707674331786865,0.008016809724850228,0.0022538787878645045,0.014423026442171399,0.005588350771096483
14,14,FasTGFb_015_DAPI.1.1.tif,FasTGFb_015_W647.1.1.tif,FasTGFb_015_G488.1.1.tif,FasTGFb_015_R555.1.1.tif,/Volumes/D/YAPSMAD_Nuclear_Localization/251219_YAPSMAD_Early_D14_Male_#3/tifs,/Volumes/D/YAPSMAD_Nuclear_Localization/251219_YAPSMAD_Early_D14_Male_#3/tifs,/Volumes/D/YAPSMAD_Nuclear_Localization/251219_YAPSMAD_Early_D14_Male_#3/tifs,/Volumes/D/YAPSMAD_Nuclear_Localization/251219_YAPSMAD_Early_D14_Male_#3/tifs,2574,6375,3.89205307162188,0.6574780363761202,0.2569338037272149,6.642425926251629,5.385164807134504,18.265446136938408,46.06479005725123,25.915877234423533,0.0070961329203334915,0.017896188833430936,0.010068328373901916,0.0046362203294608995,0.010863150791082896,0.005528537191624352
14,15,FasTGFb_015_DAPI.1.1.tif,FasTGFb_015_W647.1.1.tif,FasTGFb_015_G488.1.1.tif,FasTGFb_015_R555.1.1.tif,/Volumes/D/YAPSMAD_Nuclear_Localization/251219_YAPSMAD_Early_D14_Male_#3/tifs,/Volumes/D/YAPSMAD_Nuclear_Localization/251219_YAPSMAD_Early_D14_Male_#3/tifs,/Volumes/D/YAPSMAD_Nuclear_Localization/251219_YAPSMAD_Early_D14_Male_#3/tifs,/Volumes/D/YAPSMAD_Nuclear_Localization/251219_YAPSMAD_Early_D14_Male_#3/tifs,2098,3575,2.4206291004595584,0.6504265886986718,0.4131157473939932,7.110866628562474,6.0,8.165438399650156,32.11369517631829,15.237400031648576,0.00389201067666833,0.015306813716071633,0.007262821750070818,0.00262191701168943,0.010163184020151402,0.003823894379145577
14,16,FasTGFb_015_DAPI.1.1.tif,FasTGFb_015_W647.1.1.tif,FasTGFb_015_G488.1.1.tif,FasTGFb_015_R555.1.1.tif,/Volumes/D/YAPSMAD_Nuclear_Localization/251219_YAPSMAD_Early_D14_Male_#3/tifs,/Volumes/D/YAPSMAD_Nuclear_Localization/251219_YAPSMAD_Early_D14_Male_#3/tifs,/Volumes/D/YAPSMAD_Nuclear_Localization/251219_YAPSMAD_Early_D14_Male_#3/tifs,/Volumes/D/YAPSMAD_Nuclear_Localization/251219_YAPSMAD_Early_D14_Male_#3/tifs,1645,6512,6.536916494611038,0.6630204880707551,0.15297732513860152,4.492464466228618,3.1622776601683795,8.483161780284718,23.15538277057931,12.157473215600476,0.005156937252452716,0.014076220529227542,0.007390561225289043,0.0028546124269497822,0.010886708854511158,0.005343349504407442
14,17,FasTGFb_015_DAPI.1.1.tif,FasTGFb_015_W647.1.1.tif,FasTGFb_015_G488.1.1.tif,FasTGFb_015_R555.1.1.tif,/Volumes/D/YAPSMAD_Nuclear_Localization/251219_YAPSMAD_Early_D14_Male_#3/tifs,/Volumes/D/YAPSMAD_Nuclear_Localization/251219_YAPSMAD_Early_D14_Male_#3/tifs,/Volumes/D/YAPSMAD_Nuclear_Localization/251219_YAPSMAD_Early_D14_Male_#3/tifs,/Volumes/D/YAPSMAD_Nuclear_Localization/251219_YAPSMAD_Early_D14_Male_#3/tifs,5143,13728,7.8920524306763875,0.7625421055269396,0.12670975120654324,6.555099065217472,5.0990195135927845,31.098939935909584,85.4273293085862,48.630136945750564,0.006046848130645457,0.016610408187553216,0.009455597306192992,0.003168066420571075,0.012646741274706212,0.006261853912587121
14,18,FasTGFb_015_DAPI.1.1.tif,FasTGFb_015_W647.1.1.tif,FasTGFb_015_G488.1.1.tif,FasTGFb_015_R555.1.1.tif,/Volumes/D/YAPSMAD_Nuclear_Localization/251219_YAPSMAD_Early_D14_Male_#3/tifs,/Volumes/D/YAPSMAD_Nuclear_Localization/251219_YAPSMAD_Early_D14_Male_#3/tifs,/Volumes/D/YAPSMAD_Nuclear_Localization/251219_YAPSMAD_Early_D14_Male_#3/tifs,/Volumes/D/YAPSMAD_Nuclear_Localization/251219_YAPSMAD_Early_D14_Male_#3/tifs,1805,4224,4.892130506891084,0.6579073002567086,0.20440991886692192,5.135888307615833,4.123105625617661,10.567757796263322,42.09466710174456,18.257023118436337,0.005854713460533696,0.02332114520872275,0.010114694248441183,0.004956680350122801,0.016410734583385954,0.007201185391887738
14,19,FasTGFb_015_DAPI.1.1.tif,FasTGFb_015_W647.1.1.tif,FasTGFb_015_G488.1.1.tif,FasTGFb_015_R555.1.1.tif,/Volumes/D/YAPSMAD_Nuclear_Localization/251219_YAPSMAD_Early_D14_Male_#3/tifs,/Volumes/D/YAPSMAD_Nuclear_Localization/251219_YAPSMAD_Early_D14_Male_#3/tifs,/Volumes/D/YAPSMAD_Nuclear_Localization/251219_YAPSMAD_Early_D14_Male_#3/tifs,/Volumes/D/YAPSMAD_Nuclear_Localization/251219_YAPSMAD_Early_D14_Male_#3/tifs,1638,4717,4.977428192528167,0.8866874998761186,0.20090696667430444,4.638363387889921,3.605551275463989,9.57201507478021,20.331868574256077,8.66540026012808,0.005843721046874366,0.012412618177201512,0.005290232149040342,0.003544661919830856,0.011013295407644048,0.004030010844075402
14,20,FasTGFb_015_DAPI.1.1.tif,FasTGFb_015_W647.1.1.tif,FasTGFb_015_G488.1.1.tif,FasTGFb_015_R555.1.1.tif,/Volumes/D/YAPSMAD_Nuclear_Localization/251219_YAPSMAD_Early_D14_Male_#3/tifs,/Volumes/D/YAPSMAD_Nuclear_Localization/251219_YAPSMAD_Early_D14_Male_#3/tifs,/Volumes/D/YAPSMAD_Nuclear_Localization/251219_YAPSMAD_Early_D14_Male_#3/tifs,/Volumes/D/YAPSMAD_Nuclear_Localization/251219_YAPSMAD_Early_D14_Male_#3/tifs,3020,9100,9.896885066744877,0.9351003843560826,0.1010418928032377,4.3864096902410035,3.605551275463989,15.508461311692372,41.25323893898167,13.398459010291845,0.005135252089964361,0.013660012893702538,0.004436575831222465,0.0035172976557854116,0.010386659959794542,0.0025072791657816543
14,21,FasTGFb_015_DAPI.1.1.tif,FasTGFb_015_W647.1.1.tif,FasTGFb_015_G488.1.1.tif,FasTGFb_015_R555.1.1.tif,/Volumes/D/YAPSMAD_Nuclear_Localization/251219_YAPSMAD_Early_D14_Male_#3/tifs,/Volumes/D/YAPSMAD_Nuclear_Localization/251219_YAPSMAD_Early_D14_Male_#3/tifs,/Volumes/D/YAPSMAD_Nuclear_Localization/251219_YAPSMAD_Early_D14_Male_#3/tifs,/Volumes/D/YAPSMAD_Nuclear_Localization/251219_YAPSMAD_Early_D14_Male_#3/tifs,1771,3392,3.9251407593843184,0.6730563186901123,0.2547679335089262,5.735741035941981,5.0,6.0701000122353435,19.34505240432918,10.463325070915744,0.003427498595276874,0.010923236817803038,0.0059081451557965806,0.0015195801510651163,0.00860973384292249,0.0034894215801020726
14,22,FasTGFb_015_DAPI.1.1.tif,FasTGFb_015_W647.1.1.tif,FasTGFb_015_G488.1.1.tif,FasTGFb_015_R555.1.1.tif,/Volumes/D/YAPSMAD_Nuclear_Localization/251219_YAPSMAD_Early_D14_Male_#3/tifs,/Volumes/D/YAPSMAD_Nuclear_Localization/251219_YAPSMAD_Early_D14_Male_#3/tifs,/Volumes/D/YAPSMAD_Nuclear_Localization/251219_YAPSMAD_Early_D14_Male_#3/tifs,/Volumes/D/YAPSMAD_Nuclear_Localization/251219_YAPSMAD_Early_D14_Male_#3/tifs,1599,4316,4.524773510653849,0.8937000942392322,0.2210055371048828,5.04057978824521,3.605551275463989,4.89239340997301,31.07278566248715,17.169649977236986,0.003059658167587874,0.019432636436827487,0.01073774232472607,0.0021239232937218014,0.01420573211309752,0.005552744942977774
14,23,FasTGFb_015_DAPI.1.1.tif,FasTGFb_015_W647.1.1.tif,FasTGFb_015_G488.1.1.tif,FasTGFb_015_R555.1.1.tif,/Volumes/D/YAPSMAD_Nuclear_Localization/251219_YAPSMAD_Early_D14_Male_#3/tifs,/Volumes/D/YAPSMAD_Nuclear_Localization/251219_YAPSMAD_Early_D14_Male_#3/tifs,/Volumes/D/YAPSMAD_Nuclear_Localization/251219_YAPSMAD_Early_D14_Male_#3/tifs,/Volumes/D/YAPSMAD_Nuclear_Localization/251219_YAPSMAD_Early_D14_Male_#3/tifs,1586,5865,7.047222407879185,0.818752687513717,0.14189987801178866,4.200346720081591,3.0,9.568886962952092,30.097459457581863,13.607065042480826,0.006033346130486818,0.018976960565940646,0.008579486155410357,0.003878284599833643,0.01698211418615401,0.006956460620292218
14,24,FasTGFb_015_DAPI.1.1.tif,FasTGFb_015_W647.1.1.tif,FasTGFb_015_G488.1.1.tif,FasTGFb_015_R555.1.1.tif,/Volumes/D/YAPSMAD_Nuclear_Localization/251219_YAPSMAD_Early_D14_Male_#3/tifs,/Volumes/D/YAPSMAD_Nuclear_Localization/251219_YAPSMAD_Early_D14_Male_#3/tifs,/Volumes/D/YAPSMAD_Nuclear_Localization/251219_YAPSMAD_Early_D14_Male_#3/tifs,/Volumes/D/YAPSMAD_Nuclear_Localization/251219_YAPSMAD_Early_D14_Male_#3/tifs,2371,5170,3.6500474077841067,0.8271605765821085,0.27396904431087543,6.410956869485412,5.0,15.894484077114612,47.81101712374948,25.476157982833683,0.00670370479844564,0.020164916543125043,0.01074490003493618,0.003936552438143654,0.012796640453912439,0.006467817549233438
14,25,FasTGFb_015_DAPI.1.1.tif,FasTGFb_015_W647.1.1.tif,FasTGFb_015_G488.1.1.tif,FasTGFb_015_R555.1.1.tif,/Volumes/D/YAPSMAD_Nuclear_Localization/251219_YAPSMAD_Early_D14_Male_#3/tifs,/Volumes/D/YAPSMAD_Nuclear_Localization/251219_YAPSMAD_Early_D14_Male_#3/tifs,/Volumes/D/YAPSMAD_Nuclear_Localization/251219_YAPSMAD_Early_D14_Male_#3/tifs,/Volumes/D/YAPSMAD_Nuclear_Localization/251219_YAPSMAD_Early_D14_Male_#3/tifs,1432,2250,2.3754607204766875,0.5302642703269567,0.4209709684441039,6.12679097311397,5.0,5.351354301907122,26.187747163930908,11.158465050393716,0.0037369792611083256,0.018287532935705942,0.007792224197202316,0.0016391509044628612,0.010960602682477534,0.0038242464834936326
14,26,FasTGFb_015_DAPI.1.1.tif,FasTGFb_015_W647.1.1.tif,FasTGFb_015_G488.1.1.tif,FasTGFb_015_R555.1.1.tif,/Volumes/D/YAPSMAD_Nuclear_Localization/251219_YAPSMAD_Early_D14_Male_#3/tifs,/Volumes/D/YAPSMAD_Nuclear_Localization/251219_YAPSMAD_Early_D14_Male_#3/tifs,/Volumes/D/YAPSMAD_Nuclear_Localization/251219_YAPSMAD_Early_D14_Male_#3/tifs,/Volumes/D/YAPSMAD_Nuclear_Localization/251219_YAPSMAD_Early_D14_Male_#3/tifs,3510,11040,4.619827640792521,0.9394031560382882,0.21645829190035587,6.226768833885593,5.385164807134504,15.987762476783246,35.49439255450852,18.90708801918663,0.004554918084553631,0.01011236255114203,0.005386634763301035,0.002491301797139652,0.00859804707837139,0.004025968828750506
14,27,FasTGFb_015_DAPI.1.1.tif,FasTGFb_015_W647.1.1.tif,FasTGFb_015_G488.1.1.tif,FasTGFb_015_R555.1.1.tif,/Volumes/D/YAPSMAD_Nuclear_Localization/251219_YAPSMAD_Early_D14_Male_#3/tifs,/Volumes/D/YAPSMAD_Nuclear_Localization/251219_YAPSMAD_Early_D14_Male_#3/tifs,/Volumes/D/YAPSMAD_Nuclear_Localization/251219_YAPSMAD_Early_D14_Male_#3/tifs,/Volumes/D/YAPSMAD_Nuclear_Localization/251219_YAPSMAD_Early_D14_Male_#3/tifs,2489,8175,5.8961634201470545,0.8723458257520011,0.16960181201610236,5.409195051609405,4.123105625617661,8.811886849813163,22.715999313164502,9.657099372707307,0.00354033220161236,0.009126556574192247,0.0038799113590627992,0.0028184032368309625,0.006627769870757646,0.0027266164857245017
14,28,FasTGFb_015_DAPI.1.1.tif,FasTGFb_015_W647.1.1.tif,FasTGFb_015_G488.1.1.tif,FasTGFb_015_R555.1.1.tif,/Volumes/D/YAPSMAD_Nuclear_Localization/251219_YAPSMAD_Early_D14_Male_#3/tifs,/Volumes/D/YAPSMAD_Nuclear_Localization/251219_YAPSMAD_Early_D14_Male_#3/tifs,/Volumes/D/YAPSMAD_Nuclear_Localization/251219_YAPSMAD_Early_D14_Male_#3/tifs,/Volumes/D/YAPSMAD_Nuclear_Localization/251219_YAPSMAD_Early_D14_Male_#3/tifs,2083,4060,2.2030245402744932,0.6691659921732277,0.4539214074643951,7.334500441024334,6.324555320336759,12.356847670860589,24.91834915196523,17.85291842604056,0.0059322360397794476,0.011962721628403856,0.008570772168046355,0.0031033297874010434,0.00893734261572603,0.006017428005051312
14,29,FasTGFb_015_DAPI.1.1.tif,FasTGFb_015_W647.1.1.tif,FasTGFb_015_G488.1.1.tif,FasTGFb_015_R555.1.1.tif,/Volumes/D/YAPSMAD_Nuclear_Localization/251219_YAPSMAD_Early_D14_Male_#3/tifs,/Volumes/D/YAPSMAD_Nuclear_Localization/251219_YAPSMAD_Early_D14_Male_#3/tifs,/Volumes/D/YAPSMAD_Nuclear_Localization/251219_YAPSMAD_Early_D14_Male_#3/tifs,/Volumes/D/YAPSMAD_Nuclear_Localization/251219_YAPSMAD_Early_D14_Male_#3/tifs,2754,5508,3.509361263191213,0.4270794865856467,0.28495213943595454,7.803523865141754,6.324555320336759,31.678919922793284,43.32164519862272,45.07910300488584,0.011502875788959073,0.01573044487967419,0.016368592231258475,0.006259851559745973,0.00930009113692748,0.010133331519647884
14,30,FasTGFb_015_DAPI.1.1.tif,FasTGFb_015_W647.1.1.tif,FasTGFb_015_G488.1.1.tif,FasTGFb_015_R555.1.1.tif,/Volumes/D/YAPSMAD_Nuclear_Localization/251219_YAPSMAD_Early_D14_Male_#3/tifs,/Volumes/D/YAPSMAD_Nuclear_Localization/251219_YAPSMAD_Early_D14_Male_#3/tifs,/Volumes/D/YAPSMAD_Nuclear_Localization/251219_YAPSMAD_Early_D14_Male_#3/tifs,/Volumes/D/YAPSMAD_Nuclear_Localization/251219_YAPSMAD_Early_D14_Male_#3/tifs,1390,2160,1.8065706873695775,0.56117984838602,0.5535349416390846,6.253537632933939,5.0990195135927845,7.226855976507068,25.197924878448248,10.500526565825567,0.005199176961515876,0.018128003509674997,0.007554335658867315,0.0028671780056969257,0.0117618798509223,0.003768266719419545
15,1,LPATGFb_016_DAPI.1.1.tif,LPATGFb_016_W647.1.1.tif,LPATGFb_016_G488.1.1.tif,LPATGFb_016_R555.1.1.tif,/Volumes/D/YAPSMAD_Nuclear_Localization/251219_YAPSMAD_Early_D14_Male_#3/tifs,/Volumes/D/YAPSMAD_Nuclear_Localization/251219_YAPSMAD_Early_D14_Male_#3/tifs,/Volumes/D/YAPSMAD_Nuclear_Localization/251219_YAPSMAD_Early_D14_Male_#3/tifs,/Volumes/D/YAPSMAD_Nuclear_Localization/251219_YAPSMAD_Early_D14_Male_#3/tifs,2046,2852,1.289682230998903,0.6051464039275272,0.7753848009718377,8.334383980736105,7.211102550927978,44.11432074266486,65.64097054162994,53.791973907500505,0.021561251584880186,0.03208258579747309,0.026291287344819406,0.01253186635789044,0.016639410984131173,0.011642339163479053
15,2,LPATGFb_016_DAPI.1.1.tif,LPATGFb_016_W647.1.1.tif,LPATGFb_016_G488.1.1.tif,LPATGFb_016_R555.1.1.tif,/Volumes/D/YAPSMAD_Nuclear_Localization/251219_YAPSMAD_Early_D14_Male_#3/tifs,/Volumes/D/YAPSMAD_Nuclear_Localization/251219_YAPSMAD_Early_D14_Male_#3/tifs,/Volumes/D/YAPSMAD_Nuclear_Localization/251219_YAPSMAD_Early_D14_Male_#3/tifs,/Volumes/D/YAPSMAD_Nuclear_Localization/251219_YAPSMAD_Early_D14_Male_#3/tifs,1580,4260,5.32590672609019,0.45640395820496615,0.18776145573508976,4.767631969407236,3.605551275463989,12.627023878274485,38.82836659438908,18.837766204727814,0.007991787264730687,0.024574915566069038,0.011922636838435325,0.004680892541571202,0.019269205667363832,0.008467496048430284
15,3,LPATGFb_016_DAPI.1.1.tif,LPATGFb_016_W647.1.1.tif,LPATGFb_016_G488.1.1.tif,LPATGFb_016_R555.1.1.tif,/Volumes/D/YAPSMAD_Nuclear_Localization/251219_YAPSMAD_Early_D14_Male_#3/tifs,/Volumes/D/YAPSMAD_Nuclear_Localization/251219_YAPSMAD_Early_D14_Male_#3/tifs,/Volumes/D/YAPSMAD_Nuclear_Localization/251219_YAPSMAD_Early_D14_Male_#3/tifs,/Volumes/D/YAPSMAD_Nuclear_Localization/251219_YAPSMAD_Early_D14_Male_#3/tifs,3232,13516,10.692658915449382,0.9356445187454558,0.09352210782251187,4.23501000488389,3.1622776601683795,29.67388450889848,61.020599994808435,35.456229800358415,0.009181276147555224,0.01888013613700756,0.010970368131299015,0.005544693324685165,0.012366690006719016,0.00698258296808587
15,4,LPATGFb_016_DAPI.1.1.tif,LPATGFb_016_W647.1.1.tif,LPATGFb_016_G488.1.1.tif,LPATGFb_016_R555.1.1.tif,/Volumes/D/YAPSMAD_Nuclear_Localization/251219_YAPSMAD_Early_D14_Male_#3/tifs,/Volumes/D/YAPSMAD_Nuclear_Localization/251219_YAPSMAD_Early_D14_Male_#3/tifs,/Volumes/D/YAPSMAD_Nuclear_Localization/251219_YAPSMAD_Early_D14_Male_#3/tifs,/Volumes/D/YAPSMAD_Nuclear_Localization/251219_YAPSMAD_Early_D14_Male_#3/tifs,1870,3074,2.007596333382535,0.6058065643272756,0.49810810239682596,7.171984090007091,6.082762530298219,29.813290836988017,57.888807559385896,41.43794930516742,0.01594293627646418,0.030956581582559303,0.022159331179233917,0.008646529560063098,0.018697390119897104,0.012450021017414476
15,5,LPATGFb_016_DAPI.1.1.tif,LPATGFb_016_W647.1.1.tif,LPATGFb_016_G488.1.1.tif,LPATGFb_016_R555.1.1.tif,/Volumes/D/YAPSMAD_Nuclear_Localization/251219_YAPSMAD_Early_D14_Male_#3/tifs,/Volumes/D/YAPSMAD_Nuclear_Localization/251219_YAPSMAD_Early_D14_Male_#3/tifs,/Volumes/D/YAPSMAD_Nuclear_Localization/251219_YAPSMAD_Early_D14_Male_#3/tifs,/Volumes/D/YAPSMAD_Nuclear_Localization/251219_YAPSMAD_Early_D14_Male_#3/tifs,2027,4312,3.0002186987550683,0.8236750430709661,0.3333090352429798,5.914606848976685,5.0,19.12858795467764,53.889234917238355,23.037369510391727,0.009436895882919408,0.026585710368642504,0.011365253828510965,0.007349741947535758,0.016806639476801263,0.007272169684839913
15,6,LPATGFb_016_DAPI.1.1.tif,LPATGFb_016_W647.1.1.tif,LPATGFb_016_G488.1.1.tif,LPATGFb_016_R555.1.1.tif,/Volumes/D/YAPSMAD_Nuclear_Localization/251219_YAPSMAD_Early_D14_Male_#3/tifs,/Volumes/D/YAPSMAD_Nuclear_Localization/251219_YAPSMAD_Early_D14_Male_#3/tifs,/Volumes/D/YAPSMAD_Nuclear_Localization/251219_YAPSMAD_Early_D14_Male_#3/tifs,/Volumes/D/YAPSMAD_Nuclear_Localization/251219_YAPSMAD_Early_D14_Male_#3/tifs,3682,9919,4.697983780565807,0.8114631226831962,0.21285726956672543,7.147940352884927,5.830951894845301,43.097063013818115,86.03059467766434,40.870313859777525,0.011704797124882704,0.023365180520821385,0.011100030923350768,0.007071833101821078,0.015225635990942211,0.007670960924210719
15,7,LPATGFb_016_DAPI.1.1.tif,LPATGFb_016_W647.1.1.tif,LPATGFb_016_G488.1.1.tif,LPATGFb_016_R555.1.1.tif,/Volumes/D/YAPSMAD_Nuclear_Localization/251219_YAPSMAD_Early_D14_Male_#3/tifs,/Volumes/D/YAPSMAD_Nuclear_Localization/251219_YAPSMAD_Early_D14_Male_#3/tifs,/Volumes/D/YAPSMAD_Nuclear_Localization/251219_YAPSMAD_Early_D14_Male_#3/tifs,/Volumes/D/YAPSMAD_Nuclear_Localization/251219_YAPSMAD_Early_D14_Male_#3/tifs,3806,19266,15.830911730350675,0.8309438379080597,0.06316755579420116,3.850103596023965,3.0,47.88740405137651,85.91148269269615,39.096986713120714,0.01258208198932646,0.0225726439024425,0.010272461038654944,0.0077933281500395385,0.014189882864359472,0.006492461122318572
15,8,LPATGFb_016_DAPI.1.1.tif,LPATGFb_016_W647.1.1.tif,LPATGFb_016_G488.1.1.tif,LPATGFb_016_R555.1.1.tif,/Volumes/D/YAPSMAD_Nuclear_Localization/251219_YAPSMAD_Early_D14_Male_#3/tifs,/Volumes/D/YAPSMAD_Nuclear_Localization/251219_YAPSMAD_Early_D14_Male_#3/tifs,/Volumes/D/YAPSMAD_Nuclear_Localization/251219_YAPSMAD_Early_D14_Male_#3/tifs,/Volumes/D/YAPSMAD_Nuclear_Localization/251219_YAPSMAD_Early_D14_Male_#3/tifs,1394,2405,2.609115900917136,0.8937217360034901,0.38327159006178596,4.982529166597996,4.123105625617661,15.044297067215666,40.767223719507456,20.483894218923524,0.010792178670886417,0.029244780286590714,0.014694328707979572,0.007049965572408235,0.018525550346648916,0.009823540972735693
15,9,LPATGFb_016_DAPI.1.1.tif,LPATGFb_016_W647.1.1.tif,LPATGFb_016_G488.1.1.tif,LPATGFb_016_R555.1.1.tif,/Volumes/D/YAPSMAD_Nuclear_Localization/251219_YAPSMAD_Early_D14_Male_#3/tifs,/Volumes/D/YAPSMAD_Nuclear_Localization/251219_YAPSMAD_Early_D14_Male_#3/tifs,/Volumes/D/YAPSMAD_Nuclear_Localization/251219_YAPSMAD_Early_D14_Male_#3/tifs,/Volumes/D/YAPSMAD_Nuclear_Localization/251219_YAPSMAD_Early_D14_Male_#3/tifs,3400,14256,10.652455679401577,0.8525161484204166,0.0938750678807027,4.804514935901163,3.605551275463989,28.963897538138554,63.89504872681573,33.94703622837551,0.008518793393570163,0.018792661390239922,0.009984422420110444,0.00434980601069957,0.011185606959271484,0.007225339896273283
15,10,LPATGFb_016_DAPI.1.1.tif,LPATGFb_016_W647.1.1.tif,LPATGFb_016_G488.1.1.tif,LPATGFb_016_R555.1.1.tif,/Volumes/D/YAPSMAD_Nuclear_Localization/251219_YAPSMAD_Early_D14_Male_#3/tifs,/Volumes/D/YAPSMAD_Nuclear_Localization/251219_YAPSMAD_Early_D14_Male_#3/tifs,/Volumes/D/YAPSMAD_Nuclear_Localization/251219_YAPSMAD_Early_D14_Male_#3/tifs,/Volumes/D/YAPSMAD_Nuclear_Localization/251219_YAPSMAD_Early_D14_Male_#3/tifs,1923,6399,5.128986596256647,0.8958391294882386,0.19497028920485826,4.856429595866885,3.605551275463989,36.197207749821246,48.530815713107586,34.291218562982976,0.018823300961945524,0.02523703365216203,0.017832146938628692,0.01228486661341714,0.01741517711254601,0.013739063428705536
15,11,LPATGFb_016_DAPI.1.1.tif,LPATGFb_016_W647.1.1.tif,LPATGFb_016_G488.1.1.tif,LPATGFb_016_R555.1.1.tif,/Volumes/D/YAPSMAD_Nuclear_Localization/251219_YAPSMAD_Early_D14_Male_#3/tifs,/Volumes/D/YAPSMAD_Nuclear_Localization/251219_YAPSMAD_Early_D14_Male_#3/tifs,/Volumes/D/YAPSMAD_Nuclear_Localization/251219_YAPSMAD_Early_D14_Male_#3/tifs,/Volumes/D/YAPSMAD_Nuclear_Localization/251219_YAPSMAD_Early_D14_Male_#3/tifs,6965,18549,7.825252412018925,0.9795241375035276,0.12779140497296734,6.847536675895652,6.0,51.42455239035189,89.7358975596726,32.480857726652175,0.007383281032354902,0.01288383310260913,0.004663439731034053,0.004545666709875214,0.009485714612842946,0.005205077002807057
15,12,LPATGFb_016_DAPI.1.1.tif,LPATGFb_016_W647.1.1.tif,LPATGFb_016_G488.1.1.tif,LPATGFb_016_R555.1.1.tif,/Volumes/D/YAPSMAD_Nuclear_Localization/251219_YAPSMAD_Early_D14_Male_#3/tifs,/Volumes/D/YAPSMAD_Nuclear_Localization/251219_YAPSMAD_Early_D14_Male_#3/tifs,/Volumes/D/YAPSMAD_Nuclear_Localization/251219_YAPSMAD_Early_D14_Male_#3/tifs,/Volumes/D/YAPSMAD_Nuclear_Localization/251219_YAPSMAD_Early_D14_Male_#3/tifs,4936,13750,7.524381328094101,0.753340581667386,0.13290129199941764,7.477886323882649,6.0,61.78272726549767,112.41165831126273,68.63306670659222,0.012516759980854471,0.022773836772946258,0.013904592120460336,0.008197458255156897,0.01709479832550554,0.010575970006351125
15,13,LPATGFb_016_DAPI.1.1.tif,LPATGFb_016_W647.1.1.tif,LPATGFb_016_G488.1.1.tif,LPATGFb_016_R555.1.1.tif,/Volumes/D/YAPSMAD_Nuclear_Localization/251219_YAPSMAD_Early_D14_Male_#3/tifs,/Volumes/D/YAPSMAD_Nuclear_Localization/251219_YAPSMAD_Early_D14_Male_#3/tifs,/Volumes/D/YAPSMAD_Nuclear_Localization/251219_YAPSMAD_Early_D14_Male_#3/tifs,/Volumes/D/YAPSMAD_Nuclear_Localization/251219_YAPSMAD_Early_D14_Male_#3/tifs,2138,4914,3.1751381250761326,0.8383873078868107,0.31494692848237027,5.946517097910212,5.0,31.479469154030085,65.33264680486172,32.32208764948882,0.014723792869050555,0.030557832930244024,0.015117908161594397,0.008464583024935288,0.0198548939782778,0.009398519142952064
15,14,LPATGFb_016_DAPI.1.1.tif,LPATGFb_016_W647.1.1.tif,LPATGFb_016_G488.1.1.tif,LPATGFb_016_R555.1.1.tif,/Volumes/D/YAPSMAD_Nuclear_Localization/251219_YAPSMAD_Early_D14_Male_#3/tifs,/Volumes/D/YAPSMAD_Nuclear_Localization/251219_YAPSMAD_Early_D14_Male_#3/tifs,/Volumes/D/YAPSMAD_Nuclear_Localization/251219_YAPSMAD_Early_D14_Male_#3/tifs,/Volumes/D/YAPSMAD_Nuclear_Localization/251219_YAPSMAD_Early_D14_Male_#3/tifs,1618,6192,6.428505833473552,0.8419370534234997,0.15555714281115682,4.1593016330208545,3.0,10.947615906829014,40.78863215120509,17.252323310589418,0.0067661408571254725,0.025209290575528488,0.010662746174653534,0.0047280562720335715,0.01774050339818584,0.0078540633589039
15,15,LPATGFb_016_DAPI.1.1.tif,LPATGFb_016_W647.1.1.tif,LPATGFb_016_G488.1.1.tif,LPATGFb_016_R555.1.1.tif,/Volumes/D/YAPSMAD_Nuclear_Localization/251219_YAPSMAD_Early_D14_Male_#3/tifs,/Volumes/D/YAPSMAD_Nuclear_Localization/251219_YAPSMAD_Early_D14_Male_#3/tifs,/Volumes/D/YAPSMAD_Nuclear_Localization/251219_YAPSMAD_Early_D14_Male_#3/tifs,/Volumes/D/YAPSMAD_Nuclear_Localization/251219_YAPSMAD_Early_D14_Male_#3/tifs,2926,8010,3.7307691860373557,0.7690766248692256,0.26804124032721305,6.040159914853976,5.0,42.990478658583015,79.13414230989292,44.93823175202124,0.01469257643834006,0.027045161418281928,0.015358247352023664,0.008306115769983706,0.015191776404432525,0.008738176466380487
15,16,LPATGFb_016_DAPI.1.1.tif,LPATGFb_016_W647.1.1.tif,LPATGFb_016_G488.1.1.tif,LPATGFb_016_R555.1.1.tif,/Volumes/D/YAPSMAD_Nuclear_Localization/251219_YAPSMAD_Early_D14_Male_#3/tifs,/Volumes/D/YAPSMAD_Nuclear_Localization/251219_YAPSMAD_Early_D14_Male_#3/tifs,/Volumes/D/YAPSMAD_Nuclear_Localization/251219_YAPSMAD_Early_D14_Male_#3/tifs,/Volumes/D/YAPSMAD_Nuclear_Localization/251219_YAPSMAD_Early_D14_Male_#3/tifs,1669,3984,2.5337165860624653,0.8123474039193843,0.39467713378079705,5.716225917330066,5.0,18.623590608127415,54.14526596944779,22.14985903678462,0.011158532419489164,0.032441741144066984,0.013271335552297555,0.006879343597620374,0.020043004389807526,0.008192000378544763
15,17,LPATGFb_016_DAPI.1.1.tif,LPATGFb_016_W647.1.1.tif,LPATGFb_016_G488.1.1.tif,LPATGFb_016_R555.1.1.tif,/Volumes/D/YAPSMAD_Nuclear_Localization/251219_YAPSMAD_Early_D14_Male_#3/tifs,/Volumes/D/YAPSMAD_Nuclear_Localization/251219_YAPSMAD_Early_D14_Male_#3/tifs,/Volumes/D/YAPSMAD_Nuclear_Localization/251219_YAPSMAD_Early_D14_Male_#3/tifs,/Volumes/D/YAPSMAD_Nuclear_Localization/251219_YAPSMAD_Early_D14_Male_#3/tifs,3732,9078,4.512686960152439,0.6468603099140608,0.2215974670590091,7.633985020990903,5.830951894845301,28.603998249396682,113.02879405068234,41.15291102579795,0.007664522574865135,0.030286386401576187,0.011027039395980157,0.0036523526135431956,0.019305639582935047,0.006726239953415816
15,18,LPATGFb_016_DAPI.1.1.tif,LPATGFb_016_W647.1.1.tif,LPATGFb_016_G488.1.1.tif,LPATGFb_016_R555.1.1.tif,/Volumes/D/YAPSMAD_Nuclear_Localization/251219_YAPSMAD_Early_D14_Male_#3/tifs,/Volumes/D/YAPSMAD_Nuclear_Localization/251219_YAPSMAD_Early_D14_Male_#3/tifs,/Volumes/D/YAPSMAD_Nuclear_Localization/251219_YAPSMAD_Early_D14_Male_#3/tifs,/Volumes/D/YAPSMAD_Nuclear_Localization/251219_YAPSMAD_Early_D14_Male_#3/tifs,1914,4347,3.4536561778564487,0.4964752949624519,0.28954822035025546,5.680048686209691,4.47213595499958,25.782192915212363,55.7333792289719,17.11317630764097,0.01347032022738368,0.029118797925272673,0.008941053452268009,0.008275875521066997,0.02116169092450549,0.0061426123565820985
15,19,LPATGFb_016_DAPI.1.1.tif,LPATGFb_016_W647.1.1.tif,LPATGFb_016_G488.1.1.tif,LPATGFb_016_R555.1.1.tif,/Volumes/D/YAPSMAD_Nuclear_Localization/251219_YAPSMAD_Early_D14_Male_#3/tifs,/Volumes/D/YAPSMAD_Nuclear_Localization/251219_YAPSMAD_Early_D14_Male_#3/tifs,/Volumes/D/YAPSMAD_Nuclear_Localization/251219_YAPSMAD_Early_D14_Male_#3/tifs,/Volumes/D/YAPSMAD_Nuclear_Localization/251219_YAPSMAD_Early_D14_Male_#3/tifs,2789,5670,3.7146576621920415,0.8233368181190908,0.2692038112093199,6.944773616569115,5.385164807134504,39.01214645127766,80.4485696638003,33.25000405171886,0.013987861760945736,0.02884495147500907,0.011921837236184604,0.008444969532237077,0.02018055185202401,0.008078875975073632
15,20,LPATGFb_016_DAPI.1.1.tif,LPATGFb_016_W647.1.1.tif,LPATGFb_016_G488.1.1.tif,LPATGFb_016_R555.1.1.tif,/Volumes/D/YAPSMAD_Nuclear_Localization/251219_YAPSMAD_Early_D14_Male_#3/tifs,/Volumes/D/YAPSMAD_Nuclear_Localization/251219_YAPSMAD_Early_D14_Male_#3/tifs,/Volumes/D/YAPSMAD_Nuclear_Localization/251219_YAPSMAD_Early_D14_Male_#3/tifs,/Volumes/D/YAPSMAD_Nuclear_Localization/251219_YAPSMAD_Early_D14_Male_#3/tifs,559,1326,3.2913420680302568,0.38785360549174847,0.3038274294590298,3.0442545160581473,2.23606797749979,5.944441947154701,16.132997684646398,5.857099320506677,0.010634064306180144,0.028860460974322714,0.010477816315754342,0.008400567242965336,0.022112303638853772,0.007387593686960519
15,21,LPATGFb_016_DAPI.1.1.tif,LPATGFb_016_W647.1.1.tif,LPATGFb_016_G488.1.1.tif,LPATGFb_016_R555.1.1.tif,/Volumes/D/YAPSMAD_Nuclear_Localization/251219_YAPSMAD_Early_D14_Male_#3/tifs,/Volumes/D/YAPSMAD_Nuclear_Localization/251219_YAPSMAD_Early_D14_Male_#3/tifs,/Volumes/D/YAPSMAD_Nuclear_Localization/251219_YAPSMAD_Early_D14_Male_#3/tifs,/Volumes/D/YAPSMAD_Nuclear_Localization/251219_YAPSMAD_Early_D14_Male_#3/tifs,145,176,1.013361070555502,0.7302781752475233,0.9868150939050996,2.5323531901815644,2.23606797749979,0.13229571981355548,3.089356844779104,2.05204854067415,0.0009123842745762447,0.021305909274338647,0.014152058901201034,0.00022014823800587676,0.009620718498532122,0.0014520779740277282
15,22,LPATGFb_016_DAPI.1.1.tif,LPATGFb_016_W647.1.1.tif,LPATGFb_016_G488.1.1.tif,LPATGFb_016_R555.1.1.tif,/Volumes/D/YAPSMAD_Nuclear_Localization/251219_YAPSMAD_Early_D14_Male_#3/tifs,/Volumes/D/YAPSMAD_Nuclear_Localization/251219_YAPSMAD_Early_D14_Male_#3/tifs,/Volumes/D/YAPSMAD_Nuclear_Localization/251219_YAPSMAD_Early_D14_Male_#3/tifs,/Volumes/D/YAPSMAD_Nuclear_Localization/251219_YAPSMAD_Early_D14_Male_#3/tifs,1401,3139,3.305703626660332,0.9333694723426285,0.3025074576967671,4.46988919930157,4.0,17.403647071914747,48.78086526459083,21.54821104882285,0.012422303406077622,0.03481860475702415,0.015380593182600178,0.009901712610916224,0.020136560551171405,0.008544054326699285
15,23,LPATGFb_016_DAPI.1.1.tif,LPATGFb_016_W647.1.1.tif,LPATGFb_016_G488.1.1.tif,LPATGFb_016_R555.1.1.tif,/Volumes/D/YAPSMAD_Nuclear_Localization/251219_YAPSMAD_Early_D14_Male_#3/tifs,/Volumes/D/YAPSMAD_Nuclear_Localization/251219_YAPSMAD_Early_D14_Male_#3/tifs,/Volumes/D/YAPSMAD_Nuclear_Localization/251219_YAPSMAD_Early_D14_Male_#3/tifs,/Volumes/D/YAPSMAD_Nuclear_Localization/251219_YAPSMAD_Early_D14_Male_#3/tifs,1888,3364,1.9116426174810013,0.6536157621089542,0.523110329752804,7.284765280117596,6.324555320336759,36.84612818504684,48.66962709464133,47.754543458577245,0.01951595772513074,0.025778404181483753,0.025293720052212525,0.012837649696551524,0.016584246829298033,0.016412684557027823
15,24,LPATGFb_016_DAPI.1.1.tif,LPATGFb_016_W647.1.1.tif,LPATGFb_016_G488.1.1.tif,LPATGFb_016_R555.1.1.tif,/Volumes/D/YAPSMAD_Nuclear_Localization/251219_YAPSMAD_Early_D14_Male_#3/tifs,/Volumes/D/YAPSMAD_Nuclear_Localization/251219_YAPSMAD_Early_D14_Male_#3/tifs,/Volumes/D/YAPSMAD_Nuclear_Localization/251219_YAPSMAD_Early_D14_Male_#3/tifs,/Volumes/D/YAPSMAD_Nuclear_Localization/251219_YAPSMAD_Early_D14_Male_#3/tifs,2184,5060,3.683413109870752,0.8173829015195254,0.27148733258298285,6.002418259956549,5.0,31.994110193103552,75.41557958070189,39.72625334840268,0.014649317853985143,0.03453094303145691,0.01818967644157632,0.014053592230801768,0.021372008857376043,0.01187687814865545
15,25,LPATGFb_016_DAPI.1.1.tif,LPATGFb_016_W647.1.1.tif,LPATGFb_016_G488.1.1.tif,LPATGFb_016_R555.1.1.tif,/Volumes/D/YAPSMAD_Nuclear_Localization/251219_YAPSMAD_Early_D14_Male_#3/tifs,/Volumes/D/YAPSMAD_Nuclear_Localization/251219_YAPSMAD_Early_D14_Male_#3/tifs,/Volumes/D/YAPSMAD_Nuclear_Localization/251219_YAPSMAD_Early_D14_Male_#3/tifs,/Volumes/D/YAPSMAD_Nuclear_Localization/251219_YAPSMAD_Early_D14_Male_#3/tifs,4230,16198,7.797042614889955,0.970110922063399,0.12825375586511575,5.031634367049584,4.242640687119285,33.26028881059028,87.7109792442061,38.70542493229732,0.007862952437491792,0.020735456086100734,0.00915021866011757,0.004573070149245372,0.015066559965078177,0.006287801109667557
15,26,LPATGFb_016_DAPI.1.1.tif,LPATGFb_016_W647.1.1.tif,LPATGFb_016_G488.1.1.tif,LPATGFb_016_R555.1.1.tif,/Volumes/D/YAPSMAD_Nuclear_Localization/251219_YAPSMAD_Early_D14_Male_#3/tifs,/Volumes/D/YAPSMAD_Nuclear_Localization/251219_YAPSMAD_Early_D14_Male_#3/tifs,/Volumes/D/YAPSMAD_Nuclear_Localization/251219_YAPSMAD_Early_D14_Male_#3/tifs,/Volumes/D/YAPSMAD_Nuclear_Localization/251219_YAPSMAD_Early_D14_Male_#3/tifs,1491,3752,4.04758192659504,0.5961463106714546,0.24706108934556717,4.768979302095462,4.0,20.0094759745989,37.04821864585392,15.897367938654497,0.013420171679811469,0.02484789982954656,0.010662218604060695,0.00893576811354954,0.021322753416383174,0.00849510985879721
15,27,LPATGFb_016_DAPI.1.1.tif,LPATGFb_016_W647.1.1.tif,LPATGFb_016_G488.1.1.tif,LPATGFb_016_R555.1.1.tif,/Volumes/D/YAPSMAD_Nuclear_Localization/251219_YAPSMAD_Early_D14_Male_#3/tifs,/Volumes/D/YAPSMAD_Nuclear_Localization/251219_YAPSMAD_Early_D14_Male_#3/tifs,/Volumes/D/YAPSMAD_Nuclear_Localization/251219_YAPSMAD_Early_D14_Male_#3/tifs,/Volumes/D/YAPSMAD_Nuclear_Localization/251219_YAPSMAD_Early_D14_Male_#3/tifs,2358,6592,4.3792275689260665,0.771897335090283,0.22835077288418548,6.132183854966673,5.0,27.00642431084998,57.098466652678326,29.2377663126681,0.011453106153880399,0.02421478653633517,0.012399391990105216,0.006233425102534663,0.01636902882094329,0.007406561350614841
15,28,LPATGFb_016_DAPI.1.1.tif,LPATGFb_016_W647.1.1.tif,LPATGFb_016_G488.1.1.tif,LPATGFb_016_R555.1.1.tif,/Volumes/D/YAPSMAD_Nuclear_Localization/251219_YAPSMAD_Early_D14_Male_#3/tifs,/Volumes/D/YAPSMAD_Nuclear_Localization/251219_YAPSMAD_Early_D14_Male_#3/tifs,/Volumes/D/YAPSMAD_Nuclear_Localization/251219_YAPSMAD_Early_D14_Male_#3/tifs,/Volumes/D/YAPSMAD_Nuclear_Localization/251219_YAPSMAD_Early_D14_Male_#3/tifs,1029,2115,2.908287602096891,0.5073818136401728,0.34384494823654804,4.83691276692954,4.0,5.677882127463818,29.22220193920657,8.47425051103346,0.005517864069449774,0.028398641340336803,0.008235423237155938,0.003098832535357957,0.013219501389982272,0.0031629633233411377
15,29,LPATGFb_016_DAPI.1.1.tif,LPATGFb_016_W647.1.1.tif,LPATGFb_016_G488.1.1.tif,LPATGFb_016_R555.1.1.tif,/Volumes/D/YAPSMAD_Nuclear_Localization/251219_YAPSMAD_Early_D14_Male_#3/tifs,/Volumes/D/YAPSMAD_Nuclear_Localization/251219_YAPSMAD_Early_D14_Male_#3/tifs,/Volumes/D/YAPSMAD_Nuclear_Localization/251219_YAPSMAD_Early_D14_Male_#3/tifs,/Volumes/D/YAPSMAD_Nuclear_Localization/251219_YAPSMAD_Early_D14_Male_#3/tifs,1311,2726,3.2776390507606683,0.6573763295619068,0.305097658562471,5.340501078360746,4.47213595499958,10.690653978148475,29.73255518404767,11.711375714512542,0.008154579693477097,0.02267929457211874,0.008933162253632755,0.005929644764813984,0.014746068040798845,0.004673234447600815
15,30,LPATGFb_016_DAPI.1.1.tif,LPATGFb_016_W647.1.1.tif,LPATGFb_016_G488.1.1.tif,LPATGFb_016_R555.1.1.tif,/Volumes/D/YAPSMAD_Nuclear_Localization/251219_YAPSMAD_Early_D14_Male_#3/tifs,/Volumes/D/YAPSMAD_Nuclear_Localization/251219_YAPSMAD_Early_D14_Male_#3/tifs,/Volumes/D/YAPSMAD_Nuclear_Localization/251219_YAPSMAD_Early_D14_Male_#3/tifs,/Volumes/D/YAPSMAD_Nuclear_Localization/251219_YAPSMAD_Early_D14_Male_#3/tifs,3406,6528,2.6043728422722663,0.8775089184033344,0.3839696005766666,7.743837174385302,7.0,33.57535702432506,71.31685385433957,26.412024307996035,0.009857709050007357,0.020938594789882435,0.007754557929534949,0.004710710121453256,0.01663050929001727,0.0074518699965309
15,31,LPATGFb_016_DAPI.1.1.tif,LPATGFb_016_W647.1.1.tif,LPATGFb_016_G488.1.1.tif,LPATGFb_016_R555.1.1.tif,/Volumes/D/YAPSMAD_Nuclear_Localization/251219_YAPSMAD_Early_D14_Male_#3/tifs,/Volumes/D/YAPSMAD_Nuclear_Localization/251219_YAPSMAD_Early_D14_Male_#3/tifs,/Volumes/D/YAPSMAD_Nuclear_Localization/251219_YAPSMAD_Early_D14_Male_#3/tifs,/Volumes/D/YAPSMAD_Nuclear_Localization/251219_YAPSMAD_Early_D14_Male_#3/tifs,9389,29106,6.995274472104535,0.8010032830619954,0.14295364734975852,9.21496054925312,7.211102550927978,92.05520810582675,179.84171900106594,79.49321800121106,0.009804580690789941,0.019154512621265943,0.008466633081394297,0.006209712776119629,0.013000164227721095,0.006346025839372743
15,32,LPATGFb_016_DAPI.1.1.tif,LPATGFb_016_W647.1.1.tif,LPATGFb_016_G488.1.1.tif,LPATGFb_016_R555.1.1.tif,/Volumes/D/YAPSMAD_Nuclear_Localization/251219_YAPSMAD_Early_D14_Male_#3/tifs,/Volumes/D/YAPSMAD_Nuclear_Localization/251219_YAPSMAD_Early_D14_Male_#3/tifs,/Volumes/D/YAPSMAD_Nuclear_Localization/251219_YAPSMAD_Early_D14_Male_#3/tifs,/Volumes/D/YAPSMAD_Nuclear_Localization/251219_YAPSMAD_Early_D14_Male_#3/tifs,3594,7811,2.8687469420983476,0.9081618995224456,0.34858424956387024,7.620452509809934,6.708203932499369,30.997284250799567,79.8919054097496,41.117250490002334,0.00862473128848068,0.022229244688299832,0.011440526012799759,0.00468707424138363,0.01904905496829178,0.01113053795103666
15,33,LPATGFb_016_DAPI.1.1.tif,LPATGFb_016_W647.1.1.tif,LPATGFb_016_G488.1.1.tif,LPATGFb_016_R555.1.1.tif,/Volumes/D/YAPSMAD_Nuclear_Localization/251219_YAPSMAD_Early_D14_Male_#3/tifs,/Volumes/D/YAPSMAD_Nuclear_Localization/251219_YAPSMAD_Early_D14_Male_#3/tifs,/Volumes/D/YAPSMAD_Nuclear_Localization/251219_YAPSMAD_Early_D14_Male_#3/tifs,/Volumes/D/YAPSMAD_Nuclear_Localization/251219_YAPSMAD_Early_D14_Male_#3/tifs,1212,3465,5.906700135200896,0.8027687462940168,0.1692992664449841,3.4184622122734045,3.0,9.476524092489854,35.39652102952823,13.052842060569674,0.007818914267730901,0.02920505035439623,0.010769671667136695,0.004669355255802608,0.020592637157499948,0.009144897497052043
15,34,LPATGFb_016_DAPI.1.1.tif,LPATGFb_016_W647.1.1.tif,LPATGFb_016_G488.1.1.tif,LPATGFb_016_R555.1.1.tif,/Volumes/D/YAPSMAD_Nuclear_Localization/251219_YAPSMAD_Early_D14_Male_#3/tifs,/Volumes/D/YAPSMAD_Nuclear_Localization/251219_YAPSMAD_Early_D14_Male_#3/tifs,/Volumes/D/YAPSMAD_Nuclear_Localization/251219_YAPSMAD_Early_D14_Male_#3/tifs,/Volumes/D/YAPSMAD_Nuclear_Localization/251219_YAPSMAD_Early_D14_Male_#3/tifs,5493,13904,3.1466949102529993,0.8725475067489696,0.31779375774297686,8.935893231593692,7.615773105863909,44.38881565001793,107.79061616305262,35.57846996001899,0.00808097863644965,0.019623268917358935,0.006477056246134897,0.004450216745405391,0.011861098978310664,0.004115878226943155
15,35,LPATGFb_016_DAPI.1.1.tif,LPATGFb_016_W647.1.1.tif,LPATGFb_016_G488.1.1.tif,LPATGFb_016_R555.1.1.tif,/Volumes/D/YAPSMAD_Nuclear_Localization/251219_YAPSMAD_Early_D14_Male_#3/tifs,/Volumes/D/YAPSMAD_Nuclear_Localization/251219_YAPSMAD_Early_D14_Male_#3/tifs,/Volumes/D/YAPSMAD_Nuclear_Localization/251219_YAPSMAD_Early_D14_Male_#3/tifs,/Volumes/D/YAPSMAD_Nuclear_Localization/251219_YAPSMAD_Early_D14_Male_#3/tifs,2066,6572,5.297432426638388,0.8222396845678225,0.18877069483160425,4.75120451213455,3.605551275463989,23.904356664279476,52.87716505024582,21.4231023513712,0.011570356565478933,0.025593981147263224,0.010369362222348112,0.0059742364733199466,0.01532530851383511,0.007045814770527356
15,36,LPATGFb_016_DAPI.1.1.tif,LPATGFb_016_W647.1.1.tif,LPATGFb_016_G488.1.1.tif,LPATGFb_016_R555.1.1.tif,/Volumes/D/YAPSMAD_Nuclear_Localization/251219_YAPSMAD_Early_D14_Male_#3/tifs,/Volumes/D/YAPSMAD_Nuclear_Localization/251219_YAPSMAD_Early_D14_Male_#3/tifs,/Volumes/D/YAPSMAD_Nuclear_Localization/251219_YAPSMAD_Early_D14_Male_#3/tifs,/Volumes/D/YAPSMAD_Nuclear_Localization/251219_YAPSMAD_Early_D14_Male_#3/tifs,2611,7134,3.7861278408372456,0.886415402895032,0.2641220904413161,5.231679425280433,5.0,21.46215026685968,63.46344721224159,26.351598588982597,0.00821989669355024,0.024306184301892603,0.010092531056676598,0.0038622902113318947,0.01514174917723773,0.007886122037616112
15,37,LPATGFb_016_DAPI.1.1.tif,LPATGFb_016_W647.1.1.tif,LPATGFb_016_G488.1.1.tif,LPATGFb_016_R555.1.1.tif,/Volumes/D/YAPSMAD_Nuclear_Localization/251219_YAPSMAD_Early_D14_Male_#3/tifs,/Volumes/D/YAPSMAD_Nuclear_Localization/251219_YAPSMAD_Early_D14_Male_#3/tifs,/Volumes/D/YAPSMAD_Nuclear_Localization/251219_YAPSMAD_Early_D14_Male_#3/tifs,/Volumes/D/YAPSMAD_Nuclear_Localization/251219_YAPSMAD_Early_D14_Male_#3/tifs,2263,5609,3.879610724910627,0.5461656787325504,0.2577578192520943,6.013807430412034,5.0,43.475028766086325,62.071229273453355,29.52779449429363,0.019211236750369565,0.027428735869842402,0.013048075339944159,0.012091110071871686,0.01808258306467044,0.009731174863797126
15,38,LPATGFb_016_DAPI.1.1.tif,LPATGFb_016_W647.1.1.tif,LPATGFb_016_G488.1.1.tif,LPATGFb_016_R555.1.1.tif,/Volumes/D/YAPSMAD_Nuclear_Localization/251219_YAPSMAD_Early_D14_Male_#3/tifs,/Volumes/D/YAPSMAD_Nuclear_Localization/251219_YAPSMAD_Early_D14_Male_#3/tifs,/Volumes/D/YAPSMAD_Nuclear_Localization/251219_YAPSMAD_Early_D14_Male_#3/tifs,/Volumes/D/YAPSMAD_Nuclear_Localization/251219_YAPSMAD_Early_D14_Male_#3/tifs,2631,6678,4.951445936028167,0.8279468134048773,0.20196120747753862,6.006548581872566,5.0,12.298252990934998,34.096086306264624,13.589624050306156,0.004674364496744583,0.012959363856428971,0.00516519348168231,0.0028828094428735743,0.007155479663267381,0.0028383796961409477
15,39,LPATGFb_016_DAPI.1.1.tif,LPATGFb_016_W647.1.1.tif,LPATGFb_016_G488.1.1.tif,LPATGFb_016_R555.1.1.tif,/Volumes/D/YAPSMAD_Nuclear_Localization/251219_YAPSMAD_Early_D14_Male_#3/tifs,/Volumes/D/YAPSMAD_Nuclear_Localization/251219_YAPSMAD_Early_D14_Male_#3/tifs,/Volumes/D/YAPSMAD_Nuclear_Localization/251219_YAPSMAD_Early_D14_Male_#3/tifs,/Volumes/D/YAPSMAD_Nuclear_Localization/251219_YAPSMAD_Early_D14_Male_#3/tifs,3894,11970,5.426894549099549,0.40213350870391495,0.18426744631806488,5.967081251562747,5.0,25.839383903658018,103.74534244835377,42.29205803642981,0.006635691808849003,0.026642358101785765,0.010860826408944481,0.003452135404212735,0.014239303727404947,0.0066918112024551
15,40,LPATGFb_016_DAPI.1.1.tif,LPATGFb_016_W647.1.1.tif,LPATGFb_016_G488.1.1.tif,LPATGFb_016_R555.1.1.tif,/Volumes/D/YAPSMAD_Nuclear_Localization/251219_YAPSMAD_Early_D14_Male_#3/tifs,/Volumes/D/YAPSMAD_Nuclear_Localization/251219_YAPSMAD_Early_D14_Male_#3/tifs,/Volumes/D/YAPSMAD_Nuclear_Localization/251219_YAPSMAD_Early_D14_Male_#3/tifs,/Volumes/D/YAPSMAD_Nuclear_Localization/251219_YAPSMAD_Early_D14_Male_#3/tifs,2248,5226,3.16851097456703,0.49288114145185236,0.31560566083778446,6.605423282749474,5.0,21.603967593051493,64.1990387942642,26.855985533213243,0.009610305868795148,0.028558291278587278,0.011946612781678488,0.00455744162281593,0.01860563359643351,0.007649237812496585
15,41,LPATGFb_016_DAPI.1.1.tif,LPATGFb_016_W647.1.1.tif,LPATGFb_016_G488.1.1.tif,LPATGFb_016_R555.1.1.tif,/Volumes/D/YAPSMAD_Nuclear_Localization/251219_YAPSMAD_Early_D14_Male_#3/tifs,/Volumes/D/YAPSMAD_Nuclear_Localization/251219_YAPSMAD_Early_D14_Male_#3/tifs,/Volumes/D/YAPSMAD_Nuclear_Localization/251219_YAPSMAD_Early_D14_Male_#3/tifs,/Volumes/D/YAPSMAD_Nuclear_Localization/251219_YAPSMAD_Early_D14_Male_#3/tifs,3075,5467,2.8218676188564955,0.6588038882123439,0.3543752347975947,7.873757263275034,6.708203932499369,26.935332564637065,48.73209765320644,19.281346028205007,0.00875945774459742,0.015847836635189086,0.0062703564319365876,0.004518631502581235,0.01436558298138642,0.00540330036002312
15,42,LPATGFb_016_DAPI.1.1.tif,LPATGFb_016_W647.1.1.tif,LPATGFb_016_G488.1.1.tif,LPATGFb_016_R555.1.1.tif,/Volumes/D/YAPSMAD_Nuclear_Localization/251219_YAPSMAD_Early_D14_Male_#3/tifs,/Volumes/D/YAPSMAD_Nuclear_Localization/251219_YAPSMAD_Early_D14_Male_#3/tifs,/Volumes/D/YAPSMAD_Nuclear_Localization/251219_YAPSMAD_Early_D14_Male_#3/tifs,/Volumes/D/YAPSMAD_Nuclear_Localization/251219_YAPSMAD_Early_D14_Male_#3/tifs,2737,9936,5.450192154179845,0.9203590694714372,0.1834797694670422,5.042610787192184,4.123105625617661,26.100816613528877,70.31352732842788,30.158312576822937,0.009536286669173869,0.025689999023904963,0.011018747744546196,0.006679257516680723,0.015821833254396667,0.007840132247069347
15,43,LPATGFb_016_DAPI.1.1.tif,LPATGFb_016_W647.1.1.tif,LPATGFb_016_G488.1.1.tif,LPATGFb_016_R555.1.1.tif,/Volumes/D/YAPSMAD_Nuclear_Localization/251219_YAPSMAD_Early_D14_Male_#3/tifs,/Volumes/D/YAPSMAD_Nuclear_Localization/251219_YAPSMAD_Early_D14_Male_#3/tifs,/Volumes/D/YAPSMAD_Nuclear_Localization/251219_YAPSMAD_Early_D14_Male_#3/tifs,/Volumes/D/YAPSMAD_Nuclear_Localization/251219_YAPSMAD_Early_D14_Male_#3/tifs,2415,5928,6.548702134781703,0.6169703806960881,0.15270201322621837,5.179132462139032,4.0,9.674876129021868,31.148195881862193,7.917738685384393,0.004006159887793734,0.012897803677789728,0.0032785667434303903,0.0017772338967001094,0.008154224969212177,0.0018895011474653364
16,1,LPATGFb_017_DAPI.1.1.tif,LPATGFb_017_W647.1.1.tif,LPATGFb_017_G488.1.1.tif,LPATGFb_017_R555.1.1.tif,/Volumes/D/YAPSMAD_Nuclear_Localization/251219_YAPSMAD_Early_D14_Male_#3/tifs,/Volumes/D/YAPSMAD_Nuclear_Localization/251219_YAPSMAD_Early_D14_Male_#3/tifs,/Volumes/D/YAPSMAD_Nuclear_Localization/251219_YAPSMAD_Early_D14_Male_#3/tifs,/Volumes/D/YAPSMAD_Nuclear_Localization/251219_YAPSMAD_Early_D14_Male_#3/tifs,2043,5775,3.309606135587845,0.8337921354414366,0.3021507572297216,5.425755393205057,4.242640687119285,20.235874176723883,77.93971167504787,43.315816174959764,0.009904980017975469,0.038149638607463475,0.021202063717552504,0.005501513225516513,0.019204434662414557,0.011651903555852609
16,2,LPATGFb_017_DAPI.1.1.tif,LPATGFb_017_W647.1.1.tif,LPATGFb_017_G488.1.1.tif,LPATGFb_017_R555.1.1.tif,/Volumes/D/YAPSMAD_Nuclear_Localization/251219_YAPSMAD_Early_D14_Male_#3/tifs,/Volumes/D/YAPSMAD_Nuclear_Localization/251219_YAPSMAD_Early_D14_Male_#3/tifs,/Volumes/D/YAPSMAD_Nuclear_Localization/251219_YAPSMAD_Early_D14_Male_#3/tifs,/Volumes/D/YAPSMAD_Nuclear_Localization/251219_YAPSMAD_Early_D14_Male_#3/tifs,1740,2850,1.93599657250279,0.48875411578428696,0.5165298400850133,6.728659467258623,5.830951894845301,22.285374417202547,30.695231698919088,23.790493799140677,0.01280768644666813,0.017640937757999475,0.013672697585713033,0.008234330386565134,0.01032576759153866,0.0064910945266714185
16,3,LPATGFb_017_DAPI.1.1.tif,LPATGFb_017_W647.1.1.tif,LPATGFb_017_G488.1.1.tif,LPATGFb_017_R555.1.1.tif,/Volumes/D/YAPSMAD_Nuclear_Localization/251219_YAPSMAD_Early_D14_Male_#3/tifs,/Volumes/D/YAPSMAD_Nuclear_Localization/251219_YAPSMAD_Early_D14_Male_#3/tifs,/Volumes/D/YAPSMAD_Nuclear_Localization/251219_YAPSMAD_Early_D14_Male_#3/tifs,/Volumes/D/YAPSMAD_Nuclear_Localization/251219_YAPSMAD_Early_D14_Male_#3/tifs,1490,2646,1.9552701020547774,0.7898361714271341,0.5114382912872796,6.221917146158451,5.385164807134504,24.239551497390494,57.70917836390436,34.15326169342734,0.01626815536737617,0.03873099219053984,0.022921652143239823,0.01434457085241637,0.019958744484314842,0.010505732155585687
16,4,LPATGFb_017_DAPI.1.1.tif,LPATGFb_017_W647.1.1.tif,LPATGFb_017_G488.1.1.tif,LPATGFb_017_R555.1.1.tif,/Volumes/D/YAPSMAD_Nuclear_Localization/251219_YAPSMAD_Early_D14_Male_#3/tifs,/Volumes/D/YAPSMAD_Nuclear_Localization/251219_YAPSMAD_Early_D14_Male_#3/tifs,/Volumes/D/YAPSMAD_Nuclear_Localization/251219_YAPSMAD_Early_D14_Male_#3/tifs,/Volumes/D/YAPSMAD_Nuclear_Localization/251219_YAPSMAD_Early_D14_Male_#3/tifs,1312,3640,2.8443162702838936,0.8001589577535888,0.35157834255196563,5.2261842286299816,4.123105625617661,31.705577274318784,41.19739079661667,28.053162607131526,0.02416583633713322,0.03140045030229929,0.021381983694460004,0.015466098634453118,0.02044944685914667,0.013601499653546144
16,5,LPATGFb_017_DAPI.1.1.tif,LPATGFb_017_W647.1.1.tif,LPATGFb_017_G488.1.1.tif,LPATGFb_017_R555.1.1.tif,/Volumes/D/YAPSMAD_Nuclear_Localization/251219_YAPSMAD_Early_D14_Male_#3/tifs,/Volumes/D/YAPSMAD_Nuclear_Localization/251219_YAPSMAD_Early_D14_Male_#3/tifs,/Volumes/D/YAPSMAD_Nuclear_Localization/251219_YAPSMAD_Early_D14_Male_#3/tifs,/Volumes/D/YAPSMAD_Nuclear_Localization/251219_YAPSMAD_Early_D14_Male_#3/tifs,1532,3498,3.560004498380736,0.2996477931137267,0.2808985214639051,5.494321273843209,4.242640687119285,26.7536279510241,44.368078275583684,27.49875655141659,0.017463203623383876,0.028960886602861412,0.017949579994397252,0.009677148085003848,0.016845307679671375,0.01182898703436387
16,6,LPATGFb_017_DAPI.1.1.tif,LPATGFb_017_W647.1.1.tif,LPATGFb_017_G488.1.1.tif,LPATGFb_017_R555.1.1.tif,/Volumes/D/YAPSMAD_Nuclear_Localization/251219_YAPSMAD_Early_D14_Male_#3/tifs,/Volumes/D/YAPSMAD_Nuclear_Localization/251219_YAPSMAD_Early_D14_Male_#3/tifs,/Volumes/D/YAPSMAD_Nuclear_Localization/251219_YAPSMAD_Early_D14_Male_#3/tifs,/Volumes/D/YAPSMAD_Nuclear_Localization/251219_YAPSMAD_Early_D14_Male_#3/tifs,2746,10488,9.452478322797093,0.8313626763755527,0.1057923610983843,3.9657947009056915,3.1622776601683795,27.123171104118228,78.92611594218761,48.565102914581075,0.009877338348185808,0.02874221265192557,0.017685762168456326,0.006166482219812266,0.01584098274897296,0.011153691394690024
16,7,LPATGFb_017_DAPI.1.1.tif,LPATGFb_017_W647.1.1.tif,LPATGFb_017_G488.1.1.tif,LPATGFb_017_R555.1.1.tif,/Volumes/D/YAPSMAD_Nuclear_Localization/251219_YAPSMAD_Early_D14_Male_#3/tifs,/Volumes/D/YAPSMAD_Nuclear_Localization/251219_YAPSMAD_Early_D14_Male_#3/tifs,/Volumes/D/YAPSMAD_Nuclear_Localization/251219_YAPSMAD_Early_D14_Male_#3/tifs,/Volumes/D/YAPSMAD_Nuclear_Localization/251219_YAPSMAD_Early_D14_Male_#3/tifs,1302,2688,5.369007396325447,0.8787504674714322,0.1862541669591293,3.6540308935748276,3.0,15.67982000974007,34.35939577408135,17.44763879524544,0.012042872511321098,0.026389704895607796,0.0134006442359796,0.009555678303875942,0.012187436131029983,0.008155853540386143
16,8,LPATGFb_017_DAPI.1.1.tif,LPATGFb_017_W647.1.1.tif,LPATGFb_017_G488.1.1.tif,LPATGFb_017_R555.1.1.tif,/Volumes/D/YAPSMAD_Nuclear_Localization/251219_YAPSMAD_Early_D14_Male_#3/tifs,/Volumes/D/YAPSMAD_Nuclear_Localization/251219_YAPSMAD_Early_D14_Male_#3/tifs,/Volumes/D/YAPSMAD_Nuclear_Localization/251219_YAPSMAD_Early_D14_Male_#3/tifs,/Volumes/D/YAPSMAD_Nuclear_Localization/251219_YAPSMAD_Early_D14_Male_#3/tifs,1837,4806,5.065080014389279,0.6502120915459642,0.1974302473325438,5.962623065244055,4.47213595499958,16.455573516432196,50.11279482347891,19.132890979060903,0.008957851669260858,0.02727969233722314,0.010415291768677682,0.008008018364158457,0.017147188831185926,0.0059988408850604165
16,9,LPATGFb_017_DAPI.1.1.tif,LPATGFb_017_W647.1.1.tif,LPATGFb_017_G488.1.1.tif,LPATGFb_017_R555.1.1.tif,/Volumes/D/YAPSMAD_Nuclear_Localization/251219_YAPSMAD_Early_D14_Male_#3/tifs,/Volumes/D/YAPSMAD_Nuclear_Localization/251219_YAPSMAD_Early_D14_Male_#3/tifs,/Volumes/D/YAPSMAD_Nuclear_Localization/251219_YAPSMAD_Early_D14_Male_#3/tifs,/Volumes/D/YAPSMAD_Nuclear_Localization/251219_YAPSMAD_Early_D14_Male_#3/tifs,1184,3763,6.792885311508412,0.7495988206817591,0.14721284905337853,3.316092164936421,2.23606797749979,11.850507478928193,23.05200287583284,10.39353028149344,0.010008874559905569,0.01946959702350747,0.008778319494504595,0.006595210743110449,0.014703784659671093,0.005747619106947498
16,10,LPATGFb_017_DAPI.1.1.tif,LPATGFb_017_W647.1.1.tif,LPATGFb_017_G488.1.1.tif,LPATGFb_017_R555.1.1.tif,/Volumes/D/YAPSMAD_Nuclear_Localization/251219_YAPSMAD_Early_D14_Male_#3/tifs,/Volumes/D/YAPSMAD_Nuclear_Localization/251219_YAPSMAD_Early_D14_Male_#3/tifs,/Volumes/D/YAPSMAD_Nuclear_Localization/251219_YAPSMAD_Early_D14_Male_#3/tifs,/Volumes/D/YAPSMAD_Nuclear_Localization/251219_YAPSMAD_Early_D14_Male_#3/tifs,2127,5655,6.315536908987953,0.6506382225019929,0.15833966524316412,5.433137630475127,4.123105625617661,19.455070028081536,51.17795090842992,28.272099086781964,0.009146718395901051,0.024061095866680735,0.01329200709298635,0.0047893306679134585,0.01824837217809295,0.009491521184133798
16,11,LPATGFb_017_DAPI.1.1.tif,LPATGFb_017_W647.1.1.tif,LPATGFb_017_G488.1.1.tif,LPATGFb_017_R555.1.1.tif,/Volumes/D/YAPSMAD_Nuclear_Localization/251219_YAPSMAD_Early_D14_Male_#3/tifs,/Volumes/D/YAPSMAD_Nuclear_Localization/251219_YAPSMAD_Early_D14_Male_#3/tifs,/Volumes/D/YAPSMAD_Nuclear_Localization/251219_YAPSMAD_Early_D14_Male_#3/tifs,/Volumes/D/YAPSMAD_Nuclear_Localization/251219_YAPSMAD_Early_D14_Male_#3/tifs,1650,3384,2.8269830738320447,0.8215797187323688,0.35373398916197807,5.800469649068964,5.0,17.068024922627956,59.28767848061398,35.46250111889094,0.010344257528865428,0.03593192635188726,0.021492424920539963,0.005246657262065,0.021225236275304676,0.013452941082144608
16,12,LPATGFb_017_DAPI.1.1.tif,LPATGFb_017_W647.1.1.tif,LPATGFb_017_G488.1.1.tif,LPATGFb_017_R555.1.1.tif,/Volumes/D/YAPSMAD_Nuclear_Localization/251219_YAPSMAD_Early_D14_Male_#3/tifs,/Volumes/D/YAPSMAD_Nuclear_Localization/251219_YAPSMAD_Early_D14_Male_#3/tifs,/Volumes/D/YAPSMAD_Nuclear_Localization/251219_YAPSMAD_Early_D14_Male_#3/tifs,/Volumes/D/YAPSMAD_Nuclear_Localization/251219_YAPSMAD_Early_D14_Male_#3/tifs,1710,4680,3.498335850497356,0.8949429362511344,0.2858501992762732,5.2041466130175875,4.123105625617661,23.967010178603232,60.381857158616185,27.776089307386428,0.014015795426083761,0.03531102757813812,0.01624332708034294,0.008779049521857304,0.0198288854963705,0.009264905888982804
16,13,LPATGFb_017_DAPI.1.1.tif,LPATGFb_017_W647.1.1.tif,LPATGFb_017_G488.1.1.tif,LPATGFb_017_R555.1.1.tif,/Volumes/D/YAPSMAD_Nuclear_Localization/251219_YAPSMAD_Early_D14_Male_#3/tifs,/Volumes/D/YAPSMAD_Nuclear_Localization/251219_YAPSMAD_Early_D14_Male_#3/tifs,/Volumes/D/YAPSMAD_Nuclear_Localization/251219_YAPSMAD_Early_D14_Male_#3/tifs,/Volumes/D/YAPSMAD_Nuclear_Localization/251219_YAPSMAD_Early_D14_Male_#3/tifs,3587,13952,5.624014661702658,0.82356767700404,0.17780892478990307,5.492512290104497,4.47213595499958,55.57073352765292,103.75660351803526,54.378607199760154,0.015492259137901566,0.028925732790085104,0.015159912796141666,0.007908776305276982,0.015614238259293218,0.009203543620305668
16,14,LPATGFb_017_DAPI.1.1.tif,LPATGFb_017_W647.1.1.tif,LPATGFb_017_G488.1.1.tif,LPATGFb_017_R555.1.1.tif,/Volumes/D/YAPSMAD_Nuclear_Localization/251219_YAPSMAD_Early_D14_Male_#3/tifs,/Volumes/D/YAPSMAD_Nuclear_Localization/251219_YAPSMAD_Early_D14_Male_#3/tifs,/Volumes/D/YAPSMAD_Nuclear_Localization/251219_YAPSMAD_Early_D14_Male_#3/tifs,/Volumes/D/YAPSMAD_Nuclear_Localization/251219_YAPSMAD_Early_D14_Male_#3/tifs,2707,5208,2.7853105260763478,0.848437833773981,0.3590263960294203,7.75060559094971,6.4031242374328485,27.87431173515506,56.292210476938635,34.96223415876739,0.010297122916570027,0.020795053741019073,0.012915491008041147,0.005604125523647934,0.013220273451708214,0.007684237346417018
16,15,LPATGFb_017_DAPI.1.1.tif,LPATGFb_017_W647.1.1.tif,LPATGFb_017_G488.1.1.tif,LPATGFb_017_R555.1.1.tif,/Volumes/D/YAPSMAD_Nuclear_Localization/251219_YAPSMAD_Early_D14_Male_#3/tifs,/Volumes/D/YAPSMAD_Nuclear_Localization/251219_YAPSMAD_Early_D14_Male_#3/tifs,/Volumes/D/YAPSMAD_Nuclear_Localization/251219_YAPSMAD_Early_D14_Male_#3/tifs,/Volumes/D/YAPSMAD_Nuclear_Localization/251219_YAPSMAD_Early_D14_Male_#3/tifs,2125,4028,1.8708868419233142,0.671500465981722,0.5345058704736932,7.6006605100356595,6.4031242374328485,53.16240191552788,69.30038919532672,51.327062107855454,0.025017600901424884,0.032611947856624336,0.024153911580167272,0.013634106568261724,0.018235633877392528,0.012974478131478184
16,16,LPATGFb_017_DAPI.1.1.tif,LPATGFb_017_W647.1.1.tif,LPATGFb_017_G488.1.1.tif,LPATGFb_017_R555.1.1.tif,/Volumes/D/YAPSMAD_Nuclear_Localization/251219_YAPSMAD_Early_D14_Male_#3/tifs,/Volumes/D/YAPSMAD_Nuclear_Localization/251219_YAPSMAD_Early_D14_Male_#3/tifs,/Volumes/D/YAPSMAD_Nuclear_Localization/251219_YAPSMAD_Early_D14_Male_#3/tifs,/Volumes/D/YAPSMAD_Nuclear_Localization/251219_YAPSMAD_Early_D14_Male_#3/tifs,1486,3996,3.104089557302951,0.8038722563964321,0.32215565354656506,4.801353921997412,4.123105625617661,31.3799650312867,53.54508283827454,23.452262299368158,0.021117069334647846,0.03603303017380521,0.015782141520436176,0.01181300691254609,0.017469748289388957,0.007599866262599938
16,17,LPATGFb_017_DAPI.1.1.tif,LPATGFb_017_W647.1.1.tif,LPATGFb_017_G488.1.1.tif,LPATGFb_017_R555.1.1.tif,/Volumes/D/YAPSMAD_Nuclear_Localization/251219_YAPSMAD_Early_D14_Male_#3/tifs,/Volumes/D/YAPSMAD_Nuclear_Localization/251219_YAPSMAD_Early_D14_Male_#3/tifs,/Volumes/D/YAPSMAD_Nuclear_Localization/251219_YAPSMAD_Early_D14_Male_#3/tifs,/Volumes/D/YAPSMAD_Nuclear_Localization/251219_YAPSMAD_Early_D14_Male_#3/tifs,2233,9048,13.901049115465053,0.906041214699497,0.07193701652974452,3.2722264819878757,2.8284271247461903,19.2122226562351,58.109147941693664,21.026077897753567,0.008603771901583117,0.026022905482173606,0.009416067128416286,0.007366636319315044,0.01715222567023873,0.005494726952436834
16,18,LPATGFb_017_DAPI.1.1.tif,LPATGFb_017_W647.1.1.tif,LPATGFb_017_G488.1.1.tif,LPATGFb_017_R555.1.1.tif,/Volumes/D/YAPSMAD_Nuclear_Localization/251219_YAPSMAD_Early_D14_Male_#3/tifs,/Volumes/D/YAPSMAD_Nuclear_Localization/251219_YAPSMAD_Early_D14_Male_#3/tifs,/Volumes/D/YAPSMAD_Nuclear_Localization/251219_YAPSMAD_Early_D14_Male_#3/tifs,/Volumes/D/YAPSMAD_Nuclear_Localization/251219_YAPSMAD_Early_D14_Male_#3/tifs,1148,4838,5.460602037475963,0.9528843672192471,0.1831299906378504,3.2175947001066634,2.8284271247461903,12.845090499846265,24.97875954490155,10.733562310459092,0.0111891032228626,0.021758501345733056,0.009349792953361578,0.00921295949697281,0.01733543682677808,0.006869377920431603
16,19,LPATGFb_017_DAPI.1.1.tif,LPATGFb_017_W647.1.1.tif,LPATGFb_017_G488.1.1.tif,LPATGFb_017_R555.1.1.tif,/Volumes/D/YAPSMAD_Nuclear_Localization/251219_YAPSMAD_Early_D14_Male_#3/tifs,/Volumes/D/YAPSMAD_Nuclear_Localization/251219_YAPSMAD_Early_D14_Male_#3/tifs,/Volumes/D/YAPSMAD_Nuclear_Localization/251219_YAPSMAD_Early_D14_Male_#3/tifs,/Volumes/D/YAPSMAD_Nuclear_Localization/251219_YAPSMAD_Early_D14_Male_#3/tifs,5899,21836,10.54740816673035,0.9725193967880944,0.09481002196864784,5.101806115093464,4.47213595499958,59.44080316857435,89.00915601337329,34.805920721031725,0.010076420269295533,0.015088855062446734,0.005900308649098445,0.006083913000539483,0.013765787236606285,0.006746119490688534
16,20,LPATGFb_017_DAPI.1.1.tif,LPATGFb_017_W647.1.1.tif,LPATGFb_017_G488.1.1.tif,LPATGFb_017_R555.1.1.tif,/Volumes/D/YAPSMAD_Nuclear_Localization/251219_YAPSMAD_Early_D14_Male_#3/tifs,/Volumes/D/YAPSMAD_Nuclear_Localization/251219_YAPSMAD_Early_D14_Male_#3/tifs,/Volumes/D/YAPSMAD_Nuclear_Localization/251219_YAPSMAD_Early_D14_Male_#3/tifs,/Volumes/D/YAPSMAD_Nuclear_Localization/251219_YAPSMAD_Early_D14_Male_#3/tifs,1648,6734,11.793531272751363,0.7011463042047046,0.0847922455855502,3.714908740072494,2.23606797749979,21.43166261166334,42.873731709085405,15.955809978302568,0.0130046496429996,0.026015613901144055,0.009681923530523403,0.012467837523711608,0.01909028996320146,0.007372560609176953
16,21,LPATGFb_017_DAPI.1.1.tif,LPATGFb_017_W647.1.1.tif,LPATGFb_017_G488.1.1.tif,LPATGFb_017_R555.1.1.tif,/Volumes/D/YAPSMAD_Nuclear_Localization/251219_YAPSMAD_Early_D14_Male_#3/tifs,/Volumes/D/YAPSMAD_Nuclear_Localization/251219_YAPSMAD_Early_D14_Male_#3/tifs,/Volumes/D/YAPSMAD_Nuclear_Localization/251219_YAPSMAD_Early_D14_Male_#3/tifs,/Volumes/D/YAPSMAD_Nuclear_Localization/251219_YAPSMAD_Early_D14_Male_#3/tifs,2609,8056,8.043708501687348,0.9399837616824324,0.12432076570032685,4.2399220611467126,3.605551275463989,34.02325495821424,60.12556670932099,29.03630139771849,0.013040726315911935,0.02304544526995822,0.011129283786017052,0.010445088702416658,0.018746205768708644,0.010451975761279599
16,22,LPATGFb_017_DAPI.1.1.tif,LPATGFb_017_W647.1.1.tif,LPATGFb_017_G488.1.1.tif,LPATGFb_017_R555.1.1.tif,/Volumes/D/YAPSMAD_Nuclear_Localization/251219_YAPSMAD_Early_D14_Male_#3/tifs,/Volumes/D/YAPSMAD_Nuclear_Localization/251219_YAPSMAD_Early_D14_Male_#3/tifs,/Volumes/D/YAPSMAD_Nuclear_Localization/251219_YAPSMAD_Early_D14_Male_#3/tifs,/Volumes/D/YAPSMAD_Nuclear_Localization/251219_YAPSMAD_Early_D14_Male_#3/tifs,1347,1845,1.3192062045466426,0.35856670096009896,0.7580316076088038,6.794030123128635,6.0,19.06443898798898,46.84762343391776,24.157015470555052,0.014153258342976227,0.03477923046319062,0.017933938730924314,0.008222494378538656,0.02105562864477953,0.009370680932687357
16,23,LPATGFb_017_DAPI.1.1.tif,LPATGFb_017_W647.1.1.tif,LPATGFb_017_G488.1.1.tif,LPATGFb_017_R555.1.1.tif,/Volumes/D/YAPSMAD_Nuclear_Localization/251219_YAPSMAD_Early_D14_Male_#3/tifs,/Volumes/D/YAPSMAD_Nuclear_Localization/251219_YAPSMAD_Early_D14_Male_#3/tifs,/Volumes/D/YAPSMAD_Nuclear_Localization/251219_YAPSMAD_Early_D14_Male_#3/tifs,/Volumes/D/YAPSMAD_Nuclear_Localization/251219_YAPSMAD_Early_D14_Male_#3/tifs,848,1560,2.332161279892328,0.7520526774144578,0.4287868118821389,4.481847836256561,4.0,14.108384909108281,36.028473359532654,18.129533898551017,0.016637246355080522,0.042486407263599826,0.021379167333196954,0.012152863513041998,0.020400124786836515,0.01061841757782338
16,24,LPATGFb_017_DAPI.1.1.tif,LPATGFb_017_W647.1.1.tif,LPATGFb_017_G488.1.1.tif,LPATGFb_017_R555.1.1.tif,/Volumes/D/YAPSMAD_Nuclear_Localization/251219_YAPSMAD_Early_D14_Male_#3/tifs,/Volumes/D/YAPSMAD_Nuclear_Localization/251219_YAPSMAD_Early_D14_Male_#3/tifs,/Volumes/D/YAPSMAD_Nuclear_Localization/251219_YAPSMAD_Early_D14_Male_#3/tifs,/Volumes/D/YAPSMAD_Nuclear_Localization/251219_YAPSMAD_Early_D14_Male_#3/tifs,7074,16588,3.405499136266043,0.5918684632791377,0.293642711387221,10.361616981167685,8.54400374531753,50.868406787049025,113.06407325202599,37.700343519449234,0.007190897199187026,0.015983046826692958,0.005329423737552903,0.004703132353610578,0.015793688639800945,0.005707214567873169
16,25,LPATGFb_017_DAPI.1.1.tif,LPATGFb_017_W647.1.1.tif,LPATGFb_017_G488.1.1.tif,LPATGFb_017_R555.1.1.tif,/Volumes/D/YAPSMAD_Nuclear_Localization/251219_YAPSMAD_Early_D14_Male_#3/tifs,/Volumes/D/YAPSMAD_Nuclear_Localization/251219_YAPSMAD_Early_D14_Male_#3/tifs,/Volumes/D/YAPSMAD_Nuclear_Localization/251219_YAPSMAD_Early_D14_Male_#3/tifs,/Volumes/D/YAPSMAD_Nuclear_Localization/251219_YAPSMAD_Early_D14_Male_#3/tifs,1289,2888,3.3922385610434116,0.9256623284032264,0.29479058798636265,4.265471759308892,4.0,17.790310652926564,39.43888007290661,10.606836155056953,0.013801637434388335,0.030596493462301484,0.008228732470951865,0.008694009511498027,0.019073710893962263,0.005731324200917101
16,26,LPATGFb_017_DAPI.1.1.tif,LPATGFb_017_W647.1.1.tif,LPATGFb_017_G488.1.1.tif,LPATGFb_017_R555.1.1.tif,/Volumes/D/YAPSMAD_Nuclear_Localization/251219_YAPSMAD_Early_D14_Male_#3/tifs,/Volumes/D/YAPSMAD_Nuclear_Localization/251219_YAPSMAD_Early_D14_Male_#3/tifs,/Volumes/D/YAPSMAD_Nuclear_Localization/251219_YAPSMAD_Early_D14_Male_#3/tifs,/Volumes/D/YAPSMAD_Nuclear_Localization/251219_YAPSMAD_Early_D14_Male_#3/tifs,1893,3900,3.287711548164259,0.8689312795722292,0.3041629368483876,5.793949984293959,5.0,31.57772196875885,55.33209748612717,38.886167861754075,0.016681311129825068,0.029229845476031257,0.02054208550541684,0.010426630844685744,0.017780891127182955,0.013578354709272855
16,27,LPATGFb_017_DAPI.1.1.tif,LPATGFb_017_W647.1.1.tif,LPATGFb_017_G488.1.1.tif,LPATGFb_017_R555.1.1.tif,/Volumes/D/YAPSMAD_Nuclear_Localization/251219_YAPSMAD_Early_D14_Male_#3/tifs,/Volumes/D/YAPSMAD_Nuclear_Localization/251219_YAPSMAD_Early_D14_Male_#3/tifs,/Volumes/D/YAPSMAD_Nuclear_Localization/251219_YAPSMAD_Early_D14_Male_#3/tifs,/Volumes/D/YAPSMAD_Nuclear_Localization/251219_YAPSMAD_Early_D14_Male_#3/tifs,3576,10626,5.4236008015611485,0.829470753651453,0.18437935176057876,6.472023208794581,5.385164807134504,22.598215023055673,57.49486565939151,23.982009905856103,0.006319411359914897,0.016077982566943934,0.006706378609020163,0.003391624632387558,0.010408442566745104,0.003948195370479202
16,28,LPATGFb_017_DAPI.1.1.tif,LPATGFb_017_W647.1.1.tif,LPATGFb_017_G488.1.1.tif,LPATGFb_017_R555.1.1.tif,/Volumes/D/YAPSMAD_Nuclear_Localization/251219_YAPSMAD_Early_D14_Male_#3/tifs,/Volumes/D/YAPSMAD_Nuclear_Localization/251219_YAPSMAD_Early_D14_Male_#3/tifs,/Volumes/D/YAPSMAD_Nuclear_Localization/251219_YAPSMAD_Early_D14_Male_#3/tifs,/Volumes/D/YAPSMAD_Nuclear_Localization/251219_YAPSMAD_Early_D14_Male_#3/tifs,1018,2208,1.5882190999446621,0.7884735352653363,0.6296360496072883,5.564991088075964,5.0,6.309498830232769,36.78713671956211,18.0959793580696,0.006197935982546925,0.03613667654180954,0.017776011157239292,0.002934133859812636,0.017917472355723146,0.00828626874613103
16,29,LPATGFb_017_DAPI.1.1.tif,LPATGFb_017_W647.1.1.tif,LPATGFb_017_G488.1.1.tif,LPATGFb_017_R555.1.1.tif,/Volumes/D/YAPSMAD_Nuclear_Localization/251219_YAPSMAD_Early_D14_Male_#3/tifs,/Volumes/D/YAPSMAD_Nuclear_Localization/251219_YAPSMAD_Early_D14_Male_#3/tifs,/Volumes/D/YAPSMAD_Nuclear_Localization/251219_YAPSMAD_Early_D14_Male_#3/tifs,/Volumes/D/YAPSMAD_Nuclear_Localization/251219_YAPSMAD_Early_D14_Male_#3/tifs,3102,7332,5.685772815798581,0.7028454056574699,0.1758775864595546,5.94209724365384,4.47213595499958,45.23173900786787,105.30189995653927,38.27641745307483,0.01458147614695934,0.03394645388669867,0.012339270616723026,0.00909671460560151,0.02020061965428741,0.007329823125774054
16,30,LPATGFb_017_DAPI.1.1.tif,LPATGFb_017_W647.1.1.tif,LPATGFb_017_G488.1.1.tif,LPATGFb_017_R555.1.1.tif,/Volumes/D/YAPSMAD_Nuclear_Localization/251219_YAPSMAD_Early_D14_Male_#3/tifs,/Volumes/D/YAPSMAD_Nuclear_Localization/251219_YAPSMAD_Early_D14_Male_#3/tifs,/Volumes/D/YAPSMAD_Nuclear_Localization/251219_YAPSMAD_Early_D14_Male_#3/tifs,/Volumes/D/YAPSMAD_Nuclear_Localization/251219_YAPSMAD_Early_D14_Male_#3/tifs,3893,10815,3.5820154883644526,0.8838367163747917,0.2791724388820551,7.259069600442943,6.082762530298219,48.06039556511678,93.258366080001,38.3771575933788,0.012345336646575078,0.023955398427947854,0.009857990648183611,0.0061791393364661025,0.015988955051094628,0.006583675873338258
16,31,LPATGFb_017_DAPI.1.1.tif,LPATGFb_017_W647.1.1.tif,LPATGFb_017_G488.1.1.tif,LPATGFb_017_R555.1.1.tif,/Volumes/D/YAPSMAD_Nuclear_Localization/251219_YAPSMAD_Early_D14_Male_#3/tifs,/Volumes/D/YAPSMAD_Nuclear_Localization/251219_YAPSMAD_Early_D14_Male_#3/tifs,/Volumes/D/YAPSMAD_Nuclear_Localization/251219_YAPSMAD_Early_D14_Male_#3/tifs,/Volumes/D/YAPSMAD_Nuclear_Localization/251219_YAPSMAD_Early_D14_Male_#3/tifs,1317,3074,2.9254597889527947,0.505464530854657,0.34182660919703245,5.326602278867237,4.242640687119285,14.921233049593866,41.941191791091114,16.826566091971472,0.011329713781012806,0.03184600743438961,0.012776435908862165,0.005852797689243323,0.02075575755143901,0.008241164194292945
16,32,LPATGFb_017_DAPI.1.1.tif,LPATGFb_017_W647.1.1.tif,LPATGFb_017_G488.1.1.tif,LPATGFb_017_R555.1.1.tif,/Volumes/D/YAPSMAD_Nuclear_Localization/251219_YAPSMAD_Early_D14_Male_#3/tifs,/Volumes/D/YAPSMAD_Nuclear_Localization/251219_YAPSMAD_Early_D14_Male_#3/tifs,/Volumes/D/YAPSMAD_Nuclear_Localization/251219_YAPSMAD_Early_D14_Male_#3/tifs,/Volumes/D/YAPSMAD_Nuclear_Localization/251219_YAPSMAD_Early_D14_Male_#3/tifs,2494,4672,2.8599348970805254,0.7160029685503551,0.3496583090128445,6.806442470251039,5.830951894845301,45.300084102666005,93.18530570482835,44.53983390470967,0.018163626344292704,0.037363795390869425,0.017858794669089684,0.012116644292063855,0.019687988250995648,0.009346575686207323
16,33,LPATGFb_017_DAPI.1.1.tif,LPATGFb_017_W647.1.1.tif,LPATGFb_017_G488.1.1.tif,LPATGFb_017_R555.1.1.tif,/Volumes/D/YAPSMAD_Nuclear_Localization/251219_YAPSMAD_Early_D14_Male_#3/tifs,/Volumes/D/YAPSMAD_Nuclear_Localization/251219_YAPSMAD_Early_D14_Male_#3/tifs,/Volumes/D/YAPSMAD_Nuclear_Localization/251219_YAPSMAD_Early_D14_Male_#3/tifs,/Volumes/D/YAPSMAD_Nuclear_Localization/251219_YAPSMAD_Early_D14_Male_#3/tifs,2348,4732,3.025891379099851,0.894747632273821,0.3304811292656124,6.481015942094766,5.385164807134504,33.21129191108048,58.55593214649707,36.43181528849527,0.014144502517495945,0.024938642311114596,0.015516105318779928,0.0071807789405181855,0.01447895751667564,0.008678098127691316
16,34,LPATGFb_017_DAPI.1.1.tif,LPATGFb_017_W647.1.1.tif,LPATGFb_017_G488.1.1.tif,LPATGFb_017_R555.1.1.tif,/Volumes/D/YAPSMAD_Nuclear_Localization/251219_YAPSMAD_Early_D14_Male_#3/tifs,/Volumes/D/YAPSMAD_Nuclear_Localization/251219_YAPSMAD_Early_D14_Male_#3/tifs,/Volumes/D/YAPSMAD_Nuclear_Localization/251219_YAPSMAD_Early_D14_Male_#3/tifs,/Volumes/D/YAPSMAD_Nuclear_Localization/251219_YAPSMAD_Early_D14_Male_#3/tifs,2393,6624,6.874854461293712,0.6200312000305191,0.14545762468574785,4.85616477719158,3.605551275463989,18.879377661272883,55.65568040544167,24.68641203152947,0.007889418161835722,0.023257701799181643,0.010316093619527568,0.005706351135885535,0.015167306898421011,0.007764970586382324
16,35,LPATGFb_017_DAPI.1.1.tif,LPATGFb_017_W647.1.1.tif,LPATGFb_017_G488.1.1.tif,LPATGFb_017_R555.1.1.tif,/Volumes/D/YAPSMAD_Nuclear_Localization/251219_YAPSMAD_Early_D14_Male_#3/tifs,/Volumes/D/YAPSMAD_Nuclear_Localization/251219_YAPSMAD_Early_D14_Male_#3/tifs,/Volumes/D/YAPSMAD_Nuclear_Localization/251219_YAPSMAD_Early_D14_Male_#3/tifs,/Volumes/D/YAPSMAD_Nuclear_Localization/251219_YAPSMAD_Early_D14_Male_#3/tifs,1868,5376,3.358981268818987,0.9213242199732382,0.2977093112375701,5.360335771845818,4.242640687119285,28.72445278102532,62.562463007867336,29.85964774643071,0.015377116049799421,0.03349168255239151,0.015984822134063548,0.007895428266752,0.021203124929943726,0.009959419967512073
16,36,LPATGFb_017_DAPI.1.1.tif,LPATGFb_017_W647.1.1.tif,LPATGFb_017_G488.1.1.tif,LPATGFb_017_R555.1.1.tif,/Volumes/D/YAPSMAD_Nuclear_Localization/251219_YAPSMAD_Early_D14_Male_#3/tifs,/Volumes/D/YAPSMAD_Nuclear_Localization/251219_YAPSMAD_Early_D14_Male_#3/tifs,/Volumes/D/YAPSMAD_Nuclear_Localization/251219_YAPSMAD_Early_D14_Male_#3/tifs,/Volumes/D/YAPSMAD_Nuclear_Localization/251219_YAPSMAD_Early_D14_Male_#3/tifs,1983,3350,1.8489982740579405,0.6819823607966682,0.5408333874781452,7.248112641812686,6.4031242374328485,24.102327215019614,77.74355691252276,35.39427806157619,0.01215447665911226,0.03920502113591667,0.01784885429227241,0.006875306897980137,0.019625303518653263,0.009344341486992355
16,37,LPATGFb_017_DAPI.1.1.tif,LPATGFb_017_W647.1.1.tif,LPATGFb_017_G488.1.1.tif,LPATGFb_017_R555.1.1.tif,/Volumes/D/YAPSMAD_Nuclear_Localization/251219_YAPSMAD_Early_D14_Male_#3/tifs,/Volumes/D/YAPSMAD_Nuclear_Localization/251219_YAPSMAD_Early_D14_Male_#3/tifs,/Volumes/D/YAPSMAD_Nuclear_Localization/251219_YAPSMAD_Early_D14_Male_#3/tifs,/Volumes/D/YAPSMAD_Nuclear_Localization/251219_YAPSMAD_Early_D14_Male_#3/tifs,1564,4662,2.8148686206157474,0.702041073491998,0.3552563670915667,5.548269004163032,4.47213595499958,17.590509068686515,49.13363858917728,30.430045113898814,0.011247128560541251,0.03141536994192921,0.01945655058433428,0.0058199432328227595,0.018454710111780705,0.011157026173428284
16,38,LPATGFb_017_DAPI.1.1.tif,LPATGFb_017_W647.1.1.tif,LPATGFb_017_G488.1.1.tif,LPATGFb_017_R555.1.1.tif,/Volumes/D/YAPSMAD_Nuclear_Localization/251219_YAPSMAD_Early_D14_Male_#3/tifs,/Volumes/D/YAPSMAD_Nuclear_Localization/251219_YAPSMAD_Early_D14_Male_#3/tifs,/Volumes/D/YAPSMAD_Nuclear_Localization/251219_YAPSMAD_Early_D14_Male_#3/tifs,/Volumes/D/YAPSMAD_Nuclear_Localization/251219_YAPSMAD_Early_D14_Male_#3/tifs,1390,3321,4.423409702560794,0.8755040031364101,0.22606994767432045,4.7050244869275595,3.605551275463989,11.740764596499503,39.35986882355064,20.143022963777184,0.008446593234891728,0.028316452391043627,0.014491383427177831,0.0060463768181638405,0.019032973583698633,0.008920690469277662
16,39,LPATGFb_017_DAPI.1.1.tif,LPATGFb_017_W647.1.1.tif,LPATGFb_017_G488.1.1.tif,LPATGFb_017_R555.1.1.tif,/Volumes/D/YAPSMAD_Nuclear_Localization/251219_YAPSMAD_Early_D14_Male_#3/tifs,/Volumes/D/YAPSMAD_Nuclear_Localization/251219_YAPSMAD_Early_D14_Male_#3/tifs,/Volumes/D/YAPSMAD_Nuclear_Localization/251219_YAPSMAD_Early_D14_Male_#3/tifs,/Volumes/D/YAPSMAD_Nuclear_Localization/251219_YAPSMAD_Early_D14_Male_#3/tifs,1571,4897,6.039498052570726,0.882650474716437,0.16557667397116682,3.842123286109732,3.0,19.892301972722635,49.21544220484793,19.633463203907013,0.012662190943808169,0.03132746161989047,0.012497430428966907,0.011343101004107006,0.017905299911279038,0.008298720720953822
16,40,LPATGFb_017_DAPI.1.1.tif,LPATGFb_017_W647.1.1.tif,LPATGFb_017_G488.1.1.tif,LPATGFb_017_R555.1.1.tif,/Volumes/D/YAPSMAD_Nuclear_Localization/251219_YAPSMAD_Early_D14_Male_#3/tifs,/Volumes/D/YAPSMAD_Nuclear_Localization/251219_YAPSMAD_Early_D14_Male_#3/tifs,/Volumes/D/YAPSMAD_Nuclear_Localization/251219_YAPSMAD_Early_D14_Male_#3/tifs,/Volumes/D/YAPSMAD_Nuclear_Localization/251219_YAPSMAD_Early_D14_Male_#3/tifs,2677,6624,4.184527033868708,0.7785542937151475,0.23897563378279169,6.331758157532732,5.0990195135927845,34.59862698079087,70.65581770939752,45.65967830410227,0.01292440305595475,0.02639365622315933,0.017056286254800997,0.00965658767032613,0.016263996022491668,0.011253749377312066
16,41,LPATGFb_017_DAPI.1.1.tif,LPATGFb_017_W647.1.1.tif,LPATGFb_017_G488.1.1.tif,LPATGFb_017_R555.1.1.tif,/Volumes/D/YAPSMAD_Nuclear_Localization/251219_YAPSMAD_Early_D14_Male_#3/tifs,/Volumes/D/YAPSMAD_Nuclear_Localization/251219_YAPSMAD_Early_D14_Male_#3/tifs,/Volumes/D/YAPSMAD_Nuclear_Localization/251219_YAPSMAD_Early_D14_Male_#3/tifs,/Volumes/D/YAPSMAD_Nuclear_Localization/251219_YAPSMAD_Early_D14_Male_#3/tifs,1530,3132,4.390806987592894,0.8678930906618305,0.22774856713713462,5.101819031949606,4.123105625617661,10.79481206368655,51.31889834301546,17.404150596819818,0.007055432721363758,0.033541763622885926,0.011375261827986809,0.00405489891854495,0.017455421088601476,0.007783814418168282
16,42,LPATGFb_017_DAPI.1.1.tif,LPATGFb_017_W647.1.1.tif,LPATGFb_017_G488.1.1.tif,LPATGFb_017_R555.1.1.tif,/Volumes/D/YAPSMAD_Nuclear_Localization/251219_YAPSMAD_Early_D14_Male_#3/tifs,/Volumes/D/YAPSMAD_Nuclear_Localization/251219_YAPSMAD_Early_D14_Male_#3/tifs,/Volumes/D/YAPSMAD_Nuclear_Localization/251219_YAPSMAD_Early_D14_Male_#3/tifs,/Volumes/D/YAPSMAD_Nuclear_Localization/251219_YAPSMAD_Early_D14_Male_#3/tifs,1998,4623,4.264570039079918,0.6378715808756267,0.23449022781573317,5.571439123468601,4.123105625617661,22.82941961567849,45.9389793430455,17.92219441058114,0.011426135943783028,0.022992482153676427,0.008970067272563133,0.0068029351676546146,0.018273318811641202,0.006609387941434711
16,43,LPATGFb_017_DAPI.1.1.tif,LPATGFb_017_W647.1.1.tif,LPATGFb_017_G488.1.1.tif,LPATGFb_017_R555.1.1.tif,/Volumes/D/YAPSMAD_Nuclear_Localization/251219_YAPSMAD_Early_D14_Male_#3/tifs,/Volumes/D/YAPSMAD_Nuclear_Localization/251219_YAPSMAD_Early_D14_Male_#3/tifs,/Volumes/D/YAPSMAD_Nuclear_Localization/251219_YAPSMAD_Early_D14_Male_#3/tifs,/Volumes/D/YAPSMAD_Nuclear_Localization/251219_YAPSMAD_Early_D14_Male_#3/tifs,934,2968,3.7979323192175514,0.7551925475689719,0.2633011638833047,4.187674004285983,3.1622776601683795,6.349004421848804,25.1424277452752,9.41358062508516,0.006797649273928056,0.02691908752170792,0.010078780112510878,0.0033711855884167954,0.016839448813037186,0.005657896503993194
16,44,LPATGFb_017_DAPI.1.1.tif,LPATGFb_017_W647.1.1.tif,LPATGFb_017_G488.1.1.tif,LPATGFb_017_R555.1.1.tif,/Volumes/D/YAPSMAD_Nuclear_Localization/251219_YAPSMAD_Early_D14_Male_#3/tifs,/Volumes/D/YAPSMAD_Nuclear_Localization/251219_YAPSMAD_Early_D14_Male_#3/tifs,/Volumes/D/YAPSMAD_Nuclear_Localization/251219_YAPSMAD_Early_D14_Male_#3/tifs,/Volumes/D/YAPSMAD_Nuclear_Localization/251219_YAPSMAD_Early_D14_Male_#3/tifs,1307,1920,1.3234301639029213,0.5495863538599282,0.7556122168554061,6.741602863194438,6.0,9.562722305767238,19.93621741584502,12.814435156062245,0.00731654346271403,0.01525341806874141,0.009804464541746171,0.005081243905368347,0.008997070218666284,0.004252116867649114
16,45,LPATGFb_017_DAPI.1.1.tif,LPATGFb_017_W647.1.1.tif,LPATGFb_017_G488.1.1.tif,LPATGFb_017_R555.1.1.tif,/Volumes/D/YAPSMAD_Nuclear_Localization/251219_YAPSMAD_Early_D14_Male_#3/tifs,/Volumes/D/YAPSMAD_Nuclear_Localization/251219_YAPSMAD_Early_D14_Male_#3/tifs,/Volumes/D/YAPSMAD_Nuclear_Localization/251219_YAPSMAD_Early_D14_Male_#3/tifs,/Volumes/D/YAPSMAD_Nuclear_Localization/251219_YAPSMAD_Early_D14_Male_#3/tifs,2403,6380,6.101289616009681,0.9195798053204571,0.16389977577461934,4.772675813232109,3.605551275463989,17.824033198412508,60.646723261568695,23.367971550673246,0.007417408738415525,0.025237920624872533,0.009724499188794526,0.003621711967572305,0.016885471889730542,0.005987745346542147
16,46,LPATGFb_017_DAPI.1.1.tif,LPATGFb_017_W647.1.1.tif,LPATGFb_017_G488.1.1.tif,LPATGFb_017_R555.1.1.tif,/Volumes/D/YAPSMAD_Nuclear_Localization/251219_YAPSMAD_Early_D14_Male_#3/tifs,/Volumes/D/YAPSMAD_Nuclear_Localization/251219_YAPSMAD_Early_D14_Male_#3/tifs,/Volumes/D/YAPSMAD_Nuclear_Localization/251219_YAPSMAD_Early_D14_Male_#3/tifs,/Volumes/D/YAPSMAD_Nuclear_Localization/251219_YAPSMAD_Early_D14_Male_#3/tifs,4470,12576,4.506156355810439,0.6029221999432269,0.22191862000317752,7.401001909144615,6.324555320336759,37.08514572377317,73.84524344047531,31.351491847308353,0.008296453182052162,0.016520188689144365,0.007013756565393368,0.0052964772255420485,0.013127696829934744,0.005486733509936766
16,47,LPATGFb_017_DAPI.1.1.tif,LPATGFb_017_W647.1.1.tif,LPATGFb_017_G488.1.1.tif,LPATGFb_017_R555.1.1.tif,/Volumes/D/YAPSMAD_Nuclear_Localization/251219_YAPSMAD_Early_D14_Male_#3/tifs,/Volumes/D/YAPSMAD_Nuclear_Localization/251219_YAPSMAD_Early_D14_Male_#3/tifs,/Volumes/D/YAPSMAD_Nuclear_Localization/251219_YAPSMAD_Early_D14_Male_#3/tifs,/Volumes/D/YAPSMAD_Nuclear_Localization/251219_YAPSMAD_Early_D14_Male_#3/tifs,2309,4740,2.6787541673107635,0.6231768991829547,0.37330786535141935,7.2198716994003025,6.0,19.233081800397485,53.17303745774552,25.353338109329343,0.008329615331484403,0.023028600025008887,0.010980224386890143,0.0037247851982688336,0.014491708167185771,0.006417151324017652
16,48,LPATGFb_017_DAPI.1.1.tif,LPATGFb_017_W647.1.1.tif,LPATGFb_017_G488.1.1.tif,LPATGFb_017_R555.1.1.tif,/Volumes/D/YAPSMAD_Nuclear_Localization/251219_YAPSMAD_Early_D14_Male_#3/tifs,/Volumes/D/YAPSMAD_Nuclear_Localization/251219_YAPSMAD_Early_D14_Male_#3/tifs,/Volumes/D/YAPSMAD_Nuclear_Localization/251219_YAPSMAD_Early_D14_Male_#3/tifs,/Volumes/D/YAPSMAD_Nuclear_Localization/251219_YAPSMAD_Early_D14_Male_#3/tifs,3061,9804,6.126594102965148,0.8269068099842519,0.1632228254710101,5.941832531228315,4.242640687119285,40.77819519932382,83.53667522734031,46.48107148264535,0.013321854034408304,0.027290648555158545,0.015184930245882178,0.006257873297721979,0.01811685603490613,0.010630762802017553
16,49,LPATGFb_017_DAPI.1.1.tif,LPATGFb_017_W647.1.1.tif,LPATGFb_017_G488.1.1.tif,LPATGFb_017_R555.1.1.tif,/Volumes/D/YAPSMAD_Nuclear_Localization/251219_YAPSMAD_Early_D14_Male_#3/tifs,/Volumes/D/YAPSMAD_Nuclear_Localization/251219_YAPSMAD_Early_D14_Male_#3/tifs,/Volumes/D/YAPSMAD_Nuclear_Localization/251219_YAPSMAD_Early_D14_Male_#3/tifs,/Volumes/D/YAPSMAD_Nuclear_Localization/251219_YAPSMAD_Early_D14_Male_#3/tifs,4128,9120,2.8148134930855973,0.8338500932436921,0.355263324712786,7.993809708684384,7.0,63.0145727712661,104.69227158883587,47.23274622717872,0.015265158132574152,0.025361499900396284,0.011442041237204149,0.007436517411021615,0.017196332415056557,0.006715650478237268
16,50,LPATGFb_017_DAPI.1.1.tif,LPATGFb_017_W647.1.1.tif,LPATGFb_017_G488.1.1.tif,LPATGFb_017_R555.1.1.tif,/Volumes/D/YAPSMAD_Nuclear_Localization/251219_YAPSMAD_Early_D14_Male_#3/tifs,/Volumes/D/YAPSMAD_Nuclear_Localization/251219_YAPSMAD_Early_D14_Male_#3/tifs,/Volumes/D/YAPSMAD_Nuclear_Localization/251219_YAPSMAD_Early_D14_Male_#3/tifs,/Volumes/D/YAPSMAD_Nuclear_Localization/251219_YAPSMAD_Early_D14_Male_#3/tifs,3513,11760,12.516829469866966,0.8520929847689468,0.0798924362121735,5.348430444774509,4.0,32.19089068984613,79.94929451216012,21.124651132151484,0.009163361995401688,0.022758125394864822,0.006013279570780383,0.007040496927467694,0.01748000840047174,0.0051085868878876966
16,51,LPATGFb_017_DAPI.1.1.tif,LPATGFb_017_W647.1.1.tif,LPATGFb_017_G488.1.1.tif,LPATGFb_017_R555.1.1.tif,/Volumes/D/YAPSMAD_Nuclear_Localization/251219_YAPSMAD_Early_D14_Male_#3/tifs,/Volumes/D/YAPSMAD_Nuclear_Localization/251219_YAPSMAD_Early_D14_Male_#3/tifs,/Volumes/D/YAPSMAD_Nuclear_Localization/251219_YAPSMAD_Early_D14_Male_#3/tifs,/Volumes/D/YAPSMAD_Nuclear_Localization/251219_YAPSMAD_Early_D14_Male_#3/tifs,1473,3132,3.0133285064098434,0.6037620767410838,0.3318589386695928,5.4409664541152685,4.47213595499958,14.479026617947966,37.56079967971891,15.218265183502808,0.009829617527459584,0.0254995245619273,0.010331476702989008,0.00897029959888534,0.016275191045864782,0.005346871623642364
16,52,LPATGFb_017_DAPI.1.1.tif,LPATGFb_017_W647.1.1.tif,LPATGFb_017_G488.1.1.tif,LPATGFb_017_R555.1.1.tif,/Volumes/D/YAPSMAD_Nuclear_Localization/251219_YAPSMAD_Early_D14_Male_#3/tifs,/Volumes/D/YAPSMAD_Nuclear_Localization/251219_YAPSMAD_Early_D14_Male_#3/tifs,/Volumes/D/YAPSMAD_Nuclear_Localization/251219_YAPSMAD_Early_D14_Male_#3/tifs,/Volumes/D/YAPSMAD_Nuclear_Localization/251219_YAPSMAD_Early_D14_Male_#3/tifs,1839,5460,9.939519845567041,0.9049243110638395,0.10060848165075029,3.739535346433352,2.8284271247461903,12.104860169813037,27.781597774475813,9.306813277304173,0.006582305693209917,0.01510690471695259,0.005060801129583563,0.004085823763032886,0.011237230786680718,0.003245222427443178
16,53,LPATGFb_017_DAPI.1.1.tif,LPATGFb_017_W647.1.1.tif,LPATGFb_017_G488.1.1.tif,LPATGFb_017_R555.1.1.tif,/Volumes/D/YAPSMAD_Nuclear_Localization/251219_YAPSMAD_Early_D14_Male_#3/tifs,/Volumes/D/YAPSMAD_Nuclear_Localization/251219_YAPSMAD_Early_D14_Male_#3/tifs,/Volumes/D/YAPSMAD_Nuclear_Localization/251219_YAPSMAD_Early_D14_Male_#3/tifs,/Volumes/D/YAPSMAD_Nuclear_Localization/251219_YAPSMAD_Early_D14_Male_#3/tifs,1446,2401,1.4135468466209173,0.64125272273002,0.7074402962947419,6.513564104569457,5.830951894845301,11.90101487422362,43.544686132110655,17.684779277537018,0.008230300742893236,0.03011389082441954,0.012230137812957826,0.0031697508727144127,0.013092920445797476,0.004969982593272248
16,54,LPATGFb_017_DAPI.1.1.tif,LPATGFb_017_W647.1.1.tif,LPATGFb_017_G488.1.1.tif,LPATGFb_017_R555.1.1.tif,/Volumes/D/YAPSMAD_Nuclear_Localization/251219_YAPSMAD_Early_D14_Male_#3/tifs,/Volumes/D/YAPSMAD_Nuclear_Localization/251219_YAPSMAD_Early_D14_Male_#3/tifs,/Volumes/D/YAPSMAD_Nuclear_Localization/251219_YAPSMAD_Early_D14_Male_#3/tifs,/Volumes/D/YAPSMAD_Nuclear_Localization/251219_YAPSMAD_Early_D14_Male_#3/tifs,1227,1722,1.4859733998459594,0.28425698280976014,0.6729595564117521,6.20374130438236,5.385164807134504,12.277760080061853,35.77813386358321,17.10344101348892,0.010006324433628241,0.029159033303653794,0.01393923472981982,0.005402166118525272,0.017353141021686638,0.007251292042116895
16,55,LPATGFb_017_DAPI.1.1.tif,LPATGFb_017_W647.1.1.tif,LPATGFb_017_G488.1.1.tif,LPATGFb_017_R555.1.1.tif,/Volumes/D/YAPSMAD_Nuclear_Localization/251219_YAPSMAD_Early_D14_Male_#3/tifs,/Volumes/D/YAPSMAD_Nuclear_Localization/251219_YAPSMAD_Early_D14_Male_#3/tifs,/Volumes/D/YAPSMAD_Nuclear_Localization/251219_YAPSMAD_Early_D14_Male_#3/tifs,/Volumes/D/YAPSMAD_Nuclear_Localization/251219_YAPSMAD_Early_D14_Male_#3/tifs,549,1610,7.7113692888832395,0.7650229287771596,0.12967865531243672,2.0239295551986634,2.0,2.0897383319679648,8.071824251906946,5.1256275770720094,0.003806445049121976,0.01470277641513105,0.009336297954593824,0.0019167858303333815,0.011444206821590749,0.005697089037998468
16,56,LPATGFb_017_DAPI.1.1.tif,LPATGFb_017_W647.1.1.tif,LPATGFb_017_G488.1.1.tif,LPATGFb_017_R555.1.1.tif,/Volumes/D/YAPSMAD_Nuclear_Localization/251219_YAPSMAD_Early_D14_Male_#3/tifs,/Volumes/D/YAPSMAD_Nuclear_Localization/251219_YAPSMAD_Early_D14_Male_#3/tifs,/Volumes/D/YAPSMAD_Nuclear_Localization/251219_YAPSMAD_Early_D14_Male_#3/tifs,/Volumes/D/YAPSMAD_Nuclear_Localization/251219_YAPSMAD_Early_D14_Male_#3/tifs,1274,2610,1.8730465804572207,0.5683024688149032,0.5338895521519249,6.2330718351530905,5.385164807134504,8.185488771880046,42.1022660122253,18.52576498244889,0.006425030433186849,0.03304730456218626,0.014541416783711845,0.003387968576797416,0.01817713784645276,0.006923804999860227
16,57,LPATGFb_017_DAPI.1.1.tif,LPATGFb_017_W647.1.1.tif,LPATGFb_017_G488.1.1.tif,LPATGFb_017_R555.1.1.tif,/Volumes/D/YAPSMAD_Nuclear_Localization/251219_YAPSMAD_Early_D14_Male_#3/tifs,/Volumes/D/YAPSMAD_Nuclear_Localization/251219_YAPSMAD_Early_D14_Male_#3/tifs,/Volumes/D/YAPSMAD_Nuclear_Localization/251219_YAPSMAD_Early_D14_Male_#3/tifs,/Volumes/D/YAPSMAD_Nuclear_Localization/251219_YAPSMAD_Early_D14_Male_#3/tifs,1316,1748,1.817480592583221,0.389468344055044,0.5502122025846121,6.109683275188248,5.0990195135927845,6.385427714558318,28.24809652334079,11.392187500139698,0.0048521487192692385,0.021465118938708807,0.008656677431717096,0.002590203110892462,0.013006047750994032,0.004217012884712745
