ImageNumber,ObjectNumber,FileName_DNA,FileName_FActin,FileName_SMAD,FileName_YAP,PathName_DNA,PathName_FActin,PathName_SMAD,PathName_YAP,AreaShape_Area,AreaShape_Compactness,AreaShape_Eccentricity,AreaShape_FormFactor,AreaShape_MeanRadius,AreaShape_MedianRadius,Intensity_IntegratedIntensity_FActin,Intensity_IntegratedIntensity_SMAD,Intensity_IntegratedIntensity_YAP,Intensity_MeanIntensity_DNA,Intensity_MeanIntensity_FActin,Intensity_MeanIntensity_SMAD,Intensity_MeanIntensity_YAP,Intensity_StdIntensity_FActin,Intensity_StdIntensity_SMAD,Intensity_StdIntensity_YAP
1,1,ctrl_002_DAPI.tif,ctrl_002_W647.tif,ctrl_002_G488.tif,ctrl_002_R555.tif,/Volumes/D/YAPSMAD_Nuclear_Localization/251219_YAPSMAD_Early_D14_Male_#3/tifs,/Volumes/D/YAPSMAD_Nuclear_Localization/251219_YAPSMAD_Early_D14_Male_#3/tifs,/Volumes/D/YAPSMAD_Nuclear_Localization/251219_YAPSMAD_Early_D14_Male_#3/tifs,/Volumes/D/YAPSMAD_Nuclear_Localization/251219_YAPSMAD_Early_D14_Male_#3/tifs,1271,6.885701339166045,0.6522163732250351,0.1452284888268352,2.8904395808659453,2.8284271247461903,17.66811641352251,12.889509533764794,9.423453213879839,0.0031726640098846213,0.013900957052338719,0.010141234881010854,0.007414203944830715,0.007789676199969736,0.007532375997243704,0.004164066582558006
1,2,ctrl_002_DAPI.tif,ctrl_002_W647.tif,ctrl_002_G488.tif,ctrl_002_R555.tif,/Volumes/D/YAPSMAD_Nuclear_Localization/251219_YAPSMAD_Early_D14_Male_#3/tifs,/Volumes/D/YAPSMAD_Nuclear_Localization/251219_YAPSMAD_Early_D14_Male_#3/tifs,/Volumes/D/YAPSMAD_Nuclear_Localization/251219_YAPSMAD_Early_D14_Male_#3/tifs,/Volumes/D/YAPSMAD_Nuclear_Localization/251219_YAPSMAD_Early_D14_Male_#3/tifs,1467,7.5337136149501776,0.6277895568502067,0.1327366623036431,3.086805725336213,2.8284271247461903,31.716411223169416,18.507118485402316,23.880094725638628,0.0032822187496672987,0.021619912217566064,0.012615622689435798,0.01627818318039443,0.01648030271148553,0.011593842414991075,0.011572665550758716
1,3,ctrl_002_DAPI.tif,ctrl_002_W647.tif,ctrl_002_G488.tif,ctrl_002_R555.tif,/Volumes/D/YAPSMAD_Nuclear_Localization/251219_YAPSMAD_Early_D14_Male_#3/tifs,/Volumes/D/YAPSMAD_Nuclear_Localization/251219_YAPSMAD_Early_D14_Male_#3/tifs,/Volumes/D/YAPSMAD_Nuclear_Localization/251219_YAPSMAD_Early_D14_Male_#3/tifs,/Volumes/D/YAPSMAD_Nuclear_Localization/251219_YAPSMAD_Early_D14_Male_#3/tifs,3892,6.8686939454727005,0.618727678901845,0.14558808529518494,6.24302981439348,5.0,42.28046123380773,27.25110281817615,23.44559411588125,0.001656995698288447,0.010863427860690578,0.0070018249789764,0.006024047820113373,0.006167853686073686,0.006622388106804843,0.004973118826526211
1,4,ctrl_002_DAPI.tif,ctrl_002_W647.tif,ctrl_002_G488.tif,ctrl_002_R555.tif,/Volumes/D/YAPSMAD_Nuclear_Localization/251219_YAPSMAD_Early_D14_Male_#3/tifs,/Volumes/D/YAPSMAD_Nuclear_Localization/251219_YAPSMAD_Early_D14_Male_#3/tifs,/Volumes/D/YAPSMAD_Nuclear_Localization/251219_YAPSMAD_Early_D14_Male_#3/tifs,/Volumes/D/YAPSMAD_Nuclear_Localization/251219_YAPSMAD_Early_D14_Male_#3/tifs,837,5.521798569956015,0.5812985889924648,0.18110041272439348,2.5844582213478464,2.23606797749979,9.565392625750974,7.9236286885570735,11.914030776591972,0.003947383183941441,0.011428187127539992,0.009466700942123147,0.014234206423646322,0.007155465237629049,0.004578576102596642,0.0069876481208266585
1,5,ctrl_002_DAPI.tif,ctrl_002_W647.tif,ctrl_002_G488.tif,ctrl_002_R555.tif,/Volumes/D/YAPSMAD_Nuclear_Localization/251219_YAPSMAD_Early_D14_Male_#3/tifs,/Volumes/D/YAPSMAD_Nuclear_Localization/251219_YAPSMAD_Early_D14_Male_#3/tifs,/Volumes/D/YAPSMAD_Nuclear_Localization/251219_YAPSMAD_Early_D14_Male_#3/tifs,/Volumes/D/YAPSMAD_Nuclear_Localization/251219_YAPSMAD_Early_D14_Male_#3/tifs,1951,2.417437503621274,0.47875914787218876,0.4136611591828205,5.501421580463979,4.47213595499958,39.205539169488475,28.163485361263156,42.25229288125411,0.0028948186986723096,0.020095099523059188,0.014435410231298388,0.021656736484497237,0.009422194873176484,0.008293705446542699,0.010853536912818741
1,6,ctrl_002_DAPI.tif,ctrl_002_W647.tif,ctrl_002_G488.tif,ctrl_002_R555.tif,/Volumes/D/YAPSMAD_Nuclear_Localization/251219_YAPSMAD_Early_D14_Male_#3/tifs,/Volumes/D/YAPSMAD_Nuclear_Localization/251219_YAPSMAD_Early_D14_Male_#3/tifs,/Volumes/D/YAPSMAD_Nuclear_Localization/251219_YAPSMAD_Early_D14_Male_#3/tifs,/Volumes/D/YAPSMAD_Nuclear_Localization/251219_YAPSMAD_Early_D14_Male_#3/tifs,345,4.055877139312736,0.7895829285630231,0.24655579191667742,2.029890943786122,2.0,5.000930831069127,4.090562323573977,2.2108797165565193,0.005914573847194729,0.014495451684258339,0.011856702387170947,0.00640834700451165,0.011013065086106593,0.00917146292281896,0.003164633490257876
1,7,ctrl_002_DAPI.tif,ctrl_002_W647.tif,ctrl_002_G488.tif,ctrl_002_R555.tif,/Volumes/D/YAPSMAD_Nuclear_Localization/251219_YAPSMAD_Early_D14_Male_#3/tifs,/Volumes/D/YAPSMAD_Nuclear_Localization/251219_YAPSMAD_Early_D14_Male_#3/tifs,/Volumes/D/YAPSMAD_Nuclear_Localization/251219_YAPSMAD_Early_D14_Male_#3/tifs,/Volumes/D/YAPSMAD_Nuclear_Localization/251219_YAPSMAD_Early_D14_Male_#3/tifs,1345,7.002184635090975,0.6927025815374803,0.1428125723775645,3.1472236597445526,2.8284271247461903,19.177798266755417,14.528206479502842,14.116609561257064,0.0027108985539456504,0.014258586071937113,0.010801640505206574,0.01049562049164094,0.0104655522783987,0.008242051022955684,0.007334516720342221
1,8,ctrl_002_DAPI.tif,ctrl_002_W647.tif,ctrl_002_G488.tif,ctrl_002_R555.tif,/Volumes/D/YAPSMAD_Nuclear_Localization/251219_YAPSMAD_Early_D14_Male_#3/tifs,/Volumes/D/YAPSMAD_Nuclear_Localization/251219_YAPSMAD_Early_D14_Male_#3/tifs,/Volumes/D/YAPSMAD_Nuclear_Localization/251219_YAPSMAD_Early_D14_Male_#3/tifs,/Volumes/D/YAPSMAD_Nuclear_Localization/251219_YAPSMAD_Early_D14_Male_#3/tifs,3073,7.810100530871582,0.8234191043691867,0.1280393249801617,5.175585345701442,4.123105625617661,47.56960434606299,26.339360965415835,58.85909849754535,0.0024168493246324446,0.01547985823171591,0.008571220620050711,0.019153627887258492,0.009451461735543882,0.0044157088935710105,0.012320944131174405
1,9,ctrl_002_DAPI.tif,ctrl_002_W647.tif,ctrl_002_G488.tif,ctrl_002_R555.tif,/Volumes/D/YAPSMAD_Nuclear_Localization/251219_YAPSMAD_Early_D14_Male_#3/tifs,/Volumes/D/YAPSMAD_Nuclear_Localization/251219_YAPSMAD_Early_D14_Male_#3/tifs,/Volumes/D/YAPSMAD_Nuclear_Localization/251219_YAPSMAD_Early_D14_Male_#3/tifs,/Volumes/D/YAPSMAD_Nuclear_Localization/251219_YAPSMAD_Early_D14_Male_#3/tifs,1230,5.860756506647,0.900797214087513,0.17062643685432863,2.8181019138514602,2.8284271247461903,13.244281810708344,11.522804740117863,15.136324216611683,0.003565884561550508,0.010767708789193775,0.009368133935055173,0.012305954647651775,0.006715527151662241,0.006076508819148776,0.007910412705755838
1,10,ctrl_002_DAPI.tif,ctrl_002_W647.tif,ctrl_002_G488.tif,ctrl_002_R555.tif,/Volumes/D/YAPSMAD_Nuclear_Localization/251219_YAPSMAD_Early_D14_Male_#3/tifs,/Volumes/D/YAPSMAD_Nuclear_Localization/251219_YAPSMAD_Early_D14_Male_#3/tifs,/Volumes/D/YAPSMAD_Nuclear_Localization/251219_YAPSMAD_Early_D14_Male_#3/tifs,/Volumes/D/YAPSMAD_Nuclear_Localization/251219_YAPSMAD_Early_D14_Male_#3/tifs,1699,4.859765008619172,0.9165803824405235,0.20577126635267798,3.6402800490988403,3.1622776601683795,30.84841700969264,20.90939205721952,25.273594395490363,0.0031558064391135976,0.018156808128129864,0.012306881728793125,0.014875570568269785,0.011902249352912328,0.009586050932355768,0.011481347158392387
1,11,ctrl_002_DAPI.tif,ctrl_002_W647.tif,ctrl_002_G488.tif,ctrl_002_R555.tif,/Volumes/D/YAPSMAD_Nuclear_Localization/251219_YAPSMAD_Early_D14_Male_#3/tifs,/Volumes/D/YAPSMAD_Nuclear_Localization/251219_YAPSMAD_Early_D14_Male_#3/tifs,/Volumes/D/YAPSMAD_Nuclear_Localization/251219_YAPSMAD_Early_D14_Male_#3/tifs,/Volumes/D/YAPSMAD_Nuclear_Localization/251219_YAPSMAD_Early_D14_Male_#3/tifs,1912,10.634641928241157,0.8004032856584045,0.0940323150274029,2.938806992887493,2.23606797749979,43.505897687515244,23.633142792154104,28.075684926006943,0.002752449834367619,0.022754130589704626,0.012360430330624532,0.01468393563075677,0.014889075279644655,0.010603611585626123,0.010520880383968072
1,12,ctrl_002_DAPI.tif,ctrl_002_W647.tif,ctrl_002_G488.tif,ctrl_002_R555.tif,/Volumes/D/YAPSMAD_Nuclear_Localization/251219_YAPSMAD_Early_D14_Male_#3/tifs,/Volumes/D/YAPSMAD_Nuclear_Localization/251219_YAPSMAD_Early_D14_Male_#3/tifs,/Volumes/D/YAPSMAD_Nuclear_Localization/251219_YAPSMAD_Early_D14_Male_#3/tifs,/Volumes/D/YAPSMAD_Nuclear_Localization/251219_YAPSMAD_Early_D14_Male_#3/tifs,1940,8.75271260594936,0.6189624607880333,0.11425029531076843,3.0950276629713986,2.8284271247461903,29.90090809506364,27.314091876149178,22.475669709965587,0.003099807390352692,0.015412839224259609,0.014079428802138751,0.01158539675771422,0.009203164776962824,0.011675590746526776,0.007291793311750157
1,13,ctrl_002_DAPI.tif,ctrl_002_W647.tif,ctrl_002_G488.tif,ctrl_002_R555.tif,/Volumes/D/YAPSMAD_Nuclear_Localization/251219_YAPSMAD_Early_D14_Male_#3/tifs,/Volumes/D/YAPSMAD_Nuclear_Localization/251219_YAPSMAD_Early_D14_Male_#3/tifs,/Volumes/D/YAPSMAD_Nuclear_Localization/251219_YAPSMAD_Early_D14_Male_#3/tifs,/Volumes/D/YAPSMAD_Nuclear_Localization/251219_YAPSMAD_Early_D14_Male_#3/tifs,2547,5.8039003523297525,0.8313507515468637,0.17229792713422248,4.266443246939877,3.605551275463989,49.52930518123321,34.935012054862455,37.3702908908017,0.003301837875825526,0.019446134739392704,0.013716141364296212,0.014672277538595091,0.013810099162611767,0.009470790215352659,0.009600714225488008
1,14,ctrl_002_DAPI.tif,ctrl_002_W647.tif,ctrl_002_G488.tif,ctrl_002_R555.tif,/Volumes/D/YAPSMAD_Nuclear_Localization/251219_YAPSMAD_Early_D14_Male_#3/tifs,/Volumes/D/YAPSMAD_Nuclear_Localization/251219_YAPSMAD_Early_D14_Male_#3/tifs,/Volumes/D/YAPSMAD_Nuclear_Localization/251219_YAPSMAD_Early_D14_Male_#3/tifs,/Volumes/D/YAPSMAD_Nuclear_Localization/251219_YAPSMAD_Early_D14_Male_#3/tifs,3267,8.355216165880424,0.913047714340641,0.1196857125113801,4.321726038734732,3.605551275463989,83.54416746366769,35.39655184419826,47.80602762592025,0.0032719462640460363,0.025572135740332933,0.010834573567247706,0.014633005089048133,0.01381501196963533,0.006324235150853206,0.007719502820101991
1,15,ctrl_002_DAPI.tif,ctrl_002_W647.tif,ctrl_002_G488.tif,ctrl_002_R555.tif,/Volumes/D/YAPSMAD_Nuclear_Localization/251219_YAPSMAD_Early_D14_Male_#3/tifs,/Volumes/D/YAPSMAD_Nuclear_Localization/251219_YAPSMAD_Early_D14_Male_#3/tifs,/Volumes/D/YAPSMAD_Nuclear_Localization/251219_YAPSMAD_Early_D14_Male_#3/tifs,/Volumes/D/YAPSMAD_Nuclear_Localization/251219_YAPSMAD_Early_D14_Male_#3/tifs,934,5.056820923851854,0.7974587125483569,0.19775270175837778,2.838155763108965,2.23606797749979,16.646204421063885,9.96061657462269,11.616266201948747,0.003975645056177864,0.01782248867351594,0.010664471707304808,0.012437115847910863,0.011101862732663365,0.00652978695225012,0.007052098352749822
1,16,ctrl_002_DAPI.tif,ctrl_002_W647.tif,ctrl_002_G488.tif,ctrl_002_R555.tif,/Volumes/D/YAPSMAD_Nuclear_Localization/251219_YAPSMAD_Early_D14_Male_#3/tifs,/Volumes/D/YAPSMAD_Nuclear_Localization/251219_YAPSMAD_Early_D14_Male_#3/tifs,/Volumes/D/YAPSMAD_Nuclear_Localization/251219_YAPSMAD_Early_D14_Male_#3/tifs,/Volumes/D/YAPSMAD_Nuclear_Localization/251219_YAPSMAD_Early_D14_Male_#3/tifs,700,6.338996200790363,0.8757120362507842,0.15775368344207516,2.3497395897567848,2.0,7.372182870283723,8.284840246662498,9.127870648633689,0.004782918654049614,0.010531689814691032,0.011835486066660711,0.013039815212333841,0.006154896678398564,0.007482096240167435,0.008599108744299234
1,17,ctrl_002_DAPI.tif,ctrl_002_W647.tif,ctrl_002_G488.tif,ctrl_002_R555.tif,/Volumes/D/YAPSMAD_Nuclear_Localization/251219_YAPSMAD_Early_D14_Male_#3/tifs,/Volumes/D/YAPSMAD_Nuclear_Localization/251219_YAPSMAD_Early_D14_Male_#3/tifs,/Volumes/D/YAPSMAD_Nuclear_Localization/251219_YAPSMAD_Early_D14_Male_#3/tifs,/Volumes/D/YAPSMAD_Nuclear_Localization/251219_YAPSMAD_Early_D14_Male_#3/tifs,1432,11.75827755625827,0.7868871225899835,0.08504647004762668,2.4004475415437736,2.0,21.3598688992206,14.280583059415221,20.285618502646685,0.0035562685080452734,0.014916109566494832,0.00997247420350225,0.014165934708552154,0.010620340611652778,0.006961944812169723,0.010106756878889336
1,18,ctrl_002_DAPI.tif,ctrl_002_W647.tif,ctrl_002_G488.tif,ctrl_002_R555.tif,/Volumes/D/YAPSMAD_Nuclear_Localization/251219_YAPSMAD_Early_D14_Male_#3/tifs,/Volumes/D/YAPSMAD_Nuclear_Localization/251219_YAPSMAD_Early_D14_Male_#3/tifs,/Volumes/D/YAPSMAD_Nuclear_Localization/251219_YAPSMAD_Early_D14_Male_#3/tifs,/Volumes/D/YAPSMAD_Nuclear_Localization/251219_YAPSMAD_Early_D14_Male_#3/tifs,1439,8.721392833408368,0.8333890583884335,0.11466058450771499,3.7305116619115615,2.8284271247461903,18.105882498202845,20.933379208901897,17.16937529295683,0.003039090303267929,0.012582267198195166,0.01454717109722161,0.011931463024987373,0.007764685031328636,0.011771786859039908,0.007136136932527504
1,19,ctrl_002_DAPI.tif,ctrl_002_W647.tif,ctrl_002_G488.tif,ctrl_002_R555.tif,/Volumes/D/YAPSMAD_Nuclear_Localization/251219_YAPSMAD_Early_D14_Male_#3/tifs,/Volumes/D/YAPSMAD_Nuclear_Localization/251219_YAPSMAD_Early_D14_Male_#3/tifs,/Volumes/D/YAPSMAD_Nuclear_Localization/251219_YAPSMAD_Early_D14_Male_#3/tifs,/Volumes/D/YAPSMAD_Nuclear_Localization/251219_YAPSMAD_Early_D14_Male_#3/tifs,1583,9.414344957146485,0.49804446480025444,0.10622087936568483,3.045960625005361,2.23606797749979,15.746318929828703,24.98603810602799,21.081651193322614,0.0028897290865508856,0.009947137668874733,0.015783978588773208,0.013317530760153263,0.0065063694289780125,0.013614626902996373,0.009926272246271366
1,20,ctrl_002_DAPI.tif,ctrl_002_W647.tif,ctrl_002_G488.tif,ctrl_002_R555.tif,/Volumes/D/YAPSMAD_Nuclear_Localization/251219_YAPSMAD_Early_D14_Male_#3/tifs,/Volumes/D/YAPSMAD_Nuclear_Localization/251219_YAPSMAD_Early_D14_Male_#3/tifs,/Volumes/D/YAPSMAD_Nuclear_Localization/251219_YAPSMAD_Early_D14_Male_#3/tifs,/Volumes/D/YAPSMAD_Nuclear_Localization/251219_YAPSMAD_Early_D14_Male_#3/tifs,2372,7.159539085241346,0.6170995567401909,0.13967379577009326,4.008970282331707,3.605551275463989,37.61207013763487,28.7810790813528,46.14779911423102,0.002994621660196007,0.015856690614517232,0.012133675835308938,0.019455227282559454,0.009143177611200969,0.007703355481887019,0.013575432613432309
1,21,ctrl_002_DAPI.tif,ctrl_002_W647.tif,ctrl_002_G488.tif,ctrl_002_R555.tif,/Volumes/D/YAPSMAD_Nuclear_Localization/251219_YAPSMAD_Early_D14_Male_#3/tifs,/Volumes/D/YAPSMAD_Nuclear_Localization/251219_YAPSMAD_Early_D14_Male_#3/tifs,/Volumes/D/YAPSMAD_Nuclear_Localization/251219_YAPSMAD_Early_D14_Male_#3/tifs,/Volumes/D/YAPSMAD_Nuclear_Localization/251219_YAPSMAD_Early_D14_Male_#3/tifs,1288,2.7604245456001646,0.6602886351696159,0.3622631169520276,4.336875670913814,4.0,7.445105764083564,12.335698607144877,13.437796713784337,0.0027592884715044908,0.0057803616180773015,0.00957740575088888,0.010433071982751814,0.0030756425996774743,0.005580840080896491,0.004888216107349859
1,22,ctrl_002_DAPI.tif,ctrl_002_W647.tif,ctrl_002_G488.tif,ctrl_002_R555.tif,/Volumes/D/YAPSMAD_Nuclear_Localization/251219_YAPSMAD_Early_D14_Male_#3/tifs,/Volumes/D/YAPSMAD_Nuclear_Localization/251219_YAPSMAD_Early_D14_Male_#3/tifs,/Volumes/D/YAPSMAD_Nuclear_Localization/251219_YAPSMAD_Early_D14_Male_#3/tifs,/Volumes/D/YAPSMAD_Nuclear_Localization/251219_YAPSMAD_Early_D14_Male_#3/tifs,1838,19.506713104930267,0.7355558102127061,0.05126440290687686,2.222147590675037,2.0,20.672572060720995,16.135012039216235,12.22758847125806,0.0034382362244245357,0.011247318857846026,0.00877857020632004,0.006652659668801991,0.009932826704729465,0.0052140115683998916,0.0030839129404897875
1,23,ctrl_002_DAPI.tif,ctrl_002_W647.tif,ctrl_002_G488.tif,ctrl_002_R555.tif,/Volumes/D/YAPSMAD_Nuclear_Localization/251219_YAPSMAD_Early_D14_Male_#3/tifs,/Volumes/D/YAPSMAD_Nuclear_Localization/251219_YAPSMAD_Early_D14_Male_#3/tifs,/Volumes/D/YAPSMAD_Nuclear_Localization/251219_YAPSMAD_Early_D14_Male_#3/tifs,/Volumes/D/YAPSMAD_Nuclear_Localization/251219_YAPSMAD_Early_D14_Male_#3/tifs,1111,4.106848083146962,0.8454676721170155,0.24349573681667044,3.728035225288087,3.0,12.764492372982204,12.890089374035597,11.262317925458774,0.003462053703782958,0.011489192054889472,0.011602240660698107,0.010137099842897186,0.007824683477395641,0.006997707416722692,0.005749412191391059
1,24,ctrl_002_DAPI.tif,ctrl_002_W647.tif,ctrl_002_G488.tif,ctrl_002_R555.tif,/Volumes/D/YAPSMAD_Nuclear_Localization/251219_YAPSMAD_Early_D14_Male_#3/tifs,/Volumes/D/YAPSMAD_Nuclear_Localization/251219_YAPSMAD_Early_D14_Male_#3/tifs,/Volumes/D/YAPSMAD_Nuclear_Localization/251219_YAPSMAD_Early_D14_Male_#3/tifs,/Volumes/D/YAPSMAD_Nuclear_Localization/251219_YAPSMAD_Early_D14_Male_#3/tifs,1525,6.2188926419736,0.6817889749968038,0.1608003317585242,3.9036966813635803,3.0,21.78768611489795,24.070359489880502,13.587029968155548,0.003485000527112699,0.014287007288457674,0.01578384228844623,0.008909527847970852,0.007673398046798067,0.011819264804095788,0.004636174364438494
1,25,ctrl_002_DAPI.tif,ctrl_002_W647.tif,ctrl_002_G488.tif,ctrl_002_R555.tif,/Volumes/D/YAPSMAD_Nuclear_Localization/251219_YAPSMAD_Early_D14_Male_#3/tifs,/Volumes/D/YAPSMAD_Nuclear_Localization/251219_YAPSMAD_Early_D14_Male_#3/tifs,/Volumes/D/YAPSMAD_Nuclear_Localization/251219_YAPSMAD_Early_D14_Male_#3/tifs,/Volumes/D/YAPSMAD_Nuclear_Localization/251219_YAPSMAD_Early_D14_Male_#3/tifs,1106,10.238900045514209,0.8663373093507485,0.09766674111035127,2.5428084236684403,2.0,14.564339778851718,16.172106615267694,13.239017439773306,0.0041286277891663834,0.013168480812704988,0.014622157879988874,0.011970178516974057,0.008862317417342344,0.00968972365942861,0.006774859519185656
1,26,ctrl_002_DAPI.tif,ctrl_002_W647.tif,ctrl_002_G488.tif,ctrl_002_R555.tif,/Volumes/D/YAPSMAD_Nuclear_Localization/251219_YAPSMAD_Early_D14_Male_#3/tifs,/Volumes/D/YAPSMAD_Nuclear_Localization/251219_YAPSMAD_Early_D14_Male_#3/tifs,/Volumes/D/YAPSMAD_Nuclear_Localization/251219_YAPSMAD_Early_D14_Male_#3/tifs,/Volumes/D/YAPSMAD_Nuclear_Localization/251219_YAPSMAD_Early_D14_Male_#3/tifs,531,5.037337440911063,0.6327195322632116,0.19851757237433315,2.3284068947611347,2.0,6.11490049213171,6.702861127443612,6.050461650360376,0.0051828087325051795,0.011515820135841261,0.012623090635487028,0.011394466384859464,0.008191434806220197,0.010213767848668483,0.006025494443057899
1,27,ctrl_002_DAPI.tif,ctrl_002_W647.tif,ctrl_002_G488.tif,ctrl_002_R555.tif,/Volumes/D/YAPSMAD_Nuclear_Localization/251219_YAPSMAD_Early_D14_Male_#3/tifs,/Volumes/D/YAPSMAD_Nuclear_Localization/251219_YAPSMAD_Early_D14_Male_#3/tifs,/Volumes/D/YAPSMAD_Nuclear_Localization/251219_YAPSMAD_Early_D14_Male_#3/tifs,/Volumes/D/YAPSMAD_Nuclear_Localization/251219_YAPSMAD_Early_D14_Male_#3/tifs,1233,6.639516495932851,0.7218282467124281,0.15061337683437748,3.0633304538563046,2.23606797749979,11.096940679475665,15.635279011912644,11.992172256112099,0.0031730474047634723,0.008999951889274667,0.012680680463838316,0.009726011562134712,0.005336794866682549,0.008444121304381855,0.004673782762425219
1,28,ctrl_002_DAPI.tif,ctrl_002_W647.tif,ctrl_002_G488.tif,ctrl_002_R555.tif,/Volumes/D/YAPSMAD_Nuclear_Localization/251219_YAPSMAD_Early_D14_Male_#3/tifs,/Volumes/D/YAPSMAD_Nuclear_Localization/251219_YAPSMAD_Early_D14_Male_#3/tifs,/Volumes/D/YAPSMAD_Nuclear_Localization/251219_YAPSMAD_Early_D14_Male_#3/tifs,/Volumes/D/YAPSMAD_Nuclear_Localization/251219_YAPSMAD_Early_D14_Male_#3/tifs,3496,5.203350360403802,0.8415596614834759,0.19218386822647007,4.8356155520548665,4.242640687119285,58.95779389841482,46.30486035486683,48.80308265495114,0.0030865387468134186,0.01686435752242987,0.013245097355511107,0.013959691834940257,0.011103696311668753,0.00791716157586902,0.008091438048114614
1,29,ctrl_002_DAPI.tif,ctrl_002_W647.tif,ctrl_002_G488.tif,ctrl_002_R555.tif,/Volumes/D/YAPSMAD_Nuclear_Localization/251219_YAPSMAD_Early_D14_Male_#3/tifs,/Volumes/D/YAPSMAD_Nuclear_Localization/251219_YAPSMAD_Early_D14_Male_#3/tifs,/Volumes/D/YAPSMAD_Nuclear_Localization/251219_YAPSMAD_Early_D14_Male_#3/tifs,/Volumes/D/YAPSMAD_Nuclear_Localization/251219_YAPSMAD_Early_D14_Male_#3/tifs,1076,5.43459374559753,0.733796345875254,0.18400639437125962,2.9515554499095176,2.23606797749979,14.813061838969588,14.497245820937678,10.856488993158564,0.0038465923981543726,0.013766786095696643,0.013473276785258064,0.01008967378546335,0.007431955924324614,0.009856819987396922,0.005462442451822575
1,30,ctrl_002_DAPI.tif,ctrl_002_W647.tif,ctrl_002_G488.tif,ctrl_002_R555.tif,/Volumes/D/YAPSMAD_Nuclear_Localization/251219_YAPSMAD_Early_D14_Male_#3/tifs,/Volumes/D/YAPSMAD_Nuclear_Localization/251219_YAPSMAD_Early_D14_Male_#3/tifs,/Volumes/D/YAPSMAD_Nuclear_Localization/251219_YAPSMAD_Early_D14_Male_#3/tifs,/Volumes/D/YAPSMAD_Nuclear_Localization/251219_YAPSMAD_Early_D14_Male_#3/tifs,1758,6.035887860171428,0.7728890231934586,0.16567570888760655,3.6942368685777516,3.1622776601683795,17.810467888368294,17.482246321393177,15.415457531344146,0.0030619683923131962,0.010131096637297096,0.009944394949597939,0.008768747173688364,0.00571760336644505,0.008678731930645386,0.005703741882314072
1,31,ctrl_002_DAPI.tif,ctrl_002_W647.tif,ctrl_002_G488.tif,ctrl_002_R555.tif,/Volumes/D/YAPSMAD_Nuclear_Localization/251219_YAPSMAD_Early_D14_Male_#3/tifs,/Volumes/D/YAPSMAD_Nuclear_Localization/251219_YAPSMAD_Early_D14_Male_#3/tifs,/Volumes/D/YAPSMAD_Nuclear_Localization/251219_YAPSMAD_Early_D14_Male_#3/tifs,/Volumes/D/YAPSMAD_Nuclear_Localization/251219_YAPSMAD_Early_D14_Male_#3/tifs,1254,5.862622708932882,0.9321688177197691,0.1705721226911463,2.9340451053960677,2.8284271247461903,14.105409468058497,10.400930924573913,15.827252765186131,0.004008231143150746,0.011248332909137557,0.008294203289133903,0.012621413688346197,0.004821752269200362,0.004300947106692437,0.0067487165480973384
1,32,ctrl_002_DAPI.tif,ctrl_002_W647.tif,ctrl_002_G488.tif,ctrl_002_R555.tif,/Volumes/D/YAPSMAD_Nuclear_Localization/251219_YAPSMAD_Early_D14_Male_#3/tifs,/Volumes/D/YAPSMAD_Nuclear_Localization/251219_YAPSMAD_Early_D14_Male_#3/tifs,/Volumes/D/YAPSMAD_Nuclear_Localization/251219_YAPSMAD_Early_D14_Male_#3/tifs,/Volumes/D/YAPSMAD_Nuclear_Localization/251219_YAPSMAD_Early_D14_Male_#3/tifs,565,8.035716045151226,0.12966950444226483,0.12444441719707143,1.9570503500157228,1.4142135623730951,6.198306300677359,5.016922311158851,4.0124208917841315,0.004643279869537965,0.01097045362951745,0.0088795085153254,0.0071016298969630645,0.010167951067997609,0.006477455111903687,0.0036210295824003302
1,33,ctrl_002_DAPI.tif,ctrl_002_W647.tif,ctrl_002_G488.tif,ctrl_002_R555.tif,/Volumes/D/YAPSMAD_Nuclear_Localization/251219_YAPSMAD_Early_D14_Male_#3/tifs,/Volumes/D/YAPSMAD_Nuclear_Localization/251219_YAPSMAD_Early_D14_Male_#3/tifs,/Volumes/D/YAPSMAD_Nuclear_Localization/251219_YAPSMAD_Early_D14_Male_#3/tifs,/Volumes/D/YAPSMAD_Nuclear_Localization/251219_YAPSMAD_Early_D14_Male_#3/tifs,1237,4.970743090525397,0.8157120719154313,0.2011771644175443,3.134646473236014,2.8284271247461903,12.076569895492867,22.784451133338735,15.17117582145147,0.003698555014240002,0.009762788921174508,0.018419119752092754,0.012264491367381948,0.005019266283791242,0.0131256503014684,0.006870512122765869
1,34,ctrl_002_DAPI.tif,ctrl_002_W647.tif,ctrl_002_G488.tif,ctrl_002_R555.tif,/Volumes/D/YAPSMAD_Nuclear_Localization/251219_YAPSMAD_Early_D14_Male_#3/tifs,/Volumes/D/YAPSMAD_Nuclear_Localization/251219_YAPSMAD_Early_D14_Male_#3/tifs,/Volumes/D/YAPSMAD_Nuclear_Localization/251219_YAPSMAD_Early_D14_Male_#3/tifs,/Volumes/D/YAPSMAD_Nuclear_Localization/251219_YAPSMAD_Early_D14_Male_#3/tifs,50,3.9788735772973833,0.7258230394088334,0.25132741228718347,1.0,1.0,0.04647898068651557,0.20404364680871367,0.15384145872667432,0.020732433311641218,0.0009295796137303114,0.004080872936174274,0.0030768291745334863,0.00020819122271954345,5.6036982286318064e-05,4.4723253461404864e-05
1,35,ctrl_002_DAPI.tif,ctrl_002_W647.tif,ctrl_002_G488.tif,ctrl_002_R555.tif,/Volumes/D/YAPSMAD_Nuclear_Localization/251219_YAPSMAD_Early_D14_Male_#3/tifs,/Volumes/D/YAPSMAD_Nuclear_Localization/251219_YAPSMAD_Early_D14_Male_#3/tifs,/Volumes/D/YAPSMAD_Nuclear_Localization/251219_YAPSMAD_Early_D14_Male_#3/tifs,/Volumes/D/YAPSMAD_Nuclear_Localization/251219_YAPSMAD_Early_D14_Male_#3/tifs,2592,6.619855881734095,0.5774814299724488,0.15106069042367828,4.225891654105846,3.605551275463989,40.47917926358059,43.78527528163977,37.76952799921855,0.002388248864232913,0.015616967308480166,0.01689246731544744,0.014571577160192343,0.011025660394520343,0.012356508039099415,0.008159766240507233
1,36,ctrl_002_DAPI.tif,ctrl_002_W647.tif,ctrl_002_G488.tif,ctrl_002_R555.tif,/Volumes/D/YAPSMAD_Nuclear_Localization/251219_YAPSMAD_Early_D14_Male_#3/tifs,/Volumes/D/YAPSMAD_Nuclear_Localization/251219_YAPSMAD_Early_D14_Male_#3/tifs,/Volumes/D/YAPSMAD_Nuclear_Localization/251219_YAPSMAD_Early_D14_Male_#3/tifs,/Volumes/D/YAPSMAD_Nuclear_Localization/251219_YAPSMAD_Early_D14_Male_#3/tifs,2360,8.473041822960564,0.7528820407853749,0.11802136952636808,3.5295345883414293,3.0,22.772488233167678,21.729595087701455,20.785900867078453,0.0023174187052063646,0.009649359420833762,0.00920745554563621,0.008807585113168837,0.005117788403082066,0.004627428826043515,0.004566204097559731
1,37,ctrl_002_DAPI.tif,ctrl_002_W647.tif,ctrl_002_G488.tif,ctrl_002_R555.tif,/Volumes/D/YAPSMAD_Nuclear_Localization/251219_YAPSMAD_Early_D14_Male_#3/tifs,/Volumes/D/YAPSMAD_Nuclear_Localization/251219_YAPSMAD_Early_D14_Male_#3/tifs,/Volumes/D/YAPSMAD_Nuclear_Localization/251219_YAPSMAD_Early_D14_Male_#3/tifs,/Volumes/D/YAPSMAD_Nuclear_Localization/251219_YAPSMAD_Early_D14_Male_#3/tifs,1293,4.959455339620599,0.56625185497366,0.20163504488307388,3.647703184610172,3.0,9.656778941629454,17.19339297642,13.896574479527771,0.0031353926726552816,0.007468506528715742,0.013297287684779583,0.010747544067693559,0.003634106243932624,0.010320766558260893,0.005782065176284808
1,38,ctrl_002_DAPI.tif,ctrl_002_W647.tif,ctrl_002_G488.tif,ctrl_002_R555.tif,/Volumes/D/YAPSMAD_Nuclear_Localization/251219_YAPSMAD_Early_D14_Male_#3/tifs,/Volumes/D/YAPSMAD_Nuclear_Localization/251219_YAPSMAD_Early_D14_Male_#3/tifs,/Volumes/D/YAPSMAD_Nuclear_Localization/251219_YAPSMAD_Early_D14_Male_#3/tifs,/Volumes/D/YAPSMAD_Nuclear_Localization/251219_YAPSMAD_Early_D14_Male_#3/tifs,1209,4.707128010816628,0.8099493773392265,0.21244376564692416,3.1485466985202555,2.8284271247461903,13.80389119242318,13.543953741202131,19.722285906784236,0.0038611888571590727,0.011417610580995186,0.011202608553517065,0.016312891568886878,0.006974079457813437,0.006869062664541624,0.010734882567097854
1,39,ctrl_002_DAPI.tif,ctrl_002_W647.tif,ctrl_002_G488.tif,ctrl_002_R555.tif,/Volumes/D/YAPSMAD_Nuclear_Localization/251219_YAPSMAD_Early_D14_Male_#3/tifs,/Volumes/D/YAPSMAD_Nuclear_Localization/251219_YAPSMAD_Early_D14_Male_#3/tifs,/Volumes/D/YAPSMAD_Nuclear_Localization/251219_YAPSMAD_Early_D14_Male_#3/tifs,/Volumes/D/YAPSMAD_Nuclear_Localization/251219_YAPSMAD_Early_D14_Male_#3/tifs,1550,6.2873282552818175,0.8174830596211651,0.15905007014067168,3.6692926182653243,3.0,19.556801853701472,26.486381405731663,17.489921579835936,0.0025807633034644587,0.01261729151851708,0.017087988003697846,0.011283820374087702,0.008137539430373883,0.01573069039759607,0.006302865430728954
1,40,ctrl_002_DAPI.tif,ctrl_002_W647.tif,ctrl_002_G488.tif,ctrl_002_R555.tif,/Volumes/D/YAPSMAD_Nuclear_Localization/251219_YAPSMAD_Early_D14_Male_#3/tifs,/Volumes/D/YAPSMAD_Nuclear_Localization/251219_YAPSMAD_Early_D14_Male_#3/tifs,/Volumes/D/YAPSMAD_Nuclear_Localization/251219_YAPSMAD_Early_D14_Male_#3/tifs,/Volumes/D/YAPSMAD_Nuclear_Localization/251219_YAPSMAD_Early_D14_Male_#3/tifs,2566,7.519662258165332,0.6751494863970878,0.1329846960764941,4.906659405174638,4.0,20.449973550392315,35.211368148215115,27.7254446009174,0.0029605594959069372,0.00796959218643504,0.01372227909127635,0.010804927747824395,0.004898502258161462,0.01057822742804081,0.007481370605693422
2,1,ctrl_003_DAPI.tif,ctrl_003_W647.tif,ctrl_003_G488.tif,ctrl_003_R555.tif,/Volumes/D/YAPSMAD_Nuclear_Localization/251219_YAPSMAD_Early_D14_Male_#3/tifs,/Volumes/D/YAPSMAD_Nuclear_Localization/251219_YAPSMAD_Early_D14_Male_#3/tifs,/Volumes/D/YAPSMAD_Nuclear_Localization/251219_YAPSMAD_Early_D14_Male_#3/tifs,/Volumes/D/YAPSMAD_Nuclear_Localization/251219_YAPSMAD_Early_D14_Male_#3/tifs,1214,6.333340975726274,0.8177541035507238,0.15789454631176325,3.2125852358604687,2.8284271247461903,23.07179383863695,16.236484424443915,16.313710349146277,0.003482702085395425,0.019004772519470303,0.013374369377630903,0.013437982165688861,0.012558724602159,0.011787494450034722,0.009293199642621545
2,2,ctrl_003_DAPI.tif,ctrl_003_W647.tif,ctrl_003_G488.tif,ctrl_003_R555.tif,/Volumes/D/YAPSMAD_Nuclear_Localization/251219_YAPSMAD_Early_D14_Male_#3/tifs,/Volumes/D/YAPSMAD_Nuclear_Localization/251219_YAPSMAD_Early_D14_Male_#3/tifs,/Volumes/D/YAPSMAD_Nuclear_Localization/251219_YAPSMAD_Early_D14_Male_#3/tifs,/Volumes/D/YAPSMAD_Nuclear_Localization/251219_YAPSMAD_Early_D14_Male_#3/tifs,1999,6.568266670916111,0.773767114457629,0.15224716810417271,3.7263959901468597,3.1622776601683795,23.228290433529764,28.518715370446444,18.455863444134593,0.002626337973133527,0.011619955194362062,0.014266490930688566,0.00923254799606533,0.007639217612802634,0.012239377474719834,0.006598411114304544
2,3,ctrl_003_DAPI.tif,ctrl_003_W647.tif,ctrl_003_G488.tif,ctrl_003_R555.tif,/Volumes/D/YAPSMAD_Nuclear_Localization/251219_YAPSMAD_Early_D14_Male_#3/tifs,/Volumes/D/YAPSMAD_Nuclear_Localization/251219_YAPSMAD_Early_D14_Male_#3/tifs,/Volumes/D/YAPSMAD_Nuclear_Localization/251219_YAPSMAD_Early_D14_Male_#3/tifs,/Volumes/D/YAPSMAD_Nuclear_Localization/251219_YAPSMAD_Early_D14_Male_#3/tifs,1284,5.251030063980466,0.7696042984177667,0.1904388258714262,3.3961606918339187,3.0,14.580117645207793,15.926665193634108,8.694087201263756,0.0030444601006338785,0.011355231810909496,0.012403944854855225,0.006771095951139996,0.008298277582463081,0.014858007958468566,0.005659659398317124
2,4,ctrl_003_DAPI.tif,ctrl_003_W647.tif,ctrl_003_G488.tif,ctrl_003_R555.tif,/Volumes/D/YAPSMAD_Nuclear_Localization/251219_YAPSMAD_Early_D14_Male_#3/tifs,/Volumes/D/YAPSMAD_Nuclear_Localization/251219_YAPSMAD_Early_D14_Male_#3/tifs,/Volumes/D/YAPSMAD_Nuclear_Localization/251219_YAPSMAD_Early_D14_Male_#3/tifs,/Volumes/D/YAPSMAD_Nuclear_Localization/251219_YAPSMAD_Early_D14_Male_#3/tifs,1145,13.517983706694281,0.7480452398331988,0.07397552931690449,2.136707913773296,2.0,12.036637018434703,14.085191200021654,5.853238773997873,0.003027789753873926,0.010512346740991007,0.012301477030586597,0.005111998929255785,0.009192238838049233,0.012356153868603002,0.004730031338770609
2,5,ctrl_003_DAPI.tif,ctrl_003_W647.tif,ctrl_003_G488.tif,ctrl_003_R555.tif,/Volumes/D/YAPSMAD_Nuclear_Localization/251219_YAPSMAD_Early_D14_Male_#3/tifs,/Volumes/D/YAPSMAD_Nuclear_Localization/251219_YAPSMAD_Early_D14_Male_#3/tifs,/Volumes/D/YAPSMAD_Nuclear_Localization/251219_YAPSMAD_Early_D14_Male_#3/tifs,/Volumes/D/YAPSMAD_Nuclear_Localization/251219_YAPSMAD_Early_D14_Male_#3/tifs,1025,6.008043959679242,0.8535359410081809,0.16644352250268624,2.6353826208586706,2.23606797749979,19.871580162784085,10.174166595330462,13.109697183826938,0.004338251586276583,0.01938690747588691,0.009926016190566305,0.012789948472026282,0.011187367902131483,0.006918228702196933,0.00898277027566078
2,6,ctrl_003_DAPI.tif,ctrl_003_W647.tif,ctrl_003_G488.tif,ctrl_003_R555.tif,/Volumes/D/YAPSMAD_Nuclear_Localization/251219_YAPSMAD_Early_D14_Male_#3/tifs,/Volumes/D/YAPSMAD_Nuclear_Localization/251219_YAPSMAD_Early_D14_Male_#3/tifs,/Volumes/D/YAPSMAD_Nuclear_Localization/251219_YAPSMAD_Early_D14_Male_#3/tifs,/Volumes/D/YAPSMAD_Nuclear_Localization/251219_YAPSMAD_Early_D14_Male_#3/tifs,1891,5.11701299000035,0.7851991424820448,0.19542651190336954,4.1229618453758015,3.1622776601683795,39.71117737516761,18.888426217949018,22.901915188180283,0.003200771502061047,0.021000093799665578,0.009988591336831845,0.01211100750300385,0.011350126169812116,0.0066844344479209524,0.007435990789377838
2,7,ctrl_003_DAPI.tif,ctrl_003_W647.tif,ctrl_003_G488.tif,ctrl_003_R555.tif,/Volumes/D/YAPSMAD_Nuclear_Localization/251219_YAPSMAD_Early_D14_Male_#3/tifs,/Volumes/D/YAPSMAD_Nuclear_Localization/251219_YAPSMAD_Early_D14_Male_#3/tifs,/Volumes/D/YAPSMAD_Nuclear_Localization/251219_YAPSMAD_Early_D14_Male_#3/tifs,/Volumes/D/YAPSMAD_Nuclear_Localization/251219_YAPSMAD_Early_D14_Male_#3/tifs,1958,11.862284426427419,0.8934414131959374,0.08430079435392289,3.0007512789629667,2.23606797749979,20.500221431721002,22.343450182816014,7.951262769522145,0.0020836280232896616,0.010469980302206845,0.011411363729732386,0.004060910505373925,0.008427215652787447,0.010466141545284014,0.0030365620792789606
2,8,ctrl_003_DAPI.tif,ctrl_003_W647.tif,ctrl_003_G488.tif,ctrl_003_R555.tif,/Volumes/D/YAPSMAD_Nuclear_Localization/251219_YAPSMAD_Early_D14_Male_#3/tifs,/Volumes/D/YAPSMAD_Nuclear_Localization/251219_YAPSMAD_Early_D14_Male_#3/tifs,/Volumes/D/YAPSMAD_Nuclear_Localization/251219_YAPSMAD_Early_D14_Male_#3/tifs,/Volumes/D/YAPSMAD_Nuclear_Localization/251219_YAPSMAD_Early_D14_Male_#3/tifs,1776,8.910099433716374,0.873564366939,0.11223219307923067,3.0943030413440846,2.8284271247461903,34.30846125562675,22.807843307498842,29.150499913841486,0.0034513055148423307,0.019317827283573622,0.012842254114582681,0.016413569771307143,0.012102762027440234,0.009712869331790719,0.011872835930342244
2,9,ctrl_003_DAPI.tif,ctrl_003_W647.tif,ctrl_003_G488.tif,ctrl_003_R555.tif,/Volumes/D/YAPSMAD_Nuclear_Localization/251219_YAPSMAD_Early_D14_Male_#3/tifs,/Volumes/D/YAPSMAD_Nuclear_Localization/251219_YAPSMAD_Early_D14_Male_#3/tifs,/Volumes/D/YAPSMAD_Nuclear_Localization/251219_YAPSMAD_Early_D14_Male_#3/tifs,/Volumes/D/YAPSMAD_Nuclear_Localization/251219_YAPSMAD_Early_D14_Male_#3/tifs,1974,9.985228227670698,0.6197652184368462,0.10014793625135546,3.921815020530824,3.0,19.37047398975119,30.260837901150808,17.025864173658192,0.0027677423085756938,0.009812803439590269,0.015329705117097674,0.00862505783873262,0.005515667509301177,0.012412598537851136,0.006737570075502738
2,10,ctrl_003_DAPI.tif,ctrl_003_W647.tif,ctrl_003_G488.tif,ctrl_003_R555.tif,/Volumes/D/YAPSMAD_Nuclear_Localization/251219_YAPSMAD_Early_D14_Male_#3/tifs,/Volumes/D/YAPSMAD_Nuclear_Localization/251219_YAPSMAD_Early_D14_Male_#3/tifs,/Volumes/D/YAPSMAD_Nuclear_Localization/251219_YAPSMAD_Early_D14_Male_#3/tifs,/Volumes/D/YAPSMAD_Nuclear_Localization/251219_YAPSMAD_Early_D14_Male_#3/tifs,2137,12.222355390731384,0.7982724845180252,0.08181729036927965,3.3216960434462917,2.8284271247461903,20.92755036544986,34.8322883117944,15.43981098337099,0.0029760947919271583,0.009792957587950332,0.0162996201739796,0.00722499344097847,0.007012816752107328,0.012134227571401663,0.0037058045428552525
2,11,ctrl_003_DAPI.tif,ctrl_003_W647.tif,ctrl_003_G488.tif,ctrl_003_R555.tif,/Volumes/D/YAPSMAD_Nuclear_Localization/251219_YAPSMAD_Early_D14_Male_#3/tifs,/Volumes/D/YAPSMAD_Nuclear_Localization/251219_YAPSMAD_Early_D14_Male_#3/tifs,/Volumes/D/YAPSMAD_Nuclear_Localization/251219_YAPSMAD_Early_D14_Male_#3/tifs,/Volumes/D/YAPSMAD_Nuclear_Localization/251219_YAPSMAD_Early_D14_Male_#3/tifs,1731,7.000676803291769,0.9109449548124424,0.1428433318803966,3.3195173736828636,2.8284271247461903,31.057343559572473,31.005035620415583,12.68923489190638,0.003089207064485202,0.017941850698770925,0.017911632363036153,0.007330580526809001,0.011507818979204172,0.0132325250450259,0.004864334275614496
2,12,ctrl_003_DAPI.tif,ctrl_003_W647.tif,ctrl_003_G488.tif,ctrl_003_R555.tif,/Volumes/D/YAPSMAD_Nuclear_Localization/251219_YAPSMAD_Early_D14_Male_#3/tifs,/Volumes/D/YAPSMAD_Nuclear_Localization/251219_YAPSMAD_Early_D14_Male_#3/tifs,/Volumes/D/YAPSMAD_Nuclear_Localization/251219_YAPSMAD_Early_D14_Male_#3/tifs,/Volumes/D/YAPSMAD_Nuclear_Localization/251219_YAPSMAD_Early_D14_Male_#3/tifs,1140,6.3045638210685,0.5961205868902373,0.1586152552946192,2.9014237178580524,2.23606797749979,17.83256285195239,14.686198353301734,13.35068291821517,0.003664989520697609,0.015642598992940692,0.012882630134475204,0.011711125366855413,0.01058646808308228,0.00892281477956533,0.008149383346262537
2,13,ctrl_003_DAPI.tif,ctrl_003_W647.tif,ctrl_003_G488.tif,ctrl_003_R555.tif,/Volumes/D/YAPSMAD_Nuclear_Localization/251219_YAPSMAD_Early_D14_Male_#3/tifs,/Volumes/D/YAPSMAD_Nuclear_Localization/251219_YAPSMAD_Early_D14_Male_#3/tifs,/Volumes/D/YAPSMAD_Nuclear_Localization/251219_YAPSMAD_Early_D14_Male_#3/tifs,/Volumes/D/YAPSMAD_Nuclear_Localization/251219_YAPSMAD_Early_D14_Male_#3/tifs,1848,8.26984580407293,0.3788313261030143,0.12092123888301476,3.320318379600845,2.914213562373095,20.124254394089803,26.172198257874697,18.1747770041693,0.0031602937183635173,0.010889748048749894,0.01416244494473739,0.009834836041217154,0.006683335938671887,0.013174765599842589,0.007771939519698285
2,14,ctrl_003_DAPI.tif,ctrl_003_W647.tif,ctrl_003_G488.tif,ctrl_003_R555.tif,/Volumes/D/YAPSMAD_Nuclear_Localization/251219_YAPSMAD_Early_D14_Male_#3/tifs,/Volumes/D/YAPSMAD_Nuclear_Localization/251219_YAPSMAD_Early_D14_Male_#3/tifs,/Volumes/D/YAPSMAD_Nuclear_Localization/251219_YAPSMAD_Early_D14_Male_#3/tifs,/Volumes/D/YAPSMAD_Nuclear_Localization/251219_YAPSMAD_Early_D14_Male_#3/tifs,2251,9.402848847624906,0.7553953162571829,0.10635074711985752,3.005778103164778,2.8284271247461903,38.227054440416396,27.33992549823597,26.010101665277034,0.0030148058358301843,0.016982254304938424,0.012145679919251876,0.011554909669159055,0.010916496664617484,0.009264598502188155,0.008261743350769773
2,15,ctrl_003_DAPI.tif,ctrl_003_W647.tif,ctrl_003_G488.tif,ctrl_003_R555.tif,/Volumes/D/YAPSMAD_Nuclear_Localization/251219_YAPSMAD_Early_D14_Male_#3/tifs,/Volumes/D/YAPSMAD_Nuclear_Localization/251219_YAPSMAD_Early_D14_Male_#3/tifs,/Volumes/D/YAPSMAD_Nuclear_Localization/251219_YAPSMAD_Early_D14_Male_#3/tifs,/Volumes/D/YAPSMAD_Nuclear_Localization/251219_YAPSMAD_Early_D14_Male_#3/tifs,2438,10.978105046398769,0.5228892138369784,0.0910904018292335,3.59507931240749,3.0,39.20433377940208,29.434973924886435,28.162066273856908,0.002594384222296758,0.016080530672437275,0.012073410141462853,0.011551298717742785,0.011728640367882117,0.010393345498735796,0.009139083831563762
2,16,ctrl_003_DAPI.tif,ctrl_003_W647.tif,ctrl_003_G488.tif,ctrl_003_R555.tif,/Volumes/D/YAPSMAD_Nuclear_Localization/251219_YAPSMAD_Early_D14_Male_#3/tifs,/Volumes/D/YAPSMAD_Nuclear_Localization/251219_YAPSMAD_Early_D14_Male_#3/tifs,/Volumes/D/YAPSMAD_Nuclear_Localization/251219_YAPSMAD_Early_D14_Male_#3/tifs,/Volumes/D/YAPSMAD_Nuclear_Localization/251219_YAPSMAD_Early_D14_Male_#3/tifs,3494,19.110783888515957,0.6821920775245688,0.05232647733518244,3.084182042669472,2.8284271247461903,58.50760694569908,65.70974323898554,35.9944917736575,0.0026258837736068312,0.016745165124699223,0.01880645198597182,0.010301800736593446,0.011129695787417737,0.014719527755993412,0.006284270527004137
2,17,ctrl_003_DAPI.tif,ctrl_003_W647.tif,ctrl_003_G488.tif,ctrl_003_R555.tif,/Volumes/D/YAPSMAD_Nuclear_Localization/251219_YAPSMAD_Early_D14_Male_#3/tifs,/Volumes/D/YAPSMAD_Nuclear_Localization/251219_YAPSMAD_Early_D14_Male_#3/tifs,/Volumes/D/YAPSMAD_Nuclear_Localization/251219_YAPSMAD_Early_D14_Male_#3/tifs,/Volumes/D/YAPSMAD_Nuclear_Localization/251219_YAPSMAD_Early_D14_Male_#3/tifs,1136,7.200335261699374,0.7776927549514112,0.13888242195044495,2.7659976738059164,2.23606797749979,14.195285026915371,12.944762466475368,10.808224712265655,0.003797575663348896,0.012495849495524094,0.011395037382460711,0.00951428231713526,0.009853654055726828,0.009434714754398473,0.005704592161976464
2,18,ctrl_003_DAPI.tif,ctrl_003_W647.tif,ctrl_003_G488.tif,ctrl_003_R555.tif,/Volumes/D/YAPSMAD_Nuclear_Localization/251219_YAPSMAD_Early_D14_Male_#3/tifs,/Volumes/D/YAPSMAD_Nuclear_Localization/251219_YAPSMAD_Early_D14_Male_#3/tifs,/Volumes/D/YAPSMAD_Nuclear_Localization/251219_YAPSMAD_Early_D14_Male_#3/tifs,/Volumes/D/YAPSMAD_Nuclear_Localization/251219_YAPSMAD_Early_D14_Male_#3/tifs,1671,7.581191859182658,0.7999854986744138,0.13190538091827317,3.300278361222596,2.8284271247461903,18.532097516348585,26.513054218608886,14.519981801509857,0.0033161662596170325,0.011090423408945891,0.01586657942466121,0.008689396649616911,0.00615364664407979,0.011196550740331832,0.005866217845783447
2,19,ctrl_003_DAPI.tif,ctrl_003_W647.tif,ctrl_003_G488.tif,ctrl_003_R555.tif,/Volumes/D/YAPSMAD_Nuclear_Localization/251219_YAPSMAD_Early_D14_Male_#3/tifs,/Volumes/D/YAPSMAD_Nuclear_Localization/251219_YAPSMAD_Early_D14_Male_#3/tifs,/Volumes/D/YAPSMAD_Nuclear_Localization/251219_YAPSMAD_Early_D14_Male_#3/tifs,/Volumes/D/YAPSMAD_Nuclear_Localization/251219_YAPSMAD_Early_D14_Male_#3/tifs,1859,5.0497587544479465,0.5695830342882533,0.19802926211458646,4.002458563987728,3.605551275463989,31.913069505942985,32.0645915644709,26.38173506828025,0.0029029078571693977,0.017166793709490577,0.017248301002942928,0.014191358293857047,0.009132903958958978,0.015273203917316392,0.010077891406799397
2,20,ctrl_003_DAPI.tif,ctrl_003_W647.tif,ctrl_003_G488.tif,ctrl_003_R555.tif,/Volumes/D/YAPSMAD_Nuclear_Localization/251219_YAPSMAD_Early_D14_Male_#3/tifs,/Volumes/D/YAPSMAD_Nuclear_Localization/251219_YAPSMAD_Early_D14_Male_#3/tifs,/Volumes/D/YAPSMAD_Nuclear_Localization/251219_YAPSMAD_Early_D14_Male_#3/tifs,/Volumes/D/YAPSMAD_Nuclear_Localization/251219_YAPSMAD_Early_D14_Male_#3/tifs,1937,3.7900974733688906,0.5168046173100536,0.2638454570170021,3.9422991515182657,4.0,34.0655529468786,39.26199756236747,22.494087310507894,0.0037195146150904323,0.017586759394361693,0.0202694876419037,0.011612848379198706,0.01055139321408661,0.01381538802723779,0.006784707483898158
2,21,ctrl_003_DAPI.tif,ctrl_003_W647.tif,ctrl_003_G488.tif,ctrl_003_R555.tif,/Volumes/D/YAPSMAD_Nuclear_Localization/251219_YAPSMAD_Early_D14_Male_#3/tifs,/Volumes/D/YAPSMAD_Nuclear_Localization/251219_YAPSMAD_Early_D14_Male_#3/tifs,/Volumes/D/YAPSMAD_Nuclear_Localization/251219_YAPSMAD_Early_D14_Male_#3/tifs,/Volumes/D/YAPSMAD_Nuclear_Localization/251219_YAPSMAD_Early_D14_Male_#3/tifs,1835,7.093301461138701,0.7618953591086346,0.14097807706025062,3.159899784919327,3.0,20.02508602011949,29.901060630567372,14.088304089847952,0.004243263754389714,0.01091285341695885,0.01629485592946451,0.007677549912723679,0.005529867744618244,0.013394692854369034,0.005194936851208096
2,22,ctrl_003_DAPI.tif,ctrl_003_W647.tif,ctrl_003_G488.tif,ctrl_003_R555.tif,/Volumes/D/YAPSMAD_Nuclear_Localization/251219_YAPSMAD_Early_D14_Male_#3/tifs,/Volumes/D/YAPSMAD_Nuclear_Localization/251219_YAPSMAD_Early_D14_Male_#3/tifs,/Volumes/D/YAPSMAD_Nuclear_Localization/251219_YAPSMAD_Early_D14_Male_#3/tifs,/Volumes/D/YAPSMAD_Nuclear_Localization/251219_YAPSMAD_Early_D14_Male_#3/tifs,1441,3.404135996312486,0.4580162642548893,0.2937602966165997,4.199430954580317,3.605551275463989,11.430487668840215,23.69919899618253,13.623361680656672,0.0029941250778227984,0.007932330096349907,0.01644635600012667,0.009454102484841548,0.004172162936461472,0.012144872447147263,0.0053635174046227216
2,23,ctrl_003_DAPI.tif,ctrl_003_W647.tif,ctrl_003_G488.tif,ctrl_003_R555.tif,/Volumes/D/YAPSMAD_Nuclear_Localization/251219_YAPSMAD_Early_D14_Male_#3/tifs,/Volumes/D/YAPSMAD_Nuclear_Localization/251219_YAPSMAD_Early_D14_Male_#3/tifs,/Volumes/D/YAPSMAD_Nuclear_Localization/251219_YAPSMAD_Early_D14_Male_#3/tifs,/Volumes/D/YAPSMAD_Nuclear_Localization/251219_YAPSMAD_Early_D14_Male_#3/tifs,3173,9.38421272502876,0.9535657816830716,0.10656194923340628,4.5698811771480115,3.605551275463989,37.38786939904094,54.44388524116948,24.047303200000897,0.0027692359680643913,0.011783129341015108,0.017158488887856753,0.007578727765521871,0.007263650488893726,0.012588907934426739,0.005048204055069532
2,24,ctrl_003_DAPI.tif,ctrl_003_W647.tif,ctrl_003_G488.tif,ctrl_003_R555.tif,/Volumes/D/YAPSMAD_Nuclear_Localization/251219_YAPSMAD_Early_D14_Male_#3/tifs,/Volumes/D/YAPSMAD_Nuclear_Localization/251219_YAPSMAD_Early_D14_Male_#3/tifs,/Volumes/D/YAPSMAD_Nuclear_Localization/251219_YAPSMAD_Early_D14_Male_#3/tifs,/Volumes/D/YAPSMAD_Nuclear_Localization/251219_YAPSMAD_Early_D14_Male_#3/tifs,2638,9.170263382057705,0.9237956443155184,0.10904812199359219,3.8455906732679184,3.0,35.83146438188851,39.31665547005832,24.256779017625377,0.0028938347552468755,0.013582814397986547,0.014903963407906869,0.009195139885377323,0.007518732133170689,0.011691160107092468,0.007591036133155783
2,25,ctrl_003_DAPI.tif,ctrl_003_W647.tif,ctrl_003_G488.tif,ctrl_003_R555.tif,/Volumes/D/YAPSMAD_Nuclear_Localization/251219_YAPSMAD_Early_D14_Male_#3/tifs,/Volumes/D/YAPSMAD_Nuclear_Localization/251219_YAPSMAD_Early_D14_Male_#3/tifs,/Volumes/D/YAPSMAD_Nuclear_Localization/251219_YAPSMAD_Early_D14_Male_#3/tifs,/Volumes/D/YAPSMAD_Nuclear_Localization/251219_YAPSMAD_Early_D14_Male_#3/tifs,1811,3.843061440391793,0.7820082558474833,0.2602092148435836,4.19453069586534,3.605551275463989,45.754467176506296,23.855481971986592,31.493919424479827,0.0035815140506800847,0.025264752720323743,0.013172546643835777,0.017390347556311334,0.01439205721991924,0.008102096578261355,0.008996959245487005
2,26,ctrl_003_DAPI.tif,ctrl_003_W647.tif,ctrl_003_G488.tif,ctrl_003_R555.tif,/Volumes/D/YAPSMAD_Nuclear_Localization/251219_YAPSMAD_Early_D14_Male_#3/tifs,/Volumes/D/YAPSMAD_Nuclear_Localization/251219_YAPSMAD_Early_D14_Male_#3/tifs,/Volumes/D/YAPSMAD_Nuclear_Localization/251219_YAPSMAD_Early_D14_Male_#3/tifs,/Volumes/D/YAPSMAD_Nuclear_Localization/251219_YAPSMAD_Early_D14_Male_#3/tifs,2159,13.297182852334426,0.8978054422605185,0.07520389928491071,2.8877443322365295,2.23606797749979,17.511696265544742,27.607553424779326,20.693751595681533,0.0031606247490069185,0.008111021892331979,0.012787194731254899,0.00958487799707343,0.00496367927880824,0.009888320995754613,0.007103800666862097
2,27,ctrl_003_DAPI.tif,ctrl_003_W647.tif,ctrl_003_G488.tif,ctrl_003_R555.tif,/Volumes/D/YAPSMAD_Nuclear_Localization/251219_YAPSMAD_Early_D14_Male_#3/tifs,/Volumes/D/YAPSMAD_Nuclear_Localization/251219_YAPSMAD_Early_D14_Male_#3/tifs,/Volumes/D/YAPSMAD_Nuclear_Localization/251219_YAPSMAD_Early_D14_Male_#3/tifs,/Volumes/D/YAPSMAD_Nuclear_Localization/251219_YAPSMAD_Early_D14_Male_#3/tifs,2515,7.473762967985629,0.9395752978104877,0.13380140690620881,3.877353135498495,3.605551275463989,37.10711859399453,39.86070064478554,35.51342050707899,0.0031230394547957017,0.014754321508546532,0.015849185147032024,0.014120644336810732,0.008893570066852879,0.011664291901406432,0.009697583709497484
2,28,ctrl_003_DAPI.tif,ctrl_003_W647.tif,ctrl_003_G488.tif,ctrl_003_R555.tif,/Volumes/D/YAPSMAD_Nuclear_Localization/251219_YAPSMAD_Early_D14_Male_#3/tifs,/Volumes/D/YAPSMAD_Nuclear_Localization/251219_YAPSMAD_Early_D14_Male_#3/tifs,/Volumes/D/YAPSMAD_Nuclear_Localization/251219_YAPSMAD_Early_D14_Male_#3/tifs,/Volumes/D/YAPSMAD_Nuclear_Localization/251219_YAPSMAD_Early_D14_Male_#3/tifs,3537,8.88252262756434,0.6663976300995436,0.11258063074298165,4.339694927196326,3.605551275463989,51.22372812055983,44.805325783090666,24.719112236751243,0.0026273645764990383,0.014482252790658701,0.01266760695026595,0.00698872271324604,0.007620692041951163,0.009589118378271389,0.0035356887518847215
2,29,ctrl_003_DAPI.tif,ctrl_003_W647.tif,ctrl_003_G488.tif,ctrl_003_R555.tif,/Volumes/D/YAPSMAD_Nuclear_Localization/251219_YAPSMAD_Early_D14_Male_#3/tifs,/Volumes/D/YAPSMAD_Nuclear_Localization/251219_YAPSMAD_Early_D14_Male_#3/tifs,/Volumes/D/YAPSMAD_Nuclear_Localization/251219_YAPSMAD_Early_D14_Male_#3/tifs,/Volumes/D/YAPSMAD_Nuclear_Localization/251219_YAPSMAD_Early_D14_Male_#3/tifs,1654,2.6073418135112827,0.46519004284073623,0.38353237570079446,4.547595483546804,4.123105625617661,31.336446355562657,26.060654741944745,32.97489903517999,0.0036454855254935744,0.018945856321380083,0.015756139505407947,0.0199364564904353,0.009681210440930909,0.009662840809684306,0.011281800029059836
2,30,ctrl_003_DAPI.tif,ctrl_003_W647.tif,ctrl_003_G488.tif,ctrl_003_R555.tif,/Volumes/D/YAPSMAD_Nuclear_Localization/251219_YAPSMAD_Early_D14_Male_#3/tifs,/Volumes/D/YAPSMAD_Nuclear_Localization/251219_YAPSMAD_Early_D14_Male_#3/tifs,/Volumes/D/YAPSMAD_Nuclear_Localization/251219_YAPSMAD_Early_D14_Male_#3/tifs,/Volumes/D/YAPSMAD_Nuclear_Localization/251219_YAPSMAD_Early_D14_Male_#3/tifs,2209,5.588105952756976,0.9092989237490506,0.17895151030674983,4.100582413494629,3.605551275463989,21.889112886739895,37.30632500280626,29.288426227867603,0.0031363541572770014,0.009909059704273379,0.016888331825625286,0.013258680954218019,0.006596159026978952,0.011341445674461569,0.008044407896118096
2,31,ctrl_003_DAPI.tif,ctrl_003_W647.tif,ctrl_003_G488.tif,ctrl_003_R555.tif,/Volumes/D/YAPSMAD_Nuclear_Localization/251219_YAPSMAD_Early_D14_Male_#3/tifs,/Volumes/D/YAPSMAD_Nuclear_Localization/251219_YAPSMAD_Early_D14_Male_#3/tifs,/Volumes/D/YAPSMAD_Nuclear_Localization/251219_YAPSMAD_Early_D14_Male_#3/tifs,/Volumes/D/YAPSMAD_Nuclear_Localization/251219_YAPSMAD_Early_D14_Male_#3/tifs,1956,6.115601147539296,0.7442413676636102,0.1635162228331985,3.778146204362131,3.0,22.109544733772054,35.0906387809664,28.496269366238266,0.0034355890790975685,0.011303448227899823,0.017939999376772188,0.014568644870264963,0.005606002470664636,0.010922324761482603,0.009186300888818392
2,32,ctrl_003_DAPI.tif,ctrl_003_W647.tif,ctrl_003_G488.tif,ctrl_003_R555.tif,/Volumes/D/YAPSMAD_Nuclear_Localization/251219_YAPSMAD_Early_D14_Male_#3/tifs,/Volumes/D/YAPSMAD_Nuclear_Localization/251219_YAPSMAD_Early_D14_Male_#3/tifs,/Volumes/D/YAPSMAD_Nuclear_Localization/251219_YAPSMAD_Early_D14_Male_#3/tifs,/Volumes/D/YAPSMAD_Nuclear_Localization/251219_YAPSMAD_Early_D14_Male_#3/tifs,2530,10.037694011833365,0.7813345410129382,0.09962447538459603,3.5610690184759575,2.8284271247461903,31.278813124168664,30.095826932461932,18.233249578857794,0.0030090610351295693,0.012363167242754413,0.011895583767771514,0.007206818015358812,0.006554338311035491,0.009203236967953566,0.004872857064397594
2,33,ctrl_003_DAPI.tif,ctrl_003_W647.tif,ctrl_003_G488.tif,ctrl_003_R555.tif,/Volumes/D/YAPSMAD_Nuclear_Localization/251219_YAPSMAD_Early_D14_Male_#3/tifs,/Volumes/D/YAPSMAD_Nuclear_Localization/251219_YAPSMAD_Early_D14_Male_#3/tifs,/Volumes/D/YAPSMAD_Nuclear_Localization/251219_YAPSMAD_Early_D14_Male_#3/tifs,/Volumes/D/YAPSMAD_Nuclear_Localization/251219_YAPSMAD_Early_D14_Male_#3/tifs,1333,11.83783856068404,0.8853805937306867,0.0844748806865141,2.5983498911081844,2.0,15.432974881492555,22.919997076736763,6.816968127852306,0.003228822787308371,0.011577625567511294,0.017194296381647985,0.005114004597038489,0.007910441141660507,0.012788366105634523,0.002549702856123074
2,34,ctrl_003_DAPI.tif,ctrl_003_W647.tif,ctrl_003_G488.tif,ctrl_003_R555.tif,/Volumes/D/YAPSMAD_Nuclear_Localization/251219_YAPSMAD_Early_D14_Male_#3/tifs,/Volumes/D/YAPSMAD_Nuclear_Localization/251219_YAPSMAD_Early_D14_Male_#3/tifs,/Volumes/D/YAPSMAD_Nuclear_Localization/251219_YAPSMAD_Early_D14_Male_#3/tifs,/Volumes/D/YAPSMAD_Nuclear_Localization/251219_YAPSMAD_Early_D14_Male_#3/tifs,1714,8.03447711660628,0.6174487838105396,0.12446360671475717,2.963548830002533,2.8284271247461903,21.562966533005238,24.1541009999346,19.01879926561378,0.0035156110014175276,0.012580493893235262,0.014092240956787981,0.011096148929763,0.006646786203137377,0.010514824982253038,0.007629542936738351
2,35,ctrl_003_DAPI.tif,ctrl_003_W647.tif,ctrl_003_G488.tif,ctrl_003_R555.tif,/Volumes/D/YAPSMAD_Nuclear_Localization/251219_YAPSMAD_Early_D14_Male_#3/tifs,/Volumes/D/YAPSMAD_Nuclear_Localization/251219_YAPSMAD_Early_D14_Male_#3/tifs,/Volumes/D/YAPSMAD_Nuclear_Localization/251219_YAPSMAD_Early_D14_Male_#3/tifs,/Volumes/D/YAPSMAD_Nuclear_Localization/251219_YAPSMAD_Early_D14_Male_#3/tifs,946,3.525589370971442,0.58336424411669,0.28364051929407186,3.1904001310853007,2.8284271247461903,6.668375777080655,16.2431525811553,11.171679344493896,0.004244443745131803,0.007049023020169826,0.017170351565703276,0.01180938619925359,0.0026017387421806565,0.011817942324752088,0.0064126082382774605
2,36,ctrl_003_DAPI.tif,ctrl_003_W647.tif,ctrl_003_G488.tif,ctrl_003_R555.tif,/Volumes/D/YAPSMAD_Nuclear_Localization/251219_YAPSMAD_Early_D14_Male_#3/tifs,/Volumes/D/YAPSMAD_Nuclear_Localization/251219_YAPSMAD_Early_D14_Male_#3/tifs,/Volumes/D/YAPSMAD_Nuclear_Localization/251219_YAPSMAD_Early_D14_Male_#3/tifs,/Volumes/D/YAPSMAD_Nuclear_Localization/251219_YAPSMAD_Early_D14_Male_#3/tifs,2130,11.726437596314026,0.6503436802516738,0.08527739066418008,3.1393944323205734,2.8284271247461903,30.966460841009393,41.67339607514441,14.723720309557393,0.0026571688276142793,0.01453824452629549,0.01956497468316639,0.006912544746271077,0.011390135047077626,0.016652731314465874,0.00447330275297938
2,37,ctrl_003_DAPI.tif,ctrl_003_W647.tif,ctrl_003_G488.tif,ctrl_003_R555.tif,/Volumes/D/YAPSMAD_Nuclear_Localization/251219_YAPSMAD_Early_D14_Male_#3/tifs,/Volumes/D/YAPSMAD_Nuclear_Localization/251219_YAPSMAD_Early_D14_Male_#3/tifs,/Volumes/D/YAPSMAD_Nuclear_Localization/251219_YAPSMAD_Early_D14_Male_#3/tifs,/Volumes/D/YAPSMAD_Nuclear_Localization/251219_YAPSMAD_Early_D14_Male_#3/tifs,5760,7.981794502547865,0.8718575723769502,0.12528510971822068,6.195491513298228,5.0,49.8934620723594,50.96928406576626,38.11517541226931,0.002456050844880843,0.008662059387562395,0.008848834039195532,0.006617217953518977,0.0052247581228636,0.007549130008532571,0.00627041066342751
2,38,ctrl_003_DAPI.tif,ctrl_003_W647.tif,ctrl_003_G488.tif,ctrl_003_R555.tif,/Volumes/D/YAPSMAD_Nuclear_Localization/251219_YAPSMAD_Early_D14_Male_#3/tifs,/Volumes/D/YAPSMAD_Nuclear_Localization/251219_YAPSMAD_Early_D14_Male_#3/tifs,/Volumes/D/YAPSMAD_Nuclear_Localization/251219_YAPSMAD_Early_D14_Male_#3/tifs,/Volumes/D/YAPSMAD_Nuclear_Localization/251219_YAPSMAD_Early_D14_Male_#3/tifs,1946,7.0895050068232015,0.9110958359114433,0.14105357130541032,3.5585431518750994,3.0,19.636469294317067,22.095628538168967,18.393011478940025,0.0033512528976645676,0.010090683090604865,0.011354382599264629,0.009451701684964042,0.005507005321121707,0.008599184528008742,0.007180261627083527
2,39,ctrl_003_DAPI.tif,ctrl_003_W647.tif,ctrl_003_G488.tif,ctrl_003_R555.tif,/Volumes/D/YAPSMAD_Nuclear_Localization/251219_YAPSMAD_Early_D14_Male_#3/tifs,/Volumes/D/YAPSMAD_Nuclear_Localization/251219_YAPSMAD_Early_D14_Male_#3/tifs,/Volumes/D/YAPSMAD_Nuclear_Localization/251219_YAPSMAD_Early_D14_Male_#3/tifs,/Volumes/D/YAPSMAD_Nuclear_Localization/251219_YAPSMAD_Early_D14_Male_#3/tifs,2464,8.489971998810528,0.781145222146432,0.11778601862763542,3.793835351240754,3.1622776601683795,22.79671954526566,28.520241243531927,20.028000463265926,0.0029002979149068283,0.00925191539986431,0.011574773231952893,0.008128246941260521,0.006357079589405021,0.010352914213885865,0.006824809191766708
2,40,ctrl_003_DAPI.tif,ctrl_003_W647.tif,ctrl_003_G488.tif,ctrl_003_R555.tif,/Volumes/D/YAPSMAD_Nuclear_Localization/251219_YAPSMAD_Early_D14_Male_#3/tifs,/Volumes/D/YAPSMAD_Nuclear_Localization/251219_YAPSMAD_Early_D14_Male_#3/tifs,/Volumes/D/YAPSMAD_Nuclear_Localization/251219_YAPSMAD_Early_D14_Male_#3/tifs,/Volumes/D/YAPSMAD_Nuclear_Localization/251219_YAPSMAD_Early_D14_Male_#3/tifs,2189,7.33858618546121,0.8047533109149034,0.1362660292770211,3.680866625554693,3.1622776601683795,25.306096197105944,27.28699185932055,27.796078622108325,0.0033388956712219354,0.011560573868024643,0.012465505646103495,0.012698071549615499,0.0066781366654680135,0.00859073213365895,0.009179051272808969
2,41,ctrl_003_DAPI.tif,ctrl_003_W647.tif,ctrl_003_G488.tif,ctrl_003_R555.tif,/Volumes/D/YAPSMAD_Nuclear_Localization/251219_YAPSMAD_Early_D14_Male_#3/tifs,/Volumes/D/YAPSMAD_Nuclear_Localization/251219_YAPSMAD_Early_D14_Male_#3/tifs,/Volumes/D/YAPSMAD_Nuclear_Localization/251219_YAPSMAD_Early_D14_Male_#3/tifs,/Volumes/D/YAPSMAD_Nuclear_Localization/251219_YAPSMAD_Early_D14_Male_#3/tifs,1630,8.137787418567008,0.7305332684847917,0.12288352454604806,3.3933661527208683,2.8284271247461903,13.523888143477961,17.505638361675665,11.485420133918524,0.0032426170559108625,0.008296863891704271,0.010739655436610837,0.0070462700208089105,0.006079895519544292,0.007874220885645287,0.004194385973976193
3,1,TGFb_004_DAPI.1.tif,TGFb_004_W647.1.tif,TGFb_004_G488.1.tif,TGFb_004_R555.1.tif,/Volumes/D/YAPSMAD_Nuclear_Localization/251219_YAPSMAD_Early_D14_Male_#3/tifs,/Volumes/D/YAPSMAD_Nuclear_Localization/251219_YAPSMAD_Early_D14_Male_#3/tifs,/Volumes/D/YAPSMAD_Nuclear_Localization/251219_YAPSMAD_Early_D14_Male_#3/tifs,/Volumes/D/YAPSMAD_Nuclear_Localization/251219_YAPSMAD_Early_D14_Male_#3/tifs,2389,3.7721374972538544,0.6238608325019731,0.2651016832573065,5.086214201709435,4.242640687119285,56.30788149358705,29.65478015737608,27.84274076879956,0.002853360459015129,0.023569644827788633,0.012413051551852692,0.011654558714441004,0.01090238784379805,0.005233205431379348,0.003785627516005336
3,2,TGFb_004_DAPI.1.tif,TGFb_004_W647.1.tif,TGFb_004_G488.1.tif,TGFb_004_R555.1.tif,/Volumes/D/YAPSMAD_Nuclear_Localization/251219_YAPSMAD_Early_D14_Male_#3/tifs,/Volumes/D/YAPSMAD_Nuclear_Localization/251219_YAPSMAD_Early_D14_Male_#3/tifs,/Volumes/D/YAPSMAD_Nuclear_Localization/251219_YAPSMAD_Early_D14_Male_#3/tifs,/Volumes/D/YAPSMAD_Nuclear_Localization/251219_YAPSMAD_Early_D14_Male_#3/tifs,2069,7.67653598315433,0.779734866855842,0.13026708950422905,4.335923753836688,3.1622776601683795,15.440085656940937,21.93621749500744,8.460959919029847,0.002523203562146594,0.0074625836911266005,0.01060232841711331,0.004089395804267688,0.003765519230356159,0.0061777006990869476,0.001562259965842291
3,3,TGFb_004_DAPI.1.tif,TGFb_004_W647.1.tif,TGFb_004_G488.1.tif,TGFb_004_R555.1.tif,/Volumes/D/YAPSMAD_Nuclear_Localization/251219_YAPSMAD_Early_D14_Male_#3/tifs,/Volumes/D/YAPSMAD_Nuclear_Localization/251219_YAPSMAD_Early_D14_Male_#3/tifs,/Volumes/D/YAPSMAD_Nuclear_Localization/251219_YAPSMAD_Early_D14_Male_#3/tifs,/Volumes/D/YAPSMAD_Nuclear_Localization/251219_YAPSMAD_Early_D14_Male_#3/tifs,984,5.4066648095100565,0.8765579503736055,0.18495690693476122,3.0024025548094753,2.23606797749979,19.856778890127316,12.809796378482133,8.379949751775712,0.003145591549412537,0.02017965334362532,0.013018085750489973,0.008516209097333041,0.014697853523574929,0.007529613004407091,0.003394013951412082
3,4,TGFb_004_DAPI.1.tif,TGFb_004_W647.1.tif,TGFb_004_G488.1.tif,TGFb_004_R555.1.tif,/Volumes/D/YAPSMAD_Nuclear_Localization/251219_YAPSMAD_Early_D14_Male_#3/tifs,/Volumes/D/YAPSMAD_Nuclear_Localization/251219_YAPSMAD_Early_D14_Male_#3/tifs,/Volumes/D/YAPSMAD_Nuclear_Localization/251219_YAPSMAD_Early_D14_Male_#3/tifs,/Volumes/D/YAPSMAD_Nuclear_Localization/251219_YAPSMAD_Early_D14_Male_#3/tifs,1039,4.750079467713733,0.3392984753282434,0.21052279373366173,2.8983905635724065,2.8284271247461903,13.871229224139825,9.267399217002094,9.450370113831013,0.004231595562652643,0.013350557482328993,0.008919537263717126,0.009095640148056798,0.008168697146803343,0.004526009182982597,0.005045374995258567
3,5,TGFb_004_DAPI.1.tif,TGFb_004_W647.1.tif,TGFb_004_G488.1.tif,TGFb_004_R555.1.tif,/Volumes/D/YAPSMAD_Nuclear_Localization/251219_YAPSMAD_Early_D14_Male_#3/tifs,/Volumes/D/YAPSMAD_Nuclear_Localization/251219_YAPSMAD_Early_D14_Male_#3/tifs,/Volumes/D/YAPSMAD_Nuclear_Localization/251219_YAPSMAD_Early_D14_Male_#3/tifs,/Volumes/D/YAPSMAD_Nuclear_Localization/251219_YAPSMAD_Early_D14_Male_#3/tifs,1543,5.885385906112611,0.887908554428272,0.16991239248413456,3.5630420565577787,3.0,26.591012576129287,13.413580697961152,13.546059511601925,0.002991777002583279,0.01723331988083557,0.00869318256510768,0.008779040513027818,0.01012403998177283,0.003895908456447475,0.003572981444308019
3,6,TGFb_004_DAPI.1.tif,TGFb_004_W647.1.tif,TGFb_004_G488.1.tif,TGFb_004_R555.1.tif,/Volumes/D/YAPSMAD_Nuclear_Localization/251219_YAPSMAD_Early_D14_Male_#3/tifs,/Volumes/D/YAPSMAD_Nuclear_Localization/251219_YAPSMAD_Early_D14_Male_#3/tifs,/Volumes/D/YAPSMAD_Nuclear_Localization/251219_YAPSMAD_Early_D14_Male_#3/tifs,/Volumes/D/YAPSMAD_Nuclear_Localization/251219_YAPSMAD_Early_D14_Male_#3/tifs,1776,4.005205311883338,0.8915774348883668,0.2496750908206944,4.2997894984801315,3.605551275463989,32.34201591392048,16.983016905840486,18.38376455195248,0.0025020671986370675,0.018210594546126394,0.009562509519054328,0.010351218779252522,0.00802115935694334,0.003968970361104124,0.00456261144954061
3,7,TGFb_004_DAPI.1.tif,TGFb_004_W647.1.tif,TGFb_004_G488.1.tif,TGFb_004_R555.1.tif,/Volumes/D/YAPSMAD_Nuclear_Localization/251219_YAPSMAD_Early_D14_Male_#3/tifs,/Volumes/D/YAPSMAD_Nuclear_Localization/251219_YAPSMAD_Early_D14_Male_#3/tifs,/Volumes/D/YAPSMAD_Nuclear_Localization/251219_YAPSMAD_Early_D14_Male_#3/tifs,/Volumes/D/YAPSMAD_Nuclear_Localization/251219_YAPSMAD_Early_D14_Male_#3/tifs,1563,3.84389643276644,0.8173253603019198,0.26015269076339376,3.7994586183019172,3.605551275463989,19.672419496579096,13.768963328097016,12.466010663891211,0.0025959862702986747,0.012586320855136977,0.008809317548366613,0.007975694602617538,0.0076643933675964015,0.003876276301991766,0.004032331968143622
3,8,TGFb_004_DAPI.1.tif,TGFb_004_W647.1.tif,TGFb_004_G488.1.tif,TGFb_004_R555.1.tif,/Volumes/D/YAPSMAD_Nuclear_Localization/251219_YAPSMAD_Early_D14_Male_#3/tifs,/Volumes/D/YAPSMAD_Nuclear_Localization/251219_YAPSMAD_Early_D14_Male_#3/tifs,/Volumes/D/YAPSMAD_Nuclear_Localization/251219_YAPSMAD_Early_D14_Male_#3/tifs,/Volumes/D/YAPSMAD_Nuclear_Localization/251219_YAPSMAD_Early_D14_Male_#3/tifs,1330,8.229979754963288,0.6848441863681656,0.12150698176346374,3.1807183255987033,2.23606797749979,12.610406782943755,18.78638908872381,16.304188755108044,0.0023161933305708314,0.009481508859356207,0.014125104577987825,0.01225878853767522,0.007249293947484948,0.008465143124782356,0.00616547505702818
3,9,TGFb_004_DAPI.1.tif,TGFb_004_W647.1.tif,TGFb_004_G488.1.tif,TGFb_004_R555.1.tif,/Volumes/D/YAPSMAD_Nuclear_Localization/251219_YAPSMAD_Early_D14_Male_#3/tifs,/Volumes/D/YAPSMAD_Nuclear_Localization/251219_YAPSMAD_Early_D14_Male_#3/tifs,/Volumes/D/YAPSMAD_Nuclear_Localization/251219_YAPSMAD_Early_D14_Male_#3/tifs,/Volumes/D/YAPSMAD_Nuclear_Localization/251219_YAPSMAD_Early_D14_Male_#3/tifs,2319,4.175861560168977,0.824788829707921,0.23947154032556928,4.783540329450676,4.123105625617661,31.539742356864735,19.054429199546576,24.129274603212252,0.002321779619301571,0.01360057885160187,0.008216657697087786,0.010405034326525335,0.006978943933376328,0.0035894568353178375,0.005917389650596645
3,10,TGFb_004_DAPI.1.tif,TGFb_004_W647.1.tif,TGFb_004_G488.1.tif,TGFb_004_R555.1.tif,/Volumes/D/YAPSMAD_Nuclear_Localization/251219_YAPSMAD_Early_D14_Male_#3/tifs,/Volumes/D/YAPSMAD_Nuclear_Localization/251219_YAPSMAD_Early_D14_Male_#3/tifs,/Volumes/D/YAPSMAD_Nuclear_Localization/251219_YAPSMAD_Early_D14_Male_#3/tifs,/Volumes/D/YAPSMAD_Nuclear_Localization/251219_YAPSMAD_Early_D14_Male_#3/tifs,3333,17.38143244675327,0.7786780507776314,0.057532657510445465,3.2601914283932945,2.8284271247461903,35.079621894983575,36.17244255868718,21.777279591886327,0.0017462217777368366,0.010524939062401312,0.010852818049411095,0.006533837261292027,0.007437784785737036,0.00705557676715603,0.003814521293491255
3,11,TGFb_004_DAPI.1.tif,TGFb_004_W647.1.tif,TGFb_004_G488.1.tif,TGFb_004_R555.1.tif,/Volumes/D/YAPSMAD_Nuclear_Localization/251219_YAPSMAD_Early_D14_Male_#3/tifs,/Volumes/D/YAPSMAD_Nuclear_Localization/251219_YAPSMAD_Early_D14_Male_#3/tifs,/Volumes/D/YAPSMAD_Nuclear_Localization/251219_YAPSMAD_Early_D14_Male_#3/tifs,/Volumes/D/YAPSMAD_Nuclear_Localization/251219_YAPSMAD_Early_D14_Male_#3/tifs,2880,4.679882415639558,0.902466550576267,0.21368058237064463,4.760981979350961,4.123105625617661,46.32352206623182,38.0707105724141,34.50119814183563,0.0023736521312255517,0.01608455627299716,0.013218996726532675,0.01197958268813737,0.009191873998877186,0.009669385647216274,0.006001350713171795
3,12,TGFb_004_DAPI.1.tif,TGFb_004_W647.1.tif,TGFb_004_G488.1.tif,TGFb_004_R555.1.tif,/Volumes/D/YAPSMAD_Nuclear_Localization/251219_YAPSMAD_Early_D14_Male_#3/tifs,/Volumes/D/YAPSMAD_Nuclear_Localization/251219_YAPSMAD_Early_D14_Male_#3/tifs,/Volumes/D/YAPSMAD_Nuclear_Localization/251219_YAPSMAD_Early_D14_Male_#3/tifs,/Volumes/D/YAPSMAD_Nuclear_Localization/251219_YAPSMAD_Early_D14_Male_#3/tifs,2485,5.933526401046106,0.7860808487766527,0.16853384183538742,4.020365752612769,3.605551275463989,28.4170750931371,24.71987508959137,16.92234702850692,0.0013741962014841781,0.011435442693415333,0.0099476358509422,0.006809797596984676,0.008616161566512553,0.006797095039739762,0.00401745100006078
3,13,TGFb_004_DAPI.1.tif,TGFb_004_W647.1.tif,TGFb_004_G488.1.tif,TGFb_004_R555.1.tif,/Volumes/D/YAPSMAD_Nuclear_Localization/251219_YAPSMAD_Early_D14_Male_#3/tifs,/Volumes/D/YAPSMAD_Nuclear_Localization/251219_YAPSMAD_Early_D14_Male_#3/tifs,/Volumes/D/YAPSMAD_Nuclear_Localization/251219_YAPSMAD_Early_D14_Male_#3/tifs,/Volumes/D/YAPSMAD_Nuclear_Localization/251219_YAPSMAD_Early_D14_Male_#3/tifs,2593,6.583607067549574,0.9378016835811652,0.15189241850853671,3.9260283208578683,3.1622776601683795,47.7251242545899,27.302510396111757,26.809201412601396,0.0034687705584929237,0.018405369940065523,0.01052931368920623,0.010339067262862088,0.010031793824770055,0.005406928935951958,0.004931495488031626
3,14,TGFb_004_DAPI.1.tif,TGFb_004_W647.1.tif,TGFb_004_G488.1.tif,TGFb_004_R555.1.tif,/Volumes/D/YAPSMAD_Nuclear_Localization/251219_YAPSMAD_Early_D14_Male_#3/tifs,/Volumes/D/YAPSMAD_Nuclear_Localization/251219_YAPSMAD_Early_D14_Male_#3/tifs,/Volumes/D/YAPSMAD_Nuclear_Localization/251219_YAPSMAD_Early_D14_Male_#3/tifs,/Volumes/D/YAPSMAD_Nuclear_Localization/251219_YAPSMAD_Early_D14_Male_#3/tifs,1647,4.812467887864785,0.23392261949924106,0.20779359432644112,3.7934690374828226,3.1622776601683795,29.12523095193319,23.24936311226338,20.459693441400304,0.002296348466126799,0.017683807499655854,0.014116188896334779,0.012422400389435522,0.009692468553463594,0.008324387943333254,0.007270220665189105
3,15,TGFb_004_DAPI.1.tif,TGFb_004_W647.1.tif,TGFb_004_G488.1.tif,TGFb_004_R555.1.tif,/Volumes/D/YAPSMAD_Nuclear_Localization/251219_YAPSMAD_Early_D14_Male_#3/tifs,/Volumes/D/YAPSMAD_Nuclear_Localization/251219_YAPSMAD_Early_D14_Male_#3/tifs,/Volumes/D/YAPSMAD_Nuclear_Localization/251219_YAPSMAD_Early_D14_Male_#3/tifs,/Volumes/D/YAPSMAD_Nuclear_Localization/251219_YAPSMAD_Early_D14_Male_#3/tifs,1788,4.647602773311596,0.7464527819387543,0.21516468785637236,3.682005894128666,3.1622776601683795,33.32072955695912,25.41757860360667,13.957274893997237,0.00311505935395499,0.01863575478577132,0.014215647988594335,0.007806082155479439,0.012501818514221308,0.00881492419558051,0.003344376672752327
3,16,TGFb_004_DAPI.1.tif,TGFb_004_W647.1.tif,TGFb_004_G488.1.tif,TGFb_004_R555.1.tif,/Volumes/D/YAPSMAD_Nuclear_Localization/251219_YAPSMAD_Early_D14_Male_#3/tifs,/Volumes/D/YAPSMAD_Nuclear_Localization/251219_YAPSMAD_Early_D14_Male_#3/tifs,/Volumes/D/YAPSMAD_Nuclear_Localization/251219_YAPSMAD_Early_D14_Male_#3/tifs,/Volumes/D/YAPSMAD_Nuclear_Localization/251219_YAPSMAD_Early_D14_Male_#3/tifs,1336,4.709215483195379,0.7332358644242071,0.21234959486743693,3.634952056583175,3.0,25.598062238423154,20.318654282018542,17.140505167189986,0.003101156368882334,0.019160226226364634,0.015208573564385137,0.01282971943651945,0.012634544222489849,0.011631606086711013,0.006458479186272079
3,17,TGFb_004_DAPI.1.tif,TGFb_004_W647.1.tif,TGFb_004_G488.1.tif,TGFb_004_R555.1.tif,/Volumes/D/YAPSMAD_Nuclear_Localization/251219_YAPSMAD_Early_D14_Male_#3/tifs,/Volumes/D/YAPSMAD_Nuclear_Localization/251219_YAPSMAD_Early_D14_Male_#3/tifs,/Volumes/D/YAPSMAD_Nuclear_Localization/251219_YAPSMAD_Early_D14_Male_#3/tifs,/Volumes/D/YAPSMAD_Nuclear_Localization/251219_YAPSMAD_Early_D14_Male_#3/tifs,3236,8.514693508301203,0.6908802725822677,0.11744403941552015,4.693988985849327,3.605551275463989,32.65296440105885,31.963805966079235,28.85424611205235,0.002446522001880457,0.010090532880426098,0.009877566738590617,0.008916639713242382,0.007424115042693655,0.005336305126064197,0.00477623371919875
3,18,TGFb_004_DAPI.1.tif,TGFb_004_W647.1.tif,TGFb_004_G488.1.tif,TGFb_004_R555.1.tif,/Volumes/D/YAPSMAD_Nuclear_Localization/251219_YAPSMAD_Early_D14_Male_#3/tifs,/Volumes/D/YAPSMAD_Nuclear_Localization/251219_YAPSMAD_Early_D14_Male_#3/tifs,/Volumes/D/YAPSMAD_Nuclear_Localization/251219_YAPSMAD_Early_D14_Male_#3/tifs,/Volumes/D/YAPSMAD_Nuclear_Localization/251219_YAPSMAD_Early_D14_Male_#3/tifs,3882,5.23051470842141,0.892495399884701,0.19118577343639745,7.020097917917321,5.743903072168841,77.40782814030536,59.31900547584519,35.31065873033367,0.0021593049123004226,0.019940192720325954,0.0152805269128916,0.009095996581744892,0.013141994239883827,0.010621042134374797,0.00553932191135954
3,19,TGFb_004_DAPI.1.tif,TGFb_004_W647.1.tif,TGFb_004_G488.1.tif,TGFb_004_R555.1.tif,/Volumes/D/YAPSMAD_Nuclear_Localization/251219_YAPSMAD_Early_D14_Male_#3/tifs,/Volumes/D/YAPSMAD_Nuclear_Localization/251219_YAPSMAD_Early_D14_Male_#3/tifs,/Volumes/D/YAPSMAD_Nuclear_Localization/251219_YAPSMAD_Early_D14_Male_#3/tifs,/Volumes/D/YAPSMAD_Nuclear_Localization/251219_YAPSMAD_Early_D14_Male_#3/tifs,2684,7.36427810600372,0.9177406039587036,0.13579063495507468,4.288590411342605,3.605551275463989,46.15185800730251,30.59363731974736,28.757778533967212,0.0030358574690953753,0.01719517809512016,0.01139852359156012,0.01071452255363905,0.011193162722596869,0.007338397860131826,0.005884524313374825
3,20,TGFb_004_DAPI.1.tif,TGFb_004_W647.1.tif,TGFb_004_G488.1.tif,TGFb_004_R555.1.tif,/Volumes/D/YAPSMAD_Nuclear_Localization/251219_YAPSMAD_Early_D14_Male_#3/tifs,/Volumes/D/YAPSMAD_Nuclear_Localization/251219_YAPSMAD_Early_D14_Male_#3/tifs,/Volumes/D/YAPSMAD_Nuclear_Localization/251219_YAPSMAD_Early_D14_Male_#3/tifs,/Volumes/D/YAPSMAD_Nuclear_Localization/251219_YAPSMAD_Early_D14_Male_#3/tifs,2085,6.297534396271681,0.8135583459375479,0.15879230458701873,3.80823583567151,3.1622776601683795,18.726619601016864,28.051667268387973,21.90478389686905,0.002623688196651727,0.00898159213478027,0.013454037059178884,0.010505891557251342,0.003834270627078522,0.009112732509941294,0.005486324587273422
3,21,TGFb_004_DAPI.1.tif,TGFb_004_W647.1.tif,TGFb_004_G488.1.tif,TGFb_004_R555.1.tif,/Volumes/D/YAPSMAD_Nuclear_Localization/251219_YAPSMAD_Early_D14_Male_#3/tifs,/Volumes/D/YAPSMAD_Nuclear_Localization/251219_YAPSMAD_Early_D14_Male_#3/tifs,/Volumes/D/YAPSMAD_Nuclear_Localization/251219_YAPSMAD_Early_D14_Male_#3/tifs,/Volumes/D/YAPSMAD_Nuclear_Localization/251219_YAPSMAD_Early_D14_Male_#3/tifs,1926,3.361347590908538,0.7579609938801551,0.29749972978239664,4.744935119598672,4.123105625617661,25.76740693440661,18.808301116805524,14.515556675381958,0.0019407479399776517,0.01337871595763583,0.00976547306168511,0.0075366337878411,0.009493957239541335,0.00664484375774632,0.005156708507615905
3,22,TGFb_004_DAPI.1.tif,TGFb_004_W647.1.tif,TGFb_004_G488.1.tif,TGFb_004_R555.1.tif,/Volumes/D/YAPSMAD_Nuclear_Localization/251219_YAPSMAD_Early_D14_Male_#3/tifs,/Volumes/D/YAPSMAD_Nuclear_Localization/251219_YAPSMAD_Early_D14_Male_#3/tifs,/Volumes/D/YAPSMAD_Nuclear_Localization/251219_YAPSMAD_Early_D14_Male_#3/tifs,/Volumes/D/YAPSMAD_Nuclear_Localization/251219_YAPSMAD_Early_D14_Male_#3/tifs,2462,5.422297593258879,0.5798709434420536,0.184423665946189,4.224378708186428,3.605551275463989,34.67512039933354,27.580285597825423,22.916640175273642,0.002149241299226208,0.014084126888437668,0.011202390575883599,0.009308139794993356,0.00755777908428052,0.006091314726265153,0.00470730904495501
3,23,TGFb_004_DAPI.1.tif,TGFb_004_W647.1.tif,TGFb_004_G488.1.tif,TGFb_004_R555.1.tif,/Volumes/D/YAPSMAD_Nuclear_Localization/251219_YAPSMAD_Early_D14_Male_#3/tifs,/Volumes/D/YAPSMAD_Nuclear_Localization/251219_YAPSMAD_Early_D14_Male_#3/tifs,/Volumes/D/YAPSMAD_Nuclear_Localization/251219_YAPSMAD_Early_D14_Male_#3/tifs,/Volumes/D/YAPSMAD_Nuclear_Localization/251219_YAPSMAD_Early_D14_Male_#3/tifs,1633,6.510130383850364,0.7745429907273658,0.15360675455605208,3.411103409094413,3.0,22.521889209048823,25.010940884705633,17.307225313270465,0.002721235857545344,0.013791726398682683,0.015315946653218391,0.010598423339418532,0.008583408598471285,0.01155986444783805,0.005298826874499989
3,24,TGFb_004_DAPI.1.tif,TGFb_004_W647.1.tif,TGFb_004_G488.1.tif,TGFb_004_R555.1.tif,/Volumes/D/YAPSMAD_Nuclear_Localization/251219_YAPSMAD_Early_D14_Male_#3/tifs,/Volumes/D/YAPSMAD_Nuclear_Localization/251219_YAPSMAD_Early_D14_Male_#3/tifs,/Volumes/D/YAPSMAD_Nuclear_Localization/251219_YAPSMAD_Early_D14_Male_#3/tifs,/Volumes/D/YAPSMAD_Nuclear_Localization/251219_YAPSMAD_Early_D14_Male_#3/tifs,77,4.219823261251075,0.504872824184635,0.23697674951996078,1.1615081297903536,1.0,0.1961394688114524,2.26988631952554,0.23427176312543452,0.016635504705444365,0.002547265828720161,0.029479043110721297,0.0030424904302004483,0.0022439494162797362,0.012097225120913527,5.8823857450874926e-05
3,25,TGFb_004_DAPI.1.tif,TGFb_004_W647.1.tif,TGFb_004_G488.1.tif,TGFb_004_R555.1.tif,/Volumes/D/YAPSMAD_Nuclear_Localization/251219_YAPSMAD_Early_D14_Male_#3/tifs,/Volumes/D/YAPSMAD_Nuclear_Localization/251219_YAPSMAD_Early_D14_Male_#3/tifs,/Volumes/D/YAPSMAD_Nuclear_Localization/251219_YAPSMAD_Early_D14_Male_#3/tifs,/Volumes/D/YAPSMAD_Nuclear_Localization/251219_YAPSMAD_Early_D14_Male_#3/tifs,2485,16.72118577606313,0.8063007363754772,0.05980437113685618,3.125802095812394,2.23606797749979,23.632456165272743,23.208346935454756,15.477317636366934,0.0022637695539742706,0.009510042722443759,0.00933937502432787,0.0062282968355601345,0.006391784139359525,0.007311524956507907,0.003622173761047347
3,26,TGFb_004_DAPI.1.tif,TGFb_004_W647.1.tif,TGFb_004_G488.1.tif,TGFb_004_R555.1.tif,/Volumes/D/YAPSMAD_Nuclear_Localization/251219_YAPSMAD_Early_D14_Male_#3/tifs,/Volumes/D/YAPSMAD_Nuclear_Localization/251219_YAPSMAD_Early_D14_Male_#3/tifs,/Volumes/D/YAPSMAD_Nuclear_Localization/251219_YAPSMAD_Early_D14_Male_#3/tifs,/Volumes/D/YAPSMAD_Nuclear_Localization/251219_YAPSMAD_Early_D14_Male_#3/tifs,853,5.670948369203356,0.9325707013680606,0.17633734869296264,2.7537368233262676,2.23606797749979,7.941084987251088,10.137666983995587,5.343389110406861,0.002993755716751881,0.009309595530188848,0.01188472096599717,0.006264231079023283,0.006571466490661593,0.0075382178894922245,0.0025044287560263743
3,27,TGFb_004_DAPI.1.tif,TGFb_004_W647.1.tif,TGFb_004_G488.1.tif,TGFb_004_R555.1.tif,/Volumes/D/YAPSMAD_Nuclear_Localization/251219_YAPSMAD_Early_D14_Male_#3/tifs,/Volumes/D/YAPSMAD_Nuclear_Localization/251219_YAPSMAD_Early_D14_Male_#3/tifs,/Volumes/D/YAPSMAD_Nuclear_Localization/251219_YAPSMAD_Early_D14_Male_#3/tifs,/Volumes/D/YAPSMAD_Nuclear_Localization/251219_YAPSMAD_Early_D14_Male_#3/tifs,2286,9.191026268289232,0.896974581407862,0.10880177803975905,3.0959992928827518,2.8284271247461903,33.65143839479424,35.565270657651126,19.381750465603545,0.0026258801024330557,0.014720664214695643,0.015557861180074859,0.00847845602169884,0.0075550586340063,0.00997903818739162,0.003995319647575937
3,28,TGFb_004_DAPI.1.tif,TGFb_004_W647.1.tif,TGFb_004_G488.1.tif,TGFb_004_R555.1.tif,/Volumes/D/YAPSMAD_Nuclear_Localization/251219_YAPSMAD_Early_D14_Male_#3/tifs,/Volumes/D/YAPSMAD_Nuclear_Localization/251219_YAPSMAD_Early_D14_Male_#3/tifs,/Volumes/D/YAPSMAD_Nuclear_Localization/251219_YAPSMAD_Early_D14_Male_#3/tifs,/Volumes/D/YAPSMAD_Nuclear_Localization/251219_YAPSMAD_Early_D14_Male_#3/tifs,1930,7.892200478110506,0.6926634056837536,0.12670737429612441,3.3961457962488923,3.0,22.01646468299441,19.340749418828636,15.981719869654626,0.0023017957924812106,0.011407494654401249,0.010021113688512247,0.00828068387028737,0.007614235868821749,0.006242868092942097,0.004407776794484933
3,29,TGFb_004_DAPI.1.tif,TGFb_004_W647.1.tif,TGFb_004_G488.1.tif,TGFb_004_R555.1.tif,/Volumes/D/YAPSMAD_Nuclear_Localization/251219_YAPSMAD_Early_D14_Male_#3/tifs,/Volumes/D/YAPSMAD_Nuclear_Localization/251219_YAPSMAD_Early_D14_Male_#3/tifs,/Volumes/D/YAPSMAD_Nuclear_Localization/251219_YAPSMAD_Early_D14_Male_#3/tifs,/Volumes/D/YAPSMAD_Nuclear_Localization/251219_YAPSMAD_Early_D14_Male_#3/tifs,2752,9.17507414018547,0.7595751672172129,0.10899094489276634,3.9144266837205617,3.0,42.84689125674777,34.250446604564786,18.254871701821685,0.0018199488731625024,0.015569364555504277,0.012445656469681972,0.006633310938161949,0.009375572488934761,0.007325402536834509,0.003126802159874895
3,30,TGFb_004_DAPI.1.tif,TGFb_004_W647.1.tif,TGFb_004_G488.1.tif,TGFb_004_R555.1.tif,/Volumes/D/YAPSMAD_Nuclear_Localization/251219_YAPSMAD_Early_D14_Male_#3/tifs,/Volumes/D/YAPSMAD_Nuclear_Localization/251219_YAPSMAD_Early_D14_Male_#3/tifs,/Volumes/D/YAPSMAD_Nuclear_Localization/251219_YAPSMAD_Early_D14_Male_#3/tifs,/Volumes/D/YAPSMAD_Nuclear_Localization/251219_YAPSMAD_Early_D14_Male_#3/tifs,1200,4.936405959493868,0.5812301379693827,0.20257653203678783,3.0326293478969784,2.8284271247461903,16.22409409820102,14.403067182283849,8.141786931781098,0.0035492739477194844,0.013520078415167518,0.01200255598523654,0.0067848224431509155,0.007820487887684312,0.007634279935123955,0.003273875944937697
3,31,TGFb_004_DAPI.1.tif,TGFb_004_W647.1.tif,TGFb_004_G488.1.tif,TGFb_004_R555.1.tif,/Volumes/D/YAPSMAD_Nuclear_Localization/251219_YAPSMAD_Early_D14_Male_#3/tifs,/Volumes/D/YAPSMAD_Nuclear_Localization/251219_YAPSMAD_Early_D14_Male_#3/tifs,/Volumes/D/YAPSMAD_Nuclear_Localization/251219_YAPSMAD_Early_D14_Male_#3/tifs,/Volumes/D/YAPSMAD_Nuclear_Localization/251219_YAPSMAD_Early_D14_Male_#3/tifs,4691,9.59155367920346,0.7870473108458033,0.10425839581841821,5.745319300444906,4.123105625617661,66.5047231472563,77.1307397307828,48.40250284853391,0.0026623301391266057,0.014177088711843167,0.01644228090615707,0.010318163045946262,0.009291539215147224,0.010810180256591419,0.006091215443356305
3,32,TGFb_004_DAPI.1.tif,TGFb_004_W647.1.tif,TGFb_004_G488.1.tif,TGFb_004_R555.1.tif,/Volumes/D/YAPSMAD_Nuclear_Localization/251219_YAPSMAD_Early_D14_Male_#3/tifs,/Volumes/D/YAPSMAD_Nuclear_Localization/251219_YAPSMAD_Early_D14_Male_#3/tifs,/Volumes/D/YAPSMAD_Nuclear_Localization/251219_YAPSMAD_Early_D14_Male_#3/tifs,/Volumes/D/YAPSMAD_Nuclear_Localization/251219_YAPSMAD_Early_D14_Male_#3/tifs,48,3.819718634205488,0.6948733153225699,0.2617993877991494,1.0,1.0,0.01048294804058969,0.20665293978527188,0.12150759133510292,0.02018005655069525,0.00021839475084561855,0.004305269578859831,0.002531408152814644,8.83814575557588e-05,0.0003396773386824159,2.048150309515831e-05
3,33,TGFb_004_DAPI.1.tif,TGFb_004_W647.1.tif,TGFb_004_G488.1.tif,TGFb_004_R555.1.tif,/Volumes/D/YAPSMAD_Nuclear_Localization/251219_YAPSMAD_Early_D14_Male_#3/tifs,/Volumes/D/YAPSMAD_Nuclear_Localization/251219_YAPSMAD_Early_D14_Male_#3/tifs,/Volumes/D/YAPSMAD_Nuclear_Localization/251219_YAPSMAD_Early_D14_Male_#3/tifs,/Volumes/D/YAPSMAD_Nuclear_Localization/251219_YAPSMAD_Early_D14_Male_#3/tifs,919,7.239060747843764,0.6976441384371478,0.1381394679272254,2.7464270423689343,2.23606797749979,5.823209056630731,12.252185945864767,5.790722583886236,0.003152955598851526,0.006336462520816899,0.01333208481595731,0.006301112713695578,0.003059276854743187,0.008377435112358788,0.0030242929220023786
3,34,TGFb_004_DAPI.1.tif,TGFb_004_W647.1.tif,TGFb_004_G488.1.tif,TGFb_004_R555.1.tif,/Volumes/D/YAPSMAD_Nuclear_Localization/251219_YAPSMAD_Early_D14_Male_#3/tifs,/Volumes/D/YAPSMAD_Nuclear_Localization/251219_YAPSMAD_Early_D14_Male_#3/tifs,/Volumes/D/YAPSMAD_Nuclear_Localization/251219_YAPSMAD_Early_D14_Male_#3/tifs,/Volumes/D/YAPSMAD_Nuclear_Localization/251219_YAPSMAD_Early_D14_Male_#3/tifs,1453,6.106250636491526,0.9003451488231512,0.16376661547822918,3.1557416480387004,2.8284271247461903,27.190859966911376,13.531777056865394,12.0881667570211,0.0032673420260178987,0.01871359942664238,0.009312991780361593,0.008319454065396489,0.012935084238527069,0.004978348926192081,0.004186919565130605
3,35,TGFb_004_DAPI.1.tif,TGFb_004_W647.1.tif,TGFb_004_G488.1.tif,TGFb_004_R555.1.tif,/Volumes/D/YAPSMAD_Nuclear_Localization/251219_YAPSMAD_Early_D14_Male_#3/tifs,/Volumes/D/YAPSMAD_Nuclear_Localization/251219_YAPSMAD_Early_D14_Male_#3/tifs,/Volumes/D/YAPSMAD_Nuclear_Localization/251219_YAPSMAD_Early_D14_Male_#3/tifs,/Volumes/D/YAPSMAD_Nuclear_Localization/251219_YAPSMAD_Early_D14_Male_#3/tifs,1101,3.1591460818358597,0.3959893740127584,0.31654123427520475,3.4116761687552066,3.1622776601683795,11.248783211689442,16.03892586985603,15.061753367772326,0.004011570554663115,0.010216878484731556,0.014567598428570418,0.013680066637395391,0.004657041115675542,0.006817702143782584,0.005616004350935559
3,36,TGFb_004_DAPI.1.tif,TGFb_004_W647.1.tif,TGFb_004_G488.1.tif,TGFb_004_R555.1.tif,/Volumes/D/YAPSMAD_Nuclear_Localization/251219_YAPSMAD_Early_D14_Male_#3/tifs,/Volumes/D/YAPSMAD_Nuclear_Localization/251219_YAPSMAD_Early_D14_Male_#3/tifs,/Volumes/D/YAPSMAD_Nuclear_Localization/251219_YAPSMAD_Early_D14_Male_#3/tifs,/Volumes/D/YAPSMAD_Nuclear_Localization/251219_YAPSMAD_Early_D14_Male_#3/tifs,1780,11.23974550778971,0.7782318386890754,0.08896998595804056,3.0593958582126644,2.23606797749979,15.280308417743072,18.659388319123536,12.899641536176205,0.0022947683112873704,0.008584442931316333,0.010482802426473897,0.007246989627065284,0.0043920570859416206,0.007397560597754106,0.004451933318919099
3,37,TGFb_004_DAPI.1.tif,TGFb_004_W647.1.tif,TGFb_004_G488.1.tif,TGFb_004_R555.1.tif,/Volumes/D/YAPSMAD_Nuclear_Localization/251219_YAPSMAD_Early_D14_Male_#3/tifs,/Volumes/D/YAPSMAD_Nuclear_Localization/251219_YAPSMAD_Early_D14_Male_#3/tifs,/Volumes/D/YAPSMAD_Nuclear_Localization/251219_YAPSMAD_Early_D14_Male_#3/tifs,/Volumes/D/YAPSMAD_Nuclear_Localization/251219_YAPSMAD_Early_D14_Male_#3/tifs,1620,10.997497429297457,0.5427939086803725,0.09092977801804152,2.779123189410422,2.23606797749979,13.881635919213295,16.352132614469156,11.271732774330303,0.0022098077972775992,0.008568911061242775,0.010093909021277256,0.006957859737240927,0.0053514442232063435,0.006390384656674178,0.004381440763862812
3,38,TGFb_004_DAPI.1.tif,TGFb_004_W647.1.tif,TGFb_004_G488.1.tif,TGFb_004_R555.1.tif,/Volumes/D/YAPSMAD_Nuclear_Localization/251219_YAPSMAD_Early_D14_Male_#3/tifs,/Volumes/D/YAPSMAD_Nuclear_Localization/251219_YAPSMAD_Early_D14_Male_#3/tifs,/Volumes/D/YAPSMAD_Nuclear_Localization/251219_YAPSMAD_Early_D14_Male_#3/tifs,/Volumes/D/YAPSMAD_Nuclear_Localization/251219_YAPSMAD_Early_D14_Male_#3/tifs,1214,6.167345810534438,0.8749446519294264,0.1621443049766888,3.317164691003342,2.23606797749979,7.63677435182035,15.036377630895004,7.872434661025181,0.003271526788227886,0.006290588428188097,0.012385813534509888,0.006484707299032275,0.002802110987172227,0.00892811709713327,0.003656327567857089
3,39,TGFb_004_DAPI.1.tif,TGFb_004_W647.1.tif,TGFb_004_G488.1.tif,TGFb_004_R555.1.tif,/Volumes/D/YAPSMAD_Nuclear_Localization/251219_YAPSMAD_Early_D14_Male_#3/tifs,/Volumes/D/YAPSMAD_Nuclear_Localization/251219_YAPSMAD_Early_D14_Male_#3/tifs,/Volumes/D/YAPSMAD_Nuclear_Localization/251219_YAPSMAD_Early_D14_Male_#3/tifs,/Volumes/D/YAPSMAD_Nuclear_Localization/251219_YAPSMAD_Early_D14_Male_#3/tifs,991,6.746958846203826,0.6325244490247453,0.14821492509364417,2.5902430982612255,2.23606797749979,7.05369660188444,9.113893423462287,6.627084836363792,0.003877531512951484,0.007117756409570575,0.009196663394008361,0.006687270268782838,0.00317504038547238,0.004955827104652615,0.0032054667832387036
4,1,TGFb_005_DAPI.1.tif,TGFb_005_W647.1.tif,TGFb_005_G488.1.tif,TGFb_005_R555.1.tif,/Volumes/D/YAPSMAD_Nuclear_Localization/251219_YAPSMAD_Early_D14_Male_#3/tifs,/Volumes/D/YAPSMAD_Nuclear_Localization/251219_YAPSMAD_Early_D14_Male_#3/tifs,/Volumes/D/YAPSMAD_Nuclear_Localization/251219_YAPSMAD_Early_D14_Male_#3/tifs,/Volumes/D/YAPSMAD_Nuclear_Localization/251219_YAPSMAD_Early_D14_Male_#3/tifs,1061,5.239834449930312,0.7177881639979578,0.19084572414559772,3.010959605857642,2.8284271247461903,13.941786947194487,15.447379374410957,10.78748770058155,0.002938289353079764,0.013140232749476425,0.014559264254864238,0.010167283412423705,0.009145994602428943,0.009710595926108505,0.005295597716803562
4,2,TGFb_005_DAPI.1.tif,TGFb_005_W647.1.tif,TGFb_005_G488.1.tif,TGFb_005_R555.1.tif,/Volumes/D/YAPSMAD_Nuclear_Localization/251219_YAPSMAD_Early_D14_Male_#3/tifs,/Volumes/D/YAPSMAD_Nuclear_Localization/251219_YAPSMAD_Early_D14_Male_#3/tifs,/Volumes/D/YAPSMAD_Nuclear_Localization/251219_YAPSMAD_Early_D14_Male_#3/tifs,/Volumes/D/YAPSMAD_Nuclear_Localization/251219_YAPSMAD_Early_D14_Male_#3/tifs,1266,3.9050446984461336,0.7747508734802026,0.25607901502328834,3.5730645606707108,3.1622776601683795,26.25662635709159,15.02221727464348,14.305256850086153,0.0031099357246090237,0.020739831245727956,0.011865890422309226,0.011299570971632032,0.01109041796814407,0.0060567471203110766,0.005394031658836644
4,3,TGFb_005_DAPI.1.tif,TGFb_005_W647.1.tif,TGFb_005_G488.1.tif,TGFb_005_R555.1.tif,/Volumes/D/YAPSMAD_Nuclear_Localization/251219_YAPSMAD_Early_D14_Male_#3/tifs,/Volumes/D/YAPSMAD_Nuclear_Localization/251219_YAPSMAD_Early_D14_Male_#3/tifs,/Volumes/D/YAPSMAD_Nuclear_Localization/251219_YAPSMAD_Early_D14_Male_#3/tifs,/Volumes/D/YAPSMAD_Nuclear_Localization/251219_YAPSMAD_Early_D14_Male_#3/tifs,1031,3.656624301388738,0.81429680451179,0.2734762769093377,3.1161260824993633,3.0,18.569543066667393,12.419379074126482,13.038239194313064,0.003150270237369692,0.018011195990948005,0.01204595448508873,0.012646206784008792,0.012502155866534236,0.006705999153270131,0.006575637268196717
4,4,TGFb_005_DAPI.1.tif,TGFb_005_W647.1.tif,TGFb_005_G488.1.tif,TGFb_005_R555.1.tif,/Volumes/D/YAPSMAD_Nuclear_Localization/251219_YAPSMAD_Early_D14_Male_#3/tifs,/Volumes/D/YAPSMAD_Nuclear_Localization/251219_YAPSMAD_Early_D14_Male_#3/tifs,/Volumes/D/YAPSMAD_Nuclear_Localization/251219_YAPSMAD_Early_D14_Male_#3/tifs,/Volumes/D/YAPSMAD_Nuclear_Localization/251219_YAPSMAD_Early_D14_Male_#3/tifs,1195,6.810763589076815,0.8866798510606859,0.1468264148242955,2.97449027017426,2.23606797749979,25.785778704332188,12.485801613889635,12.191470295656472,0.002972521321364838,0.02157805749316501,0.010448369551372079,0.010202067193017968,0.01298000198221421,0.005989644733831791,0.00574004113342529
4,5,TGFb_005_DAPI.1.tif,TGFb_005_W647.1.tif,TGFb_005_G488.1.tif,TGFb_005_R555.1.tif,/Volumes/D/YAPSMAD_Nuclear_Localization/251219_YAPSMAD_Early_D14_Male_#3/tifs,/Volumes/D/YAPSMAD_Nuclear_Localization/251219_YAPSMAD_Early_D14_Male_#3/tifs,/Volumes/D/YAPSMAD_Nuclear_Localization/251219_YAPSMAD_Early_D14_Male_#3/tifs,/Volumes/D/YAPSMAD_Nuclear_Localization/251219_YAPSMAD_Early_D14_Male_#3/tifs,2569,6.040491960994179,0.9342976090260203,0.1655494298241586,4.440066695689815,3.605551275463989,66.94512870418839,32.31096391193569,30.372427175054327,0.002797420050803124,0.02605882783347154,0.012577253371714942,0.011822665307533798,0.01291809688984207,0.006188929470873486,0.005176252374309577
4,6,TGFb_005_DAPI.1.tif,TGFb_005_W647.1.tif,TGFb_005_G488.1.tif,TGFb_005_R555.1.tif,/Volumes/D/YAPSMAD_Nuclear_Localization/251219_YAPSMAD_Early_D14_Male_#3/tifs,/Volumes/D/YAPSMAD_Nuclear_Localization/251219_YAPSMAD_Early_D14_Male_#3/tifs,/Volumes/D/YAPSMAD_Nuclear_Localization/251219_YAPSMAD_Early_D14_Male_#3/tifs,/Volumes/D/YAPSMAD_Nuclear_Localization/251219_YAPSMAD_Early_D14_Male_#3/tifs,1557,7.903398598608147,0.8101340315167006,0.1265278459036734,3.224256948750887,2.8284271247461903,14.455039433203638,11.560387771110982,16.04989715362899,0.0026293343075717976,0.009283904581376774,0.007424783411118165,0.010308219109588304,0.005138883302531758,0.003663393612379272,0.0057125893489540945
4,7,TGFb_005_DAPI.1.tif,TGFb_005_W647.1.tif,TGFb_005_G488.1.tif,TGFb_005_R555.1.tif,/Volumes/D/YAPSMAD_Nuclear_Localization/251219_YAPSMAD_Early_D14_Male_#3/tifs,/Volumes/D/YAPSMAD_Nuclear_Localization/251219_YAPSMAD_Early_D14_Male_#3/tifs,/Volumes/D/YAPSMAD_Nuclear_Localization/251219_YAPSMAD_Early_D14_Male_#3/tifs,/Volumes/D/YAPSMAD_Nuclear_Localization/251219_YAPSMAD_Early_D14_Male_#3/tifs,1253,6.551376806787114,0.7839419845805944,0.15263967094123135,3.345915412725793,2.8284271247461903,15.145754303550348,17.513695106375962,12.77376986388117,0.0025732946228711655,0.012087593219114404,0.013977410300379859,0.010194548973568373,0.00761398732161434,0.008414971573259385,0.004858276321513794
4,8,TGFb_005_DAPI.1.tif,TGFb_005_W647.1.tif,TGFb_005_G488.1.tif,TGFb_005_R555.1.tif,/Volumes/D/YAPSMAD_Nuclear_Localization/251219_YAPSMAD_Early_D14_Male_#3/tifs,/Volumes/D/YAPSMAD_Nuclear_Localization/251219_YAPSMAD_Early_D14_Male_#3/tifs,/Volumes/D/YAPSMAD_Nuclear_Localization/251219_YAPSMAD_Early_D14_Male_#3/tifs,/Volumes/D/YAPSMAD_Nuclear_Localization/251219_YAPSMAD_Early_D14_Male_#3/tifs,2148,3.1388838929939085,0.782897275359478,0.31858457785967575,5.257565780573133,4.47213595499958,38.335301973624155,17.95040842029266,28.608499467605725,0.002308395931092256,0.01784697484805594,0.008356800940545932,0.013318668281008252,0.010313905137591107,0.003779513160344827,0.006588241961119561
4,9,TGFb_005_DAPI.1.tif,TGFb_005_W647.1.tif,TGFb_005_G488.1.tif,TGFb_005_R555.1.tif,/Volumes/D/YAPSMAD_Nuclear_Localization/251219_YAPSMAD_Early_D14_Male_#3/tifs,/Volumes/D/YAPSMAD_Nuclear_Localization/251219_YAPSMAD_Early_D14_Male_#3/tifs,/Volumes/D/YAPSMAD_Nuclear_Localization/251219_YAPSMAD_Early_D14_Male_#3/tifs,/Volumes/D/YAPSMAD_Nuclear_Localization/251219_YAPSMAD_Early_D14_Male_#3/tifs,1740,7.599917230843383,0.7720962946168363,0.13158038036804084,3.7406934921722232,3.0,17.06349298893474,22.664652660954744,12.741268143523484,0.002369173632763412,0.00980660516605445,0.013025662448824565,0.007322567898576715,0.004834254715527632,0.008929440775596873,0.004434361966858783
4,10,TGFb_005_DAPI.1.tif,TGFb_005_W647.1.tif,TGFb_005_G488.1.tif,TGFb_005_R555.1.tif,/Volumes/D/YAPSMAD_Nuclear_Localization/251219_YAPSMAD_Early_D14_Male_#3/tifs,/Volumes/D/YAPSMAD_Nuclear_Localization/251219_YAPSMAD_Early_D14_Male_#3/tifs,/Volumes/D/YAPSMAD_Nuclear_Localization/251219_YAPSMAD_Early_D14_Male_#3/tifs,/Volumes/D/YAPSMAD_Nuclear_Localization/251219_YAPSMAD_Early_D14_Male_#3/tifs,551,6.802297343672535,0.9586830391900313,0.14700915727099098,2.324305218784463,2.0,5.775143115548417,6.5474327323026955,4.0086671728640795,0.004123785292996793,0.010481203476494404,0.011882818025957705,0.007275258026976551,0.006463353315585255,0.006867659710112685,0.002649350496563424
4,11,TGFb_005_DAPI.1.tif,TGFb_005_W647.1.tif,TGFb_005_G488.1.tif,TGFb_005_R555.1.tif,/Volumes/D/YAPSMAD_Nuclear_Localization/251219_YAPSMAD_Early_D14_Male_#3/tifs,/Volumes/D/YAPSMAD_Nuclear_Localization/251219_YAPSMAD_Early_D14_Male_#3/tifs,/Volumes/D/YAPSMAD_Nuclear_Localization/251219_YAPSMAD_Early_D14_Male_#3/tifs,/Volumes/D/YAPSMAD_Nuclear_Localization/251219_YAPSMAD_Early_D14_Male_#3/tifs,1360,7.102358222768861,0.744799712554945,0.1407983051029703,3.2442474680188753,2.23606797749979,11.837293193209916,15.839017491787672,9.799237143946812,0.0025957054996123426,0.008703892053830821,0.011646336391020346,0.007205321429372655,0.006362766100347439,0.007443063134205074,0.004015546364589675
4,12,TGFb_005_DAPI.1.tif,TGFb_005_W647.1.tif,TGFb_005_G488.1.tif,TGFb_005_R555.1.tif,/Volumes/D/YAPSMAD_Nuclear_Localization/251219_YAPSMAD_Early_D14_Male_#3/tifs,/Volumes/D/YAPSMAD_Nuclear_Localization/251219_YAPSMAD_Early_D14_Male_#3/tifs,/Volumes/D/YAPSMAD_Nuclear_Localization/251219_YAPSMAD_Early_D14_Male_#3/tifs,/Volumes/D/YAPSMAD_Nuclear_Localization/251219_YAPSMAD_Early_D14_Male_#3/tifs,1314,5.165203194792128,0.8061141896501125,0.19360322571786928,3.2726256530975957,3.0,18.92532248655334,9.973281611222774,8.988845748826861,0.0029049159865401106,0.014402832942582452,0.007590016446897088,0.006840826292866713,0.008713548848932728,0.0039661926218711235,0.003621097369743079
4,13,TGFb_005_DAPI.1.tif,TGFb_005_W647.1.tif,TGFb_005_G488.1.tif,TGFb_005_R555.1.tif,/Volumes/D/YAPSMAD_Nuclear_Localization/251219_YAPSMAD_Early_D14_Male_#3/tifs,/Volumes/D/YAPSMAD_Nuclear_Localization/251219_YAPSMAD_Early_D14_Male_#3/tifs,/Volumes/D/YAPSMAD_Nuclear_Localization/251219_YAPSMAD_Early_D14_Male_#3/tifs,/Volumes/D/YAPSMAD_Nuclear_Localization/251219_YAPSMAD_Early_D14_Male_#3/tifs,1543,8.609327827458836,0.6585217534723535,0.11615308651745976,3.105996248307445,2.23606797749979,17.737728094914928,18.361059149261564,13.37709634238854,0.002607285249398868,0.011495611208629247,0.011899584672236918,0.008669537486966002,0.00630017453522133,0.00819846359033492,0.005026224944924158
4,14,TGFb_005_DAPI.1.tif,TGFb_005_W647.1.tif,TGFb_005_G488.1.tif,TGFb_005_R555.1.tif,/Volumes/D/YAPSMAD_Nuclear_Localization/251219_YAPSMAD_Early_D14_Male_#3/tifs,/Volumes/D/YAPSMAD_Nuclear_Localization/251219_YAPSMAD_Early_D14_Male_#3/tifs,/Volumes/D/YAPSMAD_Nuclear_Localization/251219_YAPSMAD_Early_D14_Male_#3/tifs,/Volumes/D/YAPSMAD_Nuclear_Localization/251219_YAPSMAD_Early_D14_Male_#3/tifs,1178,5.578103250634334,0.6467224757998352,0.17927240767482772,3.0265939979748864,2.8284271247461903,14.59917613840662,10.012420976534486,7.08807514118962,0.003585494514744482,0.012393188572501376,0.008499508469044554,0.006017041715780662,0.0059775556422927145,0.005650310260043904,0.0036201243331671247
4,15,TGFb_005_DAPI.1.tif,TGFb_005_W647.1.tif,TGFb_005_G488.1.tif,TGFb_005_R555.1.tif,/Volumes/D/YAPSMAD_Nuclear_Localization/251219_YAPSMAD_Early_D14_Male_#3/tifs,/Volumes/D/YAPSMAD_Nuclear_Localization/251219_YAPSMAD_Early_D14_Male_#3/tifs,/Volumes/D/YAPSMAD_Nuclear_Localization/251219_YAPSMAD_Early_D14_Male_#3/tifs,/Volumes/D/YAPSMAD_Nuclear_Localization/251219_YAPSMAD_Early_D14_Male_#3/tifs,1818,21.97525607490197,0.934381015019993,0.04550572683164789,2.1494573245058675,2.0,16.024368814192712,19.513588379137218,9.436850659316406,0.0018126341612646878,0.008814284276233614,0.010733546963221792,0.005190786941318155,0.008344908311382624,0.008809207179115338,0.0023634012785416656
4,16,TGFb_005_DAPI.1.tif,TGFb_005_W647.1.tif,TGFb_005_G488.1.tif,TGFb_005_R555.1.tif,/Volumes/D/YAPSMAD_Nuclear_Localization/251219_YAPSMAD_Early_D14_Male_#3/tifs,/Volumes/D/YAPSMAD_Nuclear_Localization/251219_YAPSMAD_Early_D14_Male_#3/tifs,/Volumes/D/YAPSMAD_Nuclear_Localization/251219_YAPSMAD_Early_D14_Male_#3/tifs,/Volumes/D/YAPSMAD_Nuclear_Localization/251219_YAPSMAD_Early_D14_Male_#3/tifs,2904,3.7499089147829725,0.7913002216655566,0.26667314399498565,5.399367471165984,5.0,83.83031985373236,34.83688137913123,39.07037487975322,0.0023494007231214804,0.028867190032276984,0.01199617127380552,0.013453985840135406,0.01432132764266706,0.007427525309224132,0.008222537686866859
4,17,TGFb_005_DAPI.1.tif,TGFb_005_W647.1.tif,TGFb_005_G488.1.tif,TGFb_005_R555.1.tif,/Volumes/D/YAPSMAD_Nuclear_Localization/251219_YAPSMAD_Early_D14_Male_#3/tifs,/Volumes/D/YAPSMAD_Nuclear_Localization/251219_YAPSMAD_Early_D14_Male_#3/tifs,/Volumes/D/YAPSMAD_Nuclear_Localization/251219_YAPSMAD_Early_D14_Male_#3/tifs,/Volumes/D/YAPSMAD_Nuclear_Localization/251219_YAPSMAD_Early_D14_Male_#3/tifs,1730,4.207135080710992,0.8158792471945896,0.23769144104377163,3.965536522712926,3.605551275463989,37.73902508197352,20.901274350471795,18.19562082667835,0.00444654076080231,0.021814465365302613,0.012081661474261153,0.010517699899814076,0.012190433707519545,0.005259609847284022,0.004010300168406438
4,18,TGFb_005_DAPI.1.tif,TGFb_005_W647.1.tif,TGFb_005_G488.1.tif,TGFb_005_R555.1.tif,/Volumes/D/YAPSMAD_Nuclear_Localization/251219_YAPSMAD_Early_D14_Male_#3/tifs,/Volumes/D/YAPSMAD_Nuclear_Localization/251219_YAPSMAD_Early_D14_Male_#3/tifs,/Volumes/D/YAPSMAD_Nuclear_Localization/251219_YAPSMAD_Early_D14_Male_#3/tifs,/Volumes/D/YAPSMAD_Nuclear_Localization/251219_YAPSMAD_Early_D14_Male_#3/tifs,1401,4.5815299057846985,0.5836144144641364,0.21826770108766225,3.379186659123346,3.1622776601683795,14.130174834979698,10.86015122756362,9.625543693080544,0.002520995189819344,0.010085777897915559,0.007751713938303797,0.006870480865867627,0.006813600928693406,0.0039687178665363245,0.003726569796563589
4,19,TGFb_005_DAPI.1.tif,TGFb_005_W647.1.tif,TGFb_005_G488.1.tif,TGFb_005_R555.1.tif,/Volumes/D/YAPSMAD_Nuclear_Localization/251219_YAPSMAD_Early_D14_Male_#3/tifs,/Volumes/D/YAPSMAD_Nuclear_Localization/251219_YAPSMAD_Early_D14_Male_#3/tifs,/Volumes/D/YAPSMAD_Nuclear_Localization/251219_YAPSMAD_Early_D14_Male_#3/tifs,/Volumes/D/YAPSMAD_Nuclear_Localization/251219_YAPSMAD_Early_D14_Male_#3/tifs,1397,4.998107847072216,0.5461528554258074,0.20007571476989608,3.601364183357454,3.0,22.555611677234992,16.400274814106524,12.65404757275246,0.0036863153900367155,0.016145749232093765,0.011739638378029008,0.009058015442199328,0.008768769332061709,0.0058962039822967145,0.004313260932596478
4,20,TGFb_005_DAPI.1.tif,TGFb_005_W647.1.tif,TGFb_005_G488.1.tif,TGFb_005_R555.1.tif,/Volumes/D/YAPSMAD_Nuclear_Localization/251219_YAPSMAD_Early_D14_Male_#3/tifs,/Volumes/D/YAPSMAD_Nuclear_Localization/251219_YAPSMAD_Early_D14_Male_#3/tifs,/Volumes/D/YAPSMAD_Nuclear_Localization/251219_YAPSMAD_Early_D14_Male_#3/tifs,/Volumes/D/YAPSMAD_Nuclear_Localization/251219_YAPSMAD_Early_D14_Male_#3/tifs,2524,5.875455074368929,0.8334781462246811,0.17019958238850255,4.24387067755878,3.605551275463989,46.62636780133471,22.671381982509047,21.466209107078612,0.003152844035852606,0.018473204358690456,0.00898232249703211,0.008504837205657137,0.008242578007364075,0.0041693368389282386,0.0039272075305435295
4,21,TGFb_005_DAPI.1.tif,TGFb_005_W647.1.tif,TGFb_005_G488.1.tif,TGFb_005_R555.1.tif,/Volumes/D/YAPSMAD_Nuclear_Localization/251219_YAPSMAD_Early_D14_Male_#3/tifs,/Volumes/D/YAPSMAD_Nuclear_Localization/251219_YAPSMAD_Early_D14_Male_#3/tifs,/Volumes/D/YAPSMAD_Nuclear_Localization/251219_YAPSMAD_Early_D14_Male_#3/tifs,/Volumes/D/YAPSMAD_Nuclear_Localization/251219_YAPSMAD_Early_D14_Male_#3/tifs,2224,3.573684253288563,0.6226589393709487,0.27982326616566183,4.9262818496566565,4.242640687119285,49.91534311999567,26.106798176188022,24.00651581864804,0.002813464512721059,0.022443949244602367,0.011738668244688858,0.010794296681046782,0.010882379200218152,0.0049794129334119345,0.003414090656039033
4,22,TGFb_005_DAPI.1.tif,TGFb_005_W647.1.tif,TGFb_005_G488.1.tif,TGFb_005_R555.1.tif,/Volumes/D/YAPSMAD_Nuclear_Localization/251219_YAPSMAD_Early_D14_Male_#3/tifs,/Volumes/D/YAPSMAD_Nuclear_Localization/251219_YAPSMAD_Early_D14_Male_#3/tifs,/Volumes/D/YAPSMAD_Nuclear_Localization/251219_YAPSMAD_Early_D14_Male_#3/tifs,/Volumes/D/YAPSMAD_Nuclear_Localization/251219_YAPSMAD_Early_D14_Male_#3/tifs,1989,8.510200505863715,0.7869677373074746,0.11750604457685551,4.3094116875561355,3.1622776601683795,14.296177800977603,20.924330736044794,8.00685141934082,0.0025879424063010303,0.007187620814971142,0.010520025508318147,0.004025566324454911,0.0034785456526720015,0.006118596313232969,0.0016058999789111148
4,23,TGFb_005_DAPI.1.tif,TGFb_005_W647.1.tif,TGFb_005_G488.1.tif,TGFb_005_R555.1.tif,/Volumes/D/YAPSMAD_Nuclear_Localization/251219_YAPSMAD_Early_D14_Male_#3/tifs,/Volumes/D/YAPSMAD_Nuclear_Localization/251219_YAPSMAD_Early_D14_Male_#3/tifs,/Volumes/D/YAPSMAD_Nuclear_Localization/251219_YAPSMAD_Early_D14_Male_#3/tifs,/Volumes/D/YAPSMAD_Nuclear_Localization/251219_YAPSMAD_Early_D14_Male_#3/tifs,929,4.9893977279649535,0.8223041507407846,0.20042499205768352,3.2292197099244664,2.8284271247461903,16.47240413655527,11.336858288850635,6.982436957070604,0.0029512492464143537,0.017731328457002444,0.01220329202244417,0.007516078532907001,0.013311263953006003,0.007062694714755246,0.002858241059852322
4,24,TGFb_005_DAPI.1.tif,TGFb_005_W647.1.tif,TGFb_005_G488.1.tif,TGFb_005_R555.1.tif,/Volumes/D/YAPSMAD_Nuclear_Localization/251219_YAPSMAD_Early_D14_Male_#3/tifs,/Volumes/D/YAPSMAD_Nuclear_Localization/251219_YAPSMAD_Early_D14_Male_#3/tifs,/Volumes/D/YAPSMAD_Nuclear_Localization/251219_YAPSMAD_Early_D14_Male_#3/tifs,/Volumes/D/YAPSMAD_Nuclear_Localization/251219_YAPSMAD_Early_D14_Male_#3/tifs,994,4.896703466314406,0.34893354095371854,0.20421902344694526,2.757090445686238,2.23606797749979,13.308171297190711,8.369482071138918,8.658274291316047,0.003971091395954206,0.013388502311057053,0.008420002083640764,0.008710537516414535,0.008291977347450973,0.004465306416476342,0.00478364017490396
4,25,TGFb_005_DAPI.1.tif,TGFb_005_W647.1.tif,TGFb_005_G488.1.tif,TGFb_005_R555.1.tif,/Volumes/D/YAPSMAD_Nuclear_Localization/251219_YAPSMAD_Early_D14_Male_#3/tifs,/Volumes/D/YAPSMAD_Nuclear_Localization/251219_YAPSMAD_Early_D14_Male_#3/tifs,/Volumes/D/YAPSMAD_Nuclear_Localization/251219_YAPSMAD_Early_D14_Male_#3/tifs,/Volumes/D/YAPSMAD_Nuclear_Localization/251219_YAPSMAD_Early_D14_Male_#3/tifs,1475,5.836594099875376,0.8997611112120757,0.17133279835603987,3.4806957500668365,2.8284271247461903,23.952071541920304,11.646112945396453,12.17511267028749,0.002959329552980045,0.016238692570793425,0.007895669793489121,0.00825431367477118,0.009688572925258186,0.0033574411180242814,0.0032954417354207842
4,26,TGFb_005_DAPI.1.tif,TGFb_005_W647.1.tif,TGFb_005_G488.1.tif,TGFb_005_R555.1.tif,/Volumes/D/YAPSMAD_Nuclear_Localization/251219_YAPSMAD_Early_D14_Male_#3/tifs,/Volumes/D/YAPSMAD_Nuclear_Localization/251219_YAPSMAD_Early_D14_Male_#3/tifs,/Volumes/D/YAPSMAD_Nuclear_Localization/251219_YAPSMAD_Early_D14_Male_#3/tifs,/Volumes/D/YAPSMAD_Nuclear_Localization/251219_YAPSMAD_Early_D14_Male_#3/tifs,1686,3.996243982529347,0.8950631817055938,0.25023497173139786,4.180644959487963,3.605551275463989,29.44390034931712,15.271885451860726,16.279301310656592,0.002560936325353439,0.017463760586783582,0.009058057800629137,0.009655576103592285,0.008176497821991053,0.0038553441623421663,0.004182949167337681
4,27,TGFb_005_DAPI.1.tif,TGFb_005_W647.1.tif,TGFb_005_G488.1.tif,TGFb_005_R555.1.tif,/Volumes/D/YAPSMAD_Nuclear_Localization/251219_YAPSMAD_Early_D14_Male_#3/tifs,/Volumes/D/YAPSMAD_Nuclear_Localization/251219_YAPSMAD_Early_D14_Male_#3/tifs,/Volumes/D/YAPSMAD_Nuclear_Localization/251219_YAPSMAD_Early_D14_Male_#3/tifs,/Volumes/D/YAPSMAD_Nuclear_Localization/251219_YAPSMAD_Early_D14_Male_#3/tifs,2155,4.446670510746289,0.812608646174354,0.22488736180998692,4.624957597810951,4.123105625617661,26.6681623023469,15.480949348537251,20.51030762773007,0.002144830788565657,0.012375017309673735,0.007183735196537007,0.009517544142798177,0.0064278746906751595,0.0033640941160321277,0.005398991053422939
4,28,TGFb_005_DAPI.1.tif,TGFb_005_W647.1.tif,TGFb_005_G488.1.tif,TGFb_005_R555.1.tif,/Volumes/D/YAPSMAD_Nuclear_Localization/251219_YAPSMAD_Early_D14_Male_#3/tifs,/Volumes/D/YAPSMAD_Nuclear_Localization/251219_YAPSMAD_Early_D14_Male_#3/tifs,/Volumes/D/YAPSMAD_Nuclear_Localization/251219_YAPSMAD_Early_D14_Male_#3/tifs,/Volumes/D/YAPSMAD_Nuclear_Localization/251219_YAPSMAD_Early_D14_Male_#3/tifs,2352,8.001634133309985,0.7612897932615135,0.12497447188157508,5.306325656272065,4.0,20.619821690721437,21.313176344847307,16.337239830521867,0.002955209342667795,0.008766930990952992,0.009061724636414671,0.006946105370119841,0.005012603104913195,0.006309905969818934,0.0036326815402441892
4,29,TGFb_005_DAPI.1.tif,TGFb_005_W647.1.tif,TGFb_005_G488.1.tif,TGFb_005_R555.1.tif,/Volumes/D/YAPSMAD_Nuclear_Localization/251219_YAPSMAD_Early_D14_Male_#3/tifs,/Volumes/D/YAPSMAD_Nuclear_Localization/251219_YAPSMAD_Early_D14_Male_#3/tifs,/Volumes/D/YAPSMAD_Nuclear_Localization/251219_YAPSMAD_Early_D14_Male_#3/tifs,/Volumes/D/YAPSMAD_Nuclear_Localization/251219_YAPSMAD_Early_D14_Male_#3/tifs,3046,16.558186240279664,0.78489213202657,0.06039308807672345,3.160586935205359,2.23606797749979,29.730770111549646,31.777264383388683,18.799695069435984,0.0017704773660338266,0.009760594258552083,0.010432457118643691,0.006171928781824027,0.00685691636743489,0.006520268777612358,0.00337533516846082
4,30,TGFb_005_DAPI.1.tif,TGFb_005_W647.1.tif,TGFb_005_G488.1.tif,TGFb_005_R555.1.tif,/Volumes/D/YAPSMAD_Nuclear_Localization/251219_YAPSMAD_Early_D14_Male_#3/tifs,/Volumes/D/YAPSMAD_Nuclear_Localization/251219_YAPSMAD_Early_D14_Male_#3/tifs,/Volumes/D/YAPSMAD_Nuclear_Localization/251219_YAPSMAD_Early_D14_Male_#3/tifs,/Volumes/D/YAPSMAD_Nuclear_Localization/251219_YAPSMAD_Early_D14_Male_#3/tifs,2371,6.642096973396865,0.8876351455566888,0.15055486302070437,4.02850785115351,3.605551275463989,31.582299744943157,23.765697962604463,25.09089823393151,0.0019500914249939978,0.013320244514948612,0.010023491338087078,0.010582411739321599,0.008008362788124977,0.007416250376498076,0.0056959424894700095
4,31,TGFb_005_DAPI.1.tif,TGFb_005_W647.1.tif,TGFb_005_G488.1.tif,TGFb_005_R555.1.tif,/Volumes/D/YAPSMAD_Nuclear_Localization/251219_YAPSMAD_Early_D14_Male_#3/tifs,/Volumes/D/YAPSMAD_Nuclear_Localization/251219_YAPSMAD_Early_D14_Male_#3/tifs,/Volumes/D/YAPSMAD_Nuclear_Localization/251219_YAPSMAD_Early_D14_Male_#3/tifs,/Volumes/D/YAPSMAD_Nuclear_Localization/251219_YAPSMAD_Early_D14_Male_#3/tifs,2437,6.802135940316908,0.9395108304967628,0.14701264555342167,3.83077894915204,3.1622776601683795,40.22906867112033,22.847684684675187,22.21339763328433,0.0033734210023169614,0.016507619479327176,0.009375332246481407,0.009115058528225002,0.009330917232129502,0.004851536175214819,0.004200628936428964
4,32,TGFb_005_DAPI.1.tif,TGFb_005_W647.1.tif,TGFb_005_G488.1.tif,TGFb_005_R555.1.tif,/Volumes/D/YAPSMAD_Nuclear_Localization/251219_YAPSMAD_Early_D14_Male_#3/tifs,/Volumes/D/YAPSMAD_Nuclear_Localization/251219_YAPSMAD_Early_D14_Male_#3/tifs,/Volumes/D/YAPSMAD_Nuclear_Localization/251219_YAPSMAD_Early_D14_Male_#3/tifs,/Volumes/D/YAPSMAD_Nuclear_Localization/251219_YAPSMAD_Early_D14_Male_#3/tifs,1568,4.606806940900541,0.2355424284308685,0.21707009059175367,3.7828930779606837,3.1622776601683795,25.214236839441583,20.573632556479424,17.897108553675935,0.0023830738669969333,0.016080508188419378,0.013120939130407796,0.011413972291885163,0.008531345138244112,0.00788690102714119,0.006439395367645342
4,33,TGFb_005_DAPI.1.tif,TGFb_005_W647.1.tif,TGFb_005_G488.1.tif,TGFb_005_R555.1.tif,/Volumes/D/YAPSMAD_Nuclear_Localization/251219_YAPSMAD_Early_D14_Male_#3/tifs,/Volumes/D/YAPSMAD_Nuclear_Localization/251219_YAPSMAD_Early_D14_Male_#3/tifs,/Volumes/D/YAPSMAD_Nuclear_Localization/251219_YAPSMAD_Early_D14_Male_#3/tifs,/Volumes/D/YAPSMAD_Nuclear_Localization/251219_YAPSMAD_Early_D14_Male_#3/tifs,1719,4.725545647308475,0.7610069943391894,0.21161577405766235,3.6158012317231143,3.1622776601683795,27.786694292211905,22.218784037511796,11.48070510593243,0.0031316501759978714,0.016164452758703842,0.012925412470920184,0.0066787115217757,0.011287140553648779,0.008378904970621215,0.0027753648538982136
4,34,TGFb_005_DAPI.1.tif,TGFb_005_W647.1.tif,TGFb_005_G488.1.tif,TGFb_005_R555.1.tif,/Volumes/D/YAPSMAD_Nuclear_Localization/251219_YAPSMAD_Early_D14_Male_#3/tifs,/Volumes/D/YAPSMAD_Nuclear_Localization/251219_YAPSMAD_Early_D14_Male_#3/tifs,/Volumes/D/YAPSMAD_Nuclear_Localization/251219_YAPSMAD_Early_D14_Male_#3/tifs,/Volumes/D/YAPSMAD_Nuclear_Localization/251219_YAPSMAD_Early_D14_Male_#3/tifs,1969,7.387723262789085,0.8667574061763804,0.13535969938625858,3.5637713186856703,3.0,20.307408429682255,14.069962813751772,15.562707134056836,0.0023990065399074898,0.010313564464033649,0.007145740382809432,0.007903863450511344,0.007862917971234536,0.0036956553549866407,0.0047564404216585456
4,35,TGFb_005_DAPI.1.tif,TGFb_005_W647.1.tif,TGFb_005_G488.1.tif,TGFb_005_R555.1.tif,/Volumes/D/YAPSMAD_Nuclear_Localization/251219_YAPSMAD_Early_D14_Male_#3/tifs,/Volumes/D/YAPSMAD_Nuclear_Localization/251219_YAPSMAD_Early_D14_Male_#3/tifs,/Volumes/D/YAPSMAD_Nuclear_Localization/251219_YAPSMAD_Early_D14_Male_#3/tifs,/Volumes/D/YAPSMAD_Nuclear_Localization/251219_YAPSMAD_Early_D14_Male_#3/tifs,2603,7.279408422220748,0.91585485875382,0.13737380045162068,4.282621972962785,3.605551275463989,39.04510592063889,26.95156811014749,25.13659900915809,0.003161484118525255,0.015000040691755239,0.01035404076455916,0.009656780257071874,0.009312825061926702,0.006367420944640443,0.004955077959041832
4,36,TGFb_005_DAPI.1.tif,TGFb_005_W647.1.tif,TGFb_005_G488.1.tif,TGFb_005_R555.1.tif,/Volumes/D/YAPSMAD_Nuclear_Localization/251219_YAPSMAD_Early_D14_Male_#3/tifs,/Volumes/D/YAPSMAD_Nuclear_Localization/251219_YAPSMAD_Early_D14_Male_#3/tifs,/Volumes/D/YAPSMAD_Nuclear_Localization/251219_YAPSMAD_Early_D14_Male_#3/tifs,/Volumes/D/YAPSMAD_Nuclear_Localization/251219_YAPSMAD_Early_D14_Male_#3/tifs,1923,6.796865903609522,0.8126435792999684,0.14712663368405476,3.7588960205217727,3.1622776601683795,13.503410580568016,22.329747669165954,16.863309860462323,0.002470684022382599,0.007022054384070731,0.011611933265296907,0.00876927189831634,0.002945070324251838,0.008060674213040466,0.004238276602683172
4,37,TGFb_005_DAPI.1.tif,TGFb_005_W647.1.tif,TGFb_005_G488.1.tif,TGFb_005_R555.1.tif,/Volumes/D/YAPSMAD_Nuclear_Localization/251219_YAPSMAD_Early_D14_Male_#3/tifs,/Volumes/D/YAPSMAD_Nuclear_Localization/251219_YAPSMAD_Early_D14_Male_#3/tifs,/Volumes/D/YAPSMAD_Nuclear_Localization/251219_YAPSMAD_Early_D14_Male_#3/tifs,/Volumes/D/YAPSMAD_Nuclear_Localization/251219_YAPSMAD_Early_D14_Male_#3/tifs,888,3.3403259321559333,0.7243290989374701,0.29937198354610084,3.121424313530715,2.8284271247461903,12.095475773094222,9.116640044841915,7.4800488979090005,0.0026973070752983157,0.013621031276007006,0.01026648653698414,0.008423478488636262,0.009525235632305895,0.0061821688612187465,0.004184217649768397
4,38,TGFb_005_DAPI.1.tif,TGFb_005_W647.1.tif,TGFb_005_G488.1.tif,TGFb_005_R555.1.tif,/Volumes/D/YAPSMAD_Nuclear_Localization/251219_YAPSMAD_Early_D14_Male_#3/tifs,/Volumes/D/YAPSMAD_Nuclear_Localization/251219_YAPSMAD_Early_D14_Male_#3/tifs,/Volumes/D/YAPSMAD_Nuclear_Localization/251219_YAPSMAD_Early_D14_Male_#3/tifs,/Volumes/D/YAPSMAD_Nuclear_Localization/251219_YAPSMAD_Early_D14_Male_#3/tifs,2452,5.304994066106467,0.5464705944851764,0.18850162460859027,4.216345857585934,3.605551275463989,28.431876353221014,23.433859987650067,18.37109964317642,0.0022208846838298584,0.011595381873254899,0.00955703914667621,0.007492291861001804,0.005871917125551592,0.005100918339276177,0.0036845970934672504
4,39,TGFb_005_DAPI.1.tif,TGFb_005_W647.1.tif,TGFb_005_G488.1.tif,TGFb_005_R555.1.tif,/Volumes/D/YAPSMAD_Nuclear_Localization/251219_YAPSMAD_Early_D14_Male_#3/tifs,/Volumes/D/YAPSMAD_Nuclear_Localization/251219_YAPSMAD_Early_D14_Male_#3/tifs,/Volumes/D/YAPSMAD_Nuclear_Localization/251219_YAPSMAD_Early_D14_Male_#3/tifs,/Volumes/D/YAPSMAD_Nuclear_Localization/251219_YAPSMAD_Early_D14_Male_#3/tifs,66,4.583623387308488,0.3132454922996979,0.218168011527492,1.0554068825680665,1.0,0.10681315395049751,1.814877547789365,0.11332875560037792,0.01893482797172372,0.0016183811204620834,0.02749814466347523,0.0017171023575814836,0.001961785564867612,0.00940860569115551,4.594780989914134e-05
5,1,FasTGFb_006_DAPI.1.1.tif,FasTGFb_006_W647.1.1.tif,FasTGFb_006_G488.1.1.tif,FasTGFb_006_R555.1.1.tif,/Volumes/D/YAPSMAD_Nuclear_Localization/251219_YAPSMAD_Early_D14_Male_#3/tifs,/Volumes/D/YAPSMAD_Nuclear_Localization/251219_YAPSMAD_Early_D14_Male_#3/tifs,/Volumes/D/YAPSMAD_Nuclear_Localization/251219_YAPSMAD_Early_D14_Male_#3/tifs,/Volumes/D/YAPSMAD_Nuclear_Localization/251219_YAPSMAD_Early_D14_Male_#3/tifs,2588,5.135368094102298,0.46586057362778394,0.19472800813410973,4.661307905547483,4.123105625617661,21.54686831869185,29.11766261793673,27.75054573849775,0.0024254238942797816,0.008325683276156046,0.011251028832278489,0.010722776560470536,0.004831831301068814,0.006970327492580697,0.0067570996031187155
5,2,FasTGFb_006_DAPI.1.1.tif,FasTGFb_006_W647.1.1.tif,FasTGFb_006_G488.1.1.tif,FasTGFb_006_R555.1.1.tif,/Volumes/D/YAPSMAD_Nuclear_Localization/251219_YAPSMAD_Early_D14_Male_#3/tifs,/Volumes/D/YAPSMAD_Nuclear_Localization/251219_YAPSMAD_Early_D14_Male_#3/tifs,/Volumes/D/YAPSMAD_Nuclear_Localization/251219_YAPSMAD_Early_D14_Male_#3/tifs,/Volumes/D/YAPSMAD_Nuclear_Localization/251219_YAPSMAD_Early_D14_Male_#3/tifs,1871,12.339752960416988,0.9372198055010117,0.08103889949886062,2.814096799258312,2.23606797749979,16.89570474764332,24.915144774597138,13.804791441885754,0.0027499106394814924,0.009030307187409579,0.01331648571597923,0.007378295800045833,0.008580280329765851,0.011989680206042939,0.005447454316688551
5,3,FasTGFb_006_DAPI.1.1.tif,FasTGFb_006_W647.1.1.tif,FasTGFb_006_G488.1.1.tif,FasTGFb_006_R555.1.1.tif,/Volumes/D/YAPSMAD_Nuclear_Localization/251219_YAPSMAD_Early_D14_Male_#3/tifs,/Volumes/D/YAPSMAD_Nuclear_Localization/251219_YAPSMAD_Early_D14_Male_#3/tifs,/Volumes/D/YAPSMAD_Nuclear_Localization/251219_YAPSMAD_Early_D14_Male_#3/tifs,/Volumes/D/YAPSMAD_Nuclear_Localization/251219_YAPSMAD_Early_D14_Male_#3/tifs,1846,5.983747286970091,0.8833186737546908,0.16711935715894116,4.17042219162335,3.605551275463989,13.375539921689779,19.08120872778818,20.319371496560052,0.002109919353701045,0.007245687931576261,0.010336516103893922,0.011007243497594828,0.007347269668377396,0.0086666988830146,0.0068956237419555855
5,4,FasTGFb_006_DAPI.1.1.tif,FasTGFb_006_W647.1.1.tif,FasTGFb_006_G488.1.1.tif,FasTGFb_006_R555.1.1.tif,/Volumes/D/YAPSMAD_Nuclear_Localization/251219_YAPSMAD_Early_D14_Male_#3/tifs,/Volumes/D/YAPSMAD_Nuclear_Localization/251219_YAPSMAD_Early_D14_Male_#3/tifs,/Volumes/D/YAPSMAD_Nuclear_Localization/251219_YAPSMAD_Early_D14_Male_#3/tifs,/Volumes/D/YAPSMAD_Nuclear_Localization/251219_YAPSMAD_Early_D14_Male_#3/tifs,1783,3.1737123467373207,0.5762323669876946,0.3150884172058102,4.679539190821635,4.0,28.63697277009487,32.67862993851304,31.48067460814491,0.0032076894665273785,0.016061117650081252,0.018327891160130703,0.017656014923244482,0.00926553991643706,0.0116237731751756,0.010125693247167073
5,5,FasTGFb_006_DAPI.1.1.tif,FasTGFb_006_W647.1.1.tif,FasTGFb_006_G488.1.1.tif,FasTGFb_006_R555.1.1.tif,/Volumes/D/YAPSMAD_Nuclear_Localization/251219_YAPSMAD_Early_D14_Male_#3/tifs,/Volumes/D/YAPSMAD_Nuclear_Localization/251219_YAPSMAD_Early_D14_Male_#3/tifs,/Volumes/D/YAPSMAD_Nuclear_Localization/251219_YAPSMAD_Early_D14_Male_#3/tifs,/Volumes/D/YAPSMAD_Nuclear_Localization/251219_YAPSMAD_Early_D14_Male_#3/tifs,1348,3.6024780205187454,0.7399656104693803,0.2775867040143671,3.9574393177147247,3.605551275463989,10.738933507353067,21.938445201143622,10.988830517511815,0.0032787427219122824,0.007966567883793076,0.01627481098007687,0.00815195142248651,0.005190908939292313,0.01293136550713072,0.0036579736961331686
5,6,FasTGFb_006_DAPI.1.1.tif,FasTGFb_006_W647.1.1.tif,FasTGFb_006_G488.1.1.tif,FasTGFb_006_R555.1.1.tif,/Volumes/D/YAPSMAD_Nuclear_Localization/251219_YAPSMAD_Early_D14_Male_#3/tifs,/Volumes/D/YAPSMAD_Nuclear_Localization/251219_YAPSMAD_Early_D14_Male_#3/tifs,/Volumes/D/YAPSMAD_Nuclear_Localization/251219_YAPSMAD_Early_D14_Male_#3/tifs,/Volumes/D/YAPSMAD_Nuclear_Localization/251219_YAPSMAD_Early_D14_Male_#3/tifs,1580,4.774062567387353,0.7945455349950156,0.20946520618125425,3.7889584241130425,3.1622776601683795,14.435050124535337,17.497779991477728,18.07310612499714,0.0031061187754915674,0.009136107673756543,0.011074544298403625,0.011438674762656417,0.005727406580349821,0.009494867222248403,0.0073954691697650145
5,7,FasTGFb_006_DAPI.1.1.tif,FasTGFb_006_W647.1.1.tif,FasTGFb_006_G488.1.1.tif,FasTGFb_006_R555.1.1.tif,/Volumes/D/YAPSMAD_Nuclear_Localization/251219_YAPSMAD_Early_D14_Male_#3/tifs,/Volumes/D/YAPSMAD_Nuclear_Localization/251219_YAPSMAD_Early_D14_Male_#3/tifs,/Volumes/D/YAPSMAD_Nuclear_Localization/251219_YAPSMAD_Early_D14_Male_#3/tifs,/Volumes/D/YAPSMAD_Nuclear_Localization/251219_YAPSMAD_Early_D14_Male_#3/tifs,1332,3.8585310504175343,0.6700566737378828,0.25916598491329734,4.13351261842544,3.1622776601683795,17.581719832029194,18.48442830145359,20.771740392781794,0.002762627597708065,0.01319948936338528,0.013877198424514707,0.015594399694280626,0.009459099673822243,0.008556827921794652,0.010078381611454384
5,8,FasTGFb_006_DAPI.1.1.tif,FasTGFb_006_W647.1.1.tif,FasTGFb_006_G488.1.1.tif,FasTGFb_006_R555.1.1.tif,/Volumes/D/YAPSMAD_Nuclear_Localization/251219_YAPSMAD_Early_D14_Male_#3/tifs,/Volumes/D/YAPSMAD_Nuclear_Localization/251219_YAPSMAD_Early_D14_Male_#3/tifs,/Volumes/D/YAPSMAD_Nuclear_Localization/251219_YAPSMAD_Early_D14_Male_#3/tifs,/Volumes/D/YAPSMAD_Nuclear_Localization/251219_YAPSMAD_Early_D14_Male_#3/tifs,2082,7.627390241183184,0.6478374607403188,0.13110644248941392,3.4748131101200666,3.0,28.39719255710952,24.466361725702882,31.711070592980832,0.0029163860704071684,0.01363938163165683,0.011751374508022518,0.015231061764159861,0.009094916354694447,0.007781585408511411,0.011053919652550393
5,9,FasTGFb_006_DAPI.1.1.tif,FasTGFb_006_W647.1.1.tif,FasTGFb_006_G488.1.1.tif,FasTGFb_006_R555.1.1.tif,/Volumes/D/YAPSMAD_Nuclear_Localization/251219_YAPSMAD_Early_D14_Male_#3/tifs,/Volumes/D/YAPSMAD_Nuclear_Localization/251219_YAPSMAD_Early_D14_Male_#3/tifs,/Volumes/D/YAPSMAD_Nuclear_Localization/251219_YAPSMAD_Early_D14_Male_#3/tifs,/Volumes/D/YAPSMAD_Nuclear_Localization/251219_YAPSMAD_Early_D14_Male_#3/tifs,1901,6.980919911412896,0.9042366420225698,0.14324759669067827,3.501463986528752,3.0,13.79366767895408,28.341741267126054,16.79615488019772,0.0024805261958282692,0.007256006143584471,0.0149088591620863,0.008835431288899378,0.004846137227773494,0.01118305091246975,0.007792765057062612
5,10,FasTGFb_006_DAPI.1.1.tif,FasTGFb_006_W647.1.1.tif,FasTGFb_006_G488.1.1.tif,FasTGFb_006_R555.1.1.tif,/Volumes/D/YAPSMAD_Nuclear_Localization/251219_YAPSMAD_Early_D14_Male_#3/tifs,/Volumes/D/YAPSMAD_Nuclear_Localization/251219_YAPSMAD_Early_D14_Male_#3/tifs,/Volumes/D/YAPSMAD_Nuclear_Localization/251219_YAPSMAD_Early_D14_Male_#3/tifs,/Volumes/D/YAPSMAD_Nuclear_Localization/251219_YAPSMAD_Early_D14_Male_#3/tifs,1086,7.661954512202783,0.8764406328922791,0.13051500089270351,2.5102773808400447,2.23606797749979,11.37637912388891,22.788967833854258,11.525810742285103,0.003813083462192442,0.010475487222733802,0.020984316605758984,0.01061308539805258,0.008384040543918078,0.01673507242912411,0.0060261921621189
5,11,FasTGFb_006_DAPI.1.1.tif,FasTGFb_006_W647.1.1.tif,FasTGFb_006_G488.1.1.tif,FasTGFb_006_R555.1.1.tif,/Volumes/D/YAPSMAD_Nuclear_Localization/251219_YAPSMAD_Early_D14_Male_#3/tifs,/Volumes/D/YAPSMAD_Nuclear_Localization/251219_YAPSMAD_Early_D14_Male_#3/tifs,/Volumes/D/YAPSMAD_Nuclear_Localization/251219_YAPSMAD_Early_D14_Male_#3/tifs,/Volumes/D/YAPSMAD_Nuclear_Localization/251219_YAPSMAD_Early_D14_Male_#3/tifs,1319,6.443557902073946,0.46922112481845824,0.15519376332105844,3.2296146595288864,2.8284271247461903,9.253528762608767,15.74593743076548,15.442755895666778,0.0032037467742727123,0.007015563883706419,0.011937784253802486,0.011707927138488838,0.003589031878427962,0.008997677262972726,0.00784919001511775
5,12,FasTGFb_006_DAPI.1.1.tif,FasTGFb_006_W647.1.1.tif,FasTGFb_006_G488.1.1.tif,FasTGFb_006_R555.1.1.tif,/Volumes/D/YAPSMAD_Nuclear_Localization/251219_YAPSMAD_Early_D14_Male_#3/tifs,/Volumes/D/YAPSMAD_Nuclear_Localization/251219_YAPSMAD_Early_D14_Male_#3/tifs,/Volumes/D/YAPSMAD_Nuclear_Localization/251219_YAPSMAD_Early_D14_Male_#3/tifs,/Volumes/D/YAPSMAD_Nuclear_Localization/251219_YAPSMAD_Early_D14_Male_#3/tifs,1140,5.6156958492333935,0.6039934462135467,0.1780723220856969,2.8933444835362545,2.8284271247461903,11.626901766750962,14.495689440518618,12.041596210794523,0.0035560749121941624,0.010199036637500844,0.012715517053086507,0.010562803693679406,0.008403675916520612,0.01087376447313444,0.006538907368012986
5,13,FasTGFb_006_DAPI.1.1.tif,FasTGFb_006_W647.1.1.tif,FasTGFb_006_G488.1.1.tif,FasTGFb_006_R555.1.1.tif,/Volumes/D/YAPSMAD_Nuclear_Localization/251219_YAPSMAD_Early_D14_Male_#3/tifs,/Volumes/D/YAPSMAD_Nuclear_Localization/251219_YAPSMAD_Early_D14_Male_#3/tifs,/Volumes/D/YAPSMAD_Nuclear_Localization/251219_YAPSMAD_Early_D14_Male_#3/tifs,/Volumes/D/YAPSMAD_Nuclear_Localization/251219_YAPSMAD_Early_D14_Male_#3/tifs,4358,19.681118544175476,0.8837463299069279,0.050810120255890885,3.7119093031330785,3.0,19.6153813067358,23.068375951144844,18.967574724927545,0.0014498486819780915,0.0045010053480348325,0.005293340053039202,0.004352357669786036,0.003089380266764001,0.002646370390942758,0.00442122381549136
5,14,FasTGFb_006_DAPI.1.1.tif,FasTGFb_006_W647.1.1.tif,FasTGFb_006_G488.1.1.tif,FasTGFb_006_R555.1.1.tif,/Volumes/D/YAPSMAD_Nuclear_Localization/251219_YAPSMAD_Early_D14_Male_#3/tifs,/Volumes/D/YAPSMAD_Nuclear_Localization/251219_YAPSMAD_Early_D14_Male_#3/tifs,/Volumes/D/YAPSMAD_Nuclear_Localization/251219_YAPSMAD_Early_D14_Male_#3/tifs,/Volumes/D/YAPSMAD_Nuclear_Localization/251219_YAPSMAD_Early_D14_Male_#3/tifs,1718,10.326912529807295,0.7695001225321074,0.09683436333111464,2.793747640028891,2.23606797749979,14.741268180776387,25.158816087059677,18.45978502649814,0.002563844319992418,0.00858048206098742,0.014644246849278042,0.01074492725640171,0.007798180493876303,0.01094169631812738,0.007153448273752118
5,15,FasTGFb_006_DAPI.1.1.tif,FasTGFb_006_W647.1.1.tif,FasTGFb_006_G488.1.1.tif,FasTGFb_006_R555.1.1.tif,/Volumes/D/YAPSMAD_Nuclear_Localization/251219_YAPSMAD_Early_D14_Male_#3/tifs,/Volumes/D/YAPSMAD_Nuclear_Localization/251219_YAPSMAD_Early_D14_Male_#3/tifs,/Volumes/D/YAPSMAD_Nuclear_Localization/251219_YAPSMAD_Early_D14_Male_#3/tifs,/Volumes/D/YAPSMAD_Nuclear_Localization/251219_YAPSMAD_Early_D14_Male_#3/tifs,2143,6.2924149343452305,0.3627874640150352,0.1589214968233904,4.140858825990581,3.1622776601683795,27.229114441899583,30.71599932992831,28.364767109509557,0.002873231828403088,0.012706073001353048,0.01433317747546818,0.013236008917176648,0.0076078745810250915,0.010177178603263039,0.00879745978556554
5,16,FasTGFb_006_DAPI.1.1.tif,FasTGFb_006_W647.1.1.tif,FasTGFb_006_G488.1.1.tif,FasTGFb_006_R555.1.1.tif,/Volumes/D/YAPSMAD_Nuclear_Localization/251219_YAPSMAD_Early_D14_Male_#3/tifs,/Volumes/D/YAPSMAD_Nuclear_Localization/251219_YAPSMAD_Early_D14_Male_#3/tifs,/Volumes/D/YAPSMAD_Nuclear_Localization/251219_YAPSMAD_Early_D14_Male_#3/tifs,/Volumes/D/YAPSMAD_Nuclear_Localization/251219_YAPSMAD_Early_D14_Male_#3/tifs,2635,5.247057587974354,0.8251362546146185,0.19058300451892957,4.431885924725517,4.0,30.774380375165492,44.469688210170716,41.59172985027544,0.003071313935280751,0.01167908173630569,0.016876542015245053,0.015784337704089352,0.007071435397806833,0.012270522053101352,0.010431069847516199
5,17,FasTGFb_006_DAPI.1.1.tif,FasTGFb_006_W647.1.1.tif,FasTGFb_006_G488.1.1.tif,FasTGFb_006_R555.1.1.tif,/Volumes/D/YAPSMAD_Nuclear_Localization/251219_YAPSMAD_Early_D14_Male_#3/tifs,/Volumes/D/YAPSMAD_Nuclear_Localization/251219_YAPSMAD_Early_D14_Male_#3/tifs,/Volumes/D/YAPSMAD_Nuclear_Localization/251219_YAPSMAD_Early_D14_Male_#3/tifs,/Volumes/D/YAPSMAD_Nuclear_Localization/251219_YAPSMAD_Early_D14_Male_#3/tifs,1889,4.593733902602849,0.581352163324995,0.21768783765062916,4.313809471794938,4.0,16.12919831648469,33.82858028495684,24.045197349740192,0.002758361041731245,0.008538485080193059,0.01790819496292051,0.012729061593298143,0.004531408236714423,0.016142922085756264,0.008274007565091931
5,18,FasTGFb_006_DAPI.1.1.tif,FasTGFb_006_W647.1.1.tif,FasTGFb_006_G488.1.1.tif,FasTGFb_006_R555.1.1.tif,/Volumes/D/YAPSMAD_Nuclear_Localization/251219_YAPSMAD_Early_D14_Male_#3/tifs,/Volumes/D/YAPSMAD_Nuclear_Localization/251219_YAPSMAD_Early_D14_Male_#3/tifs,/Volumes/D/YAPSMAD_Nuclear_Localization/251219_YAPSMAD_Early_D14_Male_#3/tifs,/Volumes/D/YAPSMAD_Nuclear_Localization/251219_YAPSMAD_Early_D14_Male_#3/tifs,1220,7.420631698776255,0.8375029950026927,0.13475941679802156,2.781834011370532,2.23606797749979,4.996963512618095,15.934966145083308,14.164538162527606,0.003601304294549112,0.004095871731654176,0.01306144765990435,0.011610277182399677,0.0020368701015397823,0.008050372763305632,0.005894860865713563
5,19,FasTGFb_006_DAPI.1.1.tif,FasTGFb_006_W647.1.1.tif,FasTGFb_006_G488.1.1.tif,FasTGFb_006_R555.1.1.tif,/Volumes/D/YAPSMAD_Nuclear_Localization/251219_YAPSMAD_Early_D14_Male_#3/tifs,/Volumes/D/YAPSMAD_Nuclear_Localization/251219_YAPSMAD_Early_D14_Male_#3/tifs,/Volumes/D/YAPSMAD_Nuclear_Localization/251219_YAPSMAD_Early_D14_Male_#3/tifs,/Volumes/D/YAPSMAD_Nuclear_Localization/251219_YAPSMAD_Early_D14_Male_#3/tifs,1584,2.887047311168238,0.4083950879068655,0.34637464932826195,4.68328874976335,4.0,19.797192502766848,25.64847806794569,28.50437183608301,0.003338739513319616,0.012498227590130586,0.016192221002490965,0.017995184239951396,0.00800047231116416,0.01005357007292387,0.009583904052445165
5,20,FasTGFb_006_DAPI.1.1.tif,FasTGFb_006_W647.1.1.tif,FasTGFb_006_G488.1.1.tif,FasTGFb_006_R555.1.1.tif,/Volumes/D/YAPSMAD_Nuclear_Localization/251219_YAPSMAD_Early_D14_Male_#3/tifs,/Volumes/D/YAPSMAD_Nuclear_Localization/251219_YAPSMAD_Early_D14_Male_#3/tifs,/Volumes/D/YAPSMAD_Nuclear_Localization/251219_YAPSMAD_Early_D14_Male_#3/tifs,/Volumes/D/YAPSMAD_Nuclear_Localization/251219_YAPSMAD_Early_D14_Male_#3/tifs,1421,10.269936359452194,0.7784899018563881,0.09737158683360533,2.4771255848525864,2.23606797749979,11.298664960544556,26.506111381109804,15.161425305297598,0.0036622296971577646,0.007951206868785754,0.01865313960669233,0.010669546309146797,0.0049630345551907335,0.0160121462222775,0.007650922348795131
5,21,FasTGFb_006_DAPI.1.1.tif,FasTGFb_006_W647.1.1.tif,FasTGFb_006_G488.1.1.tif,FasTGFb_006_R555.1.1.tif,/Volumes/D/YAPSMAD_Nuclear_Localization/251219_YAPSMAD_Early_D14_Male_#3/tifs,/Volumes/D/YAPSMAD_Nuclear_Localization/251219_YAPSMAD_Early_D14_Male_#3/tifs,/Volumes/D/YAPSMAD_Nuclear_Localization/251219_YAPSMAD_Early_D14_Male_#3/tifs,/Volumes/D/YAPSMAD_Nuclear_Localization/251219_YAPSMAD_Early_D14_Male_#3/tifs,1483,6.501792219746865,0.8824853602053666,0.1538037461367741,3.3930305520108925,2.8284271247461903,13.648737404961139,22.102250827476382,18.835629950277507,0.0030851519967423687,0.009203464197546285,0.014903742972000257,0.012701031658986856,0.0096829387372975,0.013961320711440007,0.009128035799960152
5,22,FasTGFb_006_DAPI.1.1.tif,FasTGFb_006_W647.1.1.tif,FasTGFb_006_G488.1.1.tif,FasTGFb_006_R555.1.1.tif,/Volumes/D/YAPSMAD_Nuclear_Localization/251219_YAPSMAD_Early_D14_Male_#3/tifs,/Volumes/D/YAPSMAD_Nuclear_Localization/251219_YAPSMAD_Early_D14_Male_#3/tifs,/Volumes/D/YAPSMAD_Nuclear_Localization/251219_YAPSMAD_Early_D14_Male_#3/tifs,/Volumes/D/YAPSMAD_Nuclear_Localization/251219_YAPSMAD_Early_D14_Male_#3/tifs,1309,4.903742533762833,0.8650798949829671,0.2039258776566846,3.2972857770819926,3.0,16.608041578438133,21.087647946551442,18.45894570206292,0.0032975457568145644,0.012687579509883983,0.016109738691024784,0.014101562797603454,0.012081940485811578,0.012109048820623034,0.010744099819620403
5,23,FasTGFb_006_DAPI.1.1.tif,FasTGFb_006_W647.1.1.tif,FasTGFb_006_G488.1.1.tif,FasTGFb_006_R555.1.1.tif,/Volumes/D/YAPSMAD_Nuclear_Localization/251219_YAPSMAD_Early_D14_Male_#3/tifs,/Volumes/D/YAPSMAD_Nuclear_Localization/251219_YAPSMAD_Early_D14_Male_#3/tifs,/Volumes/D/YAPSMAD_Nuclear_Localization/251219_YAPSMAD_Early_D14_Male_#3/tifs,/Volumes/D/YAPSMAD_Nuclear_Localization/251219_YAPSMAD_Early_D14_Male_#3/tifs,1451,11.230018101275176,0.7301471110555371,0.08904705148128385,2.3993641002825874,2.0,7.448264385340735,28.82221724651754,13.531578690046445,0.0028485575866411157,0.005133193925114222,0.019863692106490378,0.0093256917229817,0.002648023739906272,0.014933940199861356,0.005020968203680541
5,24,FasTGFb_006_DAPI.1.1.tif,FasTGFb_006_W647.1.1.tif,FasTGFb_006_G488.1.1.tif,FasTGFb_006_R555.1.1.tif,/Volumes/D/YAPSMAD_Nuclear_Localization/251219_YAPSMAD_Early_D14_Male_#3/tifs,/Volumes/D/YAPSMAD_Nuclear_Localization/251219_YAPSMAD_Early_D14_Male_#3/tifs,/Volumes/D/YAPSMAD_Nuclear_Localization/251219_YAPSMAD_Early_D14_Male_#3/tifs,/Volumes/D/YAPSMAD_Nuclear_Localization/251219_YAPSMAD_Early_D14_Male_#3/tifs,2031,5.84079472261675,0.8864402693726461,0.17120957806097786,4.236388750473306,3.605551275463989,17.762798693031073,27.442816941533238,20.186282300157472,0.0017975819070609345,0.00874583884442692,0.013511972890956788,0.009939085327502449,0.00456456540792595,0.010446935386500907,0.006890697186221142
5,25,FasTGFb_006_DAPI.1.1.tif,FasTGFb_006_W647.1.1.tif,FasTGFb_006_G488.1.1.tif,FasTGFb_006_R555.1.1.tif,/Volumes/D/YAPSMAD_Nuclear_Localization/251219_YAPSMAD_Early_D14_Male_#3/tifs,/Volumes/D/YAPSMAD_Nuclear_Localization/251219_YAPSMAD_Early_D14_Male_#3/tifs,/Volumes/D/YAPSMAD_Nuclear_Localization/251219_YAPSMAD_Early_D14_Male_#3/tifs,/Volumes/D/YAPSMAD_Nuclear_Localization/251219_YAPSMAD_Early_D14_Male_#3/tifs,1302,11.175766877223325,0.7992191241797967,0.08947931815203138,2.6378624728837803,2.23606797749979,8.021515318425372,27.779553027357906,10.41593051305972,0.0027438815502155165,0.006160918063306738,0.021336062232993783,0.007999946630614225,0.004034046934401363,0.01585754779595334,0.0054091197903327806
5,26,FasTGFb_006_DAPI.1.1.tif,FasTGFb_006_W647.1.1.tif,FasTGFb_006_G488.1.1.tif,FasTGFb_006_R555.1.1.tif,/Volumes/D/YAPSMAD_Nuclear_Localization/251219_YAPSMAD_Early_D14_Male_#3/tifs,/Volumes/D/YAPSMAD_Nuclear_Localization/251219_YAPSMAD_Early_D14_Male_#3/tifs,/Volumes/D/YAPSMAD_Nuclear_Localization/251219_YAPSMAD_Early_D14_Male_#3/tifs,/Volumes/D/YAPSMAD_Nuclear_Localization/251219_YAPSMAD_Early_D14_Male_#3/tifs,1481,5.283271750424942,0.22972100049371938,0.18927665417164438,3.398807439603413,3.0,12.25519203953445,27.50383777078241,16.087464853888378,0.0032294313627710862,0.008274943983480384,0.01857112611126429,0.010862569111335839,0.004453005177215365,0.01376177962616477,0.007176112760913248
5,27,FasTGFb_006_DAPI.1.1.tif,FasTGFb_006_W647.1.1.tif,FasTGFb_006_G488.1.1.tif,FasTGFb_006_R555.1.1.tif,/Volumes/D/YAPSMAD_Nuclear_Localization/251219_YAPSMAD_Early_D14_Male_#3/tifs,/Volumes/D/YAPSMAD_Nuclear_Localization/251219_YAPSMAD_Early_D14_Male_#3/tifs,/Volumes/D/YAPSMAD_Nuclear_Localization/251219_YAPSMAD_Early_D14_Male_#3/tifs,/Volumes/D/YAPSMAD_Nuclear_Localization/251219_YAPSMAD_Early_D14_Male_#3/tifs,1357,5.368381062721753,0.6893363032003013,0.18627589739186715,3.5813897297478454,3.0,7.037125301314518,10.470115310279652,15.592004380421713,0.0026950783730404246,0.0051857960952944124,0.007715633979572331,0.01149005481239625,0.0023429755297255444,0.0039393880450233525,0.00751919251664448
5,28,FasTGFb_006_DAPI.1.1.tif,FasTGFb_006_W647.1.1.tif,FasTGFb_006_G488.1.1.tif,FasTGFb_006_R555.1.1.tif,/Volumes/D/YAPSMAD_Nuclear_Localization/251219_YAPSMAD_Early_D14_Male_#3/tifs,/Volumes/D/YAPSMAD_Nuclear_Localization/251219_YAPSMAD_Early_D14_Male_#3/tifs,/Volumes/D/YAPSMAD_Nuclear_Localization/251219_YAPSMAD_Early_D14_Male_#3/tifs,/Volumes/D/YAPSMAD_Nuclear_Localization/251219_YAPSMAD_Early_D14_Male_#3/tifs,1291,6.291946519917436,0.48502132024253247,0.15893332799864965,3.035850021767054,2.8284271247461903,9.04370196023956,24.282108870334923,15.496192970778793,0.0032605846866238125,0.007005191293756437,0.018808759775627362,0.012003247847233767,0.0034193941534771143,0.01310530324319256,0.007756718644227478
5,29,FasTGFb_006_DAPI.1.1.tif,FasTGFb_006_W647.1.1.tif,FasTGFb_006_G488.1.1.tif,FasTGFb_006_R555.1.1.tif,/Volumes/D/YAPSMAD_Nuclear_Localization/251219_YAPSMAD_Early_D14_Male_#3/tifs,/Volumes/D/YAPSMAD_Nuclear_Localization/251219_YAPSMAD_Early_D14_Male_#3/tifs,/Volumes/D/YAPSMAD_Nuclear_Localization/251219_YAPSMAD_Early_D14_Male_#3/tifs,/Volumes/D/YAPSMAD_Nuclear_Localization/251219_YAPSMAD_Early_D14_Male_#3/tifs,1377,9.147519566981302,0.6915094492469367,0.10931925235881203,3.184398812321779,2.23606797749979,10.303044283296913,22.873411307577044,13.195819137385115,0.0032425587910606905,0.00748223985715099,0.016611046701217897,0.009583020433830875,0.004442325050961238,0.014785389157272776,0.00763628178602105
5,30,FasTGFb_006_DAPI.1.1.tif,FasTGFb_006_W647.1.1.tif,FasTGFb_006_G488.1.1.tif,FasTGFb_006_R555.1.1.tif,/Volumes/D/YAPSMAD_Nuclear_Localization/251219_YAPSMAD_Early_D14_Male_#3/tifs,/Volumes/D/YAPSMAD_Nuclear_Localization/251219_YAPSMAD_Early_D14_Male_#3/tifs,/Volumes/D/YAPSMAD_Nuclear_Localization/251219_YAPSMAD_Early_D14_Male_#3/tifs,/Volumes/D/YAPSMAD_Nuclear_Localization/251219_YAPSMAD_Early_D14_Male_#3/tifs,1109,6.357863620647795,0.8445142868222851,0.15728553798360828,2.916931854918707,2.23606797749979,6.606424150057137,15.79696354153566,7.769726189086214,0.0029920341650223926,0.005957100225479835,0.014244331417074535,0.007006065093855918,0.0025885854393040055,0.01074307062577097,0.004111789390556939
5,31,FasTGFb_006_DAPI.1.1.tif,FasTGFb_006_W647.1.1.tif,FasTGFb_006_G488.1.1.tif,FasTGFb_006_R555.1.1.tif,/Volumes/D/YAPSMAD_Nuclear_Localization/251219_YAPSMAD_Early_D14_Male_#3/tifs,/Volumes/D/YAPSMAD_Nuclear_Localization/251219_YAPSMAD_Early_D14_Male_#3/tifs,/Volumes/D/YAPSMAD_Nuclear_Localization/251219_YAPSMAD_Early_D14_Male_#3/tifs,/Volumes/D/YAPSMAD_Nuclear_Localization/251219_YAPSMAD_Early_D14_Male_#3/tifs,1514,9.471997442802525,0.6876368913141914,0.10557435282669643,2.7726419805105236,2.23606797749979,7.075410186778754,17.848493325989693,13.187014703406021,0.003249183969044396,0.004673322448334712,0.011788965208711819,0.008710049341747702,0.0024064087275104517,0.007540265145387316,0.0060582766415561255
5,32,FasTGFb_006_DAPI.1.1.tif,FasTGFb_006_W647.1.1.tif,FasTGFb_006_G488.1.1.tif,FasTGFb_006_R555.1.1.tif,/Volumes/D/YAPSMAD_Nuclear_Localization/251219_YAPSMAD_Early_D14_Male_#3/tifs,/Volumes/D/YAPSMAD_Nuclear_Localization/251219_YAPSMAD_Early_D14_Male_#3/tifs,/Volumes/D/YAPSMAD_Nuclear_Localization/251219_YAPSMAD_Early_D14_Male_#3/tifs,/Volumes/D/YAPSMAD_Nuclear_Localization/251219_YAPSMAD_Early_D14_Male_#3/tifs,3128,15.051039686975413,0.7839714435061856,0.06644059286252241,3.9781033044652276,3.0,21.548073784215376,47.277607672382146,32.15774803725071,0.002568647559970984,0.006888770391373202,0.015114324703446978,0.010280609986333348,0.004703003467621947,0.013562215901314494,0.007318464384553697
5,33,FasTGFb_006_DAPI.1.1.tif,FasTGFb_006_W647.1.1.tif,FasTGFb_006_G488.1.1.tif,FasTGFb_006_R555.1.1.tif,/Volumes/D/YAPSMAD_Nuclear_Localization/251219_YAPSMAD_Early_D14_Male_#3/tifs,/Volumes/D/YAPSMAD_Nuclear_Localization/251219_YAPSMAD_Early_D14_Male_#3/tifs,/Volumes/D/YAPSMAD_Nuclear_Localization/251219_YAPSMAD_Early_D14_Male_#3/tifs,/Volumes/D/YAPSMAD_Nuclear_Localization/251219_YAPSMAD_Early_D14_Male_#3/tifs,1800,4.371763914815692,0.5502264511994638,0.22874062266058087,4.403899251229442,4.0,9.000503650400788,22.827145918272436,10.063828598475084,0.0021300153493777744,0.005000279805778216,0.012681747732373575,0.0055910158880417135,0.0037047875214176215,0.010505592758042909,0.003680096049333727
5,34,FasTGFb_006_DAPI.1.1.tif,FasTGFb_006_W647.1.1.tif,FasTGFb_006_G488.1.1.tif,FasTGFb_006_R555.1.1.tif,/Volumes/D/YAPSMAD_Nuclear_Localization/251219_YAPSMAD_Early_D14_Male_#3/tifs,/Volumes/D/YAPSMAD_Nuclear_Localization/251219_YAPSMAD_Early_D14_Male_#3/tifs,/Volumes/D/YAPSMAD_Nuclear_Localization/251219_YAPSMAD_Early_D14_Male_#3/tifs,/Volumes/D/YAPSMAD_Nuclear_Localization/251219_YAPSMAD_Early_D14_Male_#3/tifs,2121,11.62076151041903,0.8819823552765736,0.08605288036445911,3.058148163298318,2.8284271247461903,10.64017713512294,40.442115074023604,14.483222861541435,0.002295572730352095,0.005016585165074465,0.019067475282425084,0.006828487912089314,0.003087686680504482,0.013987504250717863,0.004480314889286795
5,35,FasTGFb_006_DAPI.1.1.tif,FasTGFb_006_W647.1.1.tif,FasTGFb_006_G488.1.1.tif,FasTGFb_006_R555.1.1.tif,/Volumes/D/YAPSMAD_Nuclear_Localization/251219_YAPSMAD_Early_D14_Male_#3/tifs,/Volumes/D/YAPSMAD_Nuclear_Localization/251219_YAPSMAD_Early_D14_Male_#3/tifs,/Volumes/D/YAPSMAD_Nuclear_Localization/251219_YAPSMAD_Early_D14_Male_#3/tifs,/Volumes/D/YAPSMAD_Nuclear_Localization/251219_YAPSMAD_Early_D14_Male_#3/tifs,3233,12.371284797024662,0.6672287212244341,0.08083234816811456,4.0046076655079235,3.1622776601683795,27.462928472086787,32.50362430815585,40.26855898438953,0.0026371724498992573,0.008494564946516172,0.010053703776107594,0.012455477570179254,0.00561856055460058,0.0066524882605506624,0.00977162277523509
5,36,FasTGFb_006_DAPI.1.1.tif,FasTGFb_006_W647.1.1.tif,FasTGFb_006_G488.1.1.tif,FasTGFb_006_R555.1.1.tif,/Volumes/D/YAPSMAD_Nuclear_Localization/251219_YAPSMAD_Early_D14_Male_#3/tifs,/Volumes/D/YAPSMAD_Nuclear_Localization/251219_YAPSMAD_Early_D14_Male_#3/tifs,/Volumes/D/YAPSMAD_Nuclear_Localization/251219_YAPSMAD_Early_D14_Male_#3/tifs,/Volumes/D/YAPSMAD_Nuclear_Localization/251219_YAPSMAD_Early_D14_Male_#3/tifs,2100,8.647116044235142,0.5831750133426696,0.11564549323547935,3.545723911799378,2.8284271247461903,16.115266842767596,32.01638841070235,16.142748285084963,0.003541698929343727,0.007673936591794093,0.015245899243191594,0.007687022992897602,0.004210272310814967,0.012464483557105279,0.004923202505906175
5,37,FasTGFb_006_DAPI.1.1.tif,FasTGFb_006_W647.1.1.tif,FasTGFb_006_G488.1.1.tif,FasTGFb_006_R555.1.1.tif,/Volumes/D/YAPSMAD_Nuclear_Localization/251219_YAPSMAD_Early_D14_Male_#3/tifs,/Volumes/D/YAPSMAD_Nuclear_Localization/251219_YAPSMAD_Early_D14_Male_#3/tifs,/Volumes/D/YAPSMAD_Nuclear_Localization/251219_YAPSMAD_Early_D14_Male_#3/tifs,/Volumes/D/YAPSMAD_Nuclear_Localization/251219_YAPSMAD_Early_D14_Male_#3/tifs,1936,5.207851014926912,0.7234652534391959,0.1920177818324233,4.319963081664909,3.605551275463989,16.755077622132376,18.00624116556719,26.08055253024213,0.00302511686916186,0.00865448224283697,0.009300744403702061,0.01347135977801763,0.004478882474756905,0.005069917791970409,0.009475774513805647
5,38,FasTGFb_006_DAPI.1.1.tif,FasTGFb_006_W647.1.1.tif,FasTGFb_006_G488.1.1.tif,FasTGFb_006_R555.1.1.tif,/Volumes/D/YAPSMAD_Nuclear_Localization/251219_YAPSMAD_Early_D14_Male_#3/tifs,/Volumes/D/YAPSMAD_Nuclear_Localization/251219_YAPSMAD_Early_D14_Male_#3/tifs,/Volumes/D/YAPSMAD_Nuclear_Localization/251219_YAPSMAD_Early_D14_Male_#3/tifs,/Volumes/D/YAPSMAD_Nuclear_Localization/251219_YAPSMAD_Early_D14_Male_#3/tifs,2504,10.77615591494412,0.9179009699442793,0.09279746951445121,3.860448347268661,3.0,10.782024989603087,17.973388513550162,7.875150730134919,0.002222984778072191,0.0043059205230044275,0.007177870812120672,0.003145028246858993,0.0029740342325187707,0.007093384960348473,0.0025342457217745547
5,39,FasTGFb_006_DAPI.1.1.tif,FasTGFb_006_W647.1.1.tif,FasTGFb_006_G488.1.1.tif,FasTGFb_006_R555.1.1.tif,/Volumes/D/YAPSMAD_Nuclear_Localization/251219_YAPSMAD_Early_D14_Male_#3/tifs,/Volumes/D/YAPSMAD_Nuclear_Localization/251219_YAPSMAD_Early_D14_Male_#3/tifs,/Volumes/D/YAPSMAD_Nuclear_Localization/251219_YAPSMAD_Early_D14_Male_#3/tifs,/Volumes/D/YAPSMAD_Nuclear_Localization/251219_YAPSMAD_Early_D14_Male_#3/tifs,1132,5.943283927147292,0.6016610141629266,0.1682571474386869,3.552125810845243,2.8284271247461903,4.040375411976129,11.566308160079643,8.68972312589176,0.003120564351305892,0.0035692362296608914,0.010217586713851276,0.007676433856794841,0.0016700641733244596,0.007234633872460595,0.005146531109474484
5,40,FasTGFb_006_DAPI.1.1.tif,FasTGFb_006_W647.1.1.tif,FasTGFb_006_G488.1.1.tif,FasTGFb_006_R555.1.1.tif,/Volumes/D/YAPSMAD_Nuclear_Localization/251219_YAPSMAD_Early_D14_Male_#3/tifs,/Volumes/D/YAPSMAD_Nuclear_Localization/251219_YAPSMAD_Early_D14_Male_#3/tifs,/Volumes/D/YAPSMAD_Nuclear_Localization/251219_YAPSMAD_Early_D14_Male_#3/tifs,/Volumes/D/YAPSMAD_Nuclear_Localization/251219_YAPSMAD_Early_D14_Male_#3/tifs,1762,9.533507124736504,0.6687293174522558,0.10489319270610384,2.921203871427317,2.23606797749979,10.685359118971974,28.539604974910617,17.15260560414754,0.0029175042120050576,0.006064335481822914,0.01619727864637379,0.009734736438222213,0.0033385329982256328,0.014694539092000412,0.008172771307017051
5,41,FasTGFb_006_DAPI.1.1.tif,FasTGFb_006_W647.1.1.tif,FasTGFb_006_G488.1.1.tif,FasTGFb_006_R555.1.1.tif,/Volumes/D/YAPSMAD_Nuclear_Localization/251219_YAPSMAD_Early_D14_Male_#3/tifs,/Volumes/D/YAPSMAD_Nuclear_Localization/251219_YAPSMAD_Early_D14_Male_#3/tifs,/Volumes/D/YAPSMAD_Nuclear_Localization/251219_YAPSMAD_Early_D14_Male_#3/tifs,/Volumes/D/YAPSMAD_Nuclear_Localization/251219_YAPSMAD_Early_D14_Male_#3/tifs,2394,10.007758654849304,0.727102228120287,0.09992247360156367,3.407299705640506,3.0,19.10421932162717,43.95895337103866,17.342931458959356,0.0020287169181292843,0.007980041487730648,0.018362135911043718,0.007244332271912847,0.0050527580783678435,0.017185940986157493,0.004696293150891246
5,42,FasTGFb_006_DAPI.1.1.tif,FasTGFb_006_W647.1.1.tif,FasTGFb_006_G488.1.1.tif,FasTGFb_006_R555.1.1.tif,/Volumes/D/YAPSMAD_Nuclear_Localization/251219_YAPSMAD_Early_D14_Male_#3/tifs,/Volumes/D/YAPSMAD_Nuclear_Localization/251219_YAPSMAD_Early_D14_Male_#3/tifs,/Volumes/D/YAPSMAD_Nuclear_Localization/251219_YAPSMAD_Early_D14_Male_#3/tifs,/Volumes/D/YAPSMAD_Nuclear_Localization/251219_YAPSMAD_Early_D14_Male_#3/tifs,1925,10.81807312762215,0.8685792932836621,0.09243790351598441,3.264591744201094,2.8284271247461903,11.085023388033733,20.661005770089105,17.63637762889266,0.002672461142231311,0.005758453708069471,0.010732990010435898,0.009161754612411772,0.004468227995254815,0.009567706893355949,0.008068368729549318
5,43,FasTGFb_006_DAPI.1.1.tif,FasTGFb_006_W647.1.1.tif,FasTGFb_006_G488.1.1.tif,FasTGFb_006_R555.1.1.tif,/Volumes/D/YAPSMAD_Nuclear_Localization/251219_YAPSMAD_Early_D14_Male_#3/tifs,/Volumes/D/YAPSMAD_Nuclear_Localization/251219_YAPSMAD_Early_D14_Male_#3/tifs,/Volumes/D/YAPSMAD_Nuclear_Localization/251219_YAPSMAD_Early_D14_Male_#3/tifs,/Volumes/D/YAPSMAD_Nuclear_Localization/251219_YAPSMAD_Early_D14_Male_#3/tifs,1839,9.427212633295817,0.3638054519945754,0.10607589315086799,3.3158872593482127,2.8284271247461903,12.288197286659852,34.824826581869274,17.203021448804066,0.002759485004536601,0.006681999612104324,0.0189368279401138,0.009354552174444843,0.005313659904112992,0.013449801333090596,0.005556502064372281
5,44,FasTGFb_006_DAPI.1.1.tif,FasTGFb_006_W647.1.1.tif,FasTGFb_006_G488.1.1.tif,FasTGFb_006_R555.1.1.tif,/Volumes/D/YAPSMAD_Nuclear_Localization/251219_YAPSMAD_Early_D14_Male_#3/tifs,/Volumes/D/YAPSMAD_Nuclear_Localization/251219_YAPSMAD_Early_D14_Male_#3/tifs,/Volumes/D/YAPSMAD_Nuclear_Localization/251219_YAPSMAD_Early_D14_Male_#3/tifs,/Volumes/D/YAPSMAD_Nuclear_Localization/251219_YAPSMAD_Early_D14_Male_#3/tifs,4590,18.89501723649781,0.8444396016354849,0.05292400570391593,4.952262631511381,3.605551275463989,23.121584156528115,53.71235247608274,21.559121289290488,0.001655045383019385,0.005037382169178238,0.011702037576488616,0.004696976315749561,0.0031441270087827363,0.011005428123057074,0.0038010515381902976
5,45,FasTGFb_006_DAPI.1.1.tif,FasTGFb_006_W647.1.1.tif,FasTGFb_006_G488.1.1.tif,FasTGFb_006_R555.1.1.tif,/Volumes/D/YAPSMAD_Nuclear_Localization/251219_YAPSMAD_Early_D14_Male_#3/tifs,/Volumes/D/YAPSMAD_Nuclear_Localization/251219_YAPSMAD_Early_D14_Male_#3/tifs,/Volumes/D/YAPSMAD_Nuclear_Localization/251219_YAPSMAD_Early_D14_Male_#3/tifs,/Volumes/D/YAPSMAD_Nuclear_Localization/251219_YAPSMAD_Early_D14_Male_#3/tifs,1943,7.139249909827568,0.7400381605681122,0.14007073749070545,3.9904137158386828,3.1622776601683795,19.202426361851394,31.85220128041692,20.23932263092138,0.0026712633857030924,0.009882875121899842,0.016393309974481175,0.010416532491467513,0.006937504865649977,0.01341459824596214,0.008113086835986359
5,46,FasTGFb_006_DAPI.1.1.tif,FasTGFb_006_W647.1.1.tif,FasTGFb_006_G488.1.1.tif,FasTGFb_006_R555.1.1.tif,/Volumes/D/YAPSMAD_Nuclear_Localization/251219_YAPSMAD_Early_D14_Male_#3/tifs,/Volumes/D/YAPSMAD_Nuclear_Localization/251219_YAPSMAD_Early_D14_Male_#3/tifs,/Volumes/D/YAPSMAD_Nuclear_Localization/251219_YAPSMAD_Early_D14_Male_#3/tifs,/Volumes/D/YAPSMAD_Nuclear_Localization/251219_YAPSMAD_Early_D14_Male_#3/tifs,1347,5.5085405598282975,0.7409320192720503,0.18153628699634558,3.201153437264272,3.0,10.295369004830718,27.833127398975194,13.459495035000145,0.0036283394094672725,0.007643184116429635,0.02066304929396822,0.00999220121380857,0.00436279268042248,0.014878335108793777,0.00617342385056579
5,47,FasTGFb_006_DAPI.1.1.tif,FasTGFb_006_W647.1.1.tif,FasTGFb_006_G488.1.1.tif,FasTGFb_006_R555.1.1.tif,/Volumes/D/YAPSMAD_Nuclear_Localization/251219_YAPSMAD_Early_D14_Male_#3/tifs,/Volumes/D/YAPSMAD_Nuclear_Localization/251219_YAPSMAD_Early_D14_Male_#3/tifs,/Volumes/D/YAPSMAD_Nuclear_Localization/251219_YAPSMAD_Early_D14_Male_#3/tifs,/Volumes/D/YAPSMAD_Nuclear_Localization/251219_YAPSMAD_Early_D14_Male_#3/tifs,294,5.651494638759673,0.8320767660391116,0.17694434196959066,1.8169892839390358,1.4142135623730951,1.0455939681269228,5.276737648295239,1.2487525939941406,0.006776251386673678,0.003556442068458921,0.01794808723909945,0.004247457802701159,0.001877953049733871,0.012151995986819231,0.001942310084418407
5,48,FasTGFb_006_DAPI.1.1.tif,FasTGFb_006_W647.1.1.tif,FasTGFb_006_G488.1.1.tif,FasTGFb_006_R555.1.1.tif,/Volumes/D/YAPSMAD_Nuclear_Localization/251219_YAPSMAD_Early_D14_Male_#3/tifs,/Volumes/D/YAPSMAD_Nuclear_Localization/251219_YAPSMAD_Early_D14_Male_#3/tifs,/Volumes/D/YAPSMAD_Nuclear_Localization/251219_YAPSMAD_Early_D14_Male_#3/tifs,/Volumes/D/YAPSMAD_Nuclear_Localization/251219_YAPSMAD_Early_D14_Male_#3/tifs,1618,10.974502228605555,0.7314644238148574,0.0911203058844394,3.0762374301801048,2.23606797749979,5.081986773060635,22.75896866968833,17.539223455125466,0.0035063308575599282,0.0031409065346481055,0.014066111662353727,0.010840063940126987,0.0012217109348240248,0.00826943984399939,0.006890839184281896
5,49,FasTGFb_006_DAPI.1.1.tif,FasTGFb_006_W647.1.1.tif,FasTGFb_006_G488.1.1.tif,FasTGFb_006_R555.1.1.tif,/Volumes/D/YAPSMAD_Nuclear_Localization/251219_YAPSMAD_Early_D14_Male_#3/tifs,/Volumes/D/YAPSMAD_Nuclear_Localization/251219_YAPSMAD_Early_D14_Male_#3/tifs,/Volumes/D/YAPSMAD_Nuclear_Localization/251219_YAPSMAD_Early_D14_Male_#3/tifs,/Volumes/D/YAPSMAD_Nuclear_Localization/251219_YAPSMAD_Early_D14_Male_#3/tifs,2127,7.96397981672354,0.6141307155865472,0.1255653609141629,3.4474898541036496,3.0,13.572182970354334,41.78223867085762,19.141451289411634,0.002477406596915545,0.006380904076330199,0.019643741735241006,0.008999271880306362,0.004077945185362173,0.01396908662846,0.006131749870300683
6,1,FasTGFb_007_DAPI.1.1.tif,FasTGFb_007_W647.1.1.tif,FasTGFb_007_G488.1.1.tif,FasTGFb_007_R555.1.1.tif,/Volumes/D/YAPSMAD_Nuclear_Localization/251219_YAPSMAD_Early_D14_Male_#3/tifs,/Volumes/D/YAPSMAD_Nuclear_Localization/251219_YAPSMAD_Early_D14_Male_#3/tifs,/Volumes/D/YAPSMAD_Nuclear_Localization/251219_YAPSMAD_Early_D14_Male_#3/tifs,/Volumes/D/YAPSMAD_Nuclear_Localization/251219_YAPSMAD_Early_D14_Male_#3/tifs,2089,3.3828853011469335,0.4890527778533943,0.2956056475402698,4.5229002995917575,4.123105625617661,21.403235098114237,21.754284207243472,37.41312295035459,0.0027544178147102553,0.01024568458502357,0.010413731070963845,0.01790958494511948,0.006954627168568873,0.006370584422608876,0.01266432342364024
6,2,FasTGFb_007_DAPI.1.1.tif,FasTGFb_007_W647.1.1.tif,FasTGFb_007_G488.1.1.tif,FasTGFb_007_R555.1.1.tif,/Volumes/D/YAPSMAD_Nuclear_Localization/251219_YAPSMAD_Early_D14_Male_#3/tifs,/Volumes/D/YAPSMAD_Nuclear_Localization/251219_YAPSMAD_Early_D14_Male_#3/tifs,/Volumes/D/YAPSMAD_Nuclear_Localization/251219_YAPSMAD_Early_D14_Male_#3/tifs,/Volumes/D/YAPSMAD_Nuclear_Localization/251219_YAPSMAD_Early_D14_Male_#3/tifs,2079,5.682350947997658,0.8526192938072241,0.1759834985821105,3.6048914430734005,3.1622776601683795,10.850766906281933,19.237155913142487,16.906782809179276,0.002360869418205214,0.005219224101145711,0.009253081247302784,0.008132170663385896,0.0030301402926998858,0.006346652737993561,0.004410635901878061
6,3,FasTGFb_007_DAPI.1.1.tif,FasTGFb_007_W647.1.1.tif,FasTGFb_007_G488.1.1.tif,FasTGFb_007_R555.1.1.tif,/Volumes/D/YAPSMAD_Nuclear_Localization/251219_YAPSMAD_Early_D14_Male_#3/tifs,/Volumes/D/YAPSMAD_Nuclear_Localization/251219_YAPSMAD_Early_D14_Male_#3/tifs,/Volumes/D/YAPSMAD_Nuclear_Localization/251219_YAPSMAD_Early_D14_Male_#3/tifs,/Volumes/D/YAPSMAD_Nuclear_Localization/251219_YAPSMAD_Early_D14_Male_#3/tifs,1442,4.456835489167539,0.47163614260473935,0.22437444739221973,3.3801891020164363,3.0,10.003082440700382,16.712352346163243,20.604669424472377,0.003459290117244966,0.006936950374965591,0.011589703430071598,0.014288952444155602,0.004462349504075427,0.006398995406458081,0.006905119189479424
6,4,FasTGFb_007_DAPI.1.1.tif,FasTGFb_007_W647.1.1.tif,FasTGFb_007_G488.1.1.tif,FasTGFb_007_R555.1.1.tif,/Volumes/D/YAPSMAD_Nuclear_Localization/251219_YAPSMAD_Early_D14_Male_#3/tifs,/Volumes/D/YAPSMAD_Nuclear_Localization/251219_YAPSMAD_Early_D14_Male_#3/tifs,/Volumes/D/YAPSMAD_Nuclear_Localization/251219_YAPSMAD_Early_D14_Male_#3/tifs,/Volumes/D/YAPSMAD_Nuclear_Localization/251219_YAPSMAD_Early_D14_Male_#3/tifs,60,4.7746482927568605,0.6822463019604899,0.20943951023931953,1.0,1.0,0.03443961241282523,0.3945830552838743,0.8342107376083732,0.02062180518793563,0.0005739935402137538,0.006576384254731238,0.013903512293472886,0.0001385154936367695,0.0008451877473810844,0.0023626336843035486
6,5,FasTGFb_007_DAPI.1.1.tif,FasTGFb_007_W647.1.1.tif,FasTGFb_007_G488.1.1.tif,FasTGFb_007_R555.1.1.tif,/Volumes/D/YAPSMAD_Nuclear_Localization/251219_YAPSMAD_Early_D14_Male_#3/tifs,/Volumes/D/YAPSMAD_Nuclear_Localization/251219_YAPSMAD_Early_D14_Male_#3/tifs,/Volumes/D/YAPSMAD_Nuclear_Localization/251219_YAPSMAD_Early_D14_Male_#3/tifs,/Volumes/D/YAPSMAD_Nuclear_Localization/251219_YAPSMAD_Early_D14_Male_#3/tifs,1716,5.9005537975844415,0.7655250704539198,0.16947561776478984,4.029037294682965,3.1622776601683795,15.95687814312987,19.81641890341416,23.65200293669477,0.0024015797674710186,0.009298880036788968,0.011548029663994265,0.013783218494577372,0.005703553058037973,0.0068787227209542775,0.00859867728951517
6,6,FasTGFb_007_DAPI.1.1.tif,FasTGFb_007_W647.1.1.tif,FasTGFb_007_G488.1.1.tif,FasTGFb_007_R555.1.1.tif,/Volumes/D/YAPSMAD_Nuclear_Localization/251219_YAPSMAD_Early_D14_Male_#3/tifs,/Volumes/D/YAPSMAD_Nuclear_Localization/251219_YAPSMAD_Early_D14_Male_#3/tifs,/Volumes/D/YAPSMAD_Nuclear_Localization/251219_YAPSMAD_Early_D14_Male_#3/tifs,/Volumes/D/YAPSMAD_Nuclear_Localization/251219_YAPSMAD_Early_D14_Male_#3/tifs,1306,3.3088145796190696,0.564804174747356,0.3022230396830293,4.2716107119458755,3.605551275463989,10.911863998975605,17.37389194825664,16.619043396087363,0.003120610199670434,0.008355179172263097,0.013303133191620705,0.012725148082762146,0.004360579943653686,0.008695402584437307,0.007021576930722446
6,7,FasTGFb_007_DAPI.1.1.tif,FasTGFb_007_W647.1.1.tif,FasTGFb_007_G488.1.1.tif,FasTGFb_007_R555.1.1.tif,/Volumes/D/YAPSMAD_Nuclear_Localization/251219_YAPSMAD_Early_D14_Male_#3/tifs,/Volumes/D/YAPSMAD_Nuclear_Localization/251219_YAPSMAD_Early_D14_Male_#3/tifs,/Volumes/D/YAPSMAD_Nuclear_Localization/251219_YAPSMAD_Early_D14_Male_#3/tifs,/Volumes/D/YAPSMAD_Nuclear_Localization/251219_YAPSMAD_Early_D14_Male_#3/tifs,1458,5.3558829289625125,0.7535312545667946,0.1867105784916232,3.402631716610355,3.0,9.258457407122478,13.636957455659285,14.201632818672806,0.0032546614804234873,0.006350107960989354,0.009353194414032432,0.009740488901696025,0.004079399990009407,0.005761058968569371,0.0057584419221588055
6,8,FasTGFb_007_DAPI.1.1.tif,FasTGFb_007_W647.1.1.tif,FasTGFb_007_G488.1.1.tif,FasTGFb_007_R555.1.1.tif,/Volumes/D/YAPSMAD_Nuclear_Localization/251219_YAPSMAD_Early_D14_Male_#3/tifs,/Volumes/D/YAPSMAD_Nuclear_Localization/251219_YAPSMAD_Early_D14_Male_#3/tifs,/Volumes/D/YAPSMAD_Nuclear_Localization/251219_YAPSMAD_Early_D14_Male_#3/tifs,/Volumes/D/YAPSMAD_Nuclear_Localization/251219_YAPSMAD_Early_D14_Male_#3/tifs,867,5.098776872063409,0.6949496990950372,0.19612546794880886,2.619806525294186,2.23606797749979,5.07968267868273,6.915083586471155,6.306660617468879,0.0035936140762523865,0.005858918891214221,0.007975874955560732,0.007274118359248995,0.003283693802828252,0.006203388278701004,0.0050265977848639645
6,9,FasTGFb_007_DAPI.1.1.tif,FasTGFb_007_W647.1.1.tif,FasTGFb_007_G488.1.1.tif,FasTGFb_007_R555.1.1.tif,/Volumes/D/YAPSMAD_Nuclear_Localization/251219_YAPSMAD_Early_D14_Male_#3/tifs,/Volumes/D/YAPSMAD_Nuclear_Localization/251219_YAPSMAD_Early_D14_Male_#3/tifs,/Volumes/D/YAPSMAD_Nuclear_Localization/251219_YAPSMAD_Early_D14_Male_#3/tifs,/Volumes/D/YAPSMAD_Nuclear_Localization/251219_YAPSMAD_Early_D14_Male_#3/tifs,2698,9.451745667913093,0.967111892529419,0.10580056162480257,3.4191887817561657,3.0,19.84136744774878,29.60323522845283,20.15249886433594,0.0022086896961230405,0.0073541020933094075,0.010972288817069248,0.007469421372993306,0.004179241659347153,0.00706076836472055,0.004747071605028367
6,10,FasTGFb_007_DAPI.1.1.tif,FasTGFb_007_W647.1.1.tif,FasTGFb_007_G488.1.1.tif,FasTGFb_007_R555.1.1.tif,/Volumes/D/YAPSMAD_Nuclear_Localization/251219_YAPSMAD_Early_D14_Male_#3/tifs,/Volumes/D/YAPSMAD_Nuclear_Localization/251219_YAPSMAD_Early_D14_Male_#3/tifs,/Volumes/D/YAPSMAD_Nuclear_Localization/251219_YAPSMAD_Early_D14_Male_#3/tifs,/Volumes/D/YAPSMAD_Nuclear_Localization/251219_YAPSMAD_Early_D14_Male_#3/tifs,6750,15.739055599882569,0.9206359531486857,0.06353621369807354,5.0405859210733155,4.0,55.54512910102494,84.1429319831077,70.41040727240033,0.0016383306661068842,0.008228908014966658,0.012465619553052993,0.010431171447763012,0.007557799299622893,0.00953361536601439,0.007210945507011279
6,11,FasTGFb_007_DAPI.1.1.tif,FasTGFb_007_W647.1.1.tif,FasTGFb_007_G488.1.1.tif,FasTGFb_007_R555.1.1.tif,/Volumes/D/YAPSMAD_Nuclear_Localization/251219_YAPSMAD_Early_D14_Male_#3/tifs,/Volumes/D/YAPSMAD_Nuclear_Localization/251219_YAPSMAD_Early_D14_Male_#3/tifs,/Volumes/D/YAPSMAD_Nuclear_Localization/251219_YAPSMAD_Early_D14_Male_#3/tifs,/Volumes/D/YAPSMAD_Nuclear_Localization/251219_YAPSMAD_Early_D14_Male_#3/tifs,2424,11.189131608770499,0.9255693308886462,0.08937244059370605,3.0275881083974387,2.8284271247461903,18.71306955302134,16.77720326394774,13.93707192200236,0.002125328698594326,0.0077199131819394974,0.006921288475225966,0.005749617129538928,0.005315284995883181,0.003954467332500664,0.0039195229799205405
6,12,FasTGFb_007_DAPI.1.1.tif,FasTGFb_007_W647.1.1.tif,FasTGFb_007_G488.1.1.tif,FasTGFb_007_R555.1.1.tif,/Volumes/D/YAPSMAD_Nuclear_Localization/251219_YAPSMAD_Early_D14_Male_#3/tifs,/Volumes/D/YAPSMAD_Nuclear_Localization/251219_YAPSMAD_Early_D14_Male_#3/tifs,/Volumes/D/YAPSMAD_Nuclear_Localization/251219_YAPSMAD_Early_D14_Male_#3/tifs,/Volumes/D/YAPSMAD_Nuclear_Localization/251219_YAPSMAD_Early_D14_Male_#3/tifs,2741,11.458162350323784,0.7915889847478406,0.08727402958919867,3.365771204232905,3.0,14.445670416811481,26.545495077269152,27.702250928850845,0.002402970293317288,0.005270219050277811,0.009684602363104398,0.010106622009796003,0.0035834957171929013,0.007245780480761463,0.007304424155500848
6,13,FasTGFb_007_DAPI.1.1.tif,FasTGFb_007_W647.1.1.tif,FasTGFb_007_G488.1.1.tif,FasTGFb_007_R555.1.1.tif,/Volumes/D/YAPSMAD_Nuclear_Localization/251219_YAPSMAD_Early_D14_Male_#3/tifs,/Volumes/D/YAPSMAD_Nuclear_Localization/251219_YAPSMAD_Early_D14_Male_#3/tifs,/Volumes/D/YAPSMAD_Nuclear_Localization/251219_YAPSMAD_Early_D14_Male_#3/tifs,/Volumes/D/YAPSMAD_Nuclear_Localization/251219_YAPSMAD_Early_D14_Male_#3/tifs,2497,12.017913436330305,0.7203022746247477,0.08320911989405642,3.5685204451055506,2.8284271247461903,9.115327784558758,23.978011931292713,23.672831510892138,0.0017580874325781404,0.0036505117278969796,0.009602728046172493,0.009480509215415354,0.0018909989575909112,0.006699631578349853,0.006515933327923004
6,14,FasTGFb_007_DAPI.1.1.tif,FasTGFb_007_W647.1.1.tif,FasTGFb_007_G488.1.1.tif,FasTGFb_007_R555.1.1.tif,/Volumes/D/YAPSMAD_Nuclear_Localization/251219_YAPSMAD_Early_D14_Male_#3/tifs,/Volumes/D/YAPSMAD_Nuclear_Localization/251219_YAPSMAD_Early_D14_Male_#3/tifs,/Volumes/D/YAPSMAD_Nuclear_Localization/251219_YAPSMAD_Early_D14_Male_#3/tifs,/Volumes/D/YAPSMAD_Nuclear_Localization/251219_YAPSMAD_Early_D14_Male_#3/tifs,1096,4.998737273526846,0.8269130392621479,0.2000505218179736,2.824582670145367,2.8284271247461903,8.909102103440091,12.217700587585568,11.865613888017833,0.003116390704607292,0.008128742795109571,0.011147537032468584,0.010826290043811892,0.006373166093262462,0.007111477166197673,0.006254922637969867
6,15,FasTGFb_007_DAPI.1.1.tif,FasTGFb_007_W647.1.1.tif,FasTGFb_007_G488.1.1.tif,FasTGFb_007_R555.1.1.tif,/Volumes/D/YAPSMAD_Nuclear_Localization/251219_YAPSMAD_Early_D14_Male_#3/tifs,/Volumes/D/YAPSMAD_Nuclear_Localization/251219_YAPSMAD_Early_D14_Male_#3/tifs,/Volumes/D/YAPSMAD_Nuclear_Localization/251219_YAPSMAD_Early_D14_Male_#3/tifs,/Volumes/D/YAPSMAD_Nuclear_Localization/251219_YAPSMAD_Early_D14_Male_#3/tifs,2802,10.12038234234685,0.8692168640378025,0.09881049610306586,3.7979997934265954,3.0,34.46208923519589,26.082215917063877,28.26300470647402,0.0020523493412182765,0.012299103938328297,0.009308428235925724,0.010086725448420422,0.008437855586209814,0.005634059364041985,0.007221866090817611
6,16,FasTGFb_007_DAPI.1.1.tif,FasTGFb_007_W647.1.1.tif,FasTGFb_007_G488.1.1.tif,FasTGFb_007_R555.1.1.tif,/Volumes/D/YAPSMAD_Nuclear_Localization/251219_YAPSMAD_Early_D14_Male_#3/tifs,/Volumes/D/YAPSMAD_Nuclear_Localization/251219_YAPSMAD_Early_D14_Male_#3/tifs,/Volumes/D/YAPSMAD_Nuclear_Localization/251219_YAPSMAD_Early_D14_Male_#3/tifs,/Volumes/D/YAPSMAD_Nuclear_Localization/251219_YAPSMAD_Early_D14_Male_#3/tifs,1179,6.101288640273838,0.4492448476352613,0.16389980198594867,3.4310718088382255,2.8284271247461903,6.208194173872471,14.676493615843356,19.217822649748996,0.0028752837854613684,0.005265643913377838,0.012448255823446443,0.0163001040286251,0.002359826968039012,0.006531600249263242,0.009327894225033032
6,17,FasTGFb_007_DAPI.1.1.tif,FasTGFb_007_W647.1.1.tif,FasTGFb_007_G488.1.1.tif,FasTGFb_007_R555.1.1.tif,/Volumes/D/YAPSMAD_Nuclear_Localization/251219_YAPSMAD_Early_D14_Male_#3/tifs,/Volumes/D/YAPSMAD_Nuclear_Localization/251219_YAPSMAD_Early_D14_Male_#3/tifs,/Volumes/D/YAPSMAD_Nuclear_Localization/251219_YAPSMAD_Early_D14_Male_#3/tifs,/Volumes/D/YAPSMAD_Nuclear_Localization/251219_YAPSMAD_Early_D14_Male_#3/tifs,1332,7.114368086538336,0.315599053112298,0.1405606215247957,3.0988319793454773,2.23606797749979,8.65285733831115,15.813290776219219,17.394293241901323,0.003371751258064442,0.006496139142876239,0.011871839922086501,0.013058778710136129,0.004491570391474226,0.008371454338806981,0.008692343252728697
6,18,FasTGFb_007_DAPI.1.1.tif,FasTGFb_007_W647.1.1.tif,FasTGFb_007_G488.1.1.tif,FasTGFb_007_R555.1.1.tif,/Volumes/D/YAPSMAD_Nuclear_Localization/251219_YAPSMAD_Early_D14_Male_#3/tifs,/Volumes/D/YAPSMAD_Nuclear_Localization/251219_YAPSMAD_Early_D14_Male_#3/tifs,/Volumes/D/YAPSMAD_Nuclear_Localization/251219_YAPSMAD_Early_D14_Male_#3/tifs,/Volumes/D/YAPSMAD_Nuclear_Localization/251219_YAPSMAD_Early_D14_Male_#3/tifs,1140,8.011184020386706,0.8899982611989596,0.1248254936417912,2.687217477463886,2.23606797749979,7.794506837148219,14.154604522511363,9.383779745083302,0.0026962022554423465,0.006837286699252824,0.012416319756588915,0.008231385741301143,0.005460992327936805,0.008126659606477434,0.004472437828253136
6,19,FasTGFb_007_DAPI.1.1.tif,FasTGFb_007_W647.1.1.tif,FasTGFb_007_G488.1.1.tif,FasTGFb_007_R555.1.1.tif,/Volumes/D/YAPSMAD_Nuclear_Localization/251219_YAPSMAD_Early_D14_Male_#3/tifs,/Volumes/D/YAPSMAD_Nuclear_Localization/251219_YAPSMAD_Early_D14_Male_#3/tifs,/Volumes/D/YAPSMAD_Nuclear_Localization/251219_YAPSMAD_Early_D14_Male_#3/tifs,/Volumes/D/YAPSMAD_Nuclear_Localization/251219_YAPSMAD_Early_D14_Male_#3/tifs,1061,6.489217392550767,0.9261556068333612,0.15410178755113677,3.3089480479173004,2.23606797749979,7.474342035129666,14.127214568667114,7.73080041911453,0.0036883400281334717,0.007044620202761231,0.013314999593465706,0.007286334042520763,0.005459585465789717,0.009958508499974584,0.004050990017518286
6,20,FasTGFb_007_DAPI.1.1.tif,FasTGFb_007_W647.1.1.tif,FasTGFb_007_G488.1.1.tif,FasTGFb_007_R555.1.1.tif,/Volumes/D/YAPSMAD_Nuclear_Localization/251219_YAPSMAD_Early_D14_Male_#3/tifs,/Volumes/D/YAPSMAD_Nuclear_Localization/251219_YAPSMAD_Early_D14_Male_#3/tifs,/Volumes/D/YAPSMAD_Nuclear_Localization/251219_YAPSMAD_Early_D14_Male_#3/tifs,/Volumes/D/YAPSMAD_Nuclear_Localization/251219_YAPSMAD_Early_D14_Male_#3/tifs,1672,9.711544656498047,0.6074124144953161,0.10297023134531895,3.4311548569255135,2.8284271247461903,8.574578574858606,15.804303222335875,19.849668245762587,0.0023369119076769016,0.00512833646821687,0.009452334463119542,0.011871811151771883,0.003293035557729165,0.005290387892819197,0.007812918872625267
6,21,FasTGFb_007_DAPI.1.1.tif,FasTGFb_007_W647.1.1.tif,FasTGFb_007_G488.1.1.tif,FasTGFb_007_R555.1.1.tif,/Volumes/D/YAPSMAD_Nuclear_Localization/251219_YAPSMAD_Early_D14_Male_#3/tifs,/Volumes/D/YAPSMAD_Nuclear_Localization/251219_YAPSMAD_Early_D14_Male_#3/tifs,/Volumes/D/YAPSMAD_Nuclear_Localization/251219_YAPSMAD_Early_D14_Male_#3/tifs,/Volumes/D/YAPSMAD_Nuclear_Localization/251219_YAPSMAD_Early_D14_Male_#3/tifs,1398,13.061379657838422,0.5335110245939928,0.07656159044422829,2.397805329342081,2.0,7.643503546481952,12.780544905457646,11.799404992023483,0.0032353492537633287,0.005467456041832584,0.009142020676293022,0.008440203856955281,0.004000791829202949,0.005565646778880106,0.005751884667704022
6,22,FasTGFb_007_DAPI.1.1.tif,FasTGFb_007_W647.1.1.tif,FasTGFb_007_G488.1.1.tif,FasTGFb_007_R555.1.1.tif,/Volumes/D/YAPSMAD_Nuclear_Localization/251219_YAPSMAD_Early_D14_Male_#3/tifs,/Volumes/D/YAPSMAD_Nuclear_Localization/251219_YAPSMAD_Early_D14_Male_#3/tifs,/Volumes/D/YAPSMAD_Nuclear_Localization/251219_YAPSMAD_Early_D14_Male_#3/tifs,/Volumes/D/YAPSMAD_Nuclear_Localization/251219_YAPSMAD_Early_D14_Male_#3/tifs,1455,5.165486101941509,0.9100270950181901,0.19359262231373311,3.295592535817709,3.0,7.947341208811849,13.930281694512814,11.547036064090207,0.0027908593856271905,0.00546209017787756,0.009574076765988189,0.007936107260543097,0.0030857119974432253,0.005112039384437883,0.0050570089819516354
6,23,FasTGFb_007_DAPI.1.1.tif,FasTGFb_007_W647.1.1.tif,FasTGFb_007_G488.1.1.tif,FasTGFb_007_R555.1.1.tif,/Volumes/D/YAPSMAD_Nuclear_Localization/251219_YAPSMAD_Early_D14_Male_#3/tifs,/Volumes/D/YAPSMAD_Nuclear_Localization/251219_YAPSMAD_Early_D14_Male_#3/tifs,/Volumes/D/YAPSMAD_Nuclear_Localization/251219_YAPSMAD_Early_D14_Male_#3/tifs,/Volumes/D/YAPSMAD_Nuclear_Localization/251219_YAPSMAD_Early_D14_Male_#3/tifs,1308,5.713976525000676,0.7007940326944219,0.17500946943422763,3.3476240433975066,2.8284271247461903,10.95576421986334,17.480308401864022,14.464133780216798,0.0028782038536814213,0.008375966528947508,0.013364150154330292,0.011058206253988378,0.005462986999616473,0.010041362327099353,0.006998745630632968
6,24,FasTGFb_007_DAPI.1.1.tif,FasTGFb_007_W647.1.1.tif,FasTGFb_007_G488.1.1.tif,FasTGFb_007_R555.1.1.tif,/Volumes/D/YAPSMAD_Nuclear_Localization/251219_YAPSMAD_Early_D14_Male_#3/tifs,/Volumes/D/YAPSMAD_Nuclear_Localization/251219_YAPSMAD_Early_D14_Male_#3/tifs,/Volumes/D/YAPSMAD_Nuclear_Localization/251219_YAPSMAD_Early_D14_Male_#3/tifs,/Volumes/D/YAPSMAD_Nuclear_Localization/251219_YAPSMAD_Early_D14_Male_#3/tifs,3204,8.536377286696142,0.9409496629878075,0.11714571256808083,4.503899801033961,3.605551275463989,14.325734512181953,35.19777255388908,21.42980111343786,0.001928427952083616,0.004471203031267776,0.01098557195814266,0.006688452282596086,0.002561725784108082,0.007904241208123766,0.004950917648545543
6,25,FasTGFb_007_DAPI.1.1.tif,FasTGFb_007_W647.1.1.tif,FasTGFb_007_G488.1.1.tif,FasTGFb_007_R555.1.1.tif,/Volumes/D/YAPSMAD_Nuclear_Localization/251219_YAPSMAD_Early_D14_Male_#3/tifs,/Volumes/D/YAPSMAD_Nuclear_Localization/251219_YAPSMAD_Early_D14_Male_#3/tifs,/Volumes/D/YAPSMAD_Nuclear_Localization/251219_YAPSMAD_Early_D14_Male_#3/tifs,/Volumes/D/YAPSMAD_Nuclear_Localization/251219_YAPSMAD_Early_D14_Male_#3/tifs,829,6.406982044604976,0.7344613994359789,0.156079725686457,2.3523928702407666,2.0,3.9134813994169235,7.263981170486659,5.051804429385811,0.003607994827371095,0.004720725451648883,0.008762341580804172,0.006093853352696998,0.0028234813284787838,0.004319267435632273,0.0038161038541780715
6,26,FasTGFb_007_DAPI.1.1.tif,FasTGFb_007_W647.1.1.tif,FasTGFb_007_G488.1.1.tif,FasTGFb_007_R555.1.1.tif,/Volumes/D/YAPSMAD_Nuclear_Localization/251219_YAPSMAD_Early_D14_Male_#3/tifs,/Volumes/D/YAPSMAD_Nuclear_Localization/251219_YAPSMAD_Early_D14_Male_#3/tifs,/Volumes/D/YAPSMAD_Nuclear_Localization/251219_YAPSMAD_Early_D14_Male_#3/tifs,/Volumes/D/YAPSMAD_Nuclear_Localization/251219_YAPSMAD_Early_D14_Male_#3/tifs,2960,10.403748969537835,0.9222689110960876,0.09611919731319919,4.167465589575612,3.1622776601683795,17.77897329092957,31.506996591109782,30.91497700707987,0.0022695733098992824,0.006006409895584314,0.010644255605104656,0.010444248988878335,0.0034739160896859406,0.007357847051045394,0.00739423203074124
6,27,FasTGFb_007_DAPI.1.1.tif,FasTGFb_007_W647.1.1.tif,FasTGFb_007_G488.1.1.tif,FasTGFb_007_R555.1.1.tif,/Volumes/D/YAPSMAD_Nuclear_Localization/251219_YAPSMAD_Early_D14_Male_#3/tifs,/Volumes/D/YAPSMAD_Nuclear_Localization/251219_YAPSMAD_Early_D14_Male_#3/tifs,/Volumes/D/YAPSMAD_Nuclear_Localization/251219_YAPSMAD_Early_D14_Male_#3/tifs,/Volumes/D/YAPSMAD_Nuclear_Localization/251219_YAPSMAD_Early_D14_Male_#3/tifs,3266,20.034953516303613,0.9686957748743134,0.049912768661341866,3.05508706722312,2.23606797749979,12.396261673653498,29.17810363927856,13.169802538817748,0.0017744289571818578,0.0037955485834823936,0.008933895786674391,0.004032395143544932,0.001993671105636684,0.007682944171383027,0.0019064903901677662
6,28,FasTGFb_007_DAPI.1.1.tif,FasTGFb_007_W647.1.1.tif,FasTGFb_007_G488.1.1.tif,FasTGFb_007_R555.1.1.tif,/Volumes/D/YAPSMAD_Nuclear_Localization/251219_YAPSMAD_Early_D14_Male_#3/tifs,/Volumes/D/YAPSMAD_Nuclear_Localization/251219_YAPSMAD_Early_D14_Male_#3/tifs,/Volumes/D/YAPSMAD_Nuclear_Localization/251219_YAPSMAD_Early_D14_Male_#3/tifs,/Volumes/D/YAPSMAD_Nuclear_Localization/251219_YAPSMAD_Early_D14_Male_#3/tifs,2546,3.8021272990458077,0.4843513870616639,0.2630106572841374,5.026174379141219,5.0,25.554635187610984,42.01982174394652,27.944655761588365,0.0023039984409803436,0.010037170144387661,0.016504250488588577,0.01097590564084382,0.004915567132723105,0.011476256399815282,0.005781034577900686
6,29,FasTGFb_007_DAPI.1.1.tif,FasTGFb_007_W647.1.1.tif,FasTGFb_007_G488.1.1.tif,FasTGFb_007_R555.1.1.tif,/Volumes/D/YAPSMAD_Nuclear_Localization/251219_YAPSMAD_Early_D14_Male_#3/tifs,/Volumes/D/YAPSMAD_Nuclear_Localization/251219_YAPSMAD_Early_D14_Male_#3/tifs,/Volumes/D/YAPSMAD_Nuclear_Localization/251219_YAPSMAD_Early_D14_Male_#3/tifs,/Volumes/D/YAPSMAD_Nuclear_Localization/251219_YAPSMAD_Early_D14_Male_#3/tifs,837,7.255200199065848,0.8894548971259683,0.1378321717612639,2.3702048856409186,2.0,3.356588118476793,8.578149181092158,6.260624154703692,0.003526000832869552,0.004010260595551724,0.010248684804172232,0.007479837699765462,0.0026027620281809925,0.005213116120978648,0.004484317117734337
6,30,FasTGFb_007_DAPI.1.1.tif,FasTGFb_007_W647.1.1.tif,FasTGFb_007_G488.1.1.tif,FasTGFb_007_R555.1.1.tif,/Volumes/D/YAPSMAD_Nuclear_Localization/251219_YAPSMAD_Early_D14_Male_#3/tifs,/Volumes/D/YAPSMAD_Nuclear_Localization/251219_YAPSMAD_Early_D14_Male_#3/tifs,/Volumes/D/YAPSMAD_Nuclear_Localization/251219_YAPSMAD_Early_D14_Male_#3/tifs,/Volumes/D/YAPSMAD_Nuclear_Localization/251219_YAPSMAD_Early_D14_Male_#3/tifs,1934,5.318800871081733,0.9216392838554872,0.1880123028175373,3.864106088165524,3.605551275463989,7.710307548753917,24.812787271570414,15.97656226484105,0.0026128589843314107,0.003986715381982377,0.012829776252104661,0.00826089051956621,0.002811376713174223,0.008680118211381366,0.006496920165514083
6,31,FasTGFb_007_DAPI.1.1.tif,FasTGFb_007_W647.1.1.tif,FasTGFb_007_G488.1.1.tif,FasTGFb_007_R555.1.1.tif,/Volumes/D/YAPSMAD_Nuclear_Localization/251219_YAPSMAD_Early_D14_Male_#3/tifs,/Volumes/D/YAPSMAD_Nuclear_Localization/251219_YAPSMAD_Early_D14_Male_#3/tifs,/Volumes/D/YAPSMAD_Nuclear_Localization/251219_YAPSMAD_Early_D14_Male_#3/tifs,/Volumes/D/YAPSMAD_Nuclear_Localization/251219_YAPSMAD_Early_D14_Male_#3/tifs,2407,5.6455085558103,0.7386119066531662,0.1771319607638908,4.812500984338193,4.0,19.048798555042595,17.517342164181173,24.701487951911986,0.0023862080115362176,0.00791391713961055,0.007277666042451671,0.01026235477852596,0.00479045340526458,0.0031135008508060297,0.006470491363515779
6,32,FasTGFb_007_DAPI.1.1.tif,FasTGFb_007_W647.1.1.tif,FasTGFb_007_G488.1.1.tif,FasTGFb_007_R555.1.1.tif,/Volumes/D/YAPSMAD_Nuclear_Localization/251219_YAPSMAD_Early_D14_Male_#3/tifs,/Volumes/D/YAPSMAD_Nuclear_Localization/251219_YAPSMAD_Early_D14_Male_#3/tifs,/Volumes/D/YAPSMAD_Nuclear_Localization/251219_YAPSMAD_Early_D14_Male_#3/tifs,/Volumes/D/YAPSMAD_Nuclear_Localization/251219_YAPSMAD_Early_D14_Male_#3/tifs,3573,10.763478983542148,0.8455214290612237,0.09290676383807185,4.085874064759031,3.1622776601683795,21.31943259574473,49.42777169588953,27.92239288240671,0.0021351185435569448,0.0059668157278882535,0.013833689251578374,0.007814831481222142,0.0047960062706159145,0.011255271044044375,0.006416437794252202
6,33,FasTGFb_007_DAPI.1.1.tif,FasTGFb_007_W647.1.1.tif,FasTGFb_007_G488.1.1.tif,FasTGFb_007_R555.1.1.tif,/Volumes/D/YAPSMAD_Nuclear_Localization/251219_YAPSMAD_Early_D14_Male_#3/tifs,/Volumes/D/YAPSMAD_Nuclear_Localization/251219_YAPSMAD_Early_D14_Male_#3/tifs,/Volumes/D/YAPSMAD_Nuclear_Localization/251219_YAPSMAD_Early_D14_Male_#3/tifs,/Volumes/D/YAPSMAD_Nuclear_Localization/251219_YAPSMAD_Early_D14_Male_#3/tifs,1277,3.536001832739752,0.5387320049912446,0.28280528328379956,4.195382615393297,3.1622776601683795,6.246540097752586,18.439978698268533,13.468421567231417,0.0033576898349736385,0.004891574078114789,0.01444007728916878,0.010546923701825698,0.0025279583166734946,0.009065868031603539,0.005055173398570474
6,34,FasTGFb_007_DAPI.1.1.tif,FasTGFb_007_W647.1.1.tif,FasTGFb_007_G488.1.1.tif,FasTGFb_007_R555.1.1.tif,/Volumes/D/YAPSMAD_Nuclear_Localization/251219_YAPSMAD_Early_D14_Male_#3/tifs,/Volumes/D/YAPSMAD_Nuclear_Localization/251219_YAPSMAD_Early_D14_Male_#3/tifs,/Volumes/D/YAPSMAD_Nuclear_Localization/251219_YAPSMAD_Early_D14_Male_#3/tifs,/Volumes/D/YAPSMAD_Nuclear_Localization/251219_YAPSMAD_Early_D14_Male_#3/tifs,1349,8.744112964334194,0.9515383699077974,0.11436265794813452,2.546334769843317,2.23606797749979,5.020157216116786,17.27797374664806,14.993286139331758,0.003426402638783006,0.0037213915612429845,0.012807986468975581,0.011114370748207382,0.0020495551705623965,0.009346122445865692,0.0072821730106811654
6,35,FasTGFb_007_DAPI.1.1.tif,FasTGFb_007_W647.1.1.tif,FasTGFb_007_G488.1.1.tif,FasTGFb_007_R555.1.1.tif,/Volumes/D/YAPSMAD_Nuclear_Localization/251219_YAPSMAD_Early_D14_Male_#3/tifs,/Volumes/D/YAPSMAD_Nuclear_Localization/251219_YAPSMAD_Early_D14_Male_#3/tifs,/Volumes/D/YAPSMAD_Nuclear_Localization/251219_YAPSMAD_Early_D14_Male_#3/tifs,/Volumes/D/YAPSMAD_Nuclear_Localization/251219_YAPSMAD_Early_D14_Male_#3/tifs,2932,10.562734953270402,0.6559964046334203,0.09467245030988712,4.024781353206492,3.0,12.558083607116714,31.303853260120377,21.73887258465402,0.002189399026785971,0.004283111735032986,0.010676621166480348,0.007414349449063444,0.002403593496237464,0.007324392284903092,0.005268230395624822
6,36,FasTGFb_007_DAPI.1.1.tif,FasTGFb_007_W647.1.1.tif,FasTGFb_007_G488.1.1.tif,FasTGFb_007_R555.1.1.tif,/Volumes/D/YAPSMAD_Nuclear_Localization/251219_YAPSMAD_Early_D14_Male_#3/tifs,/Volumes/D/YAPSMAD_Nuclear_Localization/251219_YAPSMAD_Early_D14_Male_#3/tifs,/Volumes/D/YAPSMAD_Nuclear_Localization/251219_YAPSMAD_Early_D14_Male_#3/tifs,/Volumes/D/YAPSMAD_Nuclear_Localization/251219_YAPSMAD_Early_D14_Male_#3/tifs,2404,7.428779622258796,0.8285794163288245,0.1346116119804803,4.409450375654172,3.605551275463989,11.542763544013724,26.90641663153656,11.984115458792076,0.0019710670195685733,0.004801482339439985,0.011192353008126689,0.004985072986186388,0.003461734984738029,0.012343447123134503,0.004122421513144689
6,37,FasTGFb_007_DAPI.1.1.tif,FasTGFb_007_W647.1.1.tif,FasTGFb_007_G488.1.1.tif,FasTGFb_007_R555.1.1.tif,/Volumes/D/YAPSMAD_Nuclear_Localization/251219_YAPSMAD_Early_D14_Male_#3/tifs,/Volumes/D/YAPSMAD_Nuclear_Localization/251219_YAPSMAD_Early_D14_Male_#3/tifs,/Volumes/D/YAPSMAD_Nuclear_Localization/251219_YAPSMAD_Early_D14_Male_#3/tifs,/Volumes/D/YAPSMAD_Nuclear_Localization/251219_YAPSMAD_Early_D14_Male_#3/tifs,3002,3.9932341966465703,0.5487127052751488,0.2504235791729365,5.859643297150994,5.0,11.00184647156857,23.07899613585323,16.411825833143666,0.002114279301611236,0.0036648389312353663,0.00768787346297576,0.005466963968402287,0.0023265607691740796,0.0073972811453794475,0.0054647201260499285
6,38,FasTGFb_007_DAPI.1.1.tif,FasTGFb_007_W647.1.1.tif,FasTGFb_007_G488.1.1.tif,FasTGFb_007_R555.1.1.tif,/Volumes/D/YAPSMAD_Nuclear_Localization/251219_YAPSMAD_Early_D14_Male_#3/tifs,/Volumes/D/YAPSMAD_Nuclear_Localization/251219_YAPSMAD_Early_D14_Male_#3/tifs,/Volumes/D/YAPSMAD_Nuclear_Localization/251219_YAPSMAD_Early_D14_Male_#3/tifs,/Volumes/D/YAPSMAD_Nuclear_Localization/251219_YAPSMAD_Early_D14_Male_#3/tifs,2452,9.926327606688414,0.9411147398100318,0.10074219183801615,3.567933913333474,3.0,15.293049707077444,25.837689954554662,22.506157206138596,0.0020419583393057254,0.0062369697010919425,0.010537393945576942,0.009178693803482298,0.0036264856007328415,0.009156270227250145,0.006476399635200619
6,39,FasTGFb_007_DAPI.1.1.tif,FasTGFb_007_W647.1.1.tif,FasTGFb_007_G488.1.1.tif,FasTGFb_007_R555.1.1.tif,/Volumes/D/YAPSMAD_Nuclear_Localization/251219_YAPSMAD_Early_D14_Male_#3/tifs,/Volumes/D/YAPSMAD_Nuclear_Localization/251219_YAPSMAD_Early_D14_Male_#3/tifs,/Volumes/D/YAPSMAD_Nuclear_Localization/251219_YAPSMAD_Early_D14_Male_#3/tifs,/Volumes/D/YAPSMAD_Nuclear_Localization/251219_YAPSMAD_Early_D14_Male_#3/tifs,1304,8.164782276998901,0.8629515067538547,0.12247724018521733,2.8501300190088936,2.23606797749979,6.015457455068827,8.910490667447448,11.620187771040946,0.0031246007005884054,0.004613080870451554,0.006833198364606939,0.008911186940982321,0.003087307374405032,0.004675873663275139,0.0060700210156401585
6,40,FasTGFb_007_DAPI.1.1.tif,FasTGFb_007_W647.1.1.tif,FasTGFb_007_G488.1.1.tif,FasTGFb_007_R555.1.1.tif,/Volumes/D/YAPSMAD_Nuclear_Localization/251219_YAPSMAD_Early_D14_Male_#3/tifs,/Volumes/D/YAPSMAD_Nuclear_Localization/251219_YAPSMAD_Early_D14_Male_#3/tifs,/Volumes/D/YAPSMAD_Nuclear_Localization/251219_YAPSMAD_Early_D14_Male_#3/tifs,/Volumes/D/YAPSMAD_Nuclear_Localization/251219_YAPSMAD_Early_D14_Male_#3/tifs,1187,6.871649695699647,0.5094036482994706,0.14552546248476708,2.583637597981409,2.23606797749979,4.117998058442026,12.01054407353513,6.145311735570431,0.003250763013059777,0.003469248574930098,0.01011840275782235,0.005177179221205081,0.0014047951560582463,0.008539360507460273,0.003191777379124987
6,41,FasTGFb_007_DAPI.1.1.tif,FasTGFb_007_W647.1.1.tif,FasTGFb_007_G488.1.1.tif,FasTGFb_007_R555.1.1.tif,/Volumes/D/YAPSMAD_Nuclear_Localization/251219_YAPSMAD_Early_D14_Male_#3/tifs,/Volumes/D/YAPSMAD_Nuclear_Localization/251219_YAPSMAD_Early_D14_Male_#3/tifs,/Volumes/D/YAPSMAD_Nuclear_Localization/251219_YAPSMAD_Early_D14_Male_#3/tifs,/Volumes/D/YAPSMAD_Nuclear_Localization/251219_YAPSMAD_Early_D14_Male_#3/tifs,2373,6.94038411737567,0.8256816439394239,0.14408424419859409,4.463173133904344,3.605551275463989,8.368688551476225,13.070344159379601,8.31529722455889,0.0019527818567876606,0.003526628129572788,0.005507941070113612,0.003504128623918622,0.002038043550411263,0.0049448919928050845,0.0034938337776402374
6,42,FasTGFb_007_DAPI.1.1.tif,FasTGFb_007_W647.1.1.tif,FasTGFb_007_G488.1.1.tif,FasTGFb_007_R555.1.1.tif,/Volumes/D/YAPSMAD_Nuclear_Localization/251219_YAPSMAD_Early_D14_Male_#3/tifs,/Volumes/D/YAPSMAD_Nuclear_Localization/251219_YAPSMAD_Early_D14_Male_#3/tifs,/Volumes/D/YAPSMAD_Nuclear_Localization/251219_YAPSMAD_Early_D14_Male_#3/tifs,/Volumes/D/YAPSMAD_Nuclear_Localization/251219_YAPSMAD_Early_D14_Male_#3/tifs,1932,5.254268007503091,0.8647142318775891,0.19032146791370383,3.849404303751328,3.605551275463989,11.156664499547333,21.889570591505617,18.689204351743683,0.0024943446103477653,0.005774671066018288,0.011330005482145765,0.009673501217258636,0.006058342316742934,0.0100768464172975,0.009419436282212543
6,43,FasTGFb_007_DAPI.1.1.tif,FasTGFb_007_W647.1.1.tif,FasTGFb_007_G488.1.1.tif,FasTGFb_007_R555.1.1.tif,/Volumes/D/YAPSMAD_Nuclear_Localization/251219_YAPSMAD_Early_D14_Male_#3/tifs,/Volumes/D/YAPSMAD_Nuclear_Localization/251219_YAPSMAD_Early_D14_Male_#3/tifs,/Volumes/D/YAPSMAD_Nuclear_Localization/251219_YAPSMAD_Early_D14_Male_#3/tifs,/Volumes/D/YAPSMAD_Nuclear_Localization/251219_YAPSMAD_Early_D14_Male_#3/tifs,2595,8.716501249425148,0.8442282407169586,0.11472493049501369,4.333695479226564,3.1622776601683795,15.537972270976752,36.162356230663136,23.295765789458528,0.0020411102817194655,0.005987657907890849,0.013935397391392344,0.008977173714627563,0.0038338736200890506,0.010532841923687442,0.007653145823692603
6,44,FasTGFb_007_DAPI.1.1.tif,FasTGFb_007_W647.1.1.tif,FasTGFb_007_G488.1.1.tif,FasTGFb_007_R555.1.1.tif,/Volumes/D/YAPSMAD_Nuclear_Localization/251219_YAPSMAD_Early_D14_Male_#3/tifs,/Volumes/D/YAPSMAD_Nuclear_Localization/251219_YAPSMAD_Early_D14_Male_#3/tifs,/Volumes/D/YAPSMAD_Nuclear_Localization/251219_YAPSMAD_Early_D14_Male_#3/tifs,/Volumes/D/YAPSMAD_Nuclear_Localization/251219_YAPSMAD_Early_D14_Male_#3/tifs,4698,10.56243623392966,0.8595736966385593,0.0946751277690752,5.061748362477747,4.123105625617661,16.642633865354583,27.49651349033229,17.639383648056537,0.001552772752295588,0.0035424933727872675,0.005852812577763366,0.003754658077491813,0.002147381381302806,0.005588337670968597,0.004088642780491122
6,45,FasTGFb_007_DAPI.1.1.tif,FasTGFb_007_W647.1.1.tif,FasTGFb_007_G488.1.1.tif,FasTGFb_007_R555.1.1.tif,/Volumes/D/YAPSMAD_Nuclear_Localization/251219_YAPSMAD_Early_D14_Male_#3/tifs,/Volumes/D/YAPSMAD_Nuclear_Localization/251219_YAPSMAD_Early_D14_Male_#3/tifs,/Volumes/D/YAPSMAD_Nuclear_Localization/251219_YAPSMAD_Early_D14_Male_#3/tifs,/Volumes/D/YAPSMAD_Nuclear_Localization/251219_YAPSMAD_Early_D14_Male_#3/tifs,1883,5.108277538214734,0.7951472369390351,0.19576070260847356,4.012262011175154,3.605551275463989,17.083268663613126,27.810452536679804,20.219165468821302,0.001995390611470727,0.009072367851095659,0.014769225988677538,0.01073774055699485,0.004915126332132131,0.011143534756491972,0.0075011209765315804
6,46,FasTGFb_007_DAPI.1.1.tif,FasTGFb_007_W647.1.1.tif,FasTGFb_007_G488.1.1.tif,FasTGFb_007_R555.1.1.tif,/Volumes/D/YAPSMAD_Nuclear_Localization/251219_YAPSMAD_Early_D14_Male_#3/tifs,/Volumes/D/YAPSMAD_Nuclear_Localization/251219_YAPSMAD_Early_D14_Male_#3/tifs,/Volumes/D/YAPSMAD_Nuclear_Localization/251219_YAPSMAD_Early_D14_Male_#3/tifs,/Volumes/D/YAPSMAD_Nuclear_Localization/251219_YAPSMAD_Early_D14_Male_#3/tifs,3370,2.477965259329224,0.7661474207336354,0.4035569087319232,7.120667352283689,6.324555320336759,40.482795770512894,39.45969356922433,38.077531376387924,0.002884507563258093,0.01201269904169522,0.011709107884042827,0.011298970734833212,0.006000072046511701,0.007700702332861997,0.006627526878203701
6,47,FasTGFb_007_DAPI.1.1.tif,FasTGFb_007_W647.1.1.tif,FasTGFb_007_G488.1.1.tif,FasTGFb_007_R555.1.1.tif,/Volumes/D/YAPSMAD_Nuclear_Localization/251219_YAPSMAD_Early_D14_Male_#3/tifs,/Volumes/D/YAPSMAD_Nuclear_Localization/251219_YAPSMAD_Early_D14_Male_#3/tifs,/Volumes/D/YAPSMAD_Nuclear_Localization/251219_YAPSMAD_Early_D14_Male_#3/tifs,/Volumes/D/YAPSMAD_Nuclear_Localization/251219_YAPSMAD_Early_D14_Male_#3/tifs,856,3.9755020681852384,0.52952221067595,0.25154055584644336,3.130895576974326,2.8284271247461903,20.804242021869868,4.68049136758782,6.044663220178336,0.00414606878424072,0.024304021053586294,0.005467863747182032,0.007061522453479364,0.017555949906339775,0.004796424467519638,0.0049944147343298105
6,48,FasTGFb_007_DAPI.1.1.tif,FasTGFb_007_W647.1.1.tif,FasTGFb_007_G488.1.1.tif,FasTGFb_007_R555.1.1.tif,/Volumes/D/YAPSMAD_Nuclear_Localization/251219_YAPSMAD_Early_D14_Male_#3/tifs,/Volumes/D/YAPSMAD_Nuclear_Localization/251219_YAPSMAD_Early_D14_Male_#3/tifs,/Volumes/D/YAPSMAD_Nuclear_Localization/251219_YAPSMAD_Early_D14_Male_#3/tifs,/Volumes/D/YAPSMAD_Nuclear_Localization/251219_YAPSMAD_Early_D14_Male_#3/tifs,675,10.178342856599317,0.574231942371397,0.09824782030717619,1.829744544298457,1.4142135623730951,1.6020447129849344,3.7798123580869287,4.265949544031173,0.0032911562905819326,0.0023733995747924953,0.005599722011980635,0.006319925250416553,0.0008910532738506618,0.003429770627569858,0.003505230474714763
6,49,FasTGFb_007_DAPI.1.1.tif,FasTGFb_007_W647.1.1.tif,FasTGFb_007_G488.1.1.tif,FasTGFb_007_R555.1.1.tif,/Volumes/D/YAPSMAD_Nuclear_Localization/251219_YAPSMAD_Early_D14_Male_#3/tifs,/Volumes/D/YAPSMAD_Nuclear_Localization/251219_YAPSMAD_Early_D14_Male_#3/tifs,/Volumes/D/YAPSMAD_Nuclear_Localization/251219_YAPSMAD_Early_D14_Male_#3/tifs,/Volumes/D/YAPSMAD_Nuclear_Localization/251219_YAPSMAD_Early_D14_Male_#3/tifs,1382,11.497756848754328,0.6331570862828104,0.08697348649431044,2.49545058535767,2.0,4.206652960507199,12.226382924243808,6.068085836013779,0.003307255009740494,0.003043887815128219,0.008846876211464405,0.004390800170776974,0.001620787743382976,0.007036074460575426,0.0027142083732780123
6,50,FasTGFb_007_DAPI.1.1.tif,FasTGFb_007_W647.1.1.tif,FasTGFb_007_G488.1.1.tif,FasTGFb_007_R555.1.1.tif,/Volumes/D/YAPSMAD_Nuclear_Localization/251219_YAPSMAD_Early_D14_Male_#3/tifs,/Volumes/D/YAPSMAD_Nuclear_Localization/251219_YAPSMAD_Early_D14_Male_#3/tifs,/Volumes/D/YAPSMAD_Nuclear_Localization/251219_YAPSMAD_Early_D14_Male_#3/tifs,/Volumes/D/YAPSMAD_Nuclear_Localization/251219_YAPSMAD_Early_D14_Male_#3/tifs,730,5.886589415870025,0.5545797676193635,0.16987765399503443,2.316617148379789,2.0,3.2686809026636183,16.35318537335843,6.394445792771876,0.006337719814443629,0.004477645072141943,0.022401623799121136,0.008759514784619008,0.0024656194089590915,0.017659338794842744,0.004604388008182098
6,51,FasTGFb_007_DAPI.1.1.tif,FasTGFb_007_W647.1.1.tif,FasTGFb_007_G488.1.1.tif,FasTGFb_007_R555.1.1.tif,/Volumes/D/YAPSMAD_Nuclear_Localization/251219_YAPSMAD_Early_D14_Male_#3/tifs,/Volumes/D/YAPSMAD_Nuclear_Localization/251219_YAPSMAD_Early_D14_Male_#3/tifs,/Volumes/D/YAPSMAD_Nuclear_Localization/251219_YAPSMAD_Early_D14_Male_#3/tifs,/Volumes/D/YAPSMAD_Nuclear_Localization/251219_YAPSMAD_Early_D14_Male_#3/tifs,2337,8.176929963633697,0.8617418780604427,0.12229528740583905,3.5812393854435207,3.1622776601683795,11.072724653873593,31.25333046889864,8.491111712297425,0.002263976583515553,0.004738007981974152,0.013373269349122224,0.0036333383450138745,0.0021763909195764287,0.010458315890211515,0.0019088064189720034
7,1,Fas_008_DAPI.1.tif,Fas_008_W647.1.tif,Fas_008_G488.1.tif,Fas_008_R555.1.tif,/Volumes/D/YAPSMAD_Nuclear_Localization/251219_YAPSMAD_Early_D14_Male_#3/tifs,/Volumes/D/YAPSMAD_Nuclear_Localization/251219_YAPSMAD_Early_D14_Male_#3/tifs,/Volumes/D/YAPSMAD_Nuclear_Localization/251219_YAPSMAD_Early_D14_Male_#3/tifs,/Volumes/D/YAPSMAD_Nuclear_Localization/251219_YAPSMAD_Early_D14_Male_#3/tifs,3595,8.897937029554273,0.8996231736849937,0.11238560091833931,5.146723234971955,4.242640687119285,18.234973829705268,21.717967840842903,18.87003905628808,0.0015845656007015365,0.0050723153907386,0.006041159343767149,0.005248967748619771,0.004026425771959492,0.0027476907952218195,0.0033994705561974144
7,2,Fas_008_DAPI.1.tif,Fas_008_W647.1.tif,Fas_008_G488.1.tif,Fas_008_R555.1.tif,/Volumes/D/YAPSMAD_Nuclear_Localization/251219_YAPSMAD_Early_D14_Male_#3/tifs,/Volumes/D/YAPSMAD_Nuclear_Localization/251219_YAPSMAD_Early_D14_Male_#3/tifs,/Volumes/D/YAPSMAD_Nuclear_Localization/251219_YAPSMAD_Early_D14_Male_#3/tifs,/Volumes/D/YAPSMAD_Nuclear_Localization/251219_YAPSMAD_Early_D14_Male_#3/tifs,2397,6.883226647581679,0.8131868624924969,0.14528070208923535,3.836614684947704,3.605551275463989,17.730724222725257,14.221866315696388,11.859388271113858,0.001997582312237392,0.007397048069555802,0.005933194124195406,0.004947596274974492,0.00519985892858898,0.004192125477735507,0.0025377199027145727
7,3,Fas_008_DAPI.1.tif,Fas_008_W647.1.tif,Fas_008_G488.1.tif,Fas_008_R555.1.tif,/Volumes/D/YAPSMAD_Nuclear_Localization/251219_YAPSMAD_Early_D14_Male_#3/tifs,/Volumes/D/YAPSMAD_Nuclear_Localization/251219_YAPSMAD_Early_D14_Male_#3/tifs,/Volumes/D/YAPSMAD_Nuclear_Localization/251219_YAPSMAD_Early_D14_Male_#3/tifs,/Volumes/D/YAPSMAD_Nuclear_Localization/251219_YAPSMAD_Early_D14_Male_#3/tifs,4022,11.177633808447935,0.9265066920080681,0.08946437297348306,3.958416929380635,3.605551275463989,24.990524394903332,28.278981076320633,20.10621826723218,0.002046158206084125,0.0062134570847596545,0.007031074360099611,0.004999059738247683,0.004704796311362517,0.004398432912880833,0.002279042645005069
7,4,Fas_008_DAPI.1.tif,Fas_008_W647.1.tif,Fas_008_G488.1.tif,Fas_008_R555.1.tif,/Volumes/D/YAPSMAD_Nuclear_Localization/251219_YAPSMAD_Early_D14_Male_#3/tifs,/Volumes/D/YAPSMAD_Nuclear_Localization/251219_YAPSMAD_Early_D14_Male_#3/tifs,/Volumes/D/YAPSMAD_Nuclear_Localization/251219_YAPSMAD_Early_D14_Male_#3/tifs,/Volumes/D/YAPSMAD_Nuclear_Localization/251219_YAPSMAD_Early_D14_Male_#3/tifs,1938,2.294906382375307,0.6775755852646437,0.43574762250866445,4.991784280038412,5.0,25.43666763836518,15.337392450775951,29.16772735165432,0.0031871278319744274,0.013125215499672434,0.007914031192350852,0.015050426910038349,0.007961162106558582,0.0031797739834513636,0.00796672252759878
7,5,Fas_008_DAPI.1.tif,Fas_008_W647.1.tif,Fas_008_G488.1.tif,Fas_008_R555.1.tif,/Volumes/D/YAPSMAD_Nuclear_Localization/251219_YAPSMAD_Early_D14_Male_#3/tifs,/Volumes/D/YAPSMAD_Nuclear_Localization/251219_YAPSMAD_Early_D14_Male_#3/tifs,/Volumes/D/YAPSMAD_Nuclear_Localization/251219_YAPSMAD_Early_D14_Male_#3/tifs,/Volumes/D/YAPSMAD_Nuclear_Localization/251219_YAPSMAD_Early_D14_Male_#3/tifs,523,4.160915908287153,0.7870523340311744,0.24033170149109104,2.343091476159113,2.0,2.1074387941043824,3.3172656409442425,3.717509782174602,0.0049517422853960135,0.004029519682799966,0.0063427641318245555,0.00710804929670096,0.002146838645800767,0.002452628836496261,0.0029417111513561
7,6,Fas_008_DAPI.1.tif,Fas_008_W647.1.tif,Fas_008_G488.1.tif,Fas_008_R555.1.tif,/Volumes/D/YAPSMAD_Nuclear_Localization/251219_YAPSMAD_Early_D14_Male_#3/tifs,/Volumes/D/YAPSMAD_Nuclear_Localization/251219_YAPSMAD_Early_D14_Male_#3/tifs,/Volumes/D/YAPSMAD_Nuclear_Localization/251219_YAPSMAD_Early_D14_Male_#3/tifs,/Volumes/D/YAPSMAD_Nuclear_Localization/251219_YAPSMAD_Early_D14_Male_#3/tifs,1854,4.884929214582503,0.5909230067922896,0.20471125702595597,4.242189416829175,4.0,16.419272325234488,19.132311146939173,22.54435048531741,0.0025146851772462554,0.008856133940255926,0.010319477425533534,0.012159843843213274,0.00596614387434496,0.007818944645947066,0.008365987349679142
7,7,Fas_008_DAPI.1.tif,Fas_008_W647.1.tif,Fas_008_G488.1.tif,Fas_008_R555.1.tif,/Volumes/D/YAPSMAD_Nuclear_Localization/251219_YAPSMAD_Early_D14_Male_#3/tifs,/Volumes/D/YAPSMAD_Nuclear_Localization/251219_YAPSMAD_Early_D14_Male_#3/tifs,/Volumes/D/YAPSMAD_Nuclear_Localization/251219_YAPSMAD_Early_D14_Male_#3/tifs,/Volumes/D/YAPSMAD_Nuclear_Localization/251219_YAPSMAD_Early_D14_Male_#3/tifs,2867,11.821287830818385,0.7870579126816352,0.08459315214311725,3.3489080270190446,3.0,20.510231397580355,17.061417895834893,31.419409662485123,0.0021252672081273328,0.007153900034035701,0.005950965432799056,0.010958984884019925,0.004783480736636646,0.002248401491102379,0.00940386746122705
7,8,Fas_008_DAPI.1.tif,Fas_008_W647.1.tif,Fas_008_G488.1.tif,Fas_008_R555.1.tif,/Volumes/D/YAPSMAD_Nuclear_Localization/251219_YAPSMAD_Early_D14_Male_#3/tifs,/Volumes/D/YAPSMAD_Nuclear_Localization/251219_YAPSMAD_Early_D14_Male_#3/tifs,/Volumes/D/YAPSMAD_Nuclear_Localization/251219_YAPSMAD_Early_D14_Male_#3/tifs,/Volumes/D/YAPSMAD_Nuclear_Localization/251219_YAPSMAD_Early_D14_Male_#3/tifs,3590,10.705940079569892,0.9092034932088653,0.0934060897564985,4.279427768982744,3.605551275463989,34.04846295272,38.372671514051035,22.16884130029939,0.0019595984488850185,0.00948425151886351,0.010688766438454327,0.006175164707604287,0.006908081072715569,0.008912615450340975,0.003895125957881316
7,9,Fas_008_DAPI.1.tif,Fas_008_W647.1.tif,Fas_008_G488.1.tif,Fas_008_R555.1.tif,/Volumes/D/YAPSMAD_Nuclear_Localization/251219_YAPSMAD_Early_D14_Male_#3/tifs,/Volumes/D/YAPSMAD_Nuclear_Localization/251219_YAPSMAD_Early_D14_Male_#3/tifs,/Volumes/D/YAPSMAD_Nuclear_Localization/251219_YAPSMAD_Early_D14_Male_#3/tifs,/Volumes/D/YAPSMAD_Nuclear_Localization/251219_YAPSMAD_Early_D14_Male_#3/tifs,1205,6.156246741121993,0.8634419057846766,0.16243663421095222,3.31769214362201,2.8284271247461903,8.546715588541701,10.037094759987667,15.093797295121476,0.0031647718092233435,0.0070927100319848144,0.008329539219906777,0.012525972859021971,0.005501531861568136,0.007105824145169273,0.009493297316331507
7,10,Fas_008_DAPI.1.tif,Fas_008_W647.1.tif,Fas_008_G488.1.tif,Fas_008_R555.1.tif,/Volumes/D/YAPSMAD_Nuclear_Localization/251219_YAPSMAD_Early_D14_Male_#3/tifs,/Volumes/D/YAPSMAD_Nuclear_Localization/251219_YAPSMAD_Early_D14_Male_#3/tifs,/Volumes/D/YAPSMAD_Nuclear_Localization/251219_YAPSMAD_Early_D14_Male_#3/tifs,/Volumes/D/YAPSMAD_Nuclear_Localization/251219_YAPSMAD_Early_D14_Male_#3/tifs,1201,5.595220597353205,0.7081755712325729,0.17872396317547257,3.2760332480826504,2.8284271247461903,5.082673436962068,10.253071026410908,11.250599015271291,0.003440483831889698,0.004232034502050015,0.008537111595679357,0.009367692768752116,0.0020937636012717782,0.004637886590120548,0.00563594909349732
7,11,Fas_008_DAPI.1.tif,Fas_008_W647.1.tif,Fas_008_G488.1.tif,Fas_008_R555.1.tif,/Volumes/D/YAPSMAD_Nuclear_Localization/251219_YAPSMAD_Early_D14_Male_#3/tifs,/Volumes/D/YAPSMAD_Nuclear_Localization/251219_YAPSMAD_Early_D14_Male_#3/tifs,/Volumes/D/YAPSMAD_Nuclear_Localization/251219_YAPSMAD_Early_D14_Male_#3/tifs,/Volumes/D/YAPSMAD_Nuclear_Localization/251219_YAPSMAD_Early_D14_Male_#3/tifs,1686,8.287305179391378,0.5983477334791283,0.12066648667491695,3.051481086712401,2.8284271247461903,11.256611108547077,12.91621291032061,16.377554109552875,0.003303777369723599,0.006676519044215348,0.0076608617498936,0.00971385178502543,0.0047964551162258656,0.004176468958855431,0.006985406157289217
7,12,Fas_008_DAPI.1.tif,Fas_008_W647.1.tif,Fas_008_G488.1.tif,Fas_008_R555.1.tif,/Volumes/D/YAPSMAD_Nuclear_Localization/251219_YAPSMAD_Early_D14_Male_#3/tifs,/Volumes/D/YAPSMAD_Nuclear_Localization/251219_YAPSMAD_Early_D14_Male_#3/tifs,/Volumes/D/YAPSMAD_Nuclear_Localization/251219_YAPSMAD_Early_D14_Male_#3/tifs,/Volumes/D/YAPSMAD_Nuclear_Localization/251219_YAPSMAD_Early_D14_Male_#3/tifs,2185,5.2317556965512075,0.8586347301000943,0.19114042359799094,4.413529306035027,4.0,11.169253200292587,15.213702855166048,23.0442055251915,0.0027113920205551916,0.0051117863616899715,0.00696279306872588,0.010546547151117391,0.003607518990925524,0.0026789415430965233,0.006926531113455906
7,13,Fas_008_DAPI.1.tif,Fas_008_W647.1.tif,Fas_008_G488.1.tif,Fas_008_R555.1.tif,/Volumes/D/YAPSMAD_Nuclear_Localization/251219_YAPSMAD_Early_D14_Male_#3/tifs,/Volumes/D/YAPSMAD_Nuclear_Localization/251219_YAPSMAD_Early_D14_Male_#3/tifs,/Volumes/D/YAPSMAD_Nuclear_Localization/251219_YAPSMAD_Early_D14_Male_#3/tifs,/Volumes/D/YAPSMAD_Nuclear_Localization/251219_YAPSMAD_Early_D14_Male_#3/tifs,1827,7.83789189161152,0.9266907330857183,0.12758532700230876,3.469590070550935,2.8284271247461903,20.134508434915915,15.62006580689922,16.26022749231197,0.002780691575519965,0.011020530068372149,0.008549570775533234,0.00889996031325231,0.0082875584942876,0.005835265394092119,0.006339837268017536
7,14,Fas_008_DAPI.1.tif,Fas_008_W647.1.tif,Fas_008_G488.1.tif,Fas_008_R555.1.tif,/Volumes/D/YAPSMAD_Nuclear_Localization/251219_YAPSMAD_Early_D14_Male_#3/tifs,/Volumes/D/YAPSMAD_Nuclear_Localization/251219_YAPSMAD_Early_D14_Male_#3/tifs,/Volumes/D/YAPSMAD_Nuclear_Localization/251219_YAPSMAD_Early_D14_Male_#3/tifs,/Volumes/D/YAPSMAD_Nuclear_Localization/251219_YAPSMAD_Early_D14_Male_#3/tifs,2213,7.138487259360849,0.8278189258518966,0.1400857021477035,3.798935981537767,3.1622776601683795,16.991241510258988,17.199664411135018,18.86822322080843,0.0024239918315119057,0.007677922056149565,0.007772103213346144,0.008526083696705121,0.004446949210756249,0.00722606934229209,0.006511332676908627
7,15,Fas_008_DAPI.1.tif,Fas_008_W647.1.tif,Fas_008_G488.1.tif,Fas_008_R555.1.tif,/Volumes/D/YAPSMAD_Nuclear_Localization/251219_YAPSMAD_Early_D14_Male_#3/tifs,/Volumes/D/YAPSMAD_Nuclear_Localization/251219_YAPSMAD_Early_D14_Male_#3/tifs,/Volumes/D/YAPSMAD_Nuclear_Localization/251219_YAPSMAD_Early_D14_Male_#3/tifs,/Volumes/D/YAPSMAD_Nuclear_Localization/251219_YAPSMAD_Early_D14_Male_#3/tifs,1272,12.022476548079192,0.8755754676663831,0.08317753800565893,2.161484870594936,2.0,8.404303133953363,13.19110412755981,11.679118142928928,0.0034015143085886143,0.0066071565518501275,0.010370364880157084,0.009181696653246012,0.004708457556762033,0.006408780487818577,0.006017297681613904
7,16,Fas_008_DAPI.1.tif,Fas_008_W647.1.tif,Fas_008_G488.1.tif,Fas_008_R555.1.tif,/Volumes/D/YAPSMAD_Nuclear_Localization/251219_YAPSMAD_Early_D14_Male_#3/tifs,/Volumes/D/YAPSMAD_Nuclear_Localization/251219_YAPSMAD_Early_D14_Male_#3/tifs,/Volumes/D/YAPSMAD_Nuclear_Localization/251219_YAPSMAD_Early_D14_Male_#3/tifs,/Volumes/D/YAPSMAD_Nuclear_Localization/251219_YAPSMAD_Early_D14_Male_#3/tifs,1890,7.695462477918232,0.8908907395548582,0.12994670598023875,3.6377436715726534,3.0,12.74801266938448,16.175280537689105,16.31038390658796,0.004062976992058336,0.0067449802483515765,0.008558349490840797,0.008629832754808444,0.004369254616757524,0.005148940417237983,0.006244389832124726
7,17,Fas_008_DAPI.1.tif,Fas_008_W647.1.tif,Fas_008_G488.1.tif,Fas_008_R555.1.tif,/Volumes/D/YAPSMAD_Nuclear_Localization/251219_YAPSMAD_Early_D14_Male_#3/tifs,/Volumes/D/YAPSMAD_Nuclear_Localization/251219_YAPSMAD_Early_D14_Male_#3/tifs,/Volumes/D/YAPSMAD_Nuclear_Localization/251219_YAPSMAD_Early_D14_Male_#3/tifs,/Volumes/D/YAPSMAD_Nuclear_Localization/251219_YAPSMAD_Early_D14_Male_#3/tifs,1606,9.020982145530466,0.7592433647068199,0.1108526747828073,3.27650973884321,2.8284271247461903,9.516899486538023,22.58323049172759,15.791516087716445,0.0032594734179447514,0.005925840278043601,0.014061787354749434,0.009832824463086205,0.003202858256576951,0.011279929205671698,0.0066657284028522204
7,18,Fas_008_DAPI.1.tif,Fas_008_W647.1.tif,Fas_008_G488.1.tif,Fas_008_R555.1.tif,/Volumes/D/YAPSMAD_Nuclear_Localization/251219_YAPSMAD_Early_D14_Male_#3/tifs,/Volumes/D/YAPSMAD_Nuclear_Localization/251219_YAPSMAD_Early_D14_Male_#3/tifs,/Volumes/D/YAPSMAD_Nuclear_Localization/251219_YAPSMAD_Early_D14_Male_#3/tifs,/Volumes/D/YAPSMAD_Nuclear_Localization/251219_YAPSMAD_Early_D14_Male_#3/tifs,2950,5.752631367078415,0.720792712800747,0.1738334922211206,4.826214457063079,4.123105625617661,17.377554186619818,14.465583472745493,24.20456267078407,0.002734473636452803,0.005890696334447396,0.004903587617879828,0.008204936498570872,0.00410571356616828,0.002125396297503313,0.005408798662025782
7,19,Fas_008_DAPI.1.tif,Fas_008_W647.1.tif,Fas_008_G488.1.tif,Fas_008_R555.1.tif,/Volumes/D/YAPSMAD_Nuclear_Localization/251219_YAPSMAD_Early_D14_Male_#3/tifs,/Volumes/D/YAPSMAD_Nuclear_Localization/251219_YAPSMAD_Early_D14_Male_#3/tifs,/Volumes/D/YAPSMAD_Nuclear_Localization/251219_YAPSMAD_Early_D14_Male_#3/tifs,/Volumes/D/YAPSMAD_Nuclear_Localization/251219_YAPSMAD_Early_D14_Male_#3/tifs,1759,2.407530567107869,0.28044518852508077,0.41536336595771045,4.9751621485186055,4.47213595499958,16.93020541477017,14.762752925045788,19.402533133514225,0.002855805335873489,0.009624903589977358,0.008392696375807725,0.011030433845090521,0.006071674582202784,0.003900791745104261,0.006715551429860538
7,20,Fas_008_DAPI.1.tif,Fas_008_W647.1.tif,Fas_008_G488.1.tif,Fas_008_R555.1.tif,/Volumes/D/YAPSMAD_Nuclear_Localization/251219_YAPSMAD_Early_D14_Male_#3/tifs,/Volumes/D/YAPSMAD_Nuclear_Localization/251219_YAPSMAD_Early_D14_Male_#3/tifs,/Volumes/D/YAPSMAD_Nuclear_Localization/251219_YAPSMAD_Early_D14_Male_#3/tifs,/Volumes/D/YAPSMAD_Nuclear_Localization/251219_YAPSMAD_Early_D14_Male_#3/tifs,1328,4.849699824045683,0.8656408585720246,0.2061983290268442,3.4175959359619643,3.0,10.842618571128696,7.730037463828921,10.788662657141685,0.0037259705117847547,0.008164622418018597,0.00582081134324467,0.008123992964715124,0.004861055414325797,0.003482632495102566,0.005285416641020547
7,21,Fas_008_DAPI.1.tif,Fas_008_W647.1.tif,Fas_008_G488.1.tif,Fas_008_R555.1.tif,/Volumes/D/YAPSMAD_Nuclear_Localization/251219_YAPSMAD_Early_D14_Male_#3/tifs,/Volumes/D/YAPSMAD_Nuclear_Localization/251219_YAPSMAD_Early_D14_Male_#3/tifs,/Volumes/D/YAPSMAD_Nuclear_Localization/251219_YAPSMAD_Early_D14_Male_#3/tifs,/Volumes/D/YAPSMAD_Nuclear_Localization/251219_YAPSMAD_Early_D14_Male_#3/tifs,2041,5.24099724277702,0.9395634807516471,0.19080338219566303,3.9247748305307173,3.605551275463989,7.50342572806403,9.689112797612324,9.550072602462023,0.0024110824729843884,0.003676347735455184,0.004747238019408292,0.00467911445490545,0.0019205423708477467,0.002914756588043212,0.002676055521538562
7,22,Fas_008_DAPI.1.tif,Fas_008_W647.1.tif,Fas_008_G488.1.tif,Fas_008_R555.1.tif,/Volumes/D/YAPSMAD_Nuclear_Localization/251219_YAPSMAD_Early_D14_Male_#3/tifs,/Volumes/D/YAPSMAD_Nuclear_Localization/251219_YAPSMAD_Early_D14_Male_#3/tifs,/Volumes/D/YAPSMAD_Nuclear_Localization/251219_YAPSMAD_Early_D14_Male_#3/tifs,/Volumes/D/YAPSMAD_Nuclear_Localization/251219_YAPSMAD_Early_D14_Male_#3/tifs,1777,5.960697125700377,0.8513891685329311,0.16776561179201013,3.7766558899507814,3.1622776601683795,8.455893900012597,9.84789820946753,10.579354684334248,0.0033321255946675496,0.0047585221722074265,0.005541867309773511,0.005953491662540376,0.002881345689012878,0.002899530086087295,0.0030969759459968235
7,23,Fas_008_DAPI.1.tif,Fas_008_W647.1.tif,Fas_008_G488.1.tif,Fas_008_R555.1.tif,/Volumes/D/YAPSMAD_Nuclear_Localization/251219_YAPSMAD_Early_D14_Male_#3/tifs,/Volumes/D/YAPSMAD_Nuclear_Localization/251219_YAPSMAD_Early_D14_Male_#3/tifs,/Volumes/D/YAPSMAD_Nuclear_Localization/251219_YAPSMAD_Early_D14_Male_#3/tifs,/Volumes/D/YAPSMAD_Nuclear_Localization/251219_YAPSMAD_Early_D14_Male_#3/tifs,738,3.2562040627005913,0.8327290960246284,0.307106059922618,3.0390812703520917,2.8284271247461903,6.871778520522639,7.601892188657075,8.511513006407768,0.0049791346675764295,0.009311353008838265,0.01030066692229956,0.011533215455837083,0.005299526421594253,0.005869159249654687,0.005290199096753507
7,24,Fas_008_DAPI.1.tif,Fas_008_W647.1.tif,Fas_008_G488.1.tif,Fas_008_R555.1.tif,/Volumes/D/YAPSMAD_Nuclear_Localization/251219_YAPSMAD_Early_D14_Male_#3/tifs,/Volumes/D/YAPSMAD_Nuclear_Localization/251219_YAPSMAD_Early_D14_Male_#3/tifs,/Volumes/D/YAPSMAD_Nuclear_Localization/251219_YAPSMAD_Early_D14_Male_#3/tifs,/Volumes/D/YAPSMAD_Nuclear_Localization/251219_YAPSMAD_Early_D14_Male_#3/tifs,2834,8.062930176822512,0.5796327401264179,0.12402439039774571,4.31296116295226,3.605551275463989,11.00491352006793,14.94190905871801,15.338246946921572,0.002029541455719938,0.0038831734368623607,0.005272374403217365,0.005412225457629348,0.0024835994117657374,0.005851657459987657,0.002765303524127478
7,25,Fas_008_DAPI.1.tif,Fas_008_W647.1.tif,Fas_008_G488.1.tif,Fas_008_R555.1.tif,/Volumes/D/YAPSMAD_Nuclear_Localization/251219_YAPSMAD_Early_D14_Male_#3/tifs,/Volumes/D/YAPSMAD_Nuclear_Localization/251219_YAPSMAD_Early_D14_Male_#3/tifs,/Volumes/D/YAPSMAD_Nuclear_Localization/251219_YAPSMAD_Early_D14_Male_#3/tifs,/Volumes/D/YAPSMAD_Nuclear_Localization/251219_YAPSMAD_Early_D14_Male_#3/tifs,1522,5.796008371196792,0.7403668270530848,0.17253253203868552,3.286898834906113,3.0,8.149736906634644,13.00848414702341,11.045441486407071,0.004021033017777406,0.005354623460338137,0.008546967245087654,0.007257188887258259,0.002693580441035509,0.005071506157751291,0.00415969011365008
7,26,Fas_008_DAPI.1.tif,Fas_008_W647.1.tif,Fas_008_G488.1.tif,Fas_008_R555.1.tif,/Volumes/D/YAPSMAD_Nuclear_Localization/251219_YAPSMAD_Early_D14_Male_#3/tifs,/Volumes/D/YAPSMAD_Nuclear_Localization/251219_YAPSMAD_Early_D14_Male_#3/tifs,/Volumes/D/YAPSMAD_Nuclear_Localization/251219_YAPSMAD_Early_D14_Male_#3/tifs,/Volumes/D/YAPSMAD_Nuclear_Localization/251219_YAPSMAD_Early_D14_Male_#3/tifs,1954,8.551859161471087,0.9710215300105755,0.11693363760073669,3.4248993891943362,2.8284271247461903,8.380132864695042,25.236774498829618,17.287663265131414,0.002955494511814382,0.004288706686128476,0.012915442425194278,0.008847319992390693,0.0021744193291271426,0.007426721231754542,0.005448768561109108
7,27,Fas_008_DAPI.1.tif,Fas_008_W647.1.tif,Fas_008_G488.1.tif,Fas_008_R555.1.tif,/Volumes/D/YAPSMAD_Nuclear_Localization/251219_YAPSMAD_Early_D14_Male_#3/tifs,/Volumes/D/YAPSMAD_Nuclear_Localization/251219_YAPSMAD_Early_D14_Male_#3/tifs,/Volumes/D/YAPSMAD_Nuclear_Localization/251219_YAPSMAD_Early_D14_Male_#3/tifs,/Volumes/D/YAPSMAD_Nuclear_Localization/251219_YAPSMAD_Early_D14_Male_#3/tifs,3002,11.278236637908286,0.6254890619786192,0.08866634316208713,3.543695693941987,3.0,22.89567429968156,25.422583588398993,24.98951728036627,0.00267996612247849,0.007626806895296988,0.008468548830246166,0.008324289567077372,0.0051805733015029085,0.005114491499500988,0.006203900339019591
7,28,Fas_008_DAPI.1.tif,Fas_008_W647.1.tif,Fas_008_G488.1.tif,Fas_008_R555.1.tif,/Volumes/D/YAPSMAD_Nuclear_Localization/251219_YAPSMAD_Early_D14_Male_#3/tifs,/Volumes/D/YAPSMAD_Nuclear_Localization/251219_YAPSMAD_Early_D14_Male_#3/tifs,/Volumes/D/YAPSMAD_Nuclear_Localization/251219_YAPSMAD_Early_D14_Male_#3/tifs,/Volumes/D/YAPSMAD_Nuclear_Localization/251219_YAPSMAD_Early_D14_Male_#3/tifs,1392,3.0277786088995953,0.7157948513249069,0.33027513869761976,4.389603762860702,4.0,4.859617046779022,15.337941697565839,16.743953730911016,0.0031213359862108363,0.003491104200272286,0.011018636276986953,0.012028702392895845,0.0016735521684376013,0.005433851716756268,0.00643884566985603
7,29,Fas_008_DAPI.1.tif,Fas_008_W647.1.tif,Fas_008_G488.1.tif,Fas_008_R555.1.tif,/Volumes/D/YAPSMAD_Nuclear_Localization/251219_YAPSMAD_Early_D14_Male_#3/tifs,/Volumes/D/YAPSMAD_Nuclear_Localization/251219_YAPSMAD_Early_D14_Male_#3/tifs,/Volumes/D/YAPSMAD_Nuclear_Localization/251219_YAPSMAD_Early_D14_Male_#3/tifs,/Volumes/D/YAPSMAD_Nuclear_Localization/251219_YAPSMAD_Early_D14_Male_#3/tifs,760,9.057100338913441,0.9301549735926057,0.11041061295341324,2.1171440009539912,2.0,2.7752956699114293,4.74351116316393,2.374105459311977,0.004476234106052863,0.003651704828830828,0.006241462056794645,0.003123822972778917,0.002226603561663859,0.0030129134749138785,0.0013624655335325725
7,30,Fas_008_DAPI.1.tif,Fas_008_W647.1.tif,Fas_008_G488.1.tif,Fas_008_R555.1.tif,/Volumes/D/YAPSMAD_Nuclear_Localization/251219_YAPSMAD_Early_D14_Male_#3/tifs,/Volumes/D/YAPSMAD_Nuclear_Localization/251219_YAPSMAD_Early_D14_Male_#3/tifs,/Volumes/D/YAPSMAD_Nuclear_Localization/251219_YAPSMAD_Early_D14_Male_#3/tifs,/Volumes/D/YAPSMAD_Nuclear_Localization/251219_YAPSMAD_Early_D14_Male_#3/tifs,3107,7.1389336048865015,0.6930884624373568,0.1400769436089886,4.56497014078793,4.0,19.103792127687484,25.022965104551986,36.91381731815636,0.002555328759937006,0.006148629587282743,0.008053738366447372,0.011880855268154607,0.0035406477823043737,0.004954819884746128,0.009578569825830325
8,1,Fas_009_DAPI.1.tif,Fas_009_W647.1.tif,Fas_009_G488.1.tif,Fas_009_R555.1.tif,/Volumes/D/YAPSMAD_Nuclear_Localization/251219_YAPSMAD_Early_D14_Male_#3/tifs,/Volumes/D/YAPSMAD_Nuclear_Localization/251219_YAPSMAD_Early_D14_Male_#3/tifs,/Volumes/D/YAPSMAD_Nuclear_Localization/251219_YAPSMAD_Early_D14_Male_#3/tifs,/Volumes/D/YAPSMAD_Nuclear_Localization/251219_YAPSMAD_Early_D14_Male_#3/tifs,2491,5.187142002188572,0.6158714742288476,0.19278438870153886,4.368380969354183,4.0,21.744609964545816,15.042801732197404,15.315190530847758,0.003021947931107964,0.00872926935549812,0.006038860591006585,0.0061482097675021104,0.005566270055674134,0.0035573939455467406,0.0037982793129323436
8,2,Fas_009_DAPI.1.tif,Fas_009_W647.1.tif,Fas_009_G488.1.tif,Fas_009_R555.1.tif,/Volumes/D/YAPSMAD_Nuclear_Localization/251219_YAPSMAD_Early_D14_Male_#3/tifs,/Volumes/D/YAPSMAD_Nuclear_Localization/251219_YAPSMAD_Early_D14_Male_#3/tifs,/Volumes/D/YAPSMAD_Nuclear_Localization/251219_YAPSMAD_Early_D14_Male_#3/tifs,/Volumes/D/YAPSMAD_Nuclear_Localization/251219_YAPSMAD_Early_D14_Male_#3/tifs,2492,9.33487429635236,0.6938436113250316,0.10712517043649468,3.8507385369601472,3.1622776601683795,21.611154573736712,12.11543461959809,23.11903577670455,0.002112437690455724,0.008672212910809274,0.004861731388281738,0.009277301676045164,0.006873502254198493,0.0020374726015244355,0.007008282362684327
8,3,Fas_009_DAPI.1.tif,Fas_009_W647.1.tif,Fas_009_G488.1.tif,Fas_009_R555.1.tif,/Volumes/D/YAPSMAD_Nuclear_Localization/251219_YAPSMAD_Early_D14_Male_#3/tifs,/Volumes/D/YAPSMAD_Nuclear_Localization/251219_YAPSMAD_Early_D14_Male_#3/tifs,/Volumes/D/YAPSMAD_Nuclear_Localization/251219_YAPSMAD_Early_D14_Male_#3/tifs,/Volumes/D/YAPSMAD_Nuclear_Localization/251219_YAPSMAD_Early_D14_Male_#3/tifs,2704,11.540888557008948,0.8222977039364594,0.0866484408943266,3.6542584911628975,3.0,16.30215936060995,12.820416715694591,21.948546808911487,0.002231073291361271,0.006028905088982969,0.004741278371188828,0.008117066127556024,0.0036589236499062604,0.001982448501074573,0.0050173407093534765
8,4,Fas_009_DAPI.1.tif,Fas_009_W647.1.tif,Fas_009_G488.1.tif,Fas_009_R555.1.tif,/Volumes/D/YAPSMAD_Nuclear_Localization/251219_YAPSMAD_Early_D14_Male_#3/tifs,/Volumes/D/YAPSMAD_Nuclear_Localization/251219_YAPSMAD_Early_D14_Male_#3/tifs,/Volumes/D/YAPSMAD_Nuclear_Localization/251219_YAPSMAD_Early_D14_Male_#3/tifs,/Volumes/D/YAPSMAD_Nuclear_Localization/251219_YAPSMAD_Early_D14_Male_#3/tifs,2320,6.938266448543176,0.8212177926475976,0.14412822099243094,3.945479145457463,3.1622776601683795,14.72942719142884,13.304020875133574,24.331365069840103,0.0025086226765716705,0.0063488910307882935,0.005734491756523092,0.0104876573576897,0.004642907725229559,0.003576648001565881,0.007914657978368074
8,5,Fas_009_DAPI.1.tif,Fas_009_W647.1.tif,Fas_009_G488.1.tif,Fas_009_R555.1.tif,/Volumes/D/YAPSMAD_Nuclear_Localization/251219_YAPSMAD_Early_D14_Male_#3/tifs,/Volumes/D/YAPSMAD_Nuclear_Localization/251219_YAPSMAD_Early_D14_Male_#3/tifs,/Volumes/D/YAPSMAD_Nuclear_Localization/251219_YAPSMAD_Early_D14_Male_#3/tifs,/Volumes/D/YAPSMAD_Nuclear_Localization/251219_YAPSMAD_Early_D14_Male_#3/tifs,1594,3.608072692972223,0.7382004897575201,0.2771562784607396,4.03313516623652,3.605551275463989,13.69123384798877,11.715022606542334,18.226108289323747,0.003051861832730491,0.008589230770381913,0.00734944956495755,0.011434195915510507,0.005107051777163175,0.004393024378909444,0.007756093358669193
8,6,Fas_009_DAPI.1.tif,Fas_009_W647.1.tif,Fas_009_G488.1.tif,Fas_009_R555.1.tif,/Volumes/D/YAPSMAD_Nuclear_Localization/251219_YAPSMAD_Early_D14_Male_#3/tifs,/Volumes/D/YAPSMAD_Nuclear_Localization/251219_YAPSMAD_Early_D14_Male_#3/tifs,/Volumes/D/YAPSMAD_Nuclear_Localization/251219_YAPSMAD_Early_D14_Male_#3/tifs,/Volumes/D/YAPSMAD_Nuclear_Localization/251219_YAPSMAD_Early_D14_Male_#3/tifs,1669,2.4456505192882982,0.30101030975691223,0.4088891655259915,5.265445778165533,4.47213595499958,18.062913129804656,8.25046169781126,17.977554126176983,0.003091666195569521,0.010822596243142394,0.004943356319838982,0.010771452442286987,0.005675973939617579,0.0017994370106201654,0.0056307413012446315
8,7,Fas_009_DAPI.1.tif,Fas_009_W647.1.tif,Fas_009_G488.1.tif,Fas_009_R555.1.tif,/Volumes/D/YAPSMAD_Nuclear_Localization/251219_YAPSMAD_Early_D14_Male_#3/tifs,/Volumes/D/YAPSMAD_Nuclear_Localization/251219_YAPSMAD_Early_D14_Male_#3/tifs,/Volumes/D/YAPSMAD_Nuclear_Localization/251219_YAPSMAD_Early_D14_Male_#3/tifs,/Volumes/D/YAPSMAD_Nuclear_Localization/251219_YAPSMAD_Early_D14_Male_#3/tifs,1524,7.700365749547987,0.8042008547820972,0.12986396133958966,3.0257366451821714,2.8284271247461903,8.970046646194533,8.392187450779602,14.283802654594183,0.0028883606477168797,0.005885857379392738,0.00550668467898924,0.00937257392033739,0.005206189329160349,0.003060226519213588,0.006881600672738589
8,8,Fas_009_DAPI.1.tif,Fas_009_W647.1.tif,Fas_009_G488.1.tif,Fas_009_R555.1.tif,/Volumes/D/YAPSMAD_Nuclear_Localization/251219_YAPSMAD_Early_D14_Male_#3/tifs,/Volumes/D/YAPSMAD_Nuclear_Localization/251219_YAPSMAD_Early_D14_Male_#3/tifs,/Volumes/D/YAPSMAD_Nuclear_Localization/251219_YAPSMAD_Early_D14_Male_#3/tifs,/Volumes/D/YAPSMAD_Nuclear_Localization/251219_YAPSMAD_Early_D14_Male_#3/tifs,1059,6.131519545174768,0.5334056769481399,0.1630917087733913,2.940366423605142,2.23606797749979,7.377050514565781,9.990142793394625,7.238391805673018,0.003292202438131974,0.006966053365973353,0.009433562599994925,0.00683511974095658,0.004455775988934039,0.00693182247443835,0.0026932420216081534
8,9,Fas_009_DAPI.1.tif,Fas_009_W647.1.tif,Fas_009_G488.1.tif,Fas_009_R555.1.tif,/Volumes/D/YAPSMAD_Nuclear_Localization/251219_YAPSMAD_Early_D14_Male_#3/tifs,/Volumes/D/YAPSMAD_Nuclear_Localization/251219_YAPSMAD_Early_D14_Male_#3/tifs,/Volumes/D/YAPSMAD_Nuclear_Localization/251219_YAPSMAD_Early_D14_Male_#3/tifs,/Volumes/D/YAPSMAD_Nuclear_Localization/251219_YAPSMAD_Early_D14_Male_#3/tifs,1739,6.376769831143264,0.7844071611915374,0.1568192088596546,3.3945555820981617,3.0,9.749096015002578,9.1376212076284,14.351766344625503,0.0024939770128817873,0.005606150669926727,0.005254526283857619,0.008252884614505752,0.003323085197748992,0.002989797024462815,0.005519435277261076
8,10,Fas_009_DAPI.1.tif,Fas_009_W647.1.tif,Fas_009_G488.1.tif,Fas_009_R555.1.tif,/Volumes/D/YAPSMAD_Nuclear_Localization/251219_YAPSMAD_Early_D14_Male_#3/tifs,/Volumes/D/YAPSMAD_Nuclear_Localization/251219_YAPSMAD_Early_D14_Male_#3/tifs,/Volumes/D/YAPSMAD_Nuclear_Localization/251219_YAPSMAD_Early_D14_Male_#3/tifs,/Volumes/D/YAPSMAD_Nuclear_Localization/251219_YAPSMAD_Early_D14_Male_#3/tifs,1697,7.432745091786324,0.8655641745207643,0.13453979487404544,3.3435200854102924,3.0,13.310444914503023,14.64974462101236,16.137804370373487,0.002634721465132204,0.007843514976136137,0.008632731067184655,0.00950960776097436,0.009321112779642666,0.004968209182744252,0.004625939960351863
8,11,Fas_009_DAPI.1.tif,Fas_009_W647.1.tif,Fas_009_G488.1.tif,Fas_009_R555.1.tif,/Volumes/D/YAPSMAD_Nuclear_Localization/251219_YAPSMAD_Early_D14_Male_#3/tifs,/Volumes/D/YAPSMAD_Nuclear_Localization/251219_YAPSMAD_Early_D14_Male_#3/tifs,/Volumes/D/YAPSMAD_Nuclear_Localization/251219_YAPSMAD_Early_D14_Male_#3/tifs,/Volumes/D/YAPSMAD_Nuclear_Localization/251219_YAPSMAD_Early_D14_Male_#3/tifs,3528,7.597343861424599,0.3954447143956183,0.1316249492243579,4.403656785829981,3.605551275463989,24.46184511226602,31.79966451250948,23.30072505143471,0.0016927739601743845,0.006933629566968826,0.009013510349350759,0.006604513903467888,0.004312710003530365,0.008047395206710216,0.00420533326494467
8,12,Fas_009_DAPI.1.tif,Fas_009_W647.1.tif,Fas_009_G488.1.tif,Fas_009_R555.1.tif,/Volumes/D/YAPSMAD_Nuclear_Localization/251219_YAPSMAD_Early_D14_Male_#3/tifs,/Volumes/D/YAPSMAD_Nuclear_Localization/251219_YAPSMAD_Early_D14_Male_#3/tifs,/Volumes/D/YAPSMAD_Nuclear_Localization/251219_YAPSMAD_Early_D14_Male_#3/tifs,/Volumes/D/YAPSMAD_Nuclear_Localization/251219_YAPSMAD_Early_D14_Male_#3/tifs,2423,7.760357182337832,0.33273989237819784,0.1288600481271594,4.30304023367355,3.605551275463989,13.832059350097552,14.31702171615325,13.720058116829023,0.0018687736136539755,0.005708650165124867,0.005908799717768571,0.005662425966499803,0.004345180404747897,0.002623338755183683,0.0032614788871649586
8,13,Fas_009_DAPI.1.tif,Fas_009_W647.1.tif,Fas_009_G488.1.tif,Fas_009_R555.1.tif,/Volumes/D/YAPSMAD_Nuclear_Localization/251219_YAPSMAD_Early_D14_Male_#3/tifs,/Volumes/D/YAPSMAD_Nuclear_Localization/251219_YAPSMAD_Early_D14_Male_#3/tifs,/Volumes/D/YAPSMAD_Nuclear_Localization/251219_YAPSMAD_Early_D14_Male_#3/tifs,/Volumes/D/YAPSMAD_Nuclear_Localization/251219_YAPSMAD_Early_D14_Male_#3/tifs,2076,3.9474822604631594,0.8451789422569921,0.253326027583635,4.954708296757806,4.123105625617661,18.039475295925513,17.767956223338842,19.17297644354403,0.00293109200868813,0.008689535306322502,0.008558745772321215,0.009235537785907529,0.0038257833297659725,0.005098511286362197,0.004754270781125793
8,14,Fas_009_DAPI.1.tif,Fas_009_W647.1.tif,Fas_009_G488.1.tif,Fas_009_R555.1.tif,/Volumes/D/YAPSMAD_Nuclear_Localization/251219_YAPSMAD_Early_D14_Male_#3/tifs,/Volumes/D/YAPSMAD_Nuclear_Localization/251219_YAPSMAD_Early_D14_Male_#3/tifs,/Volumes/D/YAPSMAD_Nuclear_Localization/251219_YAPSMAD_Early_D14_Male_#3/tifs,/Volumes/D/YAPSMAD_Nuclear_Localization/251219_YAPSMAD_Early_D14_Male_#3/tifs,3136,8.253627976790705,0.9476974641905435,0.121158841034756,4.312192321382125,3.605551275463989,26.152987221023068,21.98046880029142,18.24441925692372,0.0019080297566614142,0.008339600516907866,0.007009078061317417,0.005817735732437411,0.006693515304395269,0.0037002310161263164,0.002795045008051598
8,15,Fas_009_DAPI.1.tif,Fas_009_W647.1.tif,Fas_009_G488.1.tif,Fas_009_R555.1.tif,/Volumes/D/YAPSMAD_Nuclear_Localization/251219_YAPSMAD_Early_D14_Male_#3/tifs,/Volumes/D/YAPSMAD_Nuclear_Localization/251219_YAPSMAD_Early_D14_Male_#3/tifs,/Volumes/D/YAPSMAD_Nuclear_Localization/251219_YAPSMAD_Early_D14_Male_#3/tifs,/Volumes/D/YAPSMAD_Nuclear_Localization/251219_YAPSMAD_Early_D14_Male_#3/tifs,975,7.2837985210139475,0.9646266462328916,0.13729100236847216,2.4522168510060727,2.0,9.300282371696085,11.801541268825531,7.612787140067667,0.0035854632608019387,0.009538751150457523,0.012104144891103109,0.007807986810325812,0.00736770544976043,0.010580369223026019,0.005269067211473407
8,16,Fas_009_DAPI.1.tif,Fas_009_W647.1.tif,Fas_009_G488.1.tif,Fas_009_R555.1.tif,/Volumes/D/YAPSMAD_Nuclear_Localization/251219_YAPSMAD_Early_D14_Male_#3/tifs,/Volumes/D/YAPSMAD_Nuclear_Localization/251219_YAPSMAD_Early_D14_Male_#3/tifs,/Volumes/D/YAPSMAD_Nuclear_Localization/251219_YAPSMAD_Early_D14_Male_#3/tifs,/Volumes/D/YAPSMAD_Nuclear_Localization/251219_YAPSMAD_Early_D14_Male_#3/tifs,1554,6.8355352104646006,0.6465582373986573,0.14629432359138292,3.335317107317061,3.0,8.722728423541412,10.36104383901693,14.511299425037578,0.003008089362861807,0.0056130813536302525,0.006667338377745771,0.0093380305180422,0.0031726763184206598,0.004166488328284391,0.006203793963168869
8,17,Fas_009_DAPI.1.tif,Fas_009_W647.1.tif,Fas_009_G488.1.tif,Fas_009_R555.1.tif,/Volumes/D/YAPSMAD_Nuclear_Localization/251219_YAPSMAD_Early_D14_Male_#3/tifs,/Volumes/D/YAPSMAD_Nuclear_Localization/251219_YAPSMAD_Early_D14_Male_#3/tifs,/Volumes/D/YAPSMAD_Nuclear_Localization/251219_YAPSMAD_Early_D14_Male_#3/tifs,/Volumes/D/YAPSMAD_Nuclear_Localization/251219_YAPSMAD_Early_D14_Male_#3/tifs,1902,4.377526745940093,0.376599990620261,0.22843949518468232,4.3865433951482595,4.0,18.016830878099427,16.329137224005535,17.60235003242269,0.0028644120538573944,0.009472571439589603,0.008585245648793656,0.009254653013892056,0.005755167168888474,0.009265783772471822,0.006674723703531241
8,18,Fas_009_DAPI.1.tif,Fas_009_W647.1.tif,Fas_009_G488.1.tif,Fas_009_R555.1.tif,/Volumes/D/YAPSMAD_Nuclear_Localization/251219_YAPSMAD_Early_D14_Male_#3/tifs,/Volumes/D/YAPSMAD_Nuclear_Localization/251219_YAPSMAD_Early_D14_Male_#3/tifs,/Volumes/D/YAPSMAD_Nuclear_Localization/251219_YAPSMAD_Early_D14_Male_#3/tifs,/Volumes/D/YAPSMAD_Nuclear_Localization/251219_YAPSMAD_Early_D14_Male_#3/tifs,2960,8.370159741506134,0.8571724690901248,0.11947203289815102,4.157710462698213,3.605551275463989,17.299946811050177,27.576928552472964,20.040100910700858,0.0037038543646230136,0.005844576625354789,0.009316529916376002,0.006770304361723263,0.0039834830542514075,0.008638332567807418,0.003946532434903643
8,19,Fas_009_DAPI.1.tif,Fas_009_W647.1.tif,Fas_009_G488.1.tif,Fas_009_R555.1.tif,/Volumes/D/YAPSMAD_Nuclear_Localization/251219_YAPSMAD_Early_D14_Male_#3/tifs,/Volumes/D/YAPSMAD_Nuclear_Localization/251219_YAPSMAD_Early_D14_Male_#3/tifs,/Volumes/D/YAPSMAD_Nuclear_Localization/251219_YAPSMAD_Early_D14_Male_#3/tifs,/Volumes/D/YAPSMAD_Nuclear_Localization/251219_YAPSMAD_Early_D14_Male_#3/tifs,1993,5.662930369829193,0.8809510756047486,0.17658702026918305,3.98735165522301,3.1622776601683795,13.260105434572324,14.079774326644838,13.823987293522805,0.0024159556662227363,0.006653339405204377,0.007064613309907094,0.006936270593839842,0.0063473072371700604,0.005176906815878334,0.004000542803606957
8,20,Fas_009_DAPI.1.tif,Fas_009_W647.1.tif,Fas_009_G488.1.tif,Fas_009_R555.1.tif,/Volumes/D/YAPSMAD_Nuclear_Localization/251219_YAPSMAD_Early_D14_Male_#3/tifs,/Volumes/D/YAPSMAD_Nuclear_Localization/251219_YAPSMAD_Early_D14_Male_#3/tifs,/Volumes/D/YAPSMAD_Nuclear_Localization/251219_YAPSMAD_Early_D14_Male_#3/tifs,/Volumes/D/YAPSMAD_Nuclear_Localization/251219_YAPSMAD_Early_D14_Male_#3/tifs,2325,3.0644279913932047,0.40621181831487957,0.3263251748152066,5.483605749448776,4.47213595499958,29.78391721425578,23.376394485356286,21.07273997901939,0.0031555657473302657,0.012810286973873453,0.01005436321950808,0.009063544076997587,0.008965689193000668,0.009754675062056406,0.006117393986224607
8,21,Fas_009_DAPI.1.tif,Fas_009_W647.1.tif,Fas_009_G488.1.tif,Fas_009_R555.1.tif,/Volumes/D/YAPSMAD_Nuclear_Localization/251219_YAPSMAD_Early_D14_Male_#3/tifs,/Volumes/D/YAPSMAD_Nuclear_Localization/251219_YAPSMAD_Early_D14_Male_#3/tifs,/Volumes/D/YAPSMAD_Nuclear_Localization/251219_YAPSMAD_Early_D14_Male_#3/tifs,/Volumes/D/YAPSMAD_Nuclear_Localization/251219_YAPSMAD_Early_D14_Male_#3/tifs,1676,4.194260263631639,0.5708635974993737,0.23842106525219317,4.203240971967873,4.0,12.43884961726144,15.307652531191707,17.676005297806114,0.002612461095763624,0.00742174798165957,0.009133444231021305,0.010546542540457109,0.004825314046715218,0.006361804958873112,0.006571324282589249
8,22,Fas_009_DAPI.1.tif,Fas_009_W647.1.tif,Fas_009_G488.1.tif,Fas_009_R555.1.tif,/Volumes/D/YAPSMAD_Nuclear_Localization/251219_YAPSMAD_Early_D14_Male_#3/tifs,/Volumes/D/YAPSMAD_Nuclear_Localization/251219_YAPSMAD_Early_D14_Male_#3/tifs,/Volumes/D/YAPSMAD_Nuclear_Localization/251219_YAPSMAD_Early_D14_Male_#3/tifs,/Volumes/D/YAPSMAD_Nuclear_Localization/251219_YAPSMAD_Early_D14_Male_#3/tifs,3161,12.07189296153768,0.7826041945655671,0.0828370499296262,3.6839780296895674,3.0,22.757091908715665,26.477302524261177,29.37645554752089,0.00224258867460717,0.007199333093551302,0.008376242494230047,0.009293405741069564,0.0048060108128191205,0.006418870894924649,0.007041514306188822
9,1,LPATGFb_010_DAPI.1.1.tif,LPATGFb_010_W647.1.1.tif,LPATGFb_010_G488.1.1.tif,LPATGFb_010_R555.1.1.tif,/Volumes/D/YAPSMAD_Nuclear_Localization/251219_YAPSMAD_Early_D14_Male_#3/tifs,/Volumes/D/YAPSMAD_Nuclear_Localization/251219_YAPSMAD_Early_D14_Male_#3/tifs,/Volumes/D/YAPSMAD_Nuclear_Localization/251219_YAPSMAD_Early_D14_Male_#3/tifs,/Volumes/D/YAPSMAD_Nuclear_Localization/251219_YAPSMAD_Early_D14_Male_#3/tifs,6136,6.697325468675115,0.8214447841308483,0.14931333480465045,6.071632905561181,5.385164807134504,70.7221490892116,67.62189737521112,22.92875580699183,0.0023966711116960755,0.011525773971514277,0.011020517825164784,0.0037367594209569478,0.006788483471056837,0.007410905977342994,0.003247975881094879
9,2,LPATGFb_010_DAPI.1.1.tif,LPATGFb_010_W647.1.1.tif,LPATGFb_010_G488.1.1.tif,LPATGFb_010_R555.1.1.tif,/Volumes/D/YAPSMAD_Nuclear_Localization/251219_YAPSMAD_Early_D14_Male_#3/tifs,/Volumes/D/YAPSMAD_Nuclear_Localization/251219_YAPSMAD_Early_D14_Male_#3/tifs,/Volumes/D/YAPSMAD_Nuclear_Localization/251219_YAPSMAD_Early_D14_Male_#3/tifs,/Volumes/D/YAPSMAD_Nuclear_Localization/251219_YAPSMAD_Early_D14_Male_#3/tifs,2950,14.675392116578891,0.7353651527613442,0.06814127977338971,3.303557457483865,2.8284271247461903,34.26662114425562,53.232654597610235,23.758892461657524,0.0026698374491721643,0.011615803777713771,0.01804496766020686,0.008053861851409331,0.008927573864505867,0.008287806920395569,0.004636062092740253
9,3,LPATGFb_010_DAPI.1.1.tif,LPATGFb_010_W647.1.1.tif,LPATGFb_010_G488.1.1.tif,LPATGFb_010_R555.1.1.tif,/Volumes/D/YAPSMAD_Nuclear_Localization/251219_YAPSMAD_Early_D14_Male_#3/tifs,/Volumes/D/YAPSMAD_Nuclear_Localization/251219_YAPSMAD_Early_D14_Male_#3/tifs,/Volumes/D/YAPSMAD_Nuclear_Localization/251219_YAPSMAD_Early_D14_Male_#3/tifs,/Volumes/D/YAPSMAD_Nuclear_Localization/251219_YAPSMAD_Early_D14_Male_#3/tifs,3870,8.58795167601516,0.8831623254463723,0.11644220155463235,4.567265026840236,4.0,86.43445513793267,91.19795559346676,40.11454971530475,0.0025015569564547074,0.02233448453176555,0.02356536320244619,0.010365516722300969,0.015333898836066524,0.017012671094186034,0.008251190844923094
9,4,LPATGFb_010_DAPI.1.1.tif,LPATGFb_010_W647.1.1.tif,LPATGFb_010_G488.1.1.tif,LPATGFb_010_R555.1.1.tif,/Volumes/D/YAPSMAD_Nuclear_Localization/251219_YAPSMAD_Early_D14_Male_#3/tifs,/Volumes/D/YAPSMAD_Nuclear_Localization/251219_YAPSMAD_Early_D14_Male_#3/tifs,/Volumes/D/YAPSMAD_Nuclear_Localization/251219_YAPSMAD_Early_D14_Male_#3/tifs,/Volumes/D/YAPSMAD_Nuclear_Localization/251219_YAPSMAD_Early_D14_Male_#3/tifs,2126,6.976326986379649,0.6175061195430471,0.14334190498128413,4.04530394992533,3.1622776601683795,37.710689186817035,61.09820718038827,31.759289119392633,0.0033754664768928335,0.017737859448173583,0.028738573462082913,0.014938517930100016,0.009949605670539485,0.018930803055253825,0.010990906339973681
9,5,LPATGFb_010_DAPI.1.1.tif,LPATGFb_010_W647.1.1.tif,LPATGFb_010_G488.1.1.tif,LPATGFb_010_R555.1.1.tif,/Volumes/D/YAPSMAD_Nuclear_Localization/251219_YAPSMAD_Early_D14_Male_#3/tifs,/Volumes/D/YAPSMAD_Nuclear_Localization/251219_YAPSMAD_Early_D14_Male_#3/tifs,/Volumes/D/YAPSMAD_Nuclear_Localization/251219_YAPSMAD_Early_D14_Male_#3/tifs,/Volumes/D/YAPSMAD_Nuclear_Localization/251219_YAPSMAD_Early_D14_Male_#3/tifs,1477,11.199440227878936,0.5946642164337232,0.08929017697783545,2.3989894842951407,2.0,16.01010160916485,22.472999242367223,8.604425210272893,0.002780964503319494,0.010839608401601116,0.015215300773437523,0.005825609485628228,0.006955819483984996,0.014843228378365438,0.004034596547786517
9,6,LPATGFb_010_DAPI.1.1.tif,LPATGFb_010_W647.1.1.tif,LPATGFb_010_G488.1.1.tif,LPATGFb_010_R555.1.1.tif,/Volumes/D/YAPSMAD_Nuclear_Localization/251219_YAPSMAD_Early_D14_Male_#3/tifs,/Volumes/D/YAPSMAD_Nuclear_Localization/251219_YAPSMAD_Early_D14_Male_#3/tifs,/Volumes/D/YAPSMAD_Nuclear_Localization/251219_YAPSMAD_Early_D14_Male_#3/tifs,/Volumes/D/YAPSMAD_Nuclear_Localization/251219_YAPSMAD_Early_D14_Male_#3/tifs,2318,7.622619199920695,0.814515359708658,0.13118850276692345,3.6826487231279845,3.0,42.4153203049209,66.88451986806467,34.9155415140558,0.003389030086468002,0.01829823999349478,0.02885440891633506,0.015062787538419243,0.011750015325895057,0.019329088400914816,0.01073169107801684
9,7,LPATGFb_010_DAPI.1.1.tif,LPATGFb_010_W647.1.1.tif,LPATGFb_010_G488.1.1.tif,LPATGFb_010_R555.1.1.tif,/Volumes/D/YAPSMAD_Nuclear_Localization/251219_YAPSMAD_Early_D14_Male_#3/tifs,/Volumes/D/YAPSMAD_Nuclear_Localization/251219_YAPSMAD_Early_D14_Male_#3/tifs,/Volumes/D/YAPSMAD_Nuclear_Localization/251219_YAPSMAD_Early_D14_Male_#3/tifs,/Volumes/D/YAPSMAD_Nuclear_Localization/251219_YAPSMAD_Early_D14_Male_#3/tifs,2043,10.995810130710748,0.9502287243106974,0.09094373112237088,2.731983764937986,2.23606797749979,37.54676143056713,51.59694836335257,18.366872827522457,0.0037854698341206715,0.018378248375216413,0.02525548133301643,0.00899014822688324,0.012396799476032302,0.01944743568228646,0.006618218514052597
9,8,LPATGFb_010_DAPI.1.1.tif,LPATGFb_010_W647.1.1.tif,LPATGFb_010_G488.1.1.tif,LPATGFb_010_R555.1.1.tif,/Volumes/D/YAPSMAD_Nuclear_Localization/251219_YAPSMAD_Early_D14_Male_#3/tifs,/Volumes/D/YAPSMAD_Nuclear_Localization/251219_YAPSMAD_Early_D14_Male_#3/tifs,/Volumes/D/YAPSMAD_Nuclear_Localization/251219_YAPSMAD_Early_D14_Male_#3/tifs,/Volumes/D/YAPSMAD_Nuclear_Localization/251219_YAPSMAD_Early_D14_Male_#3/tifs,2069,7.972367300992301,0.7285305227104814,0.12543325743101832,3.214340592683686,3.0,29.28247523587197,45.119966560509056,17.024368836777285,0.0030011966579884955,0.014152960481330096,0.021807620377239757,0.008228307799312365,0.009602979632107175,0.017415467016044597,0.005840692566274236
9,9,LPATGFb_010_DAPI.1.1.tif,LPATGFb_010_W647.1.1.tif,LPATGFb_010_G488.1.1.tif,LPATGFb_010_R555.1.1.tif,/Volumes/D/YAPSMAD_Nuclear_Localization/251219_YAPSMAD_Early_D14_Male_#3/tifs,/Volumes/D/YAPSMAD_Nuclear_Localization/251219_YAPSMAD_Early_D14_Male_#3/tifs,/Volumes/D/YAPSMAD_Nuclear_Localization/251219_YAPSMAD_Early_D14_Male_#3/tifs,/Volumes/D/YAPSMAD_Nuclear_Localization/251219_YAPSMAD_Early_D14_Male_#3/tifs,1932,3.7836409285442834,0.505803520538496,0.2642956926636111,4.135332469123323,4.0,36.372793359914795,60.13670561183244,28.407019320642576,0.003227575369493546,0.018826497598299585,0.03112665921937497,0.014703426149400919,0.009253614091788175,0.02041461867577116,0.009354583541340424
9,10,LPATGFb_010_DAPI.1.1.tif,LPATGFb_010_W647.1.1.tif,LPATGFb_010_G488.1.1.tif,LPATGFb_010_R555.1.1.tif,/Volumes/D/YAPSMAD_Nuclear_Localization/251219_YAPSMAD_Early_D14_Male_#3/tifs,/Volumes/D/YAPSMAD_Nuclear_Localization/251219_YAPSMAD_Early_D14_Male_#3/tifs,/Volumes/D/YAPSMAD_Nuclear_Localization/251219_YAPSMAD_Early_D14_Male_#3/tifs,/Volumes/D/YAPSMAD_Nuclear_Localization/251219_YAPSMAD_Early_D14_Male_#3/tifs,2464,6.185986297234171,0.8712868647448376,0.16165570887978073,4.225401381902349,3.605551275463989,30.733943953411654,77.23105223290622,31.57360210106708,0.0027857128079631366,0.01247319153953395,0.03134377119841973,0.012813961891666835,0.007487369745930342,0.018184830986434128,0.009321088402163273
9,11,LPATGFb_010_DAPI.1.1.tif,LPATGFb_010_W647.1.1.tif,LPATGFb_010_G488.1.1.tif,LPATGFb_010_R555.1.1.tif,/Volumes/D/YAPSMAD_Nuclear_Localization/251219_YAPSMAD_Early_D14_Male_#3/tifs,/Volumes/D/YAPSMAD_Nuclear_Localization/251219_YAPSMAD_Early_D14_Male_#3/tifs,/Volumes/D/YAPSMAD_Nuclear_Localization/251219_YAPSMAD_Early_D14_Male_#3/tifs,/Volumes/D/YAPSMAD_Nuclear_Localization/251219_YAPSMAD_Early_D14_Male_#3/tifs,1583,5.720407836598724,0.6112235931318382,0.17481271066060672,3.997515038101103,3.0,21.478370487689972,48.32724503008649,27.72332356730476,0.00322816513987071,0.013568143074977872,0.03052889768167182,0.017513154496086394,0.009300987683321951,0.015407938920191041,0.010547867625218811
9,12,LPATGFb_010_DAPI.1.1.tif,LPATGFb_010_W647.1.1.tif,LPATGFb_010_G488.1.1.tif,LPATGFb_010_R555.1.1.tif,/Volumes/D/YAPSMAD_Nuclear_Localization/251219_YAPSMAD_Early_D14_Male_#3/tifs,/Volumes/D/YAPSMAD_Nuclear_Localization/251219_YAPSMAD_Early_D14_Male_#3/tifs,/Volumes/D/YAPSMAD_Nuclear_Localization/251219_YAPSMAD_Early_D14_Male_#3/tifs,/Volumes/D/YAPSMAD_Nuclear_Localization/251219_YAPSMAD_Early_D14_Male_#3/tifs,2739,8.17632580570964,0.678501080221355,0.12230432394238575,3.8568397316716343,3.1622776601683795,45.97863763337955,98.30708800675347,44.78535159886815,0.002962361679399844,0.016786651198751203,0.03589159839603997,0.01635098634496829,0.01112682833543161,0.017152567858884468,0.008286376026847156
9,13,LPATGFb_010_DAPI.1.1.tif,LPATGFb_010_W647.1.1.tif,LPATGFb_010_G488.1.1.tif,LPATGFb_010_R555.1.1.tif,/Volumes/D/YAPSMAD_Nuclear_Localization/251219_YAPSMAD_Early_D14_Male_#3/tifs,/Volumes/D/YAPSMAD_Nuclear_Localization/251219_YAPSMAD_Early_D14_Male_#3/tifs,/Volumes/D/YAPSMAD_Nuclear_Localization/251219_YAPSMAD_Early_D14_Male_#3/tifs,/Volumes/D/YAPSMAD_Nuclear_Localization/251219_YAPSMAD_Early_D14_Male_#3/tifs,56,4.45633840657307,0.7842928920470369,0.2243994752564138,1.0,1.0,0.027512016473338008,0.609124899841845,0.11250476841814816,0.020886058869239475,0.0004912860084524644,0.010877230354318661,0.0020090137217526455,9.69544011417853e-05,0.002944652011243596,0.00031101407547994817
9,14,LPATGFb_010_DAPI.1.1.tif,LPATGFb_010_W647.1.1.tif,LPATGFb_010_G488.1.1.tif,LPATGFb_010_R555.1.1.tif,/Volumes/D/YAPSMAD_Nuclear_Localization/251219_YAPSMAD_Early_D14_Male_#3/tifs,/Volumes/D/YAPSMAD_Nuclear_Localization/251219_YAPSMAD_Early_D14_Male_#3/tifs,/Volumes/D/YAPSMAD_Nuclear_Localization/251219_YAPSMAD_Early_D14_Male_#3/tifs,/Volumes/D/YAPSMAD_Nuclear_Localization/251219_YAPSMAD_Early_D14_Male_#3/tifs,2037,4.18564728771038,0.5979572017072309,0.238911673932998,3.9655285748005498,3.605551275463989,37.62507076491602,55.48073561815545,30.358938129153103,0.0035186540654315907,0.018470825117779095,0.02723649269423439,0.014903749695215072,0.008519925142972246,0.017789144392733883,0.008721971191494272
9,15,LPATGFb_010_DAPI.1.1.tif,LPATGFb_010_W647.1.1.tif,LPATGFb_010_G488.1.1.tif,LPATGFb_010_R555.1.1.tif,/Volumes/D/YAPSMAD_Nuclear_Localization/251219_YAPSMAD_Early_D14_Male_#3/tifs,/Volumes/D/YAPSMAD_Nuclear_Localization/251219_YAPSMAD_Early_D14_Male_#3/tifs,/Volumes/D/YAPSMAD_Nuclear_Localization/251219_YAPSMAD_Early_D14_Male_#3/tifs,/Volumes/D/YAPSMAD_Nuclear_Localization/251219_YAPSMAD_Early_D14_Male_#3/tifs,1227,4.131192985107835,0.5602018718483974,0.24206082930640369,3.806453248675529,3.1622776601683795,9.998993028188124,26.14665459562093,17.918104955460876,0.004083622693666352,0.00814913857228046,0.021309416948346316,0.014603182522788,0.0032626227146122727,0.010432975384487321,0.007783331819729583
9,16,LPATGFb_010_DAPI.1.1.tif,LPATGFb_010_W647.1.1.tif,LPATGFb_010_G488.1.1.tif,LPATGFb_010_R555.1.1.tif,/Volumes/D/YAPSMAD_Nuclear_Localization/251219_YAPSMAD_Early_D14_Male_#3/tifs,/Volumes/D/YAPSMAD_Nuclear_Localization/251219_YAPSMAD_Early_D14_Male_#3/tifs,/Volumes/D/YAPSMAD_Nuclear_Localization/251219_YAPSMAD_Early_D14_Male_#3/tifs,/Volumes/D/YAPSMAD_Nuclear_Localization/251219_YAPSMAD_Early_D14_Male_#3/tifs,3299,11.183102181133126,0.7876776973667222,0.08942062620934356,3.8971097899917884,3.1622776601683795,43.08181924605742,86.31198618514463,26.462302848231047,0.0026789967410512567,0.013059054030329621,0.02616307553353884,0.008021310351085494,0.007752664021628812,0.016655909321557975,0.005661067662255321
9,17,LPATGFb_010_DAPI.1.1.tif,LPATGFb_010_W647.1.1.tif,LPATGFb_010_G488.1.1.tif,LPATGFb_010_R555.1.1.tif,/Volumes/D/YAPSMAD_Nuclear_Localization/251219_YAPSMAD_Early_D14_Male_#3/tifs,/Volumes/D/YAPSMAD_Nuclear_Localization/251219_YAPSMAD_Early_D14_Male_#3/tifs,/Volumes/D/YAPSMAD_Nuclear_Localization/251219_YAPSMAD_Early_D14_Male_#3/tifs,/Volumes/D/YAPSMAD_Nuclear_Localization/251219_YAPSMAD_Early_D14_Male_#3/tifs,1881,9.605395403896946,0.721860935176915,0.10410815567199828,3.150702247410206,2.8284271247461903,23.45532939583063,47.10162524646148,20.48014052840881,0.003188859783375417,0.012469606271042334,0.02504073644149999,0.010887900334082302,0.009845736226310678,0.018772905374522374,0.009257256952156099
9,18,LPATGFb_010_DAPI.1.1.tif,LPATGFb_010_W647.1.1.tif,LPATGFb_010_G488.1.1.tif,LPATGFb_010_R555.1.1.tif,/Volumes/D/YAPSMAD_Nuclear_Localization/251219_YAPSMAD_Early_D14_Male_#3/tifs,/Volumes/D/YAPSMAD_Nuclear_Localization/251219_YAPSMAD_Early_D14_Male_#3/tifs,/Volumes/D/YAPSMAD_Nuclear_Localization/251219_YAPSMAD_Early_D14_Male_#3/tifs,/Volumes/D/YAPSMAD_Nuclear_Localization/251219_YAPSMAD_Early_D14_Male_#3/tifs,1552,6.917034968134351,0.655465145831802,0.14457061509835306,3.344739884328214,3.0,24.036988040432334,53.92274366784841,9.892286672955379,0.0027436743950658505,0.015487750026051761,0.034744035868459026,0.006373896052161971,0.010219585341601303,0.018821131706905084,0.004233392815663215
9,19,LPATGFb_010_DAPI.1.1.tif,LPATGFb_010_W647.1.1.tif,LPATGFb_010_G488.1.1.tif,LPATGFb_010_R555.1.1.tif,/Volumes/D/YAPSMAD_Nuclear_Localization/251219_YAPSMAD_Early_D14_Male_#3/tifs,/Volumes/D/YAPSMAD_Nuclear_Localization/251219_YAPSMAD_Early_D14_Male_#3/tifs,/Volumes/D/YAPSMAD_Nuclear_Localization/251219_YAPSMAD_Early_D14_Male_#3/tifs,/Volumes/D/YAPSMAD_Nuclear_Localization/251219_YAPSMAD_Early_D14_Male_#3/tifs,1913,6.521769352085496,0.8976862918730961,0.15333262279203808,3.5296540929645777,3.0,18.50551634072326,52.75645088288002,14.997772373491898,0.0030442506603855723,0.009673557940785813,0.027577862458379516,0.00783992282984417,0.00472873344975591,0.015350766233043503,0.004212492704144567
9,20,LPATGFb_010_DAPI.1.1.tif,LPATGFb_010_W647.1.1.tif,LPATGFb_010_G488.1.1.tif,LPATGFb_010_R555.1.1.tif,/Volumes/D/YAPSMAD_Nuclear_Localization/251219_YAPSMAD_Early_D14_Male_#3/tifs,/Volumes/D/YAPSMAD_Nuclear_Localization/251219_YAPSMAD_Early_D14_Male_#3/tifs,/Volumes/D/YAPSMAD_Nuclear_Localization/251219_YAPSMAD_Early_D14_Male_#3/tifs,/Volumes/D/YAPSMAD_Nuclear_Localization/251219_YAPSMAD_Early_D14_Male_#3/tifs,1104,2.637114366002132,0.6068163637148019,0.37920236334535656,3.8806471483363745,3.605551275463989,8.195407146355137,27.723765999544412,9.111070517683402,0.004375925394740171,0.007423376038365161,0.0251121068836453,0.008252781266017573,0.003292487436926267,0.016381109940034472,0.004306458738237407
9,21,LPATGFb_010_DAPI.1.1.tif,LPATGFb_010_W647.1.1.tif,LPATGFb_010_G488.1.1.tif,LPATGFb_010_R555.1.1.tif,/Volumes/D/YAPSMAD_Nuclear_Localization/251219_YAPSMAD_Early_D14_Male_#3/tifs,/Volumes/D/YAPSMAD_Nuclear_Localization/251219_YAPSMAD_Early_D14_Male_#3/tifs,/Volumes/D/YAPSMAD_Nuclear_Localization/251219_YAPSMAD_Early_D14_Male_#3/tifs,/Volumes/D/YAPSMAD_Nuclear_Localization/251219_YAPSMAD_Early_D14_Male_#3/tifs,2027,9.067154038620874,0.8896235075055683,0.11028818918710034,3.1109916539381164,2.8284271247461903,22.601983869681135,70.65416959905997,18.549904816783965,0.0030607399889086497,0.011150460715185563,0.03485652175582633,0.00915140839505869,0.005195783197240955,0.018666998709546342,0.004431205904473227
10,1,LPATGFb_011_DAPI.1.1.tif,LPATGFb_011_W647.1.1.tif,LPATGFb_011_G488.1.1.tif,LPATGFb_011_R555.1.1.tif,/Volumes/D/YAPSMAD_Nuclear_Localization/251219_YAPSMAD_Early_D14_Male_#3/tifs,/Volumes/D/YAPSMAD_Nuclear_Localization/251219_YAPSMAD_Early_D14_Male_#3/tifs,/Volumes/D/YAPSMAD_Nuclear_Localization/251219_YAPSMAD_Early_D14_Male_#3/tifs,/Volumes/D/YAPSMAD_Nuclear_Localization/251219_YAPSMAD_Early_D14_Male_#3/tifs,1978,8.362144576894272,0.9432949096629397,0.11958654754225778,3.344184480280764,2.8284271247461903,16.873609729111195,13.490577778313309,12.073014517314732,0.0033239827653076745,0.008530641925738724,0.0068203123247286696,0.006103647379835557,0.0037267997171604216,0.001264559691072296,0.0037846383610859683
10,2,LPATGFb_011_DAPI.1.1.tif,LPATGFb_011_W647.1.1.tif,LPATGFb_011_G488.1.1.tif,LPATGFb_011_R555.1.1.tif,/Volumes/D/YAPSMAD_Nuclear_Localization/251219_YAPSMAD_Early_D14_Male_#3/tifs,/Volumes/D/YAPSMAD_Nuclear_Localization/251219_YAPSMAD_Early_D14_Male_#3/tifs,/Volumes/D/YAPSMAD_Nuclear_Localization/251219_YAPSMAD_Early_D14_Male_#3/tifs,/Volumes/D/YAPSMAD_Nuclear_Localization/251219_YAPSMAD_Early_D14_Male_#3/tifs,2124,8.03631036539951,0.9580639353925301,0.12443521398893692,3.3397872143656526,2.8284271247461903,46.61857036012225,13.885298173408955,12.478156862780452,0.0030856558545746906,0.021948479453918195,0.006537334356595553,0.005874838447636747,0.011506881954371766,0.0011761379792267262,0.002666225844285753
10,3,LPATGFb_011_DAPI.1.1.tif,LPATGFb_011_W647.1.1.tif,LPATGFb_011_G488.1.1.tif,LPATGFb_011_R555.1.1.tif,/Volumes/D/YAPSMAD_Nuclear_Localization/251219_YAPSMAD_Early_D14_Male_#3/tifs,/Volumes/D/YAPSMAD_Nuclear_Localization/251219_YAPSMAD_Early_D14_Male_#3/tifs,/Volumes/D/YAPSMAD_Nuclear_Localization/251219_YAPSMAD_Early_D14_Male_#3/tifs,/Volumes/D/YAPSMAD_Nuclear_Localization/251219_YAPSMAD_Early_D14_Male_#3/tifs,2755,7.260271862690292,0.9315093711868636,0.13773588908411072,3.906637554351879,3.1622776601683795,52.47933186683804,23.715526362881064,27.45989185431972,0.0026896200099699673,0.019048759298307818,0.00860817653825084,0.009967292869081568,0.013233062066992162,0.004482244350129978,0.008572034033689108
10,4,LPATGFb_011_DAPI.1.1.tif,LPATGFb_011_W647.1.1.tif,LPATGFb_011_G488.1.1.tif,LPATGFb_011_R555.1.1.tif,/Volumes/D/YAPSMAD_Nuclear_Localization/251219_YAPSMAD_Early_D14_Male_#3/tifs,/Volumes/D/YAPSMAD_Nuclear_Localization/251219_YAPSMAD_Early_D14_Male_#3/tifs,/Volumes/D/YAPSMAD_Nuclear_Localization/251219_YAPSMAD_Early_D14_Male_#3/tifs,/Volumes/D/YAPSMAD_Nuclear_Localization/251219_YAPSMAD_Early_D14_Male_#3/tifs,9420,4.803231245658509,0.8193935495834912,0.2081931826421784,8.82101722675384,7.810249675906654,144.7316405507736,61.7912118639797,37.32878660503775,0.0021437986274625543,0.015364293052099107,0.006559576630995722,0.003962716200110164,0.008554516476720609,0.00035249635170017836,0.0008743176775941374
10,5,LPATGFb_011_DAPI.1.1.tif,LPATGFb_011_W647.1.1.tif,LPATGFb_011_G488.1.1.tif,LPATGFb_011_R555.1.1.tif,/Volumes/D/YAPSMAD_Nuclear_Localization/251219_YAPSMAD_Early_D14_Male_#3/tifs,/Volumes/D/YAPSMAD_Nuclear_Localization/251219_YAPSMAD_Early_D14_Male_#3/tifs,/Volumes/D/YAPSMAD_Nuclear_Localization/251219_YAPSMAD_Early_D14_Male_#3/tifs,/Volumes/D/YAPSMAD_Nuclear_Localization/251219_YAPSMAD_Early_D14_Male_#3/tifs,3525,8.209891127459429,0.9365921983389938,0.12180429490170994,4.239804247906153,3.605551275463989,55.05751159810461,32.95416231127456,37.37940056808293,0.0031442935507850233,0.015619152226412655,0.009348698528021152,0.010604085267541256,0.009210865369120646,0.0046341168021333794,0.009611851464261526
10,6,LPATGFb_011_DAPI.1.1.tif,LPATGFb_011_W647.1.1.tif,LPATGFb_011_G488.1.1.tif,LPATGFb_011_R555.1.1.tif,/Volumes/D/YAPSMAD_Nuclear_Localization/251219_YAPSMAD_Early_D14_Male_#3/tifs,/Volumes/D/YAPSMAD_Nuclear_Localization/251219_YAPSMAD_Early_D14_Male_#3/tifs,/Volumes/D/YAPSMAD_Nuclear_Localization/251219_YAPSMAD_Early_D14_Male_#3/tifs,/Volumes/D/YAPSMAD_Nuclear_Localization/251219_YAPSMAD_Early_D14_Male_#3/tifs,3077,8.862343755639854,0.8582660631099184,0.11283696813990271,4.3021701472280345,3.1622776601683795,37.40532569633797,24.760754160117358,17.103853077162057,0.003185475805440181,0.012156426940636324,0.008047043925939993,0.00555861328474555,0.008904396631104749,0.0028785654334585503,0.0035017671244466655
10,7,LPATGFb_011_DAPI.1.1.tif,LPATGFb_011_W647.1.1.tif,LPATGFb_011_G488.1.1.tif,LPATGFb_011_R555.1.1.tif,/Volumes/D/YAPSMAD_Nuclear_Localization/251219_YAPSMAD_Early_D14_Male_#3/tifs,/Volumes/D/YAPSMAD_Nuclear_Localization/251219_YAPSMAD_Early_D14_Male_#3/tifs,/Volumes/D/YAPSMAD_Nuclear_Localization/251219_YAPSMAD_Early_D14_Male_#3/tifs,/Volumes/D/YAPSMAD_Nuclear_Localization/251219_YAPSMAD_Early_D14_Male_#3/tifs,2280,4.783070556015316,0.5535936239441547,0.20907071896365267,4.065564593667993,3.605551275463989,53.091020261636004,28.50782046886161,15.404211709508672,0.003232242324360924,0.02328553520247193,0.01250343003020246,0.0067562332059248565,0.013873100521610773,0.007649458878573286,0.0034886787056725437
10,8,LPATGFb_011_DAPI.1.1.tif,LPATGFb_011_W647.1.1.tif,LPATGFb_011_G488.1.1.tif,LPATGFb_011_R555.1.1.tif,/Volumes/D/YAPSMAD_Nuclear_Localization/251219_YAPSMAD_Early_D14_Male_#3/tifs,/Volumes/D/YAPSMAD_Nuclear_Localization/251219_YAPSMAD_Early_D14_Male_#3/tifs,/Volumes/D/YAPSMAD_Nuclear_Localization/251219_YAPSMAD_Early_D14_Male_#3/tifs,/Volumes/D/YAPSMAD_Nuclear_Localization/251219_YAPSMAD_Early_D14_Male_#3/tifs,2844,7.186311797221963,0.9621229140801937,0.13915343895690324,4.3211548545041065,3.605551275463989,66.22139340522699,22.987335338722914,19.905699494527653,0.003070346996516943,0.02328459683728094,0.008082748009396243,0.00699919110215459,0.00875151270727175,0.0025584226767273845,0.0031224087482181343
10,9,LPATGFb_011_DAPI.1.1.tif,LPATGFb_011_W647.1.1.tif,LPATGFb_011_G488.1.1.tif,LPATGFb_011_R555.1.1.tif,/Volumes/D/YAPSMAD_Nuclear_Localization/251219_YAPSMAD_Early_D14_Male_#3/tifs,/Volumes/D/YAPSMAD_Nuclear_Localization/251219_YAPSMAD_Early_D14_Male_#3/tifs,/Volumes/D/YAPSMAD_Nuclear_Localization/251219_YAPSMAD_Early_D14_Male_#3/tifs,/Volumes/D/YAPSMAD_Nuclear_Localization/251219_YAPSMAD_Early_D14_Male_#3/tifs,3743,4.002472686560629,0.8176709429198157,0.24984555256498492,5.7561841102295865,5.0,110.90392943657935,36.26532428897917,31.469184765592217,0.0027005941327263167,0.029629689937638082,0.009688838976483883,0.008407476560404012,0.01326956104537461,0.003421422608076408,0.0031628679360600574
10,10,LPATGFb_011_DAPI.1.1.tif,LPATGFb_011_W647.1.1.tif,LPATGFb_011_G488.1.1.tif,LPATGFb_011_R555.1.1.tif,/Volumes/D/YAPSMAD_Nuclear_Localization/251219_YAPSMAD_Early_D14_Male_#3/tifs,/Volumes/D/YAPSMAD_Nuclear_Localization/251219_YAPSMAD_Early_D14_Male_#3/tifs,/Volumes/D/YAPSMAD_Nuclear_Localization/251219_YAPSMAD_Early_D14_Male_#3/tifs,/Volumes/D/YAPSMAD_Nuclear_Localization/251219_YAPSMAD_Early_D14_Male_#3/tifs,3634,5.695069021641069,0.9345713289773863,0.17559049700715373,5.169974234026787,4.357388321059432,47.63378385431133,29.2381632309407,18.89080656133592,0.0026184590856288908,0.013107810636849569,0.00804572460950487,0.005198350732343401,0.008191284352318216,0.003800231765578337,0.003177727858685679
10,11,LPATGFb_011_DAPI.1.1.tif,LPATGFb_011_W647.1.1.tif,LPATGFb_011_G488.1.1.tif,LPATGFb_011_R555.1.1.tif,/Volumes/D/YAPSMAD_Nuclear_Localization/251219_YAPSMAD_Early_D14_Male_#3/tifs,/Volumes/D/YAPSMAD_Nuclear_Localization/251219_YAPSMAD_Early_D14_Male_#3/tifs,/Volumes/D/YAPSMAD_Nuclear_Localization/251219_YAPSMAD_Early_D14_Male_#3/tifs,/Volumes/D/YAPSMAD_Nuclear_Localization/251219_YAPSMAD_Early_D14_Male_#3/tifs,1293,5.073190063502844,0.878295333789696,0.1971146334914837,3.4006050506668486,3.0,24.47493717656471,9.886930797249079,7.542977139819413,0.004619990498344691,0.018928799053801012,0.007646504870262242,0.005833702350981758,0.01127928823925927,0.00222950429775849,0.002987003699749902
10,12,LPATGFb_011_DAPI.1.1.tif,LPATGFb_011_W647.1.1.tif,LPATGFb_011_G488.1.1.tif,LPATGFb_011_R555.1.1.tif,/Volumes/D/YAPSMAD_Nuclear_Localization/251219_YAPSMAD_Early_D14_Male_#3/tifs,/Volumes/D/YAPSMAD_Nuclear_Localization/251219_YAPSMAD_Early_D14_Male_#3/tifs,/Volumes/D/YAPSMAD_Nuclear_Localization/251219_YAPSMAD_Early_D14_Male_#3/tifs,/Volumes/D/YAPSMAD_Nuclear_Localization/251219_YAPSMAD_Early_D14_Male_#3/tifs,1885,7.247114832785519,0.8656922870246169,0.13798594655573265,3.168814670806944,3.0,56.42804614524357,25.305440036114305,21.65737410541624,0.0034336118358594984,0.029935302994824175,0.013424636623933318,0.011489323132846811,0.01631137727118909,0.007980161276753467,0.007965281846144708
10,13,LPATGFb_011_DAPI.1.1.tif,LPATGFb_011_W647.1.1.tif,LPATGFb_011_G488.1.1.tif,LPATGFb_011_R555.1.1.tif,/Volumes/D/YAPSMAD_Nuclear_Localization/251219_YAPSMAD_Early_D14_Male_#3/tifs,/Volumes/D/YAPSMAD_Nuclear_Localization/251219_YAPSMAD_Early_D14_Male_#3/tifs,/Volumes/D/YAPSMAD_Nuclear_Localization/251219_YAPSMAD_Early_D14_Male_#3/tifs,/Volumes/D/YAPSMAD_Nuclear_Localization/251219_YAPSMAD_Early_D14_Male_#3/tifs,2202,2.8433738944615015,0.6639437974418361,0.35169486571845565,4.878548284901921,4.47213595499958,66.63166256877594,25.89129498694092,19.937773937359452,0.0029917384489785395,0.030259610612523132,0.01175808128380605,0.009054393250390305,0.012850122029976152,0.003940259883908488,0.00232064012783254
10,14,LPATGFb_011_DAPI.1.1.tif,LPATGFb_011_W647.1.1.tif,LPATGFb_011_G488.1.1.tif,LPATGFb_011_R555.1.1.tif,/Volumes/D/YAPSMAD_Nuclear_Localization/251219_YAPSMAD_Early_D14_Male_#3/tifs,/Volumes/D/YAPSMAD_Nuclear_Localization/251219_YAPSMAD_Early_D14_Male_#3/tifs,/Volumes/D/YAPSMAD_Nuclear_Localization/251219_YAPSMAD_Early_D14_Male_#3/tifs,/Volumes/D/YAPSMAD_Nuclear_Localization/251219_YAPSMAD_Early_D14_Male_#3/tifs,3063,5.056643069055812,0.534794220454841,0.19775965721597238,5.335916385061381,4.47213595499958,50.236042129807174,22.92106540966779,15.247150597395375,0.002630325590986716,0.016400927890893625,0.007483207773316288,0.004977848709564275,0.009689226013675592,0.0022432532208228263,0.002080187853889088
10,15,LPATGFb_011_DAPI.1.1.tif,LPATGFb_011_W647.1.1.tif,LPATGFb_011_G488.1.1.tif,LPATGFb_011_R555.1.1.tif,/Volumes/D/YAPSMAD_Nuclear_Localization/251219_YAPSMAD_Early_D14_Male_#3/tifs,/Volumes/D/YAPSMAD_Nuclear_Localization/251219_YAPSMAD_Early_D14_Male_#3/tifs,/Volumes/D/YAPSMAD_Nuclear_Localization/251219_YAPSMAD_Early_D14_Male_#3/tifs,/Volumes/D/YAPSMAD_Nuclear_Localization/251219_YAPSMAD_Early_D14_Male_#3/tifs,1513,5.068207555523159,0.8792657655425584,0.19730841506485547,3.3144743928464035,3.0,41.33464572113007,18.161700014490634,15.623499030480161,0.0037067724508464198,0.027319660093278304,0.012003767359213902,0.010326172525102551,0.012660352455555305,0.005691768667743518,0.005898656220136002
10,16,LPATGFb_011_DAPI.1.1.tif,LPATGFb_011_W647.1.1.tif,LPATGFb_011_G488.1.1.tif,LPATGFb_011_R555.1.1.tif,/Volumes/D/YAPSMAD_Nuclear_Localization/251219_YAPSMAD_Early_D14_Male_#3/tifs,/Volumes/D/YAPSMAD_Nuclear_Localization/251219_YAPSMAD_Early_D14_Male_#3/tifs,/Volumes/D/YAPSMAD_Nuclear_Localization/251219_YAPSMAD_Early_D14_Male_#3/tifs,/Volumes/D/YAPSMAD_Nuclear_Localization/251219_YAPSMAD_Early_D14_Male_#3/tifs,2917,12.246147237449847,0.8377299395908392,0.08165833552465447,3.681255786508114,2.8284271247461903,37.83965854695998,24.355382942594588,17.56992465443909,0.002648986082854191,0.01297211468870757,0.008349462784571337,0.006023285791717206,0.0068649765202528626,0.0036728119372241457,0.004254271091590684
10,17,LPATGFb_011_DAPI.1.1.tif,LPATGFb_011_W647.1.1.tif,LPATGFb_011_G488.1.1.tif,LPATGFb_011_R555.1.1.tif,/Volumes/D/YAPSMAD_Nuclear_Localization/251219_YAPSMAD_Early_D14_Male_#3/tifs,/Volumes/D/YAPSMAD_Nuclear_Localization/251219_YAPSMAD_Early_D14_Male_#3/tifs,/Volumes/D/YAPSMAD_Nuclear_Localization/251219_YAPSMAD_Early_D14_Male_#3/tifs,/Volumes/D/YAPSMAD_Nuclear_Localization/251219_YAPSMAD_Early_D14_Male_#3/tifs,1243,5.900683382428069,0.7931549644128985,0.16947189591259015,2.8983930483151377,2.8284271247461903,19.433661492541432,9.944625150412321,7.661539721768349,0.003998624873800879,0.0156344822948845,0.0080005029367758,0.0061637487705296454,0.008398142218103673,0.002618842916457337,0.0031849113539461423
10,18,LPATGFb_011_DAPI.1.1.tif,LPATGFb_011_W647.1.1.tif,LPATGFb_011_G488.1.1.tif,LPATGFb_011_R555.1.1.tif,/Volumes/D/YAPSMAD_Nuclear_Localization/251219_YAPSMAD_Early_D14_Male_#3/tifs,/Volumes/D/YAPSMAD_Nuclear_Localization/251219_YAPSMAD_Early_D14_Male_#3/tifs,/Volumes/D/YAPSMAD_Nuclear_Localization/251219_YAPSMAD_Early_D14_Male_#3/tifs,/Volumes/D/YAPSMAD_Nuclear_Localization/251219_YAPSMAD_Early_D14_Male_#3/tifs,2023,3.58780377168929,0.5643094332936315,0.2787220438003937,4.705228405636294,4.0,51.65000390866771,24.73833853006363,24.31018554721959,0.003769596934583714,0.025531390958313253,0.01222854104303689,0.012016898441532175,0.011771829388013674,0.005860170627153676,0.006275481779163414
10,19,LPATGFb_011_DAPI.1.1.tif,LPATGFb_011_W647.1.1.tif,LPATGFb_011_G488.1.1.tif,LPATGFb_011_R555.1.1.tif,/Volumes/D/YAPSMAD_Nuclear_Localization/251219_YAPSMAD_Early_D14_Male_#3/tifs,/Volumes/D/YAPSMAD_Nuclear_Localization/251219_YAPSMAD_Early_D14_Male_#3/tifs,/Volumes/D/YAPSMAD_Nuclear_Localization/251219_YAPSMAD_Early_D14_Male_#3/tifs,/Volumes/D/YAPSMAD_Nuclear_Localization/251219_YAPSMAD_Early_D14_Male_#3/tifs,2008,4.539926195576503,0.8514239701164057,0.2202678979615031,4.616068339038129,4.0,26.628076823428273,14.573602114804089,12.572045632405207,0.003270689291954671,0.013260994433978223,0.007257769977492076,0.006260978900600202,0.00487577774352184,0.001693550819695121,0.0029508053521655315
10,20,LPATGFb_011_DAPI.1.1.tif,LPATGFb_011_W647.1.1.tif,LPATGFb_011_G488.1.1.tif,LPATGFb_011_R555.1.1.tif,/Volumes/D/YAPSMAD_Nuclear_Localization/251219_YAPSMAD_Early_D14_Male_#3/tifs,/Volumes/D/YAPSMAD_Nuclear_Localization/251219_YAPSMAD_Early_D14_Male_#3/tifs,/Volumes/D/YAPSMAD_Nuclear_Localization/251219_YAPSMAD_Early_D14_Male_#3/tifs,/Volumes/D/YAPSMAD_Nuclear_Localization/251219_YAPSMAD_Early_D14_Male_#3/tifs,1870,5.409603298602642,0.6972514570267476,0.18485643859658074,4.113309837092882,3.1622776601683795,34.42853454640135,22.460975273977965,12.859022042481229,0.003200534975808612,0.01841098104085634,0.012011216724052387,0.006876482375658411,0.008716692233894882,0.005790062825839881,0.004472591813318546
10,21,LPATGFb_011_DAPI.1.1.tif,LPATGFb_011_W647.1.1.tif,LPATGFb_011_G488.1.1.tif,LPATGFb_011_R555.1.1.tif,/Volumes/D/YAPSMAD_Nuclear_Localization/251219_YAPSMAD_Early_D14_Male_#3/tifs,/Volumes/D/YAPSMAD_Nuclear_Localization/251219_YAPSMAD_Early_D14_Male_#3/tifs,/Volumes/D/YAPSMAD_Nuclear_Localization/251219_YAPSMAD_Early_D14_Male_#3/tifs,/Volumes/D/YAPSMAD_Nuclear_Localization/251219_YAPSMAD_Early_D14_Male_#3/tifs,1814,4.783662261310245,0.9375152231861361,0.20904485838975181,4.03069567263892,3.1622776601683795,34.59772655693814,20.43537059845403,10.065323987742886,0.0031847109775035307,0.01907261662455245,0.011265364166733202,0.005548690180674138,0.010508908926553108,0.004754197381686235,0.002873788854598952
10,22,LPATGFb_011_DAPI.1.1.tif,LPATGFb_011_W647.1.1.tif,LPATGFb_011_G488.1.1.tif,LPATGFb_011_R555.1.1.tif,/Volumes/D/YAPSMAD_Nuclear_Localization/251219_YAPSMAD_Early_D14_Male_#3/tifs,/Volumes/D/YAPSMAD_Nuclear_Localization/251219_YAPSMAD_Early_D14_Male_#3/tifs,/Volumes/D/YAPSMAD_Nuclear_Localization/251219_YAPSMAD_Early_D14_Male_#3/tifs,/Volumes/D/YAPSMAD_Nuclear_Localization/251219_YAPSMAD_Early_D14_Male_#3/tifs,2315,5.718879988583245,0.7188782512704721,0.17485941338099892,4.001465873648915,3.605551275463989,36.78104855166748,33.77056558895856,18.9020372973755,0.0031240721766235503,0.015888141922966514,0.014587717317044734,0.008165026910313391,0.01279463556968307,0.011494707271268861,0.004309179822483563
10,23,LPATGFb_011_DAPI.1.1.tif,LPATGFb_011_W647.1.1.tif,LPATGFb_011_G488.1.1.tif,LPATGFb_011_R555.1.1.tif,/Volumes/D/YAPSMAD_Nuclear_Localization/251219_YAPSMAD_Early_D14_Male_#3/tifs,/Volumes/D/YAPSMAD_Nuclear_Localization/251219_YAPSMAD_Early_D14_Male_#3/tifs,/Volumes/D/YAPSMAD_Nuclear_Localization/251219_YAPSMAD_Early_D14_Male_#3/tifs,/Volumes/D/YAPSMAD_Nuclear_Localization/251219_YAPSMAD_Early_D14_Male_#3/tifs,2872,9.559158255166682,0.5395078371685931,0.10461172137824001,4.140563147894894,3.1622776601683795,55.14241273049265,38.8296333248727,25.752483614254743,0.0025460198796438548,0.019200004432622788,0.013520067313674338,0.008966742205520453,0.010144003026147342,0.009336933666697498,0.007456420383467703
10,24,LPATGFb_011_DAPI.1.1.tif,LPATGFb_011_W647.1.1.tif,LPATGFb_011_G488.1.1.tif,LPATGFb_011_R555.1.1.tif,/Volumes/D/YAPSMAD_Nuclear_Localization/251219_YAPSMAD_Early_D14_Male_#3/tifs,/Volumes/D/YAPSMAD_Nuclear_Localization/251219_YAPSMAD_Early_D14_Male_#3/tifs,/Volumes/D/YAPSMAD_Nuclear_Localization/251219_YAPSMAD_Early_D14_Male_#3/tifs,/Volumes/D/YAPSMAD_Nuclear_Localization/251219_YAPSMAD_Early_D14_Male_#3/tifs,2528,13.130552239181286,0.7317121451213559,0.07615825913368833,3.1888781410581912,2.8284271247461903,34.66356934863143,23.325429380172864,15.504982258658856,0.002421705776536719,0.013711854963857368,0.009226831242156987,0.006133299944089737,0.010533450844035614,0.007634361812866395,0.004039880484107245
10,25,LPATGFb_011_DAPI.1.1.tif,LPATGFb_011_W647.1.1.tif,LPATGFb_011_G488.1.1.tif,LPATGFb_011_R555.1.1.tif,/Volumes/D/YAPSMAD_Nuclear_Localization/251219_YAPSMAD_Early_D14_Male_#3/tifs,/Volumes/D/YAPSMAD_Nuclear_Localization/251219_YAPSMAD_Early_D14_Male_#3/tifs,/Volumes/D/YAPSMAD_Nuclear_Localization/251219_YAPSMAD_Early_D14_Male_#3/tifs,/Volumes/D/YAPSMAD_Nuclear_Localization/251219_YAPSMAD_Early_D14_Male_#3/tifs,1662,6.4263836156493275,0.8509175108021496,0.1556085132491673,3.8690961027434714,3.0,26.714366525178775,17.30501278117299,13.794415313517675,0.002930466703051829,0.01607362606809794,0.010412161721524062,0.00829988887696611,0.008490408299825978,0.0051286256369620226,0.005565259851729081
10,26,LPATGFb_011_DAPI.1.1.tif,LPATGFb_011_W647.1.1.tif,LPATGFb_011_G488.1.1.tif,LPATGFb_011_R555.1.1.tif,/Volumes/D/YAPSMAD_Nuclear_Localization/251219_YAPSMAD_Early_D14_Male_#3/tifs,/Volumes/D/YAPSMAD_Nuclear_Localization/251219_YAPSMAD_Early_D14_Male_#3/tifs,/Volumes/D/YAPSMAD_Nuclear_Localization/251219_YAPSMAD_Early_D14_Male_#3/tifs,/Volumes/D/YAPSMAD_Nuclear_Localization/251219_YAPSMAD_Early_D14_Male_#3/tifs,2989,6.289166717015199,0.6663495671362837,0.15900357630757705,4.590011595826896,4.0,45.57137438072823,44.22523873578757,16.65136209735647,0.002525207320260624,0.015246361452234269,0.014795998238804807,0.0055708805946324755,0.0097189040313992,0.008491298459534188,0.0029932035915089935
10,27,LPATGFb_011_DAPI.1.1.tif,LPATGFb_011_W647.1.1.tif,LPATGFb_011_G488.1.1.tif,LPATGFb_011_R555.1.1.tif,/Volumes/D/YAPSMAD_Nuclear_Localization/251219_YAPSMAD_Early_D14_Male_#3/tifs,/Volumes/D/YAPSMAD_Nuclear_Localization/251219_YAPSMAD_Early_D14_Male_#3/tifs,/Volumes/D/YAPSMAD_Nuclear_Localization/251219_YAPSMAD_Early_D14_Male_#3/tifs,/Volumes/D/YAPSMAD_Nuclear_Localization/251219_YAPSMAD_Early_D14_Male_#3/tifs,2973,8.154250120035668,0.5530368872769112,0.12263543370381996,4.178626261448538,3.605551275463989,29.28592385398224,31.19238609680906,20.121828272473067,0.0025643882164847528,0.009850630290609567,0.010491889033571834,0.006768189799015495,0.006757049345593014,0.00552875013584648,0.0037957818001875926
10,28,LPATGFb_011_DAPI.1.1.tif,LPATGFb_011_W647.1.1.tif,LPATGFb_011_G488.1.1.tif,LPATGFb_011_R555.1.1.tif,/Volumes/D/YAPSMAD_Nuclear_Localization/251219_YAPSMAD_Early_D14_Male_#3/tifs,/Volumes/D/YAPSMAD_Nuclear_Localization/251219_YAPSMAD_Early_D14_Male_#3/tifs,/Volumes/D/YAPSMAD_Nuclear_Localization/251219_YAPSMAD_Early_D14_Male_#3/tifs,/Volumes/D/YAPSMAD_Nuclear_Localization/251219_YAPSMAD_Early_D14_Male_#3/tifs,6268,9.069544225360028,0.6329051217428083,0.1102591238492256,5.672760999626725,5.0,48.37709679477848,60.98617606330663,28.136644886108115,0.002535312785655581,0.007718107338031028,0.009729766442773872,0.004488935048836649,0.004718392531860993,0.003799928708221561,0.002108100659126549
10,29,LPATGFb_011_DAPI.1.1.tif,LPATGFb_011_W647.1.1.tif,LPATGFb_011_G488.1.1.tif,LPATGFb_011_R555.1.1.tif,/Volumes/D/YAPSMAD_Nuclear_Localization/251219_YAPSMAD_Early_D14_Male_#3/tifs,/Volumes/D/YAPSMAD_Nuclear_Localization/251219_YAPSMAD_Early_D14_Male_#3/tifs,/Volumes/D/YAPSMAD_Nuclear_Localization/251219_YAPSMAD_Early_D14_Male_#3/tifs,/Volumes/D/YAPSMAD_Nuclear_Localization/251219_YAPSMAD_Early_D14_Male_#3/tifs,2647,9.32737321388081,0.9143679493110881,0.10721132060115489,3.6066455561621558,3.0,21.15280412044376,28.524330822750926,13.68793788854964,0.0025985993311747847,0.007991236917432474,0.010776097779656565,0.0051711136715336765,0.003970311502459054,0.004541010604348546,0.0029534654404480176
10,30,LPATGFb_011_DAPI.1.1.tif,LPATGFb_011_W647.1.1.tif,LPATGFb_011_G488.1.1.tif,LPATGFb_011_R555.1.1.tif,/Volumes/D/YAPSMAD_Nuclear_Localization/251219_YAPSMAD_Early_D14_Male_#3/tifs,/Volumes/D/YAPSMAD_Nuclear_Localization/251219_YAPSMAD_Early_D14_Male_#3/tifs,/Volumes/D/YAPSMAD_Nuclear_Localization/251219_YAPSMAD_Early_D14_Male_#3/tifs,/Volumes/D/YAPSMAD_Nuclear_Localization/251219_YAPSMAD_Early_D14_Male_#3/tifs,2084,4.751215207090196,0.815628259107951,0.2104724699709895,4.3002907037286615,3.605551275463989,37.02609313419089,30.335271439049393,18.754787679295987,0.0032001478573389624,0.01776683931583056,0.014556272283612953,0.008999418272214964,0.007995020012381683,0.007996507071948376,0.0050824715066958735
10,31,LPATGFb_011_DAPI.1.1.tif,LPATGFb_011_W647.1.1.tif,LPATGFb_011_G488.1.1.tif,LPATGFb_011_R555.1.1.tif,/Volumes/D/YAPSMAD_Nuclear_Localization/251219_YAPSMAD_Early_D14_Male_#3/tifs,/Volumes/D/YAPSMAD_Nuclear_Localization/251219_YAPSMAD_Early_D14_Male_#3/tifs,/Volumes/D/YAPSMAD_Nuclear_Localization/251219_YAPSMAD_Early_D14_Male_#3/tifs,/Volumes/D/YAPSMAD_Nuclear_Localization/251219_YAPSMAD_Early_D14_Male_#3/tifs,4159,16.578685189741652,0.8863279329545182,0.06031841418997252,3.5880014102073314,2.8284271247461903,54.71088772616349,95.70408209366724,29.589273238088936,0.0023824730203904606,0.01315481791925066,0.023011320532259495,0.007114516287109626,0.009716171775710998,0.014703857837176917,0.0042435250391445025
10,32,LPATGFb_011_DAPI.1.1.tif,LPATGFb_011_W647.1.1.tif,LPATGFb_011_G488.1.1.tif,LPATGFb_011_R555.1.1.tif,/Volumes/D/YAPSMAD_Nuclear_Localization/251219_YAPSMAD_Early_D14_Male_#3/tifs,/Volumes/D/YAPSMAD_Nuclear_Localization/251219_YAPSMAD_Early_D14_Male_#3/tifs,/Volumes/D/YAPSMAD_Nuclear_Localization/251219_YAPSMAD_Early_D14_Male_#3/tifs,/Volumes/D/YAPSMAD_Nuclear_Localization/251219_YAPSMAD_Early_D14_Male_#3/tifs,803,5.204475145534755,0.671770155678691,0.1921423336718137,2.4970090985568474,2.23606797749979,6.689646846149117,16.44628069549799,6.504463317571208,0.0045730889740644735,0.008330817990223059,0.020481046943334982,0.008100203384272987,0.003349229869070716,0.011397155335623197,0.004967699992266311
10,33,LPATGFb_011_DAPI.1.1.tif,LPATGFb_011_W647.1.1.tif,LPATGFb_011_G488.1.1.tif,LPATGFb_011_R555.1.1.tif,/Volumes/D/YAPSMAD_Nuclear_Localization/251219_YAPSMAD_Early_D14_Male_#3/tifs,/Volumes/D/YAPSMAD_Nuclear_Localization/251219_YAPSMAD_Early_D14_Male_#3/tifs,/Volumes/D/YAPSMAD_Nuclear_Localization/251219_YAPSMAD_Early_D14_Male_#3/tifs,/Volumes/D/YAPSMAD_Nuclear_Localization/251219_YAPSMAD_Early_D14_Male_#3/tifs,858,5.065191500883852,0.9305056515671977,0.19742590182928024,2.729781111903792,2.23606797749979,11.210483053931966,13.391577122267336,7.777584561612457,0.004895087145920192,0.013065831065188773,0.015607898743901323,0.00906478387134319,0.007870713817834484,0.010382851295992951,0.007727157683416455
10,34,LPATGFb_011_DAPI.1.1.tif,LPATGFb_011_W647.1.1.tif,LPATGFb_011_G488.1.1.tif,LPATGFb_011_R555.1.1.tif,/Volumes/D/YAPSMAD_Nuclear_Localization/251219_YAPSMAD_Early_D14_Male_#3/tifs,/Volumes/D/YAPSMAD_Nuclear_Localization/251219_YAPSMAD_Early_D14_Male_#3/tifs,/Volumes/D/YAPSMAD_Nuclear_Localization/251219_YAPSMAD_Early_D14_Male_#3/tifs,/Volumes/D/YAPSMAD_Nuclear_Localization/251219_YAPSMAD_Early_D14_Male_#3/tifs,2543,4.789188071362857,0.9023428336323867,0.2088036604742128,4.920283880047221,4.123105625617661,29.061814542626962,34.12602448835969,15.83668281370774,0.0026402308305669055,0.011428161440278002,0.013419592799197676,0.006227559108811538,0.007591306171074634,0.010759720961331883,0.005377941326022985
10,35,LPATGFb_011_DAPI.1.1.tif,LPATGFb_011_W647.1.1.tif,LPATGFb_011_G488.1.1.tif,LPATGFb_011_R555.1.1.tif,/Volumes/D/YAPSMAD_Nuclear_Localization/251219_YAPSMAD_Early_D14_Male_#3/tifs,/Volumes/D/YAPSMAD_Nuclear_Localization/251219_YAPSMAD_Early_D14_Male_#3/tifs,/Volumes/D/YAPSMAD_Nuclear_Localization/251219_YAPSMAD_Early_D14_Male_#3/tifs,/Volumes/D/YAPSMAD_Nuclear_Localization/251219_YAPSMAD_Early_D14_Male_#3/tifs,2568,5.439724995037193,0.8590439343270602,0.1838328225989966,4.405872499305442,4.0,42.36052518314682,39.98649606946856,17.802533250534907,0.0028539065256565402,0.016495531613374928,0.015571065447612368,0.006932450642731662,0.009514616103525456,0.00804533665905732,0.003344634464848485
10,36,LPATGFb_011_DAPI.1.1.tif,LPATGFb_011_W647.1.1.tif,LPATGFb_011_G488.1.1.tif,LPATGFb_011_R555.1.1.tif,/Volumes/D/YAPSMAD_Nuclear_Localization/251219_YAPSMAD_Early_D14_Male_#3/tifs,/Volumes/D/YAPSMAD_Nuclear_Localization/251219_YAPSMAD_Early_D14_Male_#3/tifs,/Volumes/D/YAPSMAD_Nuclear_Localization/251219_YAPSMAD_Early_D14_Male_#3/tifs,/Volumes/D/YAPSMAD_Nuclear_Localization/251219_YAPSMAD_Early_D14_Male_#3/tifs,1410,7.128302481768806,0.861644456086862,0.14028585382811387,2.967902524998847,2.8284271247461903,18.886076270136982,26.29384310077876,15.589898647740483,0.003749650332363362,0.013394380333430484,0.018648115674311176,0.011056665707617364,0.010323859678080931,0.012216263976066413,0.008621761408389909
10,37,LPATGFb_011_DAPI.1.1.tif,LPATGFb_011_W647.1.1.tif,LPATGFb_011_G488.1.1.tif,LPATGFb_011_R555.1.1.tif,/Volumes/D/YAPSMAD_Nuclear_Localization/251219_YAPSMAD_Early_D14_Male_#3/tifs,/Volumes/D/YAPSMAD_Nuclear_Localization/251219_YAPSMAD_Early_D14_Male_#3/tifs,/Volumes/D/YAPSMAD_Nuclear_Localization/251219_YAPSMAD_Early_D14_Male_#3/tifs,/Volumes/D/YAPSMAD_Nuclear_Localization/251219_YAPSMAD_Early_D14_Male_#3/tifs,5473,8.743577790378575,0.8147589520765735,0.11436965781906795,5.3700545407148965,4.47213595499958,59.99594169668853,69.11380236689001,23.202319509349763,0.0023669020860972727,0.01096216731165513,0.012628138565117854,0.004239415221880096,0.006623836798831321,0.006395327927223243,0.0028151464073252184
10,38,LPATGFb_011_DAPI.1.1.tif,LPATGFb_011_W647.1.1.tif,LPATGFb_011_G488.1.1.tif,LPATGFb_011_R555.1.1.tif,/Volumes/D/YAPSMAD_Nuclear_Localization/251219_YAPSMAD_Early_D14_Male_#3/tifs,/Volumes/D/YAPSMAD_Nuclear_Localization/251219_YAPSMAD_Early_D14_Male_#3/tifs,/Volumes/D/YAPSMAD_Nuclear_Localization/251219_YAPSMAD_Early_D14_Male_#3/tifs,/Volumes/D/YAPSMAD_Nuclear_Localization/251219_YAPSMAD_Early_D14_Male_#3/tifs,2602,12.368808066298934,0.7631538795044889,0.08084853404142327,3.335743867532764,2.8284271247461903,31.848874896997586,47.845350100658834,21.54094782541506,0.003051980318330503,0.012240151766716981,0.018387913182420765,0.008278611769951982,0.009013715947067024,0.006938954791820392,0.00424101572259712
10,39,LPATGFb_011_DAPI.1.1.tif,LPATGFb_011_W647.1.1.tif,LPATGFb_011_G488.1.1.tif,LPATGFb_011_R555.1.1.tif,/Volumes/D/YAPSMAD_Nuclear_Localization/251219_YAPSMAD_Early_D14_Male_#3/tifs,/Volumes/D/YAPSMAD_Nuclear_Localization/251219_YAPSMAD_Early_D14_Male_#3/tifs,/Volumes/D/YAPSMAD_Nuclear_Localization/251219_YAPSMAD_Early_D14_Male_#3/tifs,/Volumes/D/YAPSMAD_Nuclear_Localization/251219_YAPSMAD_Early_D14_Male_#3/tifs,6076,7.669382814285704,0.9535000087790937,0.1303885885233564,6.056044441356811,5.0,65.47000902169384,61.410254773218185,35.59859665716067,0.0031109996592712423,0.01077518252496607,0.010107020206257108,0.005858886875767062,0.006813508987366403,0.00430843194611072,0.0032255458125570917
10,40,LPATGFb_011_DAPI.1.1.tif,LPATGFb_011_W647.1.1.tif,LPATGFb_011_G488.1.1.tif,LPATGFb_011_R555.1.1.tif,/Volumes/D/YAPSMAD_Nuclear_Localization/251219_YAPSMAD_Early_D14_Male_#3/tifs,/Volumes/D/YAPSMAD_Nuclear_Localization/251219_YAPSMAD_Early_D14_Male_#3/tifs,/Volumes/D/YAPSMAD_Nuclear_Localization/251219_YAPSMAD_Early_D14_Male_#3/tifs,/Volumes/D/YAPSMAD_Nuclear_Localization/251219_YAPSMAD_Early_D14_Male_#3/tifs,4427,5.065383522472531,0.9025178340413621,0.19741841769009366,5.712969566450562,5.0,63.81548832729459,59.19101296644658,23.508858127286658,0.002242128350699385,0.014415063999840657,0.013370456961022494,0.005310336148020478,0.00993765260261231,0.006438052362344192,0.0030331812102373746
10,41,LPATGFb_011_DAPI.1.1.tif,LPATGFb_011_W647.1.1.tif,LPATGFb_011_G488.1.1.tif,LPATGFb_011_R555.1.1.tif,/Volumes/D/YAPSMAD_Nuclear_Localization/251219_YAPSMAD_Early_D14_Male_#3/tifs,/Volumes/D/YAPSMAD_Nuclear_Localization/251219_YAPSMAD_Early_D14_Male_#3/tifs,/Volumes/D/YAPSMAD_Nuclear_Localization/251219_YAPSMAD_Early_D14_Male_#3/tifs,/Volumes/D/YAPSMAD_Nuclear_Localization/251219_YAPSMAD_Early_D14_Male_#3/tifs,2639,5.296221975308655,0.860750192848992,0.18881383836668245,4.537903733127795,4.0,23.60024441080168,31.381170654669404,13.757000308483839,0.0027330128303804874,0.008942873971504993,0.011891311350765215,0.005212959571232982,0.004924330779771186,0.003875061937785,0.001918290892563539
10,42,LPATGFb_011_DAPI.1.1.tif,LPATGFb_011_W647.1.1.tif,LPATGFb_011_G488.1.1.tif,LPATGFb_011_R555.1.1.tif,/Volumes/D/YAPSMAD_Nuclear_Localization/251219_YAPSMAD_Early_D14_Male_#3/tifs,/Volumes/D/YAPSMAD_Nuclear_Localization/251219_YAPSMAD_Early_D14_Male_#3/tifs,/Volumes/D/YAPSMAD_Nuclear_Localization/251219_YAPSMAD_Early_D14_Male_#3/tifs,/Volumes/D/YAPSMAD_Nuclear_Localization/251219_YAPSMAD_Early_D14_Male_#3/tifs,5155,6.638574134940464,0.8510854778032262,0.15063475675247062,6.9765358453610204,5.830951894845301,47.98353605810553,57.617670530453324,25.013046762207523,0.00195522683647314,0.00930815442446276,0.011177045689709664,0.0048521914184689666,0.005779337113852682,0.00507848445526712,0.0024674003141910428
10,43,LPATGFb_011_DAPI.1.1.tif,LPATGFb_011_W647.1.1.tif,LPATGFb_011_G488.1.1.tif,LPATGFb_011_R555.1.1.tif,/Volumes/D/YAPSMAD_Nuclear_Localization/251219_YAPSMAD_Early_D14_Male_#3/tifs,/Volumes/D/YAPSMAD_Nuclear_Localization/251219_YAPSMAD_Early_D14_Male_#3/tifs,/Volumes/D/YAPSMAD_Nuclear_Localization/251219_YAPSMAD_Early_D14_Male_#3/tifs,/Volumes/D/YAPSMAD_Nuclear_Localization/251219_YAPSMAD_Early_D14_Male_#3/tifs,491,3.1212976088013122,0.6106564922547993,0.32037957456547533,2.7315685736159283,2.23606797749979,4.392202701186761,5.283680527471006,3.7420005125459284,0.004673052189374711,0.008945423016673648,0.01076106013741549,0.007621182306610852,0.0036317836249427035,0.0059419957729599775,0.0023471862935600008
10,44,LPATGFb_011_DAPI.1.1.tif,LPATGFb_011_W647.1.1.tif,LPATGFb_011_G488.1.1.tif,LPATGFb_011_R555.1.1.tif,/Volumes/D/YAPSMAD_Nuclear_Localization/251219_YAPSMAD_Early_D14_Male_#3/tifs,/Volumes/D/YAPSMAD_Nuclear_Localization/251219_YAPSMAD_Early_D14_Male_#3/tifs,/Volumes/D/YAPSMAD_Nuclear_Localization/251219_YAPSMAD_Early_D14_Male_#3/tifs,/Volumes/D/YAPSMAD_Nuclear_Localization/251219_YAPSMAD_Early_D14_Male_#3/tifs,1670,5.151734614118138,0.84344217706366,0.19410937769572545,3.3795733901513034,3.0,34.89306487725116,41.49111177492887,18.166170832468197,0.0032910786475707403,0.020894050824701294,0.02484497711073585,0.01087794660626838,0.013444073009231127,0.01405009089870538,0.006973330399433049
10,45,LPATGFb_011_DAPI.1.1.tif,LPATGFb_011_W647.1.1.tif,LPATGFb_011_G488.1.1.tif,LPATGFb_011_R555.1.1.tif,/Volumes/D/YAPSMAD_Nuclear_Localization/251219_YAPSMAD_Early_D14_Male_#3/tifs,/Volumes/D/YAPSMAD_Nuclear_Localization/251219_YAPSMAD_Early_D14_Male_#3/tifs,/Volumes/D/YAPSMAD_Nuclear_Localization/251219_YAPSMAD_Early_D14_Male_#3/tifs,/Volumes/D/YAPSMAD_Nuclear_Localization/251219_YAPSMAD_Early_D14_Male_#3/tifs,807,7.2955451515764915,0.8632755952156559,0.13706994874590153,2.7256186008638084,2.23606797749979,6.934828802011907,16.740459338296205,5.4310369153972715,0.003884640676367571,0.008593344240411286,0.02074406361622826,0.0067299094366756775,0.005327753460381198,0.014454221591660496,0.0031948566902876077
10,46,LPATGFb_011_DAPI.1.1.tif,LPATGFb_011_W647.1.1.tif,LPATGFb_011_G488.1.1.tif,LPATGFb_011_R555.1.1.tif,/Volumes/D/YAPSMAD_Nuclear_Localization/251219_YAPSMAD_Early_D14_Male_#3/tifs,/Volumes/D/YAPSMAD_Nuclear_Localization/251219_YAPSMAD_Early_D14_Male_#3/tifs,/Volumes/D/YAPSMAD_Nuclear_Localization/251219_YAPSMAD_Early_D14_Male_#3/tifs,/Volumes/D/YAPSMAD_Nuclear_Localization/251219_YAPSMAD_Early_D14_Male_#3/tifs,945,9.71126052941594,0.90030870675096,0.10297324399556013,2.384401835788837,2.0,6.868513107998297,7.009460701141506,2.5081559573300183,0.00436035030097676,0.007268267839151636,0.007417418731366673,0.0026541332881799135,0.003295844594457888,0.0013652078082516208,0.0007211123151734714
10,47,LPATGFb_011_DAPI.1.1.tif,LPATGFb_011_W647.1.1.tif,LPATGFb_011_G488.1.1.tif,LPATGFb_011_R555.1.1.tif,/Volumes/D/YAPSMAD_Nuclear_Localization/251219_YAPSMAD_Early_D14_Male_#3/tifs,/Volumes/D/YAPSMAD_Nuclear_Localization/251219_YAPSMAD_Early_D14_Male_#3/tifs,/Volumes/D/YAPSMAD_Nuclear_Localization/251219_YAPSMAD_Early_D14_Male_#3/tifs,/Volumes/D/YAPSMAD_Nuclear_Localization/251219_YAPSMAD_Early_D14_Male_#3/tifs,2207,11.72639423359983,0.6447097617475906,0.08527770600912286,3.317126368961156,2.8284271247461903,44.52077538380399,57.76554528903216,19.6482491849456,0.0024081391570806893,0.020172530758406883,0.026173785812882717,0.008902695598072314,0.01465085363470426,0.01647394081422395,0.006629699291422528
10,48,LPATGFb_011_DAPI.1.1.tif,LPATGFb_011_W647.1.1.tif,LPATGFb_011_G488.1.1.tif,LPATGFb_011_R555.1.1.tif,/Volumes/D/YAPSMAD_Nuclear_Localization/251219_YAPSMAD_Early_D14_Male_#3/tifs,/Volumes/D/YAPSMAD_Nuclear_Localization/251219_YAPSMAD_Early_D14_Male_#3/tifs,/Volumes/D/YAPSMAD_Nuclear_Localization/251219_YAPSMAD_Early_D14_Male_#3/tifs,/Volumes/D/YAPSMAD_Nuclear_Localization/251219_YAPSMAD_Early_D14_Male_#3/tifs,5643,9.16002529945395,0.9177682743181658,0.10917000415485886,5.217502150923428,4.47213595499958,52.70289212069474,72.26530915684998,25.79200442857109,0.0017498688322255772,0.009339516590589179,0.012806186276244901,0.004570619250145506,0.0061937271930505465,0.009936576014742257,0.0036587012911454115
10,49,LPATGFb_011_DAPI.1.1.tif,LPATGFb_011_W647.1.1.tif,LPATGFb_011_G488.1.1.tif,LPATGFb_011_R555.1.1.tif,/Volumes/D/YAPSMAD_Nuclear_Localization/251219_YAPSMAD_Early_D14_Male_#3/tifs,/Volumes/D/YAPSMAD_Nuclear_Localization/251219_YAPSMAD_Early_D14_Male_#3/tifs,/Volumes/D/YAPSMAD_Nuclear_Localization/251219_YAPSMAD_Early_D14_Male_#3/tifs,/Volumes/D/YAPSMAD_Nuclear_Localization/251219_YAPSMAD_Early_D14_Male_#3/tifs,62,4.933803235848756,0.6557608566607572,0.2026833970057931,1.0,1.0,0.12004272523336112,1.531822694465518,0.6440680604428053,0.019382895601372564,0.0019361729876348568,0.024706817652669646,0.010388194523271053,0.0004005790197483358,0.0034957559668486807,0.001222305433031286
10,50,LPATGFb_011_DAPI.1.1.tif,LPATGFb_011_W647.1.1.tif,LPATGFb_011_G488.1.1.tif,LPATGFb_011_R555.1.1.tif,/Volumes/D/YAPSMAD_Nuclear_Localization/251219_YAPSMAD_Early_D14_Male_#3/tifs,/Volumes/D/YAPSMAD_Nuclear_Localization/251219_YAPSMAD_Early_D14_Male_#3/tifs,/Volumes/D/YAPSMAD_Nuclear_Localization/251219_YAPSMAD_Early_D14_Male_#3/tifs,/Volumes/D/YAPSMAD_Nuclear_Localization/251219_YAPSMAD_Early_D14_Male_#3/tifs,1234,13.506639799481587,0.929403733305926,0.0740376596137836,2.6349065299263708,2.0,10.770046652760357,14.698817561613396,6.239993951516226,0.003132835494518896,0.008727752554911148,0.011911521524808262,0.005056721192476682,0.005470062873999098,0.010788068910105954,0.0044659008001131815
10,51,LPATGFb_011_DAPI.1.1.tif,LPATGFb_011_W647.1.1.tif,LPATGFb_011_G488.1.1.tif,LPATGFb_011_R555.1.1.tif,/Volumes/D/YAPSMAD_Nuclear_Localization/251219_YAPSMAD_Early_D14_Male_#3/tifs,/Volumes/D/YAPSMAD_Nuclear_Localization/251219_YAPSMAD_Early_D14_Male_#3/tifs,/Volumes/D/YAPSMAD_Nuclear_Localization/251219_YAPSMAD_Early_D14_Male_#3/tifs,/Volumes/D/YAPSMAD_Nuclear_Localization/251219_YAPSMAD_Early_D14_Male_#3/tifs,2102,10.107065224426034,0.6497083595162209,0.0989406892896339,3.278206142772108,2.8284271247461903,30.527474074391648,51.47833998128772,19.3805296595674,0.003011319342691391,0.014523060929777188,0.024490171256559334,0.00922004265440885,0.01047458806242249,0.016792000367448084,0.006913642426614609
10,52,LPATGFb_011_DAPI.1.1.tif,LPATGFb_011_W647.1.1.tif,LPATGFb_011_G488.1.1.tif,LPATGFb_011_R555.1.1.tif,/Volumes/D/YAPSMAD_Nuclear_Localization/251219_YAPSMAD_Early_D14_Male_#3/tifs,/Volumes/D/YAPSMAD_Nuclear_Localization/251219_YAPSMAD_Early_D14_Male_#3/tifs,/Volumes/D/YAPSMAD_Nuclear_Localization/251219_YAPSMAD_Early_D14_Male_#3/tifs,/Volumes/D/YAPSMAD_Nuclear_Localization/251219_YAPSMAD_Early_D14_Male_#3/tifs,2035,4.799243807300872,0.6823373076446007,0.20836615936842912,4.0880045190994965,3.605551275463989,23.407873867545277,42.60817897133529,28.72729094699025,0.0033029746450712627,0.01150264072115247,0.020937680084194246,0.014116604887955898,0.0067427960657214245,0.012023527305085446,0.009578193578588374
10,53,LPATGFb_011_DAPI.1.1.tif,LPATGFb_011_W647.1.1.tif,LPATGFb_011_G488.1.1.tif,LPATGFb_011_R555.1.1.tif,/Volumes/D/YAPSMAD_Nuclear_Localization/251219_YAPSMAD_Early_D14_Male_#3/tifs,/Volumes/D/YAPSMAD_Nuclear_Localization/251219_YAPSMAD_Early_D14_Male_#3/tifs,/Volumes/D/YAPSMAD_Nuclear_Localization/251219_YAPSMAD_Early_D14_Male_#3/tifs,/Volumes/D/YAPSMAD_Nuclear_Localization/251219_YAPSMAD_Early_D14_Male_#3/tifs,4060,10.124043098046503,0.9128642669327438,0.09877476718693111,4.585317547039432,3.605551275463989,46.54122271225788,82.71006368193775,39.18529068585485,0.002087152321717422,0.011463355347846768,0.020371936867472355,0.00965154943001351,0.0063134655364675,0.012349679258753058,0.006624898911749023
10,54,LPATGFb_011_DAPI.1.1.tif,LPATGFb_011_W647.1.1.tif,LPATGFb_011_G488.1.1.tif,LPATGFb_011_R555.1.1.tif,/Volumes/D/YAPSMAD_Nuclear_Localization/251219_YAPSMAD_Early_D14_Male_#3/tifs,/Volumes/D/YAPSMAD_Nuclear_Localization/251219_YAPSMAD_Early_D14_Male_#3/tifs,/Volumes/D/YAPSMAD_Nuclear_Localization/251219_YAPSMAD_Early_D14_Male_#3/tifs,/Volumes/D/YAPSMAD_Nuclear_Localization/251219_YAPSMAD_Early_D14_Male_#3/tifs,404,8.36941960586765,0.6043984551204297,0.11948259820775602,1.6859166021669187,1.4142135623730951,2.0469215265475214,4.995727516012266,1.7899290721397847,0.004693244578717922,0.00506663744194931,0.012365662168347193,0.004430517505296497,0.0017217980335467648,0.007071621455441799,0.002113153056877922
10,55,LPATGFb_011_DAPI.1.1.tif,LPATGFb_011_W647.1.1.tif,LPATGFb_011_G488.1.1.tif,LPATGFb_011_R555.1.1.tif,/Volumes/D/YAPSMAD_Nuclear_Localization/251219_YAPSMAD_Early_D14_Male_#3/tifs,/Volumes/D/YAPSMAD_Nuclear_Localization/251219_YAPSMAD_Early_D14_Male_#3/tifs,/Volumes/D/YAPSMAD_Nuclear_Localization/251219_YAPSMAD_Early_D14_Male_#3/tifs,/Volumes/D/YAPSMAD_Nuclear_Localization/251219_YAPSMAD_Early_D14_Male_#3/tifs,926,7.570194668029789,0.8994630913744455,0.13209699933122843,2.461531272673039,2.0,12.286198290297762,23.551323756109923,11.242710084887221,0.0037758664047490348,0.013268032710904711,0.025433394984999916,0.012141155599230262,0.008289738344077887,0.014572025195607574,0.008867519024310348
10,56,LPATGFb_011_DAPI.1.1.tif,LPATGFb_011_W647.1.1.tif,LPATGFb_011_G488.1.1.tif,LPATGFb_011_R555.1.1.tif,/Volumes/D/YAPSMAD_Nuclear_Localization/251219_YAPSMAD_Early_D14_Male_#3/tifs,/Volumes/D/YAPSMAD_Nuclear_Localization/251219_YAPSMAD_Early_D14_Male_#3/tifs,/Volumes/D/YAPSMAD_Nuclear_Localization/251219_YAPSMAD_Early_D14_Male_#3/tifs,/Volumes/D/YAPSMAD_Nuclear_Localization/251219_YAPSMAD_Early_D14_Male_#3/tifs,2139,7.846350768277499,0.7722223272446124,0.12744778171821766,3.176978620319097,3.0,27.45412397873588,46.31868476048112,16.50380729138851,0.0032643535083648322,0.012835027573041552,0.02165436407689627,0.007715664932860454,0.008022625540055983,0.01631939186135859,0.005242569407030711
10,57,LPATGFb_011_DAPI.1.1.tif,LPATGFb_011_W647.1.1.tif,LPATGFb_011_G488.1.1.tif,LPATGFb_011_R555.1.1.tif,/Volumes/D/YAPSMAD_Nuclear_Localization/251219_YAPSMAD_Early_D14_Male_#3/tifs,/Volumes/D/YAPSMAD_Nuclear_Localization/251219_YAPSMAD_Early_D14_Male_#3/tifs,/Volumes/D/YAPSMAD_Nuclear_Localization/251219_YAPSMAD_Early_D14_Male_#3/tifs,/Volumes/D/YAPSMAD_Nuclear_Localization/251219_YAPSMAD_Early_D14_Male_#3/tifs,6923,17.42941269482028,0.8720011926828127,0.057374279759706576,5.586841267400047,4.123105625617661,51.90437243040651,86.82850458449684,30.032089985208586,0.0014564596494156925,0.007497381544186987,0.012542034462588017,0.004338016753605169,0.004306357806972386,0.007484618097176328,0.00406555984902622
11,1,LPA_012_DAPI.1.tif,LPA_012_W647.1.tif,LPA_012_G488.1.tif,LPA_012_R555.1.tif,/Volumes/D/YAPSMAD_Nuclear_Localization/251219_YAPSMAD_Early_D14_Male_#3/tifs,/Volumes/D/YAPSMAD_Nuclear_Localization/251219_YAPSMAD_Early_D14_Male_#3/tifs,/Volumes/D/YAPSMAD_Nuclear_Localization/251219_YAPSMAD_Early_D14_Male_#3/tifs,/Volumes/D/YAPSMAD_Nuclear_Localization/251219_YAPSMAD_Early_D14_Male_#3/tifs,1467,7.425250869890224,0.6781962403198704,0.13467558437049604,3.3258520966230236,2.8284271247461903,13.721843441016972,33.21644931891933,13.428946465952322,0.0034069121039479503,0.00935367651057735,0.022642433073564644,0.009154019404193811,0.0046517737950496595,0.016514897743424493,0.0057807770165081976
11,2,LPA_012_DAPI.1.tif,LPA_012_W647.1.tif,LPA_012_G488.1.tif,LPA_012_R555.1.tif,/Volumes/D/YAPSMAD_Nuclear_Localization/251219_YAPSMAD_Early_D14_Male_#3/tifs,/Volumes/D/YAPSMAD_Nuclear_Localization/251219_YAPSMAD_Early_D14_Male_#3/tifs,/Volumes/D/YAPSMAD_Nuclear_Localization/251219_YAPSMAD_Early_D14_Male_#3/tifs,/Volumes/D/YAPSMAD_Nuclear_Localization/251219_YAPSMAD_Early_D14_Male_#3/tifs,1596,6.892941439931854,0.5330453787711099,0.14507594598248702,3.236509260228768,2.8284271247461903,17.86071580532007,17.268665700452402,14.845716149313375,0.0028380729156817055,0.01119092469005017,0.010819965977727069,0.00930182716122392,0.00702506911629605,0.009534723487225383,0.006707129799610926
11,3,LPA_012_DAPI.1.tif,LPA_012_W647.1.tif,LPA_012_G488.1.tif,LPA_012_R555.1.tif,/Volumes/D/YAPSMAD_Nuclear_Localization/251219_YAPSMAD_Early_D14_Male_#3/tifs,/Volumes/D/YAPSMAD_Nuclear_Localization/251219_YAPSMAD_Early_D14_Male_#3/tifs,/Volumes/D/YAPSMAD_Nuclear_Localization/251219_YAPSMAD_Early_D14_Male_#3/tifs,/Volumes/D/YAPSMAD_Nuclear_Localization/251219_YAPSMAD_Early_D14_Male_#3/tifs,3615,11.561130463268997,0.7951904621418504,0.08649673171469793,3.6096445502480954,3.0,32.02888562506996,54.6815903224051,27.58251342154108,0.0023679005124452902,0.008859996023532492,0.015126304376875547,0.007630017543994766,0.007227353168156734,0.012471001738095091,0.004820257899617508
11,4,LPA_012_DAPI.1.tif,LPA_012_W647.1.tif,LPA_012_G488.1.tif,LPA_012_R555.1.tif,/Volumes/D/YAPSMAD_Nuclear_Localization/251219_YAPSMAD_Early_D14_Male_#3/tifs,/Volumes/D/YAPSMAD_Nuclear_Localization/251219_YAPSMAD_Early_D14_Male_#3/tifs,/Volumes/D/YAPSMAD_Nuclear_Localization/251219_YAPSMAD_Early_D14_Male_#3/tifs,/Volumes/D/YAPSMAD_Nuclear_Localization/251219_YAPSMAD_Early_D14_Male_#3/tifs,1517,8.449176733446691,0.9520357674793932,0.11835472632989508,2.9643407790619807,2.23606797749979,19.90612662769854,32.7185932402499,14.156344099435955,0.003025571343101605,0.013122034691956849,0.02156795862903751,0.009331802306813419,0.009035144443457878,0.018361883080950717,0.006767960407079516
11,5,LPA_012_DAPI.1.tif,LPA_012_W647.1.tif,LPA_012_G488.1.tif,LPA_012_R555.1.tif,/Volumes/D/YAPSMAD_Nuclear_Localization/251219_YAPSMAD_Early_D14_Male_#3/tifs,/Volumes/D/YAPSMAD_Nuclear_Localization/251219_YAPSMAD_Early_D14_Male_#3/tifs,/Volumes/D/YAPSMAD_Nuclear_Localization/251219_YAPSMAD_Early_D14_Male_#3/tifs,/Volumes/D/YAPSMAD_Nuclear_Localization/251219_YAPSMAD_Early_D14_Male_#3/tifs,1884,8.387286348832273,0.8009769628444752,0.11922807430310589,3.4084948339333,3.0,12.923323581228033,27.353704317472875,20.652109728660434,0.0030866555428140322,0.006859513578146514,0.014518951336238256,0.010961841681879211,0.003745996778491974,0.008592607232485467,0.008165392470149285
11,6,LPA_012_DAPI.1.tif,LPA_012_W647.1.tif,LPA_012_G488.1.tif,LPA_012_R555.1.tif,/Volumes/D/YAPSMAD_Nuclear_Localization/251219_YAPSMAD_Early_D14_Male_#3/tifs,/Volumes/D/YAPSMAD_Nuclear_Localization/251219_YAPSMAD_Early_D14_Male_#3/tifs,/Volumes/D/YAPSMAD_Nuclear_Localization/251219_YAPSMAD_Early_D14_Male_#3/tifs,/Volumes/D/YAPSMAD_Nuclear_Localization/251219_YAPSMAD_Early_D14_Male_#3/tifs,1822,12.57601990872014,0.6874230194215782,0.07951641355995355,3.1281866850690068,2.23606797749979,23.413183961994946,34.83089967025444,13.809460704214871,0.0026090080144689403,0.012850265621292507,0.019116849434826805,0.007579286884859973,0.012136157215304354,0.017220895287399528,0.005290682986003584
11,7,LPA_012_DAPI.1.tif,LPA_012_W647.1.tif,LPA_012_G488.1.tif,LPA_012_R555.1.tif,/Volumes/D/YAPSMAD_Nuclear_Localization/251219_YAPSMAD_Early_D14_Male_#3/tifs,/Volumes/D/YAPSMAD_Nuclear_Localization/251219_YAPSMAD_Early_D14_Male_#3/tifs,/Volumes/D/YAPSMAD_Nuclear_Localization/251219_YAPSMAD_Early_D14_Male_#3/tifs,/Volumes/D/YAPSMAD_Nuclear_Localization/251219_YAPSMAD_Early_D14_Male_#3/tifs,3114,16.648493613852164,0.8239801586859326,0.060065494404128124,3.5319700531401725,2.8284271247461903,28.642374562565237,52.56282938364893,31.624155326979235,0.0024281690456003056,0.009197936596841759,0.016879521317806335,0.010155476983615682,0.006875115016054167,0.010296818828233118,0.005587099213693239
11,8,LPA_012_DAPI.1.tif,LPA_012_W647.1.tif,LPA_012_G488.1.tif,LPA_012_R555.1.tif,/Volumes/D/YAPSMAD_Nuclear_Localization/251219_YAPSMAD_Early_D14_Male_#3/tifs,/Volumes/D/YAPSMAD_Nuclear_Localization/251219_YAPSMAD_Early_D14_Male_#3/tifs,/Volumes/D/YAPSMAD_Nuclear_Localization/251219_YAPSMAD_Early_D14_Male_#3/tifs,/Volumes/D/YAPSMAD_Nuclear_Localization/251219_YAPSMAD_Early_D14_Male_#3/tifs,1750,6.705103372351571,0.6295390899656549,0.14914013169781845,3.775997278402994,3.0,13.924437472596765,21.613367109093815,19.73688888293691,0.0028794995207073433,0.007956821412912436,0.01235049549091075,0.01127822221882109,0.0046186772469733895,0.00668702391259482,0.006194296034364146
11,9,LPA_012_DAPI.1.tif,LPA_012_W647.1.tif,LPA_012_G488.1.tif,LPA_012_R555.1.tif,/Volumes/D/YAPSMAD_Nuclear_Localization/251219_YAPSMAD_Early_D14_Male_#3/tifs,/Volumes/D/YAPSMAD_Nuclear_Localization/251219_YAPSMAD_Early_D14_Male_#3/tifs,/Volumes/D/YAPSMAD_Nuclear_Localization/251219_YAPSMAD_Early_D14_Male_#3/tifs,/Volumes/D/YAPSMAD_Nuclear_Localization/251219_YAPSMAD_Early_D14_Male_#3/tifs,1048,5.1305268714651335,0.508305484365435,0.19491175566427318,3.125206857964983,2.8284271247461903,12.538567281793803,20.95771730178967,12.964065081672743,0.004074464632973132,0.011964281757436836,0.01999782185285274,0.012370291108466358,0.0073347963188417735,0.014535281104289281,0.007782191139000655
11,10,LPA_012_DAPI.1.tif,LPA_012_W647.1.tif,LPA_012_G488.1.tif,LPA_012_R555.1.tif,/Volumes/D/YAPSMAD_Nuclear_Localization/251219_YAPSMAD_Early_D14_Male_#3/tifs,/Volumes/D/YAPSMAD_Nuclear_Localization/251219_YAPSMAD_Early_D14_Male_#3/tifs,/Volumes/D/YAPSMAD_Nuclear_Localization/251219_YAPSMAD_Early_D14_Male_#3/tifs,/Volumes/D/YAPSMAD_Nuclear_Localization/251219_YAPSMAD_Early_D14_Male_#3/tifs,1911,5.164319811011556,0.8350194691949447,0.19363634255720621,3.8709694023251897,3.1622776601683795,22.018723000306636,33.418219395913184,15.751232331385836,0.002418846429619511,0.011522094714969459,0.017487294294041434,0.008242403103812577,0.00683119115250967,0.01590792958986775,0.0049652302143020025
11,11,LPA_012_DAPI.1.tif,LPA_012_W647.1.tif,LPA_012_G488.1.tif,LPA_012_R555.1.tif,/Volumes/D/YAPSMAD_Nuclear_Localization/251219_YAPSMAD_Early_D14_Male_#3/tifs,/Volumes/D/YAPSMAD_Nuclear_Localization/251219_YAPSMAD_Early_D14_Male_#3/tifs,/Volumes/D/YAPSMAD_Nuclear_Localization/251219_YAPSMAD_Early_D14_Male_#3/tifs,/Volumes/D/YAPSMAD_Nuclear_Localization/251219_YAPSMAD_Early_D14_Male_#3/tifs,2201,19.842751892984218,0.9164768528319988,0.050396235632698155,2.721046060319372,2.0,18.56153217703104,39.41219214675948,18.89549114368856,0.0027865774913444297,0.00843322679556158,0.01790649347876396,0.008584957357423244,0.0075067252253007335,0.014836140040893463,0.005804004146852503
11,12,LPA_012_DAPI.1.tif,LPA_012_W647.1.tif,LPA_012_G488.1.tif,LPA_012_R555.1.tif,/Volumes/D/YAPSMAD_Nuclear_Localization/251219_YAPSMAD_Early_D14_Male_#3/tifs,/Volumes/D/YAPSMAD_Nuclear_Localization/251219_YAPSMAD_Early_D14_Male_#3/tifs,/Volumes/D/YAPSMAD_Nuclear_Localization/251219_YAPSMAD_Early_D14_Male_#3/tifs,/Volumes/D/YAPSMAD_Nuclear_Localization/251219_YAPSMAD_Early_D14_Male_#3/tifs,1242,8.009462437499765,0.5628281039697023,0.12485232408582968,2.7130964672202267,2.23606797749979,8.245288897538558,14.2031129617244,12.385702396510169,0.0035486686236154584,0.00663871891911317,0.011435678713143639,0.009972385182375337,0.002939028211737996,0.008474472877705266,0.007330468238057753
11,13,LPA_012_DAPI.1.tif,LPA_012_W647.1.tif,LPA_012_G488.1.tif,LPA_012_R555.1.tif,/Volumes/D/YAPSMAD_Nuclear_Localization/251219_YAPSMAD_Early_D14_Male_#3/tifs,/Volumes/D/YAPSMAD_Nuclear_Localization/251219_YAPSMAD_Early_D14_Male_#3/tifs,/Volumes/D/YAPSMAD_Nuclear_Localization/251219_YAPSMAD_Early_D14_Male_#3/tifs,/Volumes/D/YAPSMAD_Nuclear_Localization/251219_YAPSMAD_Early_D14_Male_#3/tifs,1274,4.156851711226395,0.6005357479610315,0.24056667628996808,3.4393362128592493,3.0,16.917265727883205,20.95748848747462,19.53635474224575,0.003359008982143068,0.013278858499123395,0.016450147949352137,0.015334658353411105,0.006917049626789067,0.010694957022378555,0.009276590235793823
11,14,LPA_012_DAPI.1.tif,LPA_012_W647.1.tif,LPA_012_G488.1.tif,LPA_012_R555.1.tif,/Volumes/D/YAPSMAD_Nuclear_Localization/251219_YAPSMAD_Early_D14_Male_#3/tifs,/Volumes/D/YAPSMAD_Nuclear_Localization/251219_YAPSMAD_Early_D14_Male_#3/tifs,/Volumes/D/YAPSMAD_Nuclear_Localization/251219_YAPSMAD_Early_D14_Male_#3/tifs,/Volumes/D/YAPSMAD_Nuclear_Localization/251219_YAPSMAD_Early_D14_Male_#3/tifs,1494,6.6511293982959785,0.8567877197048072,0.15035040518926007,3.0232572751533837,2.8284271247461903,12.497123829787597,32.750225172843784,10.996948299231008,0.0033491510477719937,0.008364875388077375,0.02192116812104671,0.007360741833487957,0.0036682373837705305,0.01710762190808553,0.004653566837121468
11,15,LPA_012_DAPI.1.tif,LPA_012_W647.1.tif,LPA_012_G488.1.tif,LPA_012_R555.1.tif,/Volumes/D/YAPSMAD_Nuclear_Localization/251219_YAPSMAD_Early_D14_Male_#3/tifs,/Volumes/D/YAPSMAD_Nuclear_Localization/251219_YAPSMAD_Early_D14_Male_#3/tifs,/Volumes/D/YAPSMAD_Nuclear_Localization/251219_YAPSMAD_Early_D14_Male_#3/tifs,/Volumes/D/YAPSMAD_Nuclear_Localization/251219_YAPSMAD_Early_D14_Male_#3/tifs,1746,4.695649074092807,0.8387919081015693,0.21296310354989606,3.6923340431815133,3.1622776601683795,14.99482737481594,23.77843918115832,9.925276692723855,0.002833345192852606,0.008588102734717034,0.013618808236631339,0.005684580007287432,0.0035334335533710763,0.010005734235482025,0.003268401719117123
11,16,LPA_012_DAPI.1.tif,LPA_012_W647.1.tif,LPA_012_G488.1.tif,LPA_012_R555.1.tif,/Volumes/D/YAPSMAD_Nuclear_Localization/251219_YAPSMAD_Early_D14_Male_#3/tifs,/Volumes/D/YAPSMAD_Nuclear_Localization/251219_YAPSMAD_Early_D14_Male_#3/tifs,/Volumes/D/YAPSMAD_Nuclear_Localization/251219_YAPSMAD_Early_D14_Male_#3/tifs,/Volumes/D/YAPSMAD_Nuclear_Localization/251219_YAPSMAD_Early_D14_Male_#3/tifs,1829,6.783427783350899,0.24536576149321573,0.1474180947948438,3.546616389235922,3.0,20.671412408351898,32.18922734213993,16.99157718499191,0.002812624021452134,0.011302029747595352,0.017599358853001602,0.009290091407868732,0.008417417900673572,0.012394396014340404,0.0056009132682438185
11,17,LPA_012_DAPI.1.tif,LPA_012_W647.1.tif,LPA_012_G488.1.tif,LPA_012_R555.1.tif,/Volumes/D/YAPSMAD_Nuclear_Localization/251219_YAPSMAD_Early_D14_Male_#3/tifs,/Volumes/D/YAPSMAD_Nuclear_Localization/251219_YAPSMAD_Early_D14_Male_#3/tifs,/Volumes/D/YAPSMAD_Nuclear_Localization/251219_YAPSMAD_Early_D14_Male_#3/tifs,/Volumes/D/YAPSMAD_Nuclear_Localization/251219_YAPSMAD_Early_D14_Male_#3/tifs,1751,7.862015382613988,0.751149767754456,0.12719384932919284,3.4091883189283028,2.8284271247461903,19.52231646911241,38.67577644251287,15.601510810898617,0.0028893581163648755,0.011149238417539927,0.022087822068825168,0.008910057573328736,0.0080461203116928,0.016344133493074554,0.004658697905483118
11,18,LPA_012_DAPI.1.tif,LPA_012_W647.1.tif,LPA_012_G488.1.tif,LPA_012_R555.1.tif,/Volumes/D/YAPSMAD_Nuclear_Localization/251219_YAPSMAD_Early_D14_Male_#3/tifs,/Volumes/D/YAPSMAD_Nuclear_Localization/251219_YAPSMAD_Early_D14_Male_#3/tifs,/Volumes/D/YAPSMAD_Nuclear_Localization/251219_YAPSMAD_Early_D14_Male_#3/tifs,/Volumes/D/YAPSMAD_Nuclear_Localization/251219_YAPSMAD_Early_D14_Male_#3/tifs,1065,2.193554336045106,0.34592437340382937,0.45588111658221403,4.054179247891529,3.605551275463989,7.582696372643113,18.888105710037053,13.86095990263857,0.0036823243810030076,0.007119902697317477,0.017735310525856387,0.013014985824073774,0.0026418308070048813,0.010017071622206561,0.006144897674698398
11,19,LPA_012_DAPI.1.tif,LPA_012_W647.1.tif,LPA_012_G488.1.tif,LPA_012_R555.1.tif,/Volumes/D/YAPSMAD_Nuclear_Localization/251219_YAPSMAD_Early_D14_Male_#3/tifs,/Volumes/D/YAPSMAD_Nuclear_Localization/251219_YAPSMAD_Early_D14_Male_#3/tifs,/Volumes/D/YAPSMAD_Nuclear_Localization/251219_YAPSMAD_Early_D14_Male_#3/tifs,/Volumes/D/YAPSMAD_Nuclear_Localization/251219_YAPSMAD_Early_D14_Male_#3/tifs,923,7.1496993563190046,0.9536077419262274,0.1398660209559981,2.2599685817764508,2.0,9.277119195787236,21.81339746946469,7.673624848714098,0.003866236086809687,0.010051050049606974,0.023633150021088505,0.00831378640164041,0.00469022325730378,0.01915850807341677,0.004560503037088388
11,20,LPA_012_DAPI.1.tif,LPA_012_W647.1.tif,LPA_012_G488.1.tif,LPA_012_R555.1.tif,/Volumes/D/YAPSMAD_Nuclear_Localization/251219_YAPSMAD_Early_D14_Male_#3/tifs,/Volumes/D/YAPSMAD_Nuclear_Localization/251219_YAPSMAD_Early_D14_Male_#3/tifs,/Volumes/D/YAPSMAD_Nuclear_Localization/251219_YAPSMAD_Early_D14_Male_#3/tifs,/Volumes/D/YAPSMAD_Nuclear_Localization/251219_YAPSMAD_Early_D14_Male_#3/tifs,1870,11.288512704272748,0.7932867519989675,0.08858562914328794,2.9443689096559154,2.23606797749979,14.397512963740155,29.113145811483264,17.079484368208796,0.0029105401193264893,0.007699204793443933,0.015568527171916183,0.009133414100646414,0.004209341520962639,0.01195830764934058,0.006302722913942337
11,21,LPA_012_DAPI.1.tif,LPA_012_W647.1.tif,LPA_012_G488.1.tif,LPA_012_R555.1.tif,/Volumes/D/YAPSMAD_Nuclear_Localization/251219_YAPSMAD_Early_D14_Male_#3/tifs,/Volumes/D/YAPSMAD_Nuclear_Localization/251219_YAPSMAD_Early_D14_Male_#3/tifs,/Volumes/D/YAPSMAD_Nuclear_Localization/251219_YAPSMAD_Early_D14_Male_#3/tifs,/Volumes/D/YAPSMAD_Nuclear_Localization/251219_YAPSMAD_Early_D14_Male_#3/tifs,888,4.197134918614764,0.45020623075349514,0.2382577685470362,2.8146761513989085,2.8284271247461903,15.077882101060823,15.146120490971953,6.783505062572658,0.004068557030640895,0.01697959696065408,0.017056441994337784,0.0076390822776719125,0.010055132708769095,0.01709289201255797,0.005639807195444739
11,22,LPA_012_DAPI.1.tif,LPA_012_W647.1.tif,LPA_012_G488.1.tif,LPA_012_R555.1.tif,/Volumes/D/YAPSMAD_Nuclear_Localization/251219_YAPSMAD_Early_D14_Male_#3/tifs,/Volumes/D/YAPSMAD_Nuclear_Localization/251219_YAPSMAD_Early_D14_Male_#3/tifs,/Volumes/D/YAPSMAD_Nuclear_Localization/251219_YAPSMAD_Early_D14_Male_#3/tifs,/Volumes/D/YAPSMAD_Nuclear_Localization/251219_YAPSMAD_Early_D14_Male_#3/tifs,2325,11.305634329516108,0.9004900740716915,0.08845147214687961,3.255244805694533,2.8284271247461903,19.434928101254627,29.649378444999456,21.365148556884378,0.0025673616189830087,0.008359108860754678,0.012752420836558906,0.009189311207262098,0.0055355027142344046,0.008121053354613522,0.007130278459745655
11,23,LPA_012_DAPI.1.tif,LPA_012_W647.1.tif,LPA_012_G488.1.tif,LPA_012_R555.1.tif,/Volumes/D/YAPSMAD_Nuclear_Localization/251219_YAPSMAD_Early_D14_Male_#3/tifs,/Volumes/D/YAPSMAD_Nuclear_Localization/251219_YAPSMAD_Early_D14_Male_#3/tifs,/Volumes/D/YAPSMAD_Nuclear_Localization/251219_YAPSMAD_Early_D14_Male_#3/tifs,/Volumes/D/YAPSMAD_Nuclear_Localization/251219_YAPSMAD_Early_D14_Male_#3/tifs,2253,10.860038541235994,0.8824420798966859,0.09208070452079525,3.353997677226411,2.8284271247461903,18.931120987050235,29.221744324080646,21.99580397363752,0.002141132686019301,0.00840262804573912,0.012970148390626119,0.009762895682928327,0.004505576400288802,0.00825542691194491,0.006443607231201703
11,24,LPA_012_DAPI.1.tif,LPA_012_W647.1.tif,LPA_012_G488.1.tif,LPA_012_R555.1.tif,/Volumes/D/YAPSMAD_Nuclear_Localization/251219_YAPSMAD_Early_D14_Male_#3/tifs,/Volumes/D/YAPSMAD_Nuclear_Localization/251219_YAPSMAD_Early_D14_Male_#3/tifs,/Volumes/D/YAPSMAD_Nuclear_Localization/251219_YAPSMAD_Early_D14_Male_#3/tifs,/Volumes/D/YAPSMAD_Nuclear_Localization/251219_YAPSMAD_Early_D14_Male_#3/tifs,1863,5.565214100456914,0.6653625289769846,0.17968760625362074,4.1200844947705395,3.1622776601683795,20.606912514893338,48.84269483201206,28.190753218252212,0.0031754901023782586,0.011061144667146182,0.026217227499738087,0.015131912623860554,0.009190424330722188,0.017558788485601343,0.00909776570655139
11,25,LPA_012_DAPI.1.tif,LPA_012_W647.1.tif,LPA_012_G488.1.tif,LPA_012_R555.1.tif,/Volumes/D/YAPSMAD_Nuclear_Localization/251219_YAPSMAD_Early_D14_Male_#3/tifs,/Volumes/D/YAPSMAD_Nuclear_Localization/251219_YAPSMAD_Early_D14_Male_#3/tifs,/Volumes/D/YAPSMAD_Nuclear_Localization/251219_YAPSMAD_Early_D14_Male_#3/tifs,/Volumes/D/YAPSMAD_Nuclear_Localization/251219_YAPSMAD_Early_D14_Male_#3/tifs,2319,8.824528284654724,0.7966070282437226,0.1133205048182501,3.289874032340503,3.0,36.97389205498621,42.56412622798234,31.290486194193363,0.0024599201556370657,0.015943894805944894,0.018354517562734946,0.013493094520997569,0.010281092091845367,0.012590168683657435,0.009400701938346493
11,26,LPA_012_DAPI.1.tif,LPA_012_W647.1.tif,LPA_012_G488.1.tif,LPA_012_R555.1.tif,/Volumes/D/YAPSMAD_Nuclear_Localization/251219_YAPSMAD_Early_D14_Male_#3/tifs,/Volumes/D/YAPSMAD_Nuclear_Localization/251219_YAPSMAD_Early_D14_Male_#3/tifs,/Volumes/D/YAPSMAD_Nuclear_Localization/251219_YAPSMAD_Early_D14_Male_#3/tifs,/Volumes/D/YAPSMAD_Nuclear_Localization/251219_YAPSMAD_Early_D14_Male_#3/tifs,1240,5.014181035032937,0.6581569751790197,0.1994343628626945,3.1377535486405215,2.8284271247461903,13.936156393727288,31.59360651532188,20.405722252791747,0.003285255120135844,0.011238835801392974,0.025478714931711194,0.01645622762321915,0.00692961561268155,0.017626942958235452,0.01070577403164408
11,27,LPA_012_DAPI.1.tif,LPA_012_W647.1.tif,LPA_012_G488.1.tif,LPA_012_R555.1.tif,/Volumes/D/YAPSMAD_Nuclear_Localization/251219_YAPSMAD_Early_D14_Male_#3/tifs,/Volumes/D/YAPSMAD_Nuclear_Localization/251219_YAPSMAD_Early_D14_Male_#3/tifs,/Volumes/D/YAPSMAD_Nuclear_Localization/251219_YAPSMAD_Early_D14_Male_#3/tifs,/Volumes/D/YAPSMAD_Nuclear_Localization/251219_YAPSMAD_Early_D14_Male_#3/tifs,2580,9.05084288846226,0.9384630664356941,0.11048694716320508,3.83876800347907,3.0,24.16954323183745,41.20581392617896,24.30251034349203,0.002329963934246826,0.009368040012340097,0.015971245707821304,0.009419577652516291,0.005259229092783629,0.012308927693080193,0.005957699195613817
11,28,LPA_012_DAPI.1.tif,LPA_012_W647.1.tif,LPA_012_G488.1.tif,LPA_012_R555.1.tif,/Volumes/D/YAPSMAD_Nuclear_Localization/251219_YAPSMAD_Early_D14_Male_#3/tifs,/Volumes/D/YAPSMAD_Nuclear_Localization/251219_YAPSMAD_Early_D14_Male_#3/tifs,/Volumes/D/YAPSMAD_Nuclear_Localization/251219_YAPSMAD_Early_D14_Male_#3/tifs,/Volumes/D/YAPSMAD_Nuclear_Localization/251219_YAPSMAD_Early_D14_Male_#3/tifs,999,3.9610899196213194,0.3381984329806754,0.2524557685616993,3.0172132086121533,3.0,11.818310920149088,18.22864127950743,11.948729767929763,0.003998887131794228,0.011830141061210298,0.018246888167675102,0.011960690458388152,0.006831184582235044,0.012404384077289344,0.007684740961716737
11,29,LPA_012_DAPI.1.tif,LPA_012_W647.1.tif,LPA_012_G488.1.tif,LPA_012_R555.1.tif,/Volumes/D/YAPSMAD_Nuclear_Localization/251219_YAPSMAD_Early_D14_Male_#3/tifs,/Volumes/D/YAPSMAD_Nuclear_Localization/251219_YAPSMAD_Early_D14_Male_#3/tifs,/Volumes/D/YAPSMAD_Nuclear_Localization/251219_YAPSMAD_Early_D14_Male_#3/tifs,/Volumes/D/YAPSMAD_Nuclear_Localization/251219_YAPSMAD_Early_D14_Male_#3/tifs,54,4.297183463481175,0.6452976995712488,0.23271056693257725,1.0,1.0,0.03010605019517243,0.39719234872609377,0.1367513546720147,0.02132928714639059,0.0005575194480587487,0.007355413865298033,0.0025324324939261984,0.00015195913913835387,0.0020862306284453462,0.0006623251860151842
11,30,LPA_012_DAPI.1.tif,LPA_012_W647.1.tif,LPA_012_G488.1.tif,LPA_012_R555.1.tif,/Volumes/D/YAPSMAD_Nuclear_Localization/251219_YAPSMAD_Early_D14_Male_#3/tifs,/Volumes/D/YAPSMAD_Nuclear_Localization/251219_YAPSMAD_Early_D14_Male_#3/tifs,/Volumes/D/YAPSMAD_Nuclear_Localization/251219_YAPSMAD_Early_D14_Male_#3/tifs,/Volumes/D/YAPSMAD_Nuclear_Localization/251219_YAPSMAD_Early_D14_Male_#3/tifs,2029,13.288110676024537,0.5768208303252954,0.07525524315539298,2.8850564467603124,2.23606797749979,18.60195330856368,30.82420099619776,15.12114147678949,0.0027368849554425495,0.009168040073220148,0.015191819120846604,0.007452509352779443,0.007280656375598297,0.012058747908929834,0.006436243456624806
11,31,LPA_012_DAPI.1.tif,LPA_012_W647.1.tif,LPA_012_G488.1.tif,LPA_012_R555.1.tif,/Volumes/D/YAPSMAD_Nuclear_Localization/251219_YAPSMAD_Early_D14_Male_#3/tifs,/Volumes/D/YAPSMAD_Nuclear_Localization/251219_YAPSMAD_Early_D14_Male_#3/tifs,/Volumes/D/YAPSMAD_Nuclear_Localization/251219_YAPSMAD_Early_D14_Male_#3/tifs,/Volumes/D/YAPSMAD_Nuclear_Localization/251219_YAPSMAD_Early_D14_Male_#3/tifs,3210,5.699535379960439,0.7746009375013244,0.17545289805832226,4.576257180925037,4.242640687119285,20.804257528390735,38.841703278478235,16.303792035672814,0.0027385143285350313,0.006481077111648205,0.01210021908986861,0.005079062939461936,0.004215631420905512,0.007942116972925602,0.0035135807801257254
11,32,LPA_012_DAPI.1.tif,LPA_012_W647.1.tif,LPA_012_G488.1.tif,LPA_012_R555.1.tif,/Volumes/D/YAPSMAD_Nuclear_Localization/251219_YAPSMAD_Early_D14_Male_#3/tifs,/Volumes/D/YAPSMAD_Nuclear_Localization/251219_YAPSMAD_Early_D14_Male_#3/tifs,/Volumes/D/YAPSMAD_Nuclear_Localization/251219_YAPSMAD_Early_D14_Male_#3/tifs,/Volumes/D/YAPSMAD_Nuclear_Localization/251219_YAPSMAD_Early_D14_Male_#3/tifs,1355,2.6920955365052928,0.28423181841474626,0.37145784257646974,4.031169006987763,3.605551275463989,26.82403308735229,35.88725119456649,21.263981220079586,0.0033487640981084746,0.019796334381809808,0.02648505623215239,0.015692975070169438,0.01097948841745107,0.014016570800916362,0.0071355008205642835
11,33,LPA_012_DAPI.1.tif,LPA_012_W647.1.tif,LPA_012_G488.1.tif,LPA_012_R555.1.tif,/Volumes/D/YAPSMAD_Nuclear_Localization/251219_YAPSMAD_Early_D14_Male_#3/tifs,/Volumes/D/YAPSMAD_Nuclear_Localization/251219_YAPSMAD_Early_D14_Male_#3/tifs,/Volumes/D/YAPSMAD_Nuclear_Localization/251219_YAPSMAD_Early_D14_Male_#3/tifs,/Volumes/D/YAPSMAD_Nuclear_Localization/251219_YAPSMAD_Early_D14_Male_#3/tifs,177,4.388558362608533,0.8491139100178517,0.2278652617497847,1.6485914732970786,1.0,1.2875715363770723,3.4789959844201803,1.5790493763051927,0.008335391597527653,0.007274415459757471,0.01965534454474678,0.00892118291697849,0.006346049942611841,0.01249391455034263,0.005982573920190438
11,34,LPA_012_DAPI.1.tif,LPA_012_W647.1.tif,LPA_012_G488.1.tif,LPA_012_R555.1.tif,/Volumes/D/YAPSMAD_Nuclear_Localization/251219_YAPSMAD_Early_D14_Male_#3/tifs,/Volumes/D/YAPSMAD_Nuclear_Localization/251219_YAPSMAD_Early_D14_Male_#3/tifs,/Volumes/D/YAPSMAD_Nuclear_Localization/251219_YAPSMAD_Early_D14_Male_#3/tifs,/Volumes/D/YAPSMAD_Nuclear_Localization/251219_YAPSMAD_Early_D14_Male_#3/tifs,564,9.284085968227814,0.7830022985461061,0.1077111956332826,1.8364775122488426,1.4142135623730951,4.206042613834143,12.386114357504994,6.454688395606354,0.004552788939161874,0.007457522364954154,0.021961195669335094,0.011444482970933251,0.006429277101780693,0.012215556139261981,0.005918346952762284
11,35,LPA_012_DAPI.1.tif,LPA_012_W647.1.tif,LPA_012_G488.1.tif,LPA_012_R555.1.tif,/Volumes/D/YAPSMAD_Nuclear_Localization/251219_YAPSMAD_Early_D14_Male_#3/tifs,/Volumes/D/YAPSMAD_Nuclear_Localization/251219_YAPSMAD_Early_D14_Male_#3/tifs,/Volumes/D/YAPSMAD_Nuclear_Localization/251219_YAPSMAD_Early_D14_Male_#3/tifs,/Volumes/D/YAPSMAD_Nuclear_Localization/251219_YAPSMAD_Early_D14_Male_#3/tifs,2146,13.619724811586288,0.6130051047743246,0.07342292255048362,3.0490188640716633,2.23606797749979,20.733287731884047,52.90835447655991,23.21081882575527,0.0023910375475798425,0.009661364273944104,0.024654405627474327,0.010815852202122679,0.008014211096548766,0.019495851977015904,0.007064293957557077
11,36,LPA_012_DAPI.1.tif,LPA_012_W647.1.tif,LPA_012_G488.1.tif,LPA_012_R555.1.tif,/Volumes/D/YAPSMAD_Nuclear_Localization/251219_YAPSMAD_Early_D14_Male_#3/tifs,/Volumes/D/YAPSMAD_Nuclear_Localization/251219_YAPSMAD_Early_D14_Male_#3/tifs,/Volumes/D/YAPSMAD_Nuclear_Localization/251219_YAPSMAD_Early_D14_Male_#3/tifs,/Volumes/D/YAPSMAD_Nuclear_Localization/251219_YAPSMAD_Early_D14_Male_#3/tifs,674,7.710936829025431,0.8438482752434394,0.129685928204704,1.9894813807576865,2.0,4.648905228823423,14.021408493164927,3.9396658681798726,0.004238702750278399,0.006897485502705376,0.020803276696090396,0.005845201584836607,0.0030306455016012395,0.016858437086673273,0.004323065833650615
11,37,LPA_012_DAPI.1.tif,LPA_012_W647.1.tif,LPA_012_G488.1.tif,LPA_012_R555.1.tif,/Volumes/D/YAPSMAD_Nuclear_Localization/251219_YAPSMAD_Early_D14_Male_#3/tifs,/Volumes/D/YAPSMAD_Nuclear_Localization/251219_YAPSMAD_Early_D14_Male_#3/tifs,/Volumes/D/YAPSMAD_Nuclear_Localization/251219_YAPSMAD_Early_D14_Male_#3/tifs,/Volumes/D/YAPSMAD_Nuclear_Localization/251219_YAPSMAD_Early_D14_Male_#3/tifs,773,6.674589166371458,0.765238993094577,0.1498219553404566,2.23705676897296,2.0,5.515510872006416,14.799313387367874,4.530800376785919,0.004159139588542697,0.00713520164554517,0.019145295455844598,0.00586132002171529,0.0030967710363888987,0.017730789040711993,0.004086616596767946
11,38,LPA_012_DAPI.1.tif,LPA_012_W647.1.tif,LPA_012_G488.1.tif,LPA_012_R555.1.tif,/Volumes/D/YAPSMAD_Nuclear_Localization/251219_YAPSMAD_Early_D14_Male_#3/tifs,/Volumes/D/YAPSMAD_Nuclear_Localization/251219_YAPSMAD_Early_D14_Male_#3/tifs,/Volumes/D/YAPSMAD_Nuclear_Localization/251219_YAPSMAD_Early_D14_Male_#3/tifs,/Volumes/D/YAPSMAD_Nuclear_Localization/251219_YAPSMAD_Early_D14_Male_#3/tifs,3996,8.379732115914946,0.6256608120720347,0.11933555705209015,4.320333257690219,4.0,64.95875522517599,60.99630771856755,45.53719423478469,0.002668320277432638,0.016255944751045043,0.0152643412709128,0.011395694252949123,0.008753250158424099,0.009305689403939407,0.006668232917697151
11,39,LPA_012_DAPI.1.tif,LPA_012_W647.1.tif,LPA_012_G488.1.tif,LPA_012_R555.1.tif,/Volumes/D/YAPSMAD_Nuclear_Localization/251219_YAPSMAD_Early_D14_Male_#3/tifs,/Volumes/D/YAPSMAD_Nuclear_Localization/251219_YAPSMAD_Early_D14_Male_#3/tifs,/Volumes/D/YAPSMAD_Nuclear_Localization/251219_YAPSMAD_Early_D14_Male_#3/tifs,/Volumes/D/YAPSMAD_Nuclear_Localization/251219_YAPSMAD_Early_D14_Male_#3/tifs,905,4.241257982296091,0.5368895777539222,0.23577910237344957,2.7272077200436793,2.8284271247461903,5.726833058288321,17.05792334722355,6.78913565329276,0.004047063569080352,0.006327992329600355,0.01884853408532989,0.007501807351704707,0.004147462349789627,0.011109646516450234,0.003390781975061152
11,40,LPA_012_DAPI.1.tif,LPA_012_W647.1.tif,LPA_012_G488.1.tif,LPA_012_R555.1.tif,/Volumes/D/YAPSMAD_Nuclear_Localization/251219_YAPSMAD_Early_D14_Male_#3/tifs,/Volumes/D/YAPSMAD_Nuclear_Localization/251219_YAPSMAD_Early_D14_Male_#3/tifs,/Volumes/D/YAPSMAD_Nuclear_Localization/251219_YAPSMAD_Early_D14_Male_#3/tifs,/Volumes/D/YAPSMAD_Nuclear_Localization/251219_YAPSMAD_Early_D14_Male_#3/tifs,1862,10.615577886496709,0.943840332177769,0.09420118345813523,2.7537753154618447,2.23606797749979,19.51851698057726,36.0127719421871,11.226520308526233,0.002938959746802612,0.010482554769375542,0.019340908669273415,0.006029280509412585,0.0077540413280112064,0.017359597656844715,0.004238566821216418
11,41,LPA_012_DAPI.1.tif,LPA_012_W647.1.tif,LPA_012_G488.1.tif,LPA_012_R555.1.tif,/Volumes/D/YAPSMAD_Nuclear_Localization/251219_YAPSMAD_Early_D14_Male_#3/tifs,/Volumes/D/YAPSMAD_Nuclear_Localization/251219_YAPSMAD_Early_D14_Male_#3/tifs,/Volumes/D/YAPSMAD_Nuclear_Localization/251219_YAPSMAD_Early_D14_Male_#3/tifs,/Volumes/D/YAPSMAD_Nuclear_Localization/251219_YAPSMAD_Early_D14_Male_#3/tifs,645,5.443983685078722,0.530156207565911,0.18368901485521985,2.471934309849738,2.23606797749979,3.1444724542088807,13.222446071682498,5.012268315767869,0.003915890865027904,0.004875151091796715,0.020499916390205423,0.007770958629097472,0.0024057673905046578,0.015271153499035992,0.0036457532173240392
11,42,LPA_012_DAPI.1.tif,LPA_012_W647.1.tif,LPA_012_G488.1.tif,LPA_012_R555.1.tif,/Volumes/D/YAPSMAD_Nuclear_Localization/251219_YAPSMAD_Early_D14_Male_#3/tifs,/Volumes/D/YAPSMAD_Nuclear_Localization/251219_YAPSMAD_Early_D14_Male_#3/tifs,/Volumes/D/YAPSMAD_Nuclear_Localization/251219_YAPSMAD_Early_D14_Male_#3/tifs,/Volumes/D/YAPSMAD_Nuclear_Localization/251219_YAPSMAD_Early_D14_Male_#3/tifs,4128,7.149584656601986,0.8373485620167423,0.13986826480564737,5.4843314693028,4.242640687119285,31.66312697227113,65.97779855784029,25.9778747393284,0.002156575169049243,0.00767033114638351,0.015982993836686117,0.0062930898108838175,0.003412562467523995,0.01168323005134826,0.003436109174825049
11,43,LPA_012_DAPI.1.tif,LPA_012_W647.1.tif,LPA_012_G488.1.tif,LPA_012_R555.1.tif,/Volumes/D/YAPSMAD_Nuclear_Localization/251219_YAPSMAD_Early_D14_Male_#3/tifs,/Volumes/D/YAPSMAD_Nuclear_Localization/251219_YAPSMAD_Early_D14_Male_#3/tifs,/Volumes/D/YAPSMAD_Nuclear_Localization/251219_YAPSMAD_Early_D14_Male_#3/tifs,/Volumes/D/YAPSMAD_Nuclear_Localization/251219_YAPSMAD_Early_D14_Male_#3/tifs,1577,12.79490810753483,0.832884401050724,0.07815609081327494,2.7936406004426857,2.0,10.964858571533114,27.33479837793857,10.476463085971773,0.002887070822554889,0.006952985777763547,0.017333416853480384,0.006643286674680896,0.005631145201510635,0.01200928505815255,0.003967341281685722
11,44,LPA_012_DAPI.1.tif,LPA_012_W647.1.tif,LPA_012_G488.1.tif,LPA_012_R555.1.tif,/Volumes/D/YAPSMAD_Nuclear_Localization/251219_YAPSMAD_Early_D14_Male_#3/tifs,/Volumes/D/YAPSMAD_Nuclear_Localization/251219_YAPSMAD_Early_D14_Male_#3/tifs,/Volumes/D/YAPSMAD_Nuclear_Localization/251219_YAPSMAD_Early_D14_Male_#3/tifs,/Volumes/D/YAPSMAD_Nuclear_Localization/251219_YAPSMAD_Early_D14_Male_#3/tifs,1328,4.787767499270361,0.5355950627333137,0.20886561432909942,3.800414461538672,3.1622776601683795,9.022049410268664,15.83228820329532,10.014770839363337,0.0030899749464265644,0.00679371190532279,0.011921903767541656,0.007541243101930223,0.0036484613386577472,0.008122644617004446,0.004371664304347963
11,45,LPA_012_DAPI.1.tif,LPA_012_W647.1.tif,LPA_012_G488.1.tif,LPA_012_R555.1.tif,/Volumes/D/YAPSMAD_Nuclear_Localization/251219_YAPSMAD_Early_D14_Male_#3/tifs,/Volumes/D/YAPSMAD_Nuclear_Localization/251219_YAPSMAD_Early_D14_Male_#3/tifs,/Volumes/D/YAPSMAD_Nuclear_Localization/251219_YAPSMAD_Early_D14_Male_#3/tifs,/Volumes/D/YAPSMAD_Nuclear_Localization/251219_YAPSMAD_Early_D14_Male_#3/tifs,2270,5.006812683121837,0.8291061851435216,0.19972786347111393,4.533050053889768,3.605551275463989,19.76607944862917,47.086152606178075,23.24182517360896,0.002801926144694146,0.008707523986180252,0.020742798504924262,0.010238689503792493,0.005068395663203448,0.014028881296041766,0.005795038189005363
11,46,LPA_012_DAPI.1.tif,LPA_012_W647.1.tif,LPA_012_G488.1.tif,LPA_012_R555.1.tif,/Volumes/D/YAPSMAD_Nuclear_Localization/251219_YAPSMAD_Early_D14_Male_#3/tifs,/Volumes/D/YAPSMAD_Nuclear_Localization/251219_YAPSMAD_Early_D14_Male_#3/tifs,/Volumes/D/YAPSMAD_Nuclear_Localization/251219_YAPSMAD_Early_D14_Male_#3/tifs,/Volumes/D/YAPSMAD_Nuclear_Localization/251219_YAPSMAD_Early_D14_Male_#3/tifs,2180,5.837496799934169,0.9089956646974193,0.1713063037587065,4.184250011930957,3.1622776601683795,22.870725754182786,42.91975297871977,22.831098025664687,0.0026886466673763315,0.01049115860283614,0.019687960081981547,0.010472980745717746,0.006977251185127109,0.013915518488609094,0.006972086546975298
11,47,LPA_012_DAPI.1.tif,LPA_012_W647.1.tif,LPA_012_G488.1.tif,LPA_012_R555.1.tif,/Volumes/D/YAPSMAD_Nuclear_Localization/251219_YAPSMAD_Early_D14_Male_#3/tifs,/Volumes/D/YAPSMAD_Nuclear_Localization/251219_YAPSMAD_Early_D14_Male_#3/tifs,/Volumes/D/YAPSMAD_Nuclear_Localization/251219_YAPSMAD_Early_D14_Male_#3/tifs,/Volumes/D/YAPSMAD_Nuclear_Localization/251219_YAPSMAD_Early_D14_Male_#3/tifs,1804,13.684261028440584,0.6886342463369578,0.07307665338461881,2.7754610150106047,2.23606797749979,18.164721303852275,36.156176219694316,16.895750527037308,0.0032290763348421523,0.010069135977745164,0.020042226285861595,0.009365715369754606,0.009752145646652745,0.014346559350433975,0.006631701310849435
11,48,LPA_012_DAPI.1.tif,LPA_012_W647.1.tif,LPA_012_G488.1.tif,LPA_012_R555.1.tif,/Volumes/D/YAPSMAD_Nuclear_Localization/251219_YAPSMAD_Early_D14_Male_#3/tifs,/Volumes/D/YAPSMAD_Nuclear_Localization/251219_YAPSMAD_Early_D14_Male_#3/tifs,/Volumes/D/YAPSMAD_Nuclear_Localization/251219_YAPSMAD_Early_D14_Male_#3/tifs,/Volumes/D/YAPSMAD_Nuclear_Localization/251219_YAPSMAD_Early_D14_Male_#3/tifs,1307,12.745972327123297,0.48964644524221246,0.0784561565281301,2.3026135461599218,2.0,8.828412406146526,24.375921429134905,11.451774001587182,0.0029734311685573195,0.0067547149243661255,0.018650284184494954,0.008761877583463796,0.004863364847907505,0.013770439102892856,0.004590995592400031
11,49,LPA_012_DAPI.1.tif,LPA_012_W647.1.tif,LPA_012_G488.1.tif,LPA_012_R555.1.tif,/Volumes/D/YAPSMAD_Nuclear_Localization/251219_YAPSMAD_Early_D14_Male_#3/tifs,/Volumes/D/YAPSMAD_Nuclear_Localization/251219_YAPSMAD_Early_D14_Male_#3/tifs,/Volumes/D/YAPSMAD_Nuclear_Localization/251219_YAPSMAD_Early_D14_Male_#3/tifs,/Volumes/D/YAPSMAD_Nuclear_Localization/251219_YAPSMAD_Early_D14_Male_#3/tifs,1242,3.9935503776055397,0.6070654246217406,0.25040375241230384,3.385298116706166,3.0,19.15483341901563,35.25178924249485,15.744869282236323,0.004275388771408626,0.015422571190833841,0.028383083126002295,0.012677028407597683,0.00915317453338452,0.016353569787480603,0.006415362274313358
12,1,LPA_013_DAPI.1.tif,LPA_013_W647.1.tif,LPA_013_G488.1.tif,LPA_013_R555.1.tif,/Volumes/D/YAPSMAD_Nuclear_Localization/251219_YAPSMAD_Early_D14_Male_#3/tifs,/Volumes/D/YAPSMAD_Nuclear_Localization/251219_YAPSMAD_Early_D14_Male_#3/tifs,/Volumes/D/YAPSMAD_Nuclear_Localization/251219_YAPSMAD_Early_D14_Male_#3/tifs,/Volumes/D/YAPSMAD_Nuclear_Localization/251219_YAPSMAD_Early_D14_Male_#3/tifs,1909,3.9289922026951074,0.39575133410613117,0.25451819408398063,4.133338888493412,4.0,31.62081348709762,29.436301432549953,29.228748189052567,0.0032423223541281636,0.016564072020480682,0.015419749309874255,0.015311025766921197,0.010243870242815575,0.008472653471829135,0.00908695077019756
12,2,LPA_013_DAPI.1.tif,LPA_013_W647.1.tif,LPA_013_G488.1.tif,LPA_013_R555.1.tif,/Volumes/D/YAPSMAD_Nuclear_Localization/251219_YAPSMAD_Early_D14_Male_#3/tifs,/Volumes/D/YAPSMAD_Nuclear_Localization/251219_YAPSMAD_Early_D14_Male_#3/tifs,/Volumes/D/YAPSMAD_Nuclear_Localization/251219_YAPSMAD_Early_D14_Male_#3/tifs,/Volumes/D/YAPSMAD_Nuclear_Localization/251219_YAPSMAD_Early_D14_Male_#3/tifs,2800,11.170077439363824,0.8051808197356134,0.0895248941136216,3.971255887669006,3.0,29.017395499860868,46.58493958506733,26.25281170150265,0.0028721621020564012,0.010363355535664595,0.016637478423238334,0.00937600417910809,0.009723613576816314,0.013295638170175731,0.00614985605496294
12,3,LPA_013_DAPI.1.tif,LPA_013_W647.1.tif,LPA_013_G488.1.tif,LPA_013_R555.1.tif,/Volumes/D/YAPSMAD_Nuclear_Localization/251219_YAPSMAD_Early_D14_Male_#3/tifs,/Volumes/D/YAPSMAD_Nuclear_Localization/251219_YAPSMAD_Early_D14_Male_#3/tifs,/Volumes/D/YAPSMAD_Nuclear_Localization/251219_YAPSMAD_Early_D14_Male_#3/tifs,/Volumes/D/YAPSMAD_Nuclear_Localization/251219_YAPSMAD_Early_D14_Male_#3/tifs,1772,6.941954954243693,0.788555727248159,0.1440516405812586,3.62761593330482,3.0,24.85729779675603,40.4540170696564,35.89217992848717,0.0033311598841468835,0.014027820427063221,0.022829580739083748,0.02025518054655032,0.00906043927101388,0.01767746823974115,0.0137909563537662
12,4,LPA_013_DAPI.1.tif,LPA_013_W647.1.tif,LPA_013_G488.1.tif,LPA_013_R555.1.tif,/Volumes/D/YAPSMAD_Nuclear_Localization/251219_YAPSMAD_Early_D14_Male_#3/tifs,/Volumes/D/YAPSMAD_Nuclear_Localization/251219_YAPSMAD_Early_D14_Male_#3/tifs,/Volumes/D/YAPSMAD_Nuclear_Localization/251219_YAPSMAD_Early_D14_Male_#3/tifs,/Volumes/D/YAPSMAD_Nuclear_Localization/251219_YAPSMAD_Early_D14_Male_#3/tifs,1486,7.771970345514342,0.8265237451061748,0.12866750071648927,3.4096949370984246,2.8284271247461903,16.976073960307986,33.660120657179505,17.070191642502323,0.0031485543940416856,0.011424006702764458,0.02265149438571972,0.011487342962652976,0.012253781053095906,0.019331422133596836,0.00738451254177117
12,5,LPA_013_DAPI.1.tif,LPA_013_W647.1.tif,LPA_013_G488.1.tif,LPA_013_R555.1.tif,/Volumes/D/YAPSMAD_Nuclear_Localization/251219_YAPSMAD_Early_D14_Male_#3/tifs,/Volumes/D/YAPSMAD_Nuclear_Localization/251219_YAPSMAD_Early_D14_Male_#3/tifs,/Volumes/D/YAPSMAD_Nuclear_Localization/251219_YAPSMAD_Early_D14_Male_#3/tifs,/Volumes/D/YAPSMAD_Nuclear_Localization/251219_YAPSMAD_Early_D14_Male_#3/tifs,1458,7.522796149949792,0.7227406602768278,0.1329292965098721,3.2787244314155166,2.8284271247461903,13.375158449402079,32.72065320191905,13.328709953464568,0.003542856049477359,0.009173634053087845,0.022442148972509637,0.009141776374118359,0.004760627836118521,0.016044095185336373,0.005642488396603292
12,6,LPA_013_DAPI.1.tif,LPA_013_W647.1.tif,LPA_013_G488.1.tif,LPA_013_R555.1.tif,/Volumes/D/YAPSMAD_Nuclear_Localization/251219_YAPSMAD_Early_D14_Male_#3/tifs,/Volumes/D/YAPSMAD_Nuclear_Localization/251219_YAPSMAD_Early_D14_Male_#3/tifs,/Volumes/D/YAPSMAD_Nuclear_Localization/251219_YAPSMAD_Early_D14_Male_#3/tifs,/Volumes/D/YAPSMAD_Nuclear_Localization/251219_YAPSMAD_Early_D14_Male_#3/tifs,3535,11.772241013955012,0.7907082134627974,0.08494559352077341,3.528670915240167,3.0,28.518150873482227,52.3903261157684,25.02911448921077,0.002625872640537238,0.008067369412583373,0.014820460004460651,0.007080371849847459,0.006702997129446268,0.011828766083690944,0.004323661234028339
12,7,LPA_013_DAPI.1.tif,LPA_013_W647.1.tif,LPA_013_G488.1.tif,LPA_013_R555.1.tif,/Volumes/D/YAPSMAD_Nuclear_Localization/251219_YAPSMAD_Early_D14_Male_#3/tifs,/Volumes/D/YAPSMAD_Nuclear_Localization/251219_YAPSMAD_Early_D14_Male_#3/tifs,/Volumes/D/YAPSMAD_Nuclear_Localization/251219_YAPSMAD_Early_D14_Male_#3/tifs,/Volumes/D/YAPSMAD_Nuclear_Localization/251219_YAPSMAD_Early_D14_Male_#3/tifs,1548,7.495483996906551,0.9510538348084354,0.13341366620390469,3.0606510795160515,2.8284271247461903,18.614404663210735,32.76540791941807,13.684046835638583,0.0032164795978177696,0.012024809213960423,0.021166284185670587,0.008839823537234226,0.00843063971383198,0.017601985052785152,0.006488803054955996
12,8,LPA_013_DAPI.1.tif,LPA_013_W647.1.tif,LPA_013_G488.1.tif,LPA_013_R555.1.tif,/Volumes/D/YAPSMAD_Nuclear_Localization/251219_YAPSMAD_Early_D14_Male_#3/tifs,/Volumes/D/YAPSMAD_Nuclear_Localization/251219_YAPSMAD_Early_D14_Male_#3/tifs,/Volumes/D/YAPSMAD_Nuclear_Localization/251219_YAPSMAD_Early_D14_Male_#3/tifs,/Volumes/D/YAPSMAD_Nuclear_Localization/251219_YAPSMAD_Early_D14_Male_#3/tifs,1836,8.160832321922614,0.8061515787706668,0.12253652085384467,3.4205626322526976,3.0,10.896269320975989,25.044236117508262,18.65297945193015,0.0032891669545996294,0.005934787211860561,0.013640651480124326,0.010159574864885702,0.003186705557190658,0.007975093241025914,0.00743937422752387
12,9,LPA_013_DAPI.1.tif,LPA_013_W647.1.tif,LPA_013_G488.1.tif,LPA_013_R555.1.tif,/Volumes/D/YAPSMAD_Nuclear_Localization/251219_YAPSMAD_Early_D14_Male_#3/tifs,/Volumes/D/YAPSMAD_Nuclear_Localization/251219_YAPSMAD_Early_D14_Male_#3/tifs,/Volumes/D/YAPSMAD_Nuclear_Localization/251219_YAPSMAD_Early_D14_Male_#3/tifs,/Volumes/D/YAPSMAD_Nuclear_Localization/251219_YAPSMAD_Early_D14_Male_#3/tifs,1823,10.77841476793969,0.7148035451372853,0.09277802177129907,3.1561548949022074,2.23606797749979,21.410086350282654,34.221149154007435,13.1124133374542,0.0029318750034139024,0.01174442476702285,0.018771886535385317,0.007192766504363247,0.011254204000282849,0.01646004221317657,0.004878678392250288
12,10,LPA_013_DAPI.1.tif,LPA_013_W647.1.tif,LPA_013_G488.1.tif,LPA_013_R555.1.tif,/Volumes/D/YAPSMAD_Nuclear_Localization/251219_YAPSMAD_Early_D14_Male_#3/tifs,/Volumes/D/YAPSMAD_Nuclear_Localization/251219_YAPSMAD_Early_D14_Male_#3/tifs,/Volumes/D/YAPSMAD_Nuclear_Localization/251219_YAPSMAD_Early_D14_Male_#3/tifs,/Volumes/D/YAPSMAD_Nuclear_Localization/251219_YAPSMAD_Early_D14_Male_#3/tifs,3021,16.836963308684233,0.8599036536330122,0.059393132934144735,3.439153723718032,2.8284271247461903,25.147875434951857,49.51372575527057,28.452353998087347,0.0026250518243408428,0.00832435466234752,0.016389846327464604,0.009418190664709482,0.005984932769433864,0.01000827863559401,0.005096976234472177
12,11,LPA_013_DAPI.1.tif,LPA_013_W647.1.tif,LPA_013_G488.1.tif,LPA_013_R555.1.tif,/Volumes/D/YAPSMAD_Nuclear_Localization/251219_YAPSMAD_Early_D14_Male_#3/tifs,/Volumes/D/YAPSMAD_Nuclear_Localization/251219_YAPSMAD_Early_D14_Male_#3/tifs,/Volumes/D/YAPSMAD_Nuclear_Localization/251219_YAPSMAD_Early_D14_Male_#3/tifs,/Volumes/D/YAPSMAD_Nuclear_Localization/251219_YAPSMAD_Early_D14_Male_#3/tifs,1733,6.716103630770829,0.6403727657432711,0.1488958561357438,3.810266236940512,3.0,12.19850475830026,20.064561122562736,17.797436639666557,0.002880644480860644,0.007038952543739331,0.011577934865875786,0.010269726854972046,0.004042989032366204,0.006185742947063596,0.005544576783575881
12,12,LPA_013_DAPI.1.tif,LPA_013_W647.1.tif,LPA_013_G488.1.tif,LPA_013_R555.1.tif,/Volumes/D/YAPSMAD_Nuclear_Localization/251219_YAPSMAD_Early_D14_Male_#3/tifs,/Volumes/D/YAPSMAD_Nuclear_Localization/251219_YAPSMAD_Early_D14_Male_#3/tifs,/Volumes/D/YAPSMAD_Nuclear_Localization/251219_YAPSMAD_Early_D14_Male_#3/tifs,/Volumes/D/YAPSMAD_Nuclear_Localization/251219_YAPSMAD_Early_D14_Male_#3/tifs,1344,9.316721945370702,0.8739555965004555,0.10733388909356478,2.86100762704768,2.23606797749979,13.066392126493156,27.690669214818627,14.640451773069799,0.0037106558120285627,0.00972201795125979,0.020603176499121002,0.010893193283534077,0.006482161780495344,0.01508264169460218,0.006951569016317079
12,13,LPA_013_DAPI.1.tif,LPA_013_W647.1.tif,LPA_013_G488.1.tif,LPA_013_R555.1.tif,/Volumes/D/YAPSMAD_Nuclear_Localization/251219_YAPSMAD_Early_D14_Male_#3/tifs,/Volumes/D/YAPSMAD_Nuclear_Localization/251219_YAPSMAD_Early_D14_Male_#3/tifs,/Volumes/D/YAPSMAD_Nuclear_Localization/251219_YAPSMAD_Early_D14_Male_#3/tifs,/Volumes/D/YAPSMAD_Nuclear_Localization/251219_YAPSMAD_Early_D14_Male_#3/tifs,1255,3.7579158160395867,0.7094924282638263,0.2661049499118066,3.4987022881851093,3.1622776601683795,10.054078075569123,20.724055933067575,8.21615940425545,0.0030066352614027216,0.008011217590094918,0.016513191978539902,0.006546740561159721,0.004914095971113562,0.014278310411544428,0.003518289286633673
12,14,LPA_013_DAPI.1.tif,LPA_013_W647.1.tif,LPA_013_G488.1.tif,LPA_013_R555.1.tif,/Volumes/D/YAPSMAD_Nuclear_Localization/251219_YAPSMAD_Early_D14_Male_#3/tifs,/Volumes/D/YAPSMAD_Nuclear_Localization/251219_YAPSMAD_Early_D14_Male_#3/tifs,/Volumes/D/YAPSMAD_Nuclear_Localization/251219_YAPSMAD_Early_D14_Male_#3/tifs,/Volumes/D/YAPSMAD_Nuclear_Localization/251219_YAPSMAD_Early_D14_Male_#3/tifs,1808,15.595547450816088,0.8955085301951972,0.0641208654684111,2.7531632438508913,2.0,14.429923064308241,31.177859323564917,14.457038371590897,0.0032602908990945487,0.007981152137338628,0.017244391218785904,0.007996149541809125,0.00696091414872093,0.013685549535655806,0.005157454925690248
12,15,LPA_013_DAPI.1.tif,LPA_013_W647.1.tif,LPA_013_G488.1.tif,LPA_013_R555.1.tif,/Volumes/D/YAPSMAD_Nuclear_Localization/251219_YAPSMAD_Early_D14_Male_#3/tifs,/Volumes/D/YAPSMAD_Nuclear_Localization/251219_YAPSMAD_Early_D14_Male_#3/tifs,/Volumes/D/YAPSMAD_Nuclear_Localization/251219_YAPSMAD_Early_D14_Male_#3/tifs,/Volumes/D/YAPSMAD_Nuclear_Localization/251219_YAPSMAD_Early_D14_Male_#3/tifs,1173,8.240761920427664,0.5374125050715369,0.1213480027278963,2.6127890881413385,2.23606797749979,7.218066787114367,12.752269900869578,10.916426436975598,0.0037060430986395475,0.00615350962243339,0.010871500341747296,0.009306416399808694,0.0027528183615391664,0.00752728515833756,0.0065746031280313946
12,16,LPA_013_DAPI.1.tif,LPA_013_W647.1.tif,LPA_013_G488.1.tif,LPA_013_R555.1.tif,/Volumes/D/YAPSMAD_Nuclear_Localization/251219_YAPSMAD_Early_D14_Male_#3/tifs,/Volumes/D/YAPSMAD_Nuclear_Localization/251219_YAPSMAD_Early_D14_Male_#3/tifs,/Volumes/D/YAPSMAD_Nuclear_Localization/251219_YAPSMAD_Early_D14_Male_#3/tifs,/Volumes/D/YAPSMAD_Nuclear_Localization/251219_YAPSMAD_Early_D14_Male_#3/tifs,1248,4.096224533679136,0.5670481803901133,0.24412724248341502,3.4525624081132116,3.0,15.208163718692958,19.907423640135676,17.581674037268385,0.003936350824518833,0.012186028620747563,0.015951461250108715,0.014087879837554796,0.006292802283857683,0.009979704130819006,0.008418588324626245
12,17,LPA_013_DAPI.1.tif,LPA_013_W647.1.tif,LPA_013_G488.1.tif,LPA_013_R555.1.tif,/Volumes/D/YAPSMAD_Nuclear_Localization/251219_YAPSMAD_Early_D14_Male_#3/tifs,/Volumes/D/YAPSMAD_Nuclear_Localization/251219_YAPSMAD_Early_D14_Male_#3/tifs,/Volumes/D/YAPSMAD_Nuclear_Localization/251219_YAPSMAD_Early_D14_Male_#3/tifs,/Volumes/D/YAPSMAD_Nuclear_Localization/251219_YAPSMAD_Early_D14_Male_#3/tifs,1504,6.356638754470186,0.8581276611458681,0.15731584546892316,3.0850674570746253,2.8284271247461903,10.824292503297329,30.71020073397085,9.763592066941783,0.0034550828879335005,0.00719700299421365,0.02041901644545934,0.006491750044509164,0.0031538776928191287,0.01618760345256735,0.0040985026949037565
12,18,LPA_013_DAPI.1.tif,LPA_013_W647.1.tif,LPA_013_G488.1.tif,LPA_013_R555.1.tif,/Volumes/D/YAPSMAD_Nuclear_Localization/251219_YAPSMAD_Early_D14_Male_#3/tifs,/Volumes/D/YAPSMAD_Nuclear_Localization/251219_YAPSMAD_Early_D14_Male_#3/tifs,/Volumes/D/YAPSMAD_Nuclear_Localization/251219_YAPSMAD_Early_D14_Male_#3/tifs,/Volumes/D/YAPSMAD_Nuclear_Localization/251219_YAPSMAD_Early_D14_Male_#3/tifs,1670,4.840980713269551,0.8384699797722777,0.20656971370675214,3.6050194833013376,3.1622776601683795,12.198626853059977,21.09770368039608,8.464515247382224,0.0028588919798581453,0.007304566977880226,0.012633355497243162,0.005068572004420493,0.002858263356016483,0.008974517730961423,0.002777922453097481
12,19,LPA_013_DAPI.1.tif,LPA_013_W647.1.tif,LPA_013_G488.1.tif,LPA_013_R555.1.tif,/Volumes/D/YAPSMAD_Nuclear_Localization/251219_YAPSMAD_Early_D14_Male_#3/tifs,/Volumes/D/YAPSMAD_Nuclear_Localization/251219_YAPSMAD_Early_D14_Male_#3/tifs,/Volumes/D/YAPSMAD_Nuclear_Localization/251219_YAPSMAD_Early_D14_Male_#3/tifs,/Volumes/D/YAPSMAD_Nuclear_Localization/251219_YAPSMAD_Early_D14_Male_#3/tifs,1807,6.78006599989767,0.2762798796766174,0.14749118961601446,3.5169799333867804,3.0,17.423544868128374,29.013611247763038,14.41194796632044,0.0029425339196825643,0.009642249511969217,0.016056232013150547,0.007975621453414742,0.007346846151249114,0.011004953909409141,0.004768444395899139
12,20,LPA_013_DAPI.1.tif,LPA_013_W647.1.tif,LPA_013_G488.1.tif,LPA_013_R555.1.tif,/Volumes/D/YAPSMAD_Nuclear_Localization/251219_YAPSMAD_Early_D14_Male_#3/tifs,/Volumes/D/YAPSMAD_Nuclear_Localization/251219_YAPSMAD_Early_D14_Male_#3/tifs,/Volumes/D/YAPSMAD_Nuclear_Localization/251219_YAPSMAD_Early_D14_Male_#3/tifs,/Volumes/D/YAPSMAD_Nuclear_Localization/251219_YAPSMAD_Early_D14_Male_#3/tifs,1783,8.166538633603823,0.7273461696704463,0.12245089931800257,3.3808857975959796,2.8284271247461903,17.268452133983374,37.32359823351726,14.231372739886865,0.0031047359973910946,0.009685054477837001,0.02093303322126599,0.00798170091973464,0.007025619096035619,0.015899982999855233,0.004037160579811313
12,21,LPA_013_DAPI.1.tif,LPA_013_W647.1.tif,LPA_013_G488.1.tif,LPA_013_R555.1.tif,/Volumes/D/YAPSMAD_Nuclear_Localization/251219_YAPSMAD_Early_D14_Male_#3/tifs,/Volumes/D/YAPSMAD_Nuclear_Localization/251219_YAPSMAD_Early_D14_Male_#3/tifs,/Volumes/D/YAPSMAD_Nuclear_Localization/251219_YAPSMAD_Early_D14_Male_#3/tifs,/Volumes/D/YAPSMAD_Nuclear_Localization/251219_YAPSMAD_Early_D14_Male_#3/tifs,1115,4.496632846389145,0.43775964330801886,0.2223886259255107,3.462973831442051,2.8284271247461903,9.147860040189698,20.86575123667717,15.082017335342243,0.0038283996613938443,0.00820435878043919,0.01871367823917235,0.013526472946495286,0.0036512609448346367,0.010833429722636342,0.00738380748827789
12,22,LPA_013_DAPI.1.tif,LPA_013_W647.1.tif,LPA_013_G488.1.tif,LPA_013_R555.1.tif,/Volumes/D/YAPSMAD_Nuclear_Localization/251219_YAPSMAD_Early_D14_Male_#3/tifs,/Volumes/D/YAPSMAD_Nuclear_Localization/251219_YAPSMAD_Early_D14_Male_#3/tifs,/Volumes/D/YAPSMAD_Nuclear_Localization/251219_YAPSMAD_Early_D14_Male_#3/tifs,/Volumes/D/YAPSMAD_Nuclear_Localization/251219_YAPSMAD_Early_D14_Male_#3/tifs,918,7.0516361157404885,0.9553304975222302,0.1418110610908899,2.278073338940048,2.0,7.737422842299566,20.42008094349876,6.610559315420687,0.004085195893756558,0.00842856518769016,0.022244096888342876,0.007201045005904888,0.003926673484080388,0.01777396978259336,0.0038906620733425387
12,23,LPA_013_DAPI.1.tif,LPA_013_W647.1.tif,LPA_013_G488.1.tif,LPA_013_R555.1.tif,/Volumes/D/YAPSMAD_Nuclear_Localization/251219_YAPSMAD_Early_D14_Male_#3/tifs,/Volumes/D/YAPSMAD_Nuclear_Localization/251219_YAPSMAD_Early_D14_Male_#3/tifs,/Volumes/D/YAPSMAD_Nuclear_Localization/251219_YAPSMAD_Early_D14_Male_#3/tifs,/Volumes/D/YAPSMAD_Nuclear_Localization/251219_YAPSMAD_Early_D14_Male_#3/tifs,1717,11.373884694752421,0.7863177211441563,0.08792070843318563,2.934507773086164,2.23606797749979,11.008850381709635,24.75727489613928,13.846738515654579,0.0030170739016804277,0.006411677566516969,0.014418913742655375,0.008064495349827944,0.0032067449722702653,0.010727784413108087,0.0051185570951938495
12,24,LPA_013_DAPI.1.tif,LPA_013_W647.1.tif,LPA_013_G488.1.tif,LPA_013_R555.1.tif,/Volumes/D/YAPSMAD_Nuclear_Localization/251219_YAPSMAD_Early_D14_Male_#3/tifs,/Volumes/D/YAPSMAD_Nuclear_Localization/251219_YAPSMAD_Early_D14_Male_#3/tifs,/Volumes/D/YAPSMAD_Nuclear_Localization/251219_YAPSMAD_Early_D14_Male_#3/tifs,/Volumes/D/YAPSMAD_Nuclear_Localization/251219_YAPSMAD_Early_D14_Male_#3/tifs,865,4.123913803128647,0.4321290507862413,0.24248809449929346,2.8579390747583946,2.8284271247461903,9.691279562423006,12.037094737635925,4.237201542593539,0.0037126347072680907,0.011203791401645093,0.013915716459694711,0.004898498893171721,0.0059807843188213125,0.014846871905812227,0.003303941880783281
12,25,LPA_013_DAPI.1.tif,LPA_013_W647.1.tif,LPA_013_G488.1.tif,LPA_013_R555.1.tif,/Volumes/D/YAPSMAD_Nuclear_Localization/251219_YAPSMAD_Early_D14_Male_#3/tifs,/Volumes/D/YAPSMAD_Nuclear_Localization/251219_YAPSMAD_Early_D14_Male_#3/tifs,/Volumes/D/YAPSMAD_Nuclear_Localization/251219_YAPSMAD_Early_D14_Male_#3/tifs,/Volumes/D/YAPSMAD_Nuclear_Localization/251219_YAPSMAD_Early_D14_Male_#3/tifs,2186,9.200015094381378,0.9038108895383804,0.10869547383794172,3.3986675433323144,3.0,16.058442222885787,26.796261799987406,18.935423964401707,0.002798606540619209,0.007346039443223142,0.012258125251595337,0.008662133561025484,0.004599810612537786,0.007706399862561287,0.006361467782126465
12,26,LPA_013_DAPI.1.tif,LPA_013_W647.1.tif,LPA_013_G488.1.tif,LPA_013_R555.1.tif,/Volumes/D/YAPSMAD_Nuclear_Localization/251219_YAPSMAD_Early_D14_Male_#3/tifs,/Volumes/D/YAPSMAD_Nuclear_Localization/251219_YAPSMAD_Early_D14_Male_#3/tifs,/Volumes/D/YAPSMAD_Nuclear_Localization/251219_YAPSMAD_Early_D14_Male_#3/tifs,/Volumes/D/YAPSMAD_Nuclear_Localization/251219_YAPSMAD_Early_D14_Male_#3/tifs,2304,10.833305340094538,0.8765409952808041,0.09230793083058003,3.3745641559005954,2.8284271247461903,16.544350552372634,28.007355084177107,20.169100661529228,0.002387626314480763,0.0071807077050228445,0.012155970088618536,0.008753949939899839,0.003657017372617625,0.00766820515925953,0.005943446819598435
12,27,LPA_013_DAPI.1.tif,LPA_013_W647.1.tif,LPA_013_G488.1.tif,LPA_013_R555.1.tif,/Volumes/D/YAPSMAD_Nuclear_Localization/251219_YAPSMAD_Early_D14_Male_#3/tifs,/Volumes/D/YAPSMAD_Nuclear_Localization/251219_YAPSMAD_Early_D14_Male_#3/tifs,/Volumes/D/YAPSMAD_Nuclear_Localization/251219_YAPSMAD_Early_D14_Male_#3/tifs,/Volumes/D/YAPSMAD_Nuclear_Localization/251219_YAPSMAD_Early_D14_Male_#3/tifs,1884,6.347190581124105,0.6762172571954941,0.15755001952736344,4.008883487187357,3.1622776601683795,18.38069750275463,45.76472129812464,25.093370129354298,0.003273700051021519,0.009756208865581014,0.02429125334295363,0.013319198582459819,0.00825260918356534,0.016286994014604934,0.007997213734234286
12,28,LPA_013_DAPI.1.tif,LPA_013_W647.1.tif,LPA_013_G488.1.tif,LPA_013_R555.1.tif,/Volumes/D/YAPSMAD_Nuclear_Localization/251219_YAPSMAD_Early_D14_Male_#3/tifs,/Volumes/D/YAPSMAD_Nuclear_Localization/251219_YAPSMAD_Early_D14_Male_#3/tifs,/Volumes/D/YAPSMAD_Nuclear_Localization/251219_YAPSMAD_Early_D14_Male_#3/tifs,/Volumes/D/YAPSMAD_Nuclear_Localization/251219_YAPSMAD_Early_D14_Male_#3/tifs,2426,8.0250672051676,0.8137033162159644,0.12460954836067513,3.4855270007722643,3.0,34.62574220285751,45.72256069397554,30.433447983348742,0.0028819738740795534,0.014272770899776384,0.018846892289355127,0.012544702383903027,0.009130310797918003,0.013142031001110856,0.008461976293446595
12,29,LPA_013_DAPI.1.tif,LPA_013_W647.1.tif,LPA_013_G488.1.tif,LPA_013_R555.1.tif,/Volumes/D/YAPSMAD_Nuclear_Localization/251219_YAPSMAD_Early_D14_Male_#3/tifs,/Volumes/D/YAPSMAD_Nuclear_Localization/251219_YAPSMAD_Early_D14_Male_#3/tifs,/Volumes/D/YAPSMAD_Nuclear_Localization/251219_YAPSMAD_Early_D14_Male_#3/tifs,/Volumes/D/YAPSMAD_Nuclear_Localization/251219_YAPSMAD_Early_D14_Male_#3/tifs,1213,5.977985784756311,0.2607447542589991,0.16728042454533276,3.2282016988917346,2.8284271247461903,19.041565710911527,42.17840855708346,18.477866895962507,0.00394240042455003,0.015697910726225495,0.03477197737599626,0.015233196121980631,0.012383507623940486,0.02159130298905034,0.008433555233199524
12,30,LPA_013_DAPI.1.tif,LPA_013_W647.1.tif,LPA_013_G488.1.tif,LPA_013_R555.1.tif,/Volumes/D/YAPSMAD_Nuclear_Localization/251219_YAPSMAD_Early_D14_Male_#3/tifs,/Volumes/D/YAPSMAD_Nuclear_Localization/251219_YAPSMAD_Early_D14_Male_#3/tifs,/Volumes/D/YAPSMAD_Nuclear_Localization/251219_YAPSMAD_Early_D14_Male_#3/tifs,/Volumes/D/YAPSMAD_Nuclear_Localization/251219_YAPSMAD_Early_D14_Male_#3/tifs,1546,5.760515041632523,0.6238699758222709,0.17359558872301828,3.302843602105128,3.0,16.047043703263626,35.900816436856985,20.63094542338513,0.0031703134952293754,0.010379717789950598,0.023221744137682396,0.013344725370883007,0.006309444861747361,0.015532120751904379,0.008647081271621015
12,31,LPA_013_DAPI.1.tif,LPA_013_W647.1.tif,LPA_013_G488.1.tif,LPA_013_R555.1.tif,/Volumes/D/YAPSMAD_Nuclear_Localization/251219_YAPSMAD_Early_D14_Male_#3/tifs,/Volumes/D/YAPSMAD_Nuclear_Localization/251219_YAPSMAD_Early_D14_Male_#3/tifs,/Volumes/D/YAPSMAD_Nuclear_Localization/251219_YAPSMAD_Early_D14_Male_#3/tifs,/Volumes/D/YAPSMAD_Nuclear_Localization/251219_YAPSMAD_Early_D14_Male_#3/tifs,2828,9.095278080930633,0.9264090498501112,0.1099471606147615,3.8807540847163025,3.0,24.582605008035898,44.81268058018759,24.071336190914735,0.0026319600644856005,0.008692576028301237,0.015846068097661807,0.008511787903435196,0.005342858537640336,0.012848816632151113,0.005312481132337365
12,32,LPA_013_DAPI.1.tif,LPA_013_W647.1.tif,LPA_013_G488.1.tif,LPA_013_R555.1.tif,/Volumes/D/YAPSMAD_Nuclear_Localization/251219_YAPSMAD_Early_D14_Male_#3/tifs,/Volumes/D/YAPSMAD_Nuclear_Localization/251219_YAPSMAD_Early_D14_Male_#3/tifs,/Volumes/D/YAPSMAD_Nuclear_Localization/251219_YAPSMAD_Early_D14_Male_#3/tifs,/Volumes/D/YAPSMAD_Nuclear_Localization/251219_YAPSMAD_Early_D14_Male_#3/tifs,990,3.694216664728387,0.36652404667052496,0.27069338123770387,3.0716260099867516,3.0,9.99740606546402,16.831998240202665,10.40488296514377,0.004109485818995068,0.010098389965115171,0.017002018424447138,0.010509982793074515,0.005634799336120715,0.011373625269815096,0.006413057674548487
12,33,LPA_013_DAPI.1.tif,LPA_013_W647.1.tif,LPA_013_G488.1.tif,LPA_013_R555.1.tif,/Volumes/D/YAPSMAD_Nuclear_Localization/251219_YAPSMAD_Early_D14_Male_#3/tifs,/Volumes/D/YAPSMAD_Nuclear_Localization/251219_YAPSMAD_Early_D14_Male_#3/tifs,/Volumes/D/YAPSMAD_Nuclear_Localization/251219_YAPSMAD_Early_D14_Male_#3/tifs,/Volumes/D/YAPSMAD_Nuclear_Localization/251219_YAPSMAD_Early_D14_Male_#3/tifs,57,4.568937829143579,0.6579070121954324,0.2188692508839509,1.0,1.0,0.028366521699354053,0.42092012520879507,0.1331807430833578,0.019084217909135316,0.0004976582754272641,0.0073845636001543,0.0023365042646203123,0.00011179313100044148,0.00251644507995133,0.00026752111062248464
12,34,LPA_013_DAPI.1.tif,LPA_013_W647.1.tif,LPA_013_G488.1.tif,LPA_013_R555.1.tif,/Volumes/D/YAPSMAD_Nuclear_Localization/251219_YAPSMAD_Early_D14_Male_#3/tifs,/Volumes/D/YAPSMAD_Nuclear_Localization/251219_YAPSMAD_Early_D14_Male_#3/tifs,/Volumes/D/YAPSMAD_Nuclear_Localization/251219_YAPSMAD_Early_D14_Male_#3/tifs,/Volumes/D/YAPSMAD_Nuclear_Localization/251219_YAPSMAD_Early_D14_Male_#3/tifs,3201,5.284989698881908,0.7692165687207828,0.18921512755484837,4.6037246549054744,4.242640687119285,16.70731689524837,34.28670213371515,13.950332010164857,0.002829778705854801,0.005219405465557128,0.01071124715205097,0.004358116841663498,0.0033876528659270455,0.007137145295326848,0.0028993369364213937
12,35,LPA_013_DAPI.1.tif,LPA_013_W647.1.tif,LPA_013_G488.1.tif,LPA_013_R555.1.tif,/Volumes/D/YAPSMAD_Nuclear_Localization/251219_YAPSMAD_Early_D14_Male_#3/tifs,/Volumes/D/YAPSMAD_Nuclear_Localization/251219_YAPSMAD_Early_D14_Male_#3/tifs,/Volumes/D/YAPSMAD_Nuclear_Localization/251219_YAPSMAD_Early_D14_Male_#3/tifs,/Volumes/D/YAPSMAD_Nuclear_Localization/251219_YAPSMAD_Early_D14_Male_#3/tifs,1799,10.704259606550854,0.7110258778662905,0.09342075367716365,3.006475165167554,2.23606797749979,13.439688860438764,24.49512491025962,11.162890145089477,0.002749685938234517,0.007470644169226662,0.013615967154118743,0.006205052887765135,0.005766680549767822,0.01100152549137792,0.004995541420628301
12,36,LPA_013_DAPI.1.tif,LPA_013_W647.1.tif,LPA_013_G488.1.tif,LPA_013_R555.1.tif,/Volumes/D/YAPSMAD_Nuclear_Localization/251219_YAPSMAD_Early_D14_Male_#3/tifs,/Volumes/D/YAPSMAD_Nuclear_Localization/251219_YAPSMAD_Early_D14_Male_#3/tifs,/Volumes/D/YAPSMAD_Nuclear_Localization/251219_YAPSMAD_Early_D14_Male_#3/tifs,/Volumes/D/YAPSMAD_Nuclear_Localization/251219_YAPSMAD_Early_D14_Male_#3/tifs,1411,2.62786519720821,0.2886552261244319,0.38053702338399226,4.132292984990414,4.0,23.56134904595092,34.40225844923407,19.217563265701756,0.003466079811533236,0.01669833383837769,0.02438147303276688,0.0136198180479814,0.009492584744803575,0.013099959428687283,0.006310830876745623
12,37,LPA_013_DAPI.1.tif,LPA_013_W647.1.tif,LPA_013_G488.1.tif,LPA_013_R555.1.tif,/Volumes/D/YAPSMAD_Nuclear_Localization/251219_YAPSMAD_Early_D14_Male_#3/tifs,/Volumes/D/YAPSMAD_Nuclear_Localization/251219_YAPSMAD_Early_D14_Male_#3/tifs,/Volumes/D/YAPSMAD_Nuclear_Localization/251219_YAPSMAD_Early_D14_Male_#3/tifs,/Volumes/D/YAPSMAD_Nuclear_Localization/251219_YAPSMAD_Early_D14_Male_#3/tifs,170,4.604357247090839,0.8628048831716976,0.2171855801657936,1.595453186874353,1.0,0.8997177225537598,2.700129710137844,1.1057908148504794,0.008365624173379996,0.005292457191492705,0.015883115941987318,0.006504651852061644,0.004241789046163885,0.01046181952871538,0.00469373668705495
12,38,LPA_013_DAPI.1.tif,LPA_013_W647.1.tif,LPA_013_G488.1.tif,LPA_013_R555.1.tif,/Volumes/D/YAPSMAD_Nuclear_Localization/251219_YAPSMAD_Early_D14_Male_#3/tifs,/Volumes/D/YAPSMAD_Nuclear_Localization/251219_YAPSMAD_Early_D14_Male_#3/tifs,/Volumes/D/YAPSMAD_Nuclear_Localization/251219_YAPSMAD_Early_D14_Male_#3/tifs,/Volumes/D/YAPSMAD_Nuclear_Localization/251219_YAPSMAD_Early_D14_Male_#3/tifs,855,4.957353354153343,0.7326766042074623,0.2017205408934962,3.0344117787607443,2.8284271247461903,7.177233591675758,21.399725382216275,10.451163600897416,0.0045544165096719534,0.00839442525342194,0.02502891857569155,0.012223583158944347,0.0082329706041054,0.012107252012241538,0.00611392902988544
12,39,LPA_013_DAPI.1.tif,LPA_013_W647.1.tif,LPA_013_G488.1.tif,LPA_013_R555.1.tif,/Volumes/D/YAPSMAD_Nuclear_Localization/251219_YAPSMAD_Early_D14_Male_#3/tifs,/Volumes/D/YAPSMAD_Nuclear_Localization/251219_YAPSMAD_Early_D14_Male_#3/tifs,/Volumes/D/YAPSMAD_Nuclear_Localization/251219_YAPSMAD_Early_D14_Male_#3/tifs,/Volumes/D/YAPSMAD_Nuclear_Localization/251219_YAPSMAD_Early_D14_Male_#3/tifs,2271,11.423616642978685,0.708365161975535,0.08753795153084304,3.647960319044212,2.8284271247461903,22.02372797136195,71.95443672174588,21.98628237261437,0.002572290798446606,0.009697810643488309,0.03168403202190483,0.00968132204870734,0.007232435945106295,0.019458757643179305,0.005298566944140806
12,40,LPA_013_DAPI.1.tif,LPA_013_W647.1.tif,LPA_013_G488.1.tif,LPA_013_R555.1.tif,/Volumes/D/YAPSMAD_Nuclear_Localization/251219_YAPSMAD_Early_D14_Male_#3/tifs,/Volumes/D/YAPSMAD_Nuclear_Localization/251219_YAPSMAD_Early_D14_Male_#3/tifs,/Volumes/D/YAPSMAD_Nuclear_Localization/251219_YAPSMAD_Early_D14_Male_#3/tifs,/Volumes/D/YAPSMAD_Nuclear_Localization/251219_YAPSMAD_Early_D14_Male_#3/tifs,1483,10.481316169694864,0.7332934869530078,0.09540786517740475,2.9763535402099315,2.23606797749979,10.243518847506493,29.371725159697235,13.378378072055057,0.003173773670575342,0.006907295244441331,0.019805613728723692,0.00902115851116322,0.004864575813094094,0.01680416314605828,0.00604175918877654
12,41,LPA_013_DAPI.1.tif,LPA_013_W647.1.tif,LPA_013_G488.1.tif,LPA_013_R555.1.tif,/Volumes/D/YAPSMAD_Nuclear_Localization/251219_YAPSMAD_Early_D14_Male_#3/tifs,/Volumes/D/YAPSMAD_Nuclear_Localization/251219_YAPSMAD_Early_D14_Male_#3/tifs,/Volumes/D/YAPSMAD_Nuclear_Localization/251219_YAPSMAD_Early_D14_Male_#3/tifs,/Volumes/D/YAPSMAD_Nuclear_Localization/251219_YAPSMAD_Early_D14_Male_#3/tifs,582,8.28603270498026,0.8400558551094908,0.12068501725789196,1.8398115896552174,1.4142135623730951,2.418234566692263,8.728175825672224,2.1810941041912884,0.004621962995886086,0.0041550422108114484,0.014996865679849182,0.003747584371462695,0.0015630525316834344,0.012204888358473987,0.0025048011164429795
12,42,LPA_013_DAPI.1.tif,LPA_013_W647.1.tif,LPA_013_G488.1.tif,LPA_013_R555.1.tif,/Volumes/D/YAPSMAD_Nuclear_Localization/251219_YAPSMAD_Early_D14_Male_#3/tifs,/Volumes/D/YAPSMAD_Nuclear_Localization/251219_YAPSMAD_Early_D14_Male_#3/tifs,/Volumes/D/YAPSMAD_Nuclear_Localization/251219_YAPSMAD_Early_D14_Male_#3/tifs,/Volumes/D/YAPSMAD_Nuclear_Localization/251219_YAPSMAD_Early_D14_Male_#3/tifs,688,7.426194507833156,0.7572263161282851,0.13465847129982916,2.047120890295421,2.0,2.7685054156463593,10.054459499195218,2.5770504565443844,0.004117407543289605,0.004023990429718545,0.014614039969760491,0.0037457128728842796,0.0015219860961678319,0.013569843814916804,0.002371874472307879
12,43,LPA_013_DAPI.1.tif,LPA_013_W647.1.tif,LPA_013_G488.1.tif,LPA_013_R555.1.tif,/Volumes/D/YAPSMAD_Nuclear_Localization/251219_YAPSMAD_Early_D14_Male_#3/tifs,/Volumes/D/YAPSMAD_Nuclear_Localization/251219_YAPSMAD_Early_D14_Male_#3/tifs,/Volumes/D/YAPSMAD_Nuclear_Localization/251219_YAPSMAD_Early_D14_Male_#3/tifs,/Volumes/D/YAPSMAD_Nuclear_Localization/251219_YAPSMAD_Early_D14_Male_#3/tifs,3845,7.690274927119085,0.5331720360128601,0.1300343628123862,4.438297330600607,4.0,50.89425541344099,52.72785577131435,37.33020558580756,0.0028929240406358856,0.013236477350699867,0.01371335650749398,0.009708766082134607,0.0068518368536291145,0.008223460109638455,0.005570205157422387
12,44,LPA_013_DAPI.1.tif,LPA_013_W647.1.tif,LPA_013_G488.1.tif,LPA_013_R555.1.tif,/Volumes/D/YAPSMAD_Nuclear_Localization/251219_YAPSMAD_Early_D14_Male_#3/tifs,/Volumes/D/YAPSMAD_Nuclear_Localization/251219_YAPSMAD_Early_D14_Male_#3/tifs,/Volumes/D/YAPSMAD_Nuclear_Localization/251219_YAPSMAD_Early_D14_Male_#3/tifs,/Volumes/D/YAPSMAD_Nuclear_Localization/251219_YAPSMAD_Early_D14_Male_#3/tifs,839,6.066353189036216,0.5048636993908063,0.16484368266050028,2.5197273133228224,2.23606797749979,3.828183445846662,11.11818122304976,3.644846318522468,0.0038526211354628437,0.004562793141652755,0.01325170586775895,0.004344274515521416,0.0033050054863780812,0.006728956991559717,0.0016363394935419728
12,45,LPA_013_DAPI.1.tif,LPA_013_W647.1.tif,LPA_013_G488.1.tif,LPA_013_R555.1.tif,/Volumes/D/YAPSMAD_Nuclear_Localization/251219_YAPSMAD_Early_D14_Male_#3/tifs,/Volumes/D/YAPSMAD_Nuclear_Localization/251219_YAPSMAD_Early_D14_Male_#3/tifs,/Volumes/D/YAPSMAD_Nuclear_Localization/251219_YAPSMAD_Early_D14_Male_#3/tifs,/Volumes/D/YAPSMAD_Nuclear_Localization/251219_YAPSMAD_Early_D14_Male_#3/tifs,1258,7.60977863018512,0.9156685469881335,0.13140986730328494,2.6095153193263987,2.23606797749979,9.219180682906881,20.828992252703756,6.135072934674099,0.003643898107740726,0.007328442514234404,0.01655722754586944,0.004876846529947614,0.005516850080690577,0.014945628617701165,0.0032590261231121853
13,1,FasTGFb_014_DAPI.1.1.tif,FasTGFb_014_W647.1.1.tif,FasTGFb_014_G488.1.1.tif,FasTGFb_014_R555.1.1.tif,/Volumes/D/YAPSMAD_Nuclear_Localization/251219_YAPSMAD_Early_D14_Male_#3/tifs,/Volumes/D/YAPSMAD_Nuclear_Localization/251219_YAPSMAD_Early_D14_Male_#3/tifs,/Volumes/D/YAPSMAD_Nuclear_Localization/251219_YAPSMAD_Early_D14_Male_#3/tifs,/Volumes/D/YAPSMAD_Nuclear_Localization/251219_YAPSMAD_Early_D14_Male_#3/tifs,1660,5.3098297947879525,0.7176114530229989,0.188329953811624,3.6164006424436357,3.1622776601683795,9.106065579224378,27.690516692120582,8.432959572412074,0.002399150287053626,0.005485581674231553,0.016681034151879867,0.005080096127959081,0.004077804466392747,0.015064111701317748,0.003653279784488695
13,2,FasTGFb_014_DAPI.1.1.tif,FasTGFb_014_W647.1.1.tif,FasTGFb_014_G488.1.1.tif,FasTGFb_014_R555.1.1.tif,/Volumes/D/YAPSMAD_Nuclear_Localization/251219_YAPSMAD_Early_D14_Male_#3/tifs,/Volumes/D/YAPSMAD_Nuclear_Localization/251219_YAPSMAD_Early_D14_Male_#3/tifs,/Volumes/D/YAPSMAD_Nuclear_Localization/251219_YAPSMAD_Early_D14_Male_#3/tifs,/Volumes/D/YAPSMAD_Nuclear_Localization/251219_YAPSMAD_Early_D14_Male_#3/tifs,1639,8.685817996988892,0.4618459197203473,0.11513020424175012,3.207004430307944,2.8284271247461903,5.055878580082208,20.855069953249767,10.537621211726218,0.0029827431257691433,0.0030847337279330126,0.012724264767083446,0.006429299091962305,0.0013913000086584683,0.009285347590058553,0.0048312734276719
13,3,FasTGFb_014_DAPI.1.1.tif,FasTGFb_014_W647.1.1.tif,FasTGFb_014_G488.1.1.tif,FasTGFb_014_R555.1.1.tif,/Volumes/D/YAPSMAD_Nuclear_Localization/251219_YAPSMAD_Early_D14_Male_#3/tifs,/Volumes/D/YAPSMAD_Nuclear_Localization/251219_YAPSMAD_Early_D14_Male_#3/tifs,/Volumes/D/YAPSMAD_Nuclear_Localization/251219_YAPSMAD_Early_D14_Male_#3/tifs,/Volumes/D/YAPSMAD_Nuclear_Localization/251219_YAPSMAD_Early_D14_Male_#3/tifs,1735,11.269590604373413,0.8136491829860916,0.08873436800906752,3.124244448917207,2.23606797749979,7.4742962589953095,26.82453667721711,12.64129102206789,0.0022919138892143107,0.004307951734291245,0.015460828056032917,0.007286046698598207,0.0029278270558829667,0.01491444031010141,0.006569584558964808
13,4,FasTGFb_014_DAPI.1.1.tif,FasTGFb_014_W647.1.1.tif,FasTGFb_014_G488.1.1.tif,FasTGFb_014_R555.1.1.tif,/Volumes/D/YAPSMAD_Nuclear_Localization/251219_YAPSMAD_Early_D14_Male_#3/tifs,/Volumes/D/YAPSMAD_Nuclear_Localization/251219_YAPSMAD_Early_D14_Male_#3/tifs,/Volumes/D/YAPSMAD_Nuclear_Localization/251219_YAPSMAD_Early_D14_Male_#3/tifs,/Volumes/D/YAPSMAD_Nuclear_Localization/251219_YAPSMAD_Early_D14_Male_#3/tifs,1812,6.3988649057472,0.7290278725642165,0.15627771717790773,4.0214912839506,3.1622776601683795,11.576760625233874,25.93617165996693,15.780239708721638,0.002943071230005259,0.0063889407424028,0.014313560518745546,0.008708741561104657,0.00488719844317723,0.011782560710793965,0.007150973258307693
13,5,FasTGFb_014_DAPI.1.1.tif,FasTGFb_014_W647.1.1.tif,FasTGFb_014_G488.1.1.tif,FasTGFb_014_R555.1.1.tif,/Volumes/D/YAPSMAD_Nuclear_Localization/251219_YAPSMAD_Early_D14_Male_#3/tifs,/Volumes/D/YAPSMAD_Nuclear_Localization/251219_YAPSMAD_Early_D14_Male_#3/tifs,/Volumes/D/YAPSMAD_Nuclear_Localization/251219_YAPSMAD_Early_D14_Male_#3/tifs,/Volumes/D/YAPSMAD_Nuclear_Localization/251219_YAPSMAD_Early_D14_Male_#3/tifs,2543,14.46234232626114,0.7569809146822081,0.06914509264409895,3.0498061598978135,2.23606797749979,13.344014810863882,34.95606952533126,13.75140012986958,0.0019027814376188096,0.00524735147890833,0.013745996667452324,0.005407550188702155,0.003717442130907478,0.013768358383423563,0.004790029960379118
13,6,FasTGFb_014_DAPI.1.1.tif,FasTGFb_014_W647.1.1.tif,FasTGFb_014_G488.1.1.tif,FasTGFb_014_R555.1.1.tif,/Volumes/D/YAPSMAD_Nuclear_Localization/251219_YAPSMAD_Early_D14_Male_#3/tifs,/Volumes/D/YAPSMAD_Nuclear_Localization/251219_YAPSMAD_Early_D14_Male_#3/tifs,/Volumes/D/YAPSMAD_Nuclear_Localization/251219_YAPSMAD_Early_D14_Male_#3/tifs,/Volumes/D/YAPSMAD_Nuclear_Localization/251219_YAPSMAD_Early_D14_Male_#3/tifs,2069,7.102256854774769,0.8792140324442076,0.14080031466726114,3.895469863767574,3.1622776601683795,11.273258685367182,37.270267977844924,13.885938957333565,0.0017100503435696004,0.005448650887079353,0.01801366262824791,0.006711425305622796,0.004781799867350565,0.01619027918429235,0.005548382717263989
13,7,FasTGFb_014_DAPI.1.1.tif,FasTGFb_014_W647.1.1.tif,FasTGFb_014_G488.1.1.tif,FasTGFb_014_R555.1.1.tif,/Volumes/D/YAPSMAD_Nuclear_Localization/251219_YAPSMAD_Early_D14_Male_#3/tifs,/Volumes/D/YAPSMAD_Nuclear_Localization/251219_YAPSMAD_Early_D14_Male_#3/tifs,/Volumes/D/YAPSMAD_Nuclear_Localization/251219_YAPSMAD_Early_D14_Male_#3/tifs,/Volumes/D/YAPSMAD_Nuclear_Localization/251219_YAPSMAD_Early_D14_Male_#3/tifs,3157,10.697848442444215,0.6242303280036527,0.09347674024175301,4.054575356032079,3.1622776601683795,16.955047129886225,53.65148422168568,21.596597420051694,0.0019240432819643606,0.005370619933445114,0.016994451764867177,0.006840860760231769,0.003241896023803879,0.012825483636973046,0.005650207915521564
13,8,FasTGFb_014_DAPI.1.1.tif,FasTGFb_014_W647.1.1.tif,FasTGFb_014_G488.1.1.tif,FasTGFb_014_R555.1.1.tif,/Volumes/D/YAPSMAD_Nuclear_Localization/251219_YAPSMAD_Early_D14_Male_#3/tifs,/Volumes/D/YAPSMAD_Nuclear_Localization/251219_YAPSMAD_Early_D14_Male_#3/tifs,/Volumes/D/YAPSMAD_Nuclear_Localization/251219_YAPSMAD_Early_D14_Male_#3/tifs,/Volumes/D/YAPSMAD_Nuclear_Localization/251219_YAPSMAD_Early_D14_Male_#3/tifs,734,9.516920975552534,0.9492044254859912,0.10507600121602796,2.154642804159537,2.0,6.313817099435255,14.49225614243187,5.250003858702257,0.003234309792373969,0.008601930653181546,0.019744218177700095,0.007152593812945854,0.00707974883980085,0.015883732381280203,0.006000759250406295
13,9,FasTGFb_014_DAPI.1.1.tif,FasTGFb_014_W647.1.1.tif,FasTGFb_014_G488.1.1.tif,FasTGFb_014_R555.1.1.tif,/Volumes/D/YAPSMAD_Nuclear_Localization/251219_YAPSMAD_Early_D14_Male_#3/tifs,/Volumes/D/YAPSMAD_Nuclear_Localization/251219_YAPSMAD_Early_D14_Male_#3/tifs,/Volumes/D/YAPSMAD_Nuclear_Localization/251219_YAPSMAD_Early_D14_Male_#3/tifs,/Volumes/D/YAPSMAD_Nuclear_Localization/251219_YAPSMAD_Early_D14_Male_#3/tifs,200,7.323550701404401,0.90159606420784,0.1365457877977461,1.2816076170040533,1.0,0.6619974114000797,3.6985885477624834,1.3941710689105093,0.010189288217807188,0.0033099870570003987,0.018492942738812416,0.006970855344552547,0.002871027635640912,0.010714754744254297,0.003917534439965273
13,10,FasTGFb_014_DAPI.1.1.tif,FasTGFb_014_W647.1.1.tif,FasTGFb_014_G488.1.1.tif,FasTGFb_014_R555.1.1.tif,/Volumes/D/YAPSMAD_Nuclear_Localization/251219_YAPSMAD_Early_D14_Male_#3/tifs,/Volumes/D/YAPSMAD_Nuclear_Localization/251219_YAPSMAD_Early_D14_Male_#3/tifs,/Volumes/D/YAPSMAD_Nuclear_Localization/251219_YAPSMAD_Early_D14_Male_#3/tifs,/Volumes/D/YAPSMAD_Nuclear_Localization/251219_YAPSMAD_Early_D14_Male_#3/tifs,2549,7.095210603946739,0.9063918360585916,0.1409401434037414,4.0804408832058785,3.605551275463989,20.999206761596724,43.04777627578005,22.979308946058154,0.0022656085806697455,0.008238213715808837,0.01688810367821893,0.009015029009830582,0.004483031334614506,0.013904231923730461,0.006394524745628356
13,11,FasTGFb_014_DAPI.1.1.tif,FasTGFb_014_W647.1.1.tif,FasTGFb_014_G488.1.1.tif,FasTGFb_014_R555.1.1.tif,/Volumes/D/YAPSMAD_Nuclear_Localization/251219_YAPSMAD_Early_D14_Male_#3/tifs,/Volumes/D/YAPSMAD_Nuclear_Localization/251219_YAPSMAD_Early_D14_Male_#3/tifs,/Volumes/D/YAPSMAD_Nuclear_Localization/251219_YAPSMAD_Early_D14_Male_#3/tifs,/Volumes/D/YAPSMAD_Nuclear_Localization/251219_YAPSMAD_Early_D14_Male_#3/tifs,1291,2.600034032466895,0.7453278846800641,0.38461035029268703,3.992240867825415,3.605551275463989,11.630487647140399,25.288716027513146,11.948485654545948,0.003165567435337177,0.00900889825494996,0.019588470974061307,0.00925521739314171,0.004603123344976636,0.012757908197904178,0.005164983975492558
13,12,FasTGFb_014_DAPI.1.1.tif,FasTGFb_014_W647.1.1.tif,FasTGFb_014_G488.1.1.tif,FasTGFb_014_R555.1.1.tif,/Volumes/D/YAPSMAD_Nuclear_Localization/251219_YAPSMAD_Early_D14_Male_#3/tifs,/Volumes/D/YAPSMAD_Nuclear_Localization/251219_YAPSMAD_Early_D14_Male_#3/tifs,/Volumes/D/YAPSMAD_Nuclear_Localization/251219_YAPSMAD_Early_D14_Male_#3/tifs,/Volumes/D/YAPSMAD_Nuclear_Localization/251219_YAPSMAD_Early_D14_Male_#3/tifs,1696,2.054204643651474,0.4867543879540715,0.4868064158507787,5.660825756926268,4.47213595499958,15.253833941649646,47.19290470471606,31.703700464451686,0.0030205216027306444,0.008994005861821724,0.027826005132497673,0.018693219613473873,0.008590002493857569,0.018485783361878286,0.009514189285077081
13,13,FasTGFb_014_DAPI.1.1.tif,FasTGFb_014_W647.1.1.tif,FasTGFb_014_G488.1.1.tif,FasTGFb_014_R555.1.1.tif,/Volumes/D/YAPSMAD_Nuclear_Localization/251219_YAPSMAD_Early_D14_Male_#3/tifs,/Volumes/D/YAPSMAD_Nuclear_Localization/251219_YAPSMAD_Early_D14_Male_#3/tifs,/Volumes/D/YAPSMAD_Nuclear_Localization/251219_YAPSMAD_Early_D14_Male_#3/tifs,/Volumes/D/YAPSMAD_Nuclear_Localization/251219_YAPSMAD_Early_D14_Male_#3/tifs,2079,13.270333548752786,0.7644653401036778,0.07535605614781138,2.9935219614471498,2.23606797749979,11.574426009319723,32.92407128121704,14.581994464388117,0.0022452927902098987,0.005567304477787264,0.015836494122759517,0.007013946351317035,0.004094528395258191,0.01435122893647369,0.006540825254011332
13,14,FasTGFb_014_DAPI.1.1.tif,FasTGFb_014_W647.1.1.tif,FasTGFb_014_G488.1.1.tif,FasTGFb_014_R555.1.1.tif,/Volumes/D/YAPSMAD_Nuclear_Localization/251219_YAPSMAD_Early_D14_Male_#3/tifs,/Volumes/D/YAPSMAD_Nuclear_Localization/251219_YAPSMAD_Early_D14_Male_#3/tifs,/Volumes/D/YAPSMAD_Nuclear_Localization/251219_YAPSMAD_Early_D14_Male_#3/tifs,/Volumes/D/YAPSMAD_Nuclear_Localization/251219_YAPSMAD_Early_D14_Male_#3/tifs,2687,11.865901319220374,0.9436474077867381,0.08427509829196043,3.775359143436672,3.0,21.73685836675577,42.37073345342651,26.46244012610987,0.0022946286659374427,0.008089638394773268,0.01576878803625847,0.009848321595128348,0.006848037883519438,0.011295154627311357,0.008030676764389368
13,15,FasTGFb_014_DAPI.1.1.tif,FasTGFb_014_W647.1.1.tif,FasTGFb_014_G488.1.1.tif,FasTGFb_014_R555.1.1.tif,/Volumes/D/YAPSMAD_Nuclear_Localization/251219_YAPSMAD_Early_D14_Male_#3/tifs,/Volumes/D/YAPSMAD_Nuclear_Localization/251219_YAPSMAD_Early_D14_Male_#3/tifs,/Volumes/D/YAPSMAD_Nuclear_Localization/251219_YAPSMAD_Early_D14_Male_#3/tifs,/Volumes/D/YAPSMAD_Nuclear_Localization/251219_YAPSMAD_Early_D14_Male_#3/tifs,2260,8.401900634067962,0.9406282456177103,0.11902068871717046,3.6323468393690987,3.0,13.296437190612778,26.984573388006538,16.188876304309815,0.002827793852615673,0.00588337928788176,0.011940076720356876,0.007163219603676909,0.004042400470990744,0.008921838154256926,0.0057625285924017946
13,16,FasTGFb_014_DAPI.1.1.tif,FasTGFb_014_W647.1.1.tif,FasTGFb_014_G488.1.1.tif,FasTGFb_014_R555.1.1.tif,/Volumes/D/YAPSMAD_Nuclear_Localization/251219_YAPSMAD_Early_D14_Male_#3/tifs,/Volumes/D/YAPSMAD_Nuclear_Localization/251219_YAPSMAD_Early_D14_Male_#3/tifs,/Volumes/D/YAPSMAD_Nuclear_Localization/251219_YAPSMAD_Early_D14_Male_#3/tifs,/Volumes/D/YAPSMAD_Nuclear_Localization/251219_YAPSMAD_Early_D14_Male_#3/tifs,1649,4.588367535748156,0.8757724978639956,0.21794243643495423,4.207822840929969,3.605551275463989,14.130708925891668,26.539162438828498,17.823621068848297,0.0026308996787858395,0.0085692595063018,0.01609409486890752,0.010808745341933473,0.005701768562195306,0.01283933261927599,0.008091994062020241
13,17,FasTGFb_014_DAPI.1.1.tif,FasTGFb_014_W647.1.1.tif,FasTGFb_014_G488.1.1.tif,FasTGFb_014_R555.1.1.tif,/Volumes/D/YAPSMAD_Nuclear_Localization/251219_YAPSMAD_Early_D14_Male_#3/tifs,/Volumes/D/YAPSMAD_Nuclear_Localization/251219_YAPSMAD_Early_D14_Male_#3/tifs,/Volumes/D/YAPSMAD_Nuclear_Localization/251219_YAPSMAD_Early_D14_Male_#3/tifs,/Volumes/D/YAPSMAD_Nuclear_Localization/251219_YAPSMAD_Early_D14_Male_#3/tifs,2194,6.806508708717475,0.7878233510760985,0.14691819885857846,4.5887451095842735,3.605551275463989,11.863737086765468,38.14460988645442,18.803372407332063,0.002088190898457975,0.005407355098799211,0.017385875062194356,0.008570361170160466,0.0032014155409273897,0.01581744391870917,0.006755129608551834
13,18,FasTGFb_014_DAPI.1.1.tif,FasTGFb_014_W647.1.1.tif,FasTGFb_014_G488.1.1.tif,FasTGFb_014_R555.1.1.tif,/Volumes/D/YAPSMAD_Nuclear_Localization/251219_YAPSMAD_Early_D14_Male_#3/tifs,/Volumes/D/YAPSMAD_Nuclear_Localization/251219_YAPSMAD_Early_D14_Male_#3/tifs,/Volumes/D/YAPSMAD_Nuclear_Localization/251219_YAPSMAD_Early_D14_Male_#3/tifs,/Volumes/D/YAPSMAD_Nuclear_Localization/251219_YAPSMAD_Early_D14_Male_#3/tifs,1016,5.406451957389752,0.674360535363381,0.18496418869183892,2.829870982244357,2.23606797749979,6.509437780361623,22.743099137675017,12.420691290404648,0.003048455209276954,0.006406926949174825,0.022384940096136827,0.01222508985276048,0.004465130568309948,0.017534574886777572,0.010084797629343889
13,19,FasTGFb_014_DAPI.1.1.tif,FasTGFb_014_W647.1.1.tif,FasTGFb_014_G488.1.1.tif,FasTGFb_014_R555.1.1.tif,/Volumes/D/YAPSMAD_Nuclear_Localization/251219_YAPSMAD_Early_D14_Male_#3/tifs,/Volumes/D/YAPSMAD_Nuclear_Localization/251219_YAPSMAD_Early_D14_Male_#3/tifs,/Volumes/D/YAPSMAD_Nuclear_Localization/251219_YAPSMAD_Early_D14_Male_#3/tifs,/Volumes/D/YAPSMAD_Nuclear_Localization/251219_YAPSMAD_Early_D14_Male_#3/tifs,1038,4.95279451414892,0.8245277887056244,0.201906216206476,3.1105744366022243,2.8284271247461903,8.660990410484374,19.144487767014652,6.636652230750769,0.003686171040514947,0.00834392139738379,0.01844362983334745,0.006393691937139469,0.005128293322170094,0.01385126619035929,0.004491083079867288
13,20,FasTGFb_014_DAPI.1.1.tif,FasTGFb_014_W647.1.1.tif,FasTGFb_014_G488.1.1.tif,FasTGFb_014_R555.1.1.tif,/Volumes/D/YAPSMAD_Nuclear_Localization/251219_YAPSMAD_Early_D14_Male_#3/tifs,/Volumes/D/YAPSMAD_Nuclear_Localization/251219_YAPSMAD_Early_D14_Male_#3/tifs,/Volumes/D/YAPSMAD_Nuclear_Localization/251219_YAPSMAD_Early_D14_Male_#3/tifs,/Volumes/D/YAPSMAD_Nuclear_Localization/251219_YAPSMAD_Early_D14_Male_#3/tifs,2558,8.149706194641555,0.7135689783679994,0.12270380994317337,3.871973587143501,3.1622776601683795,12.110170288709924,41.49694080813788,16.04776088660583,0.002252787599821398,0.004734233889253293,0.016222416265886584,0.006273557813372099,0.00280803069624584,0.013081504850049917,0.004688645853925553
13,21,FasTGFb_014_DAPI.1.1.tif,FasTGFb_014_W647.1.1.tif,FasTGFb_014_G488.1.1.tif,FasTGFb_014_R555.1.1.tif,/Volumes/D/YAPSMAD_Nuclear_Localization/251219_YAPSMAD_Early_D14_Male_#3/tifs,/Volumes/D/YAPSMAD_Nuclear_Localization/251219_YAPSMAD_Early_D14_Male_#3/tifs,/Volumes/D/YAPSMAD_Nuclear_Localization/251219_YAPSMAD_Early_D14_Male_#3/tifs,/Volumes/D/YAPSMAD_Nuclear_Localization/251219_YAPSMAD_Early_D14_Male_#3/tifs,1800,10.234277404896119,0.688720588044934,0.09771085543583136,2.9014109386960487,2.23606797749979,15.931410866323858,35.68174272729084,10.912977918051183,0.0044500733649409895,0.008850783814624365,0.019823190404050468,0.006062765510028435,0.0057263269158495415,0.017049412823659647,0.004023184528897579
13,22,FasTGFb_014_DAPI.1.1.tif,FasTGFb_014_W647.1.1.tif,FasTGFb_014_G488.1.1.tif,FasTGFb_014_R555.1.1.tif,/Volumes/D/YAPSMAD_Nuclear_Localization/251219_YAPSMAD_Early_D14_Male_#3/tifs,/Volumes/D/YAPSMAD_Nuclear_Localization/251219_YAPSMAD_Early_D14_Male_#3/tifs,/Volumes/D/YAPSMAD_Nuclear_Localization/251219_YAPSMAD_Early_D14_Male_#3/tifs,/Volumes/D/YAPSMAD_Nuclear_Localization/251219_YAPSMAD_Early_D14_Male_#3/tifs,2898,3.241429627372129,0.6877316001971892,0.30850584925723457,6.494717296775863,5.385164807134504,35.14213809999637,92.54160386137664,27.403326745145023,0.0020819087317560494,0.012126341649412137,0.03193292058708649,0.009455944356502769,0.006930586338451509,0.017332090903333625,0.0049609447654531715
13,23,FasTGFb_014_DAPI.1.1.tif,FasTGFb_014_W647.1.1.tif,FasTGFb_014_G488.1.1.tif,FasTGFb_014_R555.1.1.tif,/Volumes/D/YAPSMAD_Nuclear_Localization/251219_YAPSMAD_Early_D14_Male_#3/tifs,/Volumes/D/YAPSMAD_Nuclear_Localization/251219_YAPSMAD_Early_D14_Male_#3/tifs,/Volumes/D/YAPSMAD_Nuclear_Localization/251219_YAPSMAD_Early_D14_Male_#3/tifs,/Volumes/D/YAPSMAD_Nuclear_Localization/251219_YAPSMAD_Early_D14_Male_#3/tifs,1655,3.1675395340396295,0.6471893990966759,0.31570245272509007,4.0230974692636545,4.0,10.043946112273261,28.282353062182665,18.955642150947824,0.002739275653010904,0.006068849614666623,0.01708903508288983,0.011453560212053066,0.0033229275178237806,0.0130094748808013,0.00859242774431407
13,24,FasTGFb_014_DAPI.1.1.tif,FasTGFb_014_W647.1.1.tif,FasTGFb_014_G488.1.1.tif,FasTGFb_014_R555.1.1.tif,/Volumes/D/YAPSMAD_Nuclear_Localization/251219_YAPSMAD_Early_D14_Male_#3/tifs,/Volumes/D/YAPSMAD_Nuclear_Localization/251219_YAPSMAD_Early_D14_Male_#3/tifs,/Volumes/D/YAPSMAD_Nuclear_Localization/251219_YAPSMAD_Early_D14_Male_#3/tifs,/Volumes/D/YAPSMAD_Nuclear_Localization/251219_YAPSMAD_Early_D14_Male_#3/tifs,2253,10.234010588626392,0.9308201563268974,0.0977134029069067,3.4518509274200593,3.0,7.023804135387763,39.29829877638258,11.774349714629352,0.0021941024221850272,0.003117534014819247,0.017442653695686896,0.005226076215991723,0.0015007952899329829,0.012967333221642416,0.0037454492493336116
13,25,FasTGFb_014_DAPI.1.1.tif,FasTGFb_014_W647.1.1.tif,FasTGFb_014_G488.1.1.tif,FasTGFb_014_R555.1.1.tif,/Volumes/D/YAPSMAD_Nuclear_Localization/251219_YAPSMAD_Early_D14_Male_#3/tifs,/Volumes/D/YAPSMAD_Nuclear_Localization/251219_YAPSMAD_Early_D14_Male_#3/tifs,/Volumes/D/YAPSMAD_Nuclear_Localization/251219_YAPSMAD_Early_D14_Male_#3/tifs,/Volumes/D/YAPSMAD_Nuclear_Localization/251219_YAPSMAD_Early_D14_Male_#3/tifs,797,4.927172760147273,0.7908629639957957,0.20295614720237862,2.5591233338946178,2.23606797749979,4.327763858716935,11.122499502729625,3.3678035044576973,0.003727911168725757,0.005430067576809203,0.013955457343449967,0.004225600382004639,0.0027447307125820163,0.011034996745248086,0.0032955062610603397
13,26,FasTGFb_014_DAPI.1.1.tif,FasTGFb_014_W647.1.1.tif,FasTGFb_014_G488.1.1.tif,FasTGFb_014_R555.1.1.tif,/Volumes/D/YAPSMAD_Nuclear_Localization/251219_YAPSMAD_Early_D14_Male_#3/tifs,/Volumes/D/YAPSMAD_Nuclear_Localization/251219_YAPSMAD_Early_D14_Male_#3/tifs,/Volumes/D/YAPSMAD_Nuclear_Localization/251219_YAPSMAD_Early_D14_Male_#3/tifs,/Volumes/D/YAPSMAD_Nuclear_Localization/251219_YAPSMAD_Early_D14_Male_#3/tifs,2718,10.175599828919449,0.5337562306643984,0.09827430488745846,4.004940321837278,3.0,13.383138946956024,37.494239979889244,18.818494085688144,0.002084961769563736,0.004923892180631355,0.013794790279576617,0.006923654924830075,0.0028699478851262963,0.01034434898090402,0.006015616911511792
13,27,FasTGFb_014_DAPI.1.1.tif,FasTGFb_014_W647.1.1.tif,FasTGFb_014_G488.1.1.tif,FasTGFb_014_R555.1.1.tif,/Volumes/D/YAPSMAD_Nuclear_Localization/251219_YAPSMAD_Early_D14_Male_#3/tifs,/Volumes/D/YAPSMAD_Nuclear_Localization/251219_YAPSMAD_Early_D14_Male_#3/tifs,/Volumes/D/YAPSMAD_Nuclear_Localization/251219_YAPSMAD_Early_D14_Male_#3/tifs,/Volumes/D/YAPSMAD_Nuclear_Localization/251219_YAPSMAD_Early_D14_Male_#3/tifs,1880,4.136418454977589,0.8380411485301513,0.2417550378145719,4.484553872833016,4.0,8.758724415674806,16.943190831458196,5.983337196521461,0.00216512535599635,0.004658895965784471,0.009012335548647976,0.0031826261683624794,0.0034801951645869805,0.009014346307541155,0.0030988936835071607
13,28,FasTGFb_014_DAPI.1.1.tif,FasTGFb_014_W647.1.1.tif,FasTGFb_014_G488.1.1.tif,FasTGFb_014_R555.1.1.tif,/Volumes/D/YAPSMAD_Nuclear_Localization/251219_YAPSMAD_Early_D14_Male_#3/tifs,/Volumes/D/YAPSMAD_Nuclear_Localization/251219_YAPSMAD_Early_D14_Male_#3/tifs,/Volumes/D/YAPSMAD_Nuclear_Localization/251219_YAPSMAD_Early_D14_Male_#3/tifs,/Volumes/D/YAPSMAD_Nuclear_Localization/251219_YAPSMAD_Early_D14_Male_#3/tifs,4054,7.0161357962170925,0.6022276051792904,0.14252859822627328,5.385148004543866,5.0,15.011154516600072,47.16659838054329,24.519844520604238,0.0018086758877330362,0.0037028008181055924,0.011634582728303722,0.006048308959201835,0.002323730720099395,0.009520625633685052,0.006177028992256036
13,29,FasTGFb_014_DAPI.1.1.tif,FasTGFb_014_W647.1.1.tif,FasTGFb_014_G488.1.1.tif,FasTGFb_014_R555.1.1.tif,/Volumes/D/YAPSMAD_Nuclear_Localization/251219_YAPSMAD_Early_D14_Male_#3/tifs,/Volumes/D/YAPSMAD_Nuclear_Localization/251219_YAPSMAD_Early_D14_Male_#3/tifs,/Volumes/D/YAPSMAD_Nuclear_Localization/251219_YAPSMAD_Early_D14_Male_#3/tifs,/Volumes/D/YAPSMAD_Nuclear_Localization/251219_YAPSMAD_Early_D14_Male_#3/tifs,2639,14.704430233150498,0.9385602499628127,0.06800671526500521,3.3136656859262263,2.8284271247461903,7.505302566103637,27.661738207563758,11.847104710293934,0.00223855460634333,0.0028439949094746634,0.01048190155648494,0.004489240132737375,0.0015054645123657399,0.0077121531042696366,0.00420189612854959
13,30,FasTGFb_014_DAPI.1.1.tif,FasTGFb_014_W647.1.1.tif,FasTGFb_014_G488.1.1.tif,FasTGFb_014_R555.1.1.tif,/Volumes/D/YAPSMAD_Nuclear_Localization/251219_YAPSMAD_Early_D14_Male_#3/tifs,/Volumes/D/YAPSMAD_Nuclear_Localization/251219_YAPSMAD_Early_D14_Male_#3/tifs,/Volumes/D/YAPSMAD_Nuclear_Localization/251219_YAPSMAD_Early_D14_Male_#3/tifs,/Volumes/D/YAPSMAD_Nuclear_Localization/251219_YAPSMAD_Early_D14_Male_#3/tifs,2142,11.029356410651301,0.9335055246575369,0.09066712170388085,3.3049549511058496,2.8284271247461903,7.880979688838124,10.823438092134893,4.862546779680997,0.0018215297208707623,0.0036792622263483307,0.005052958959913582,0.0022700965357987848,0.003674626367473531,0.001323954799860641,0.0018247917805929693
13,31,FasTGFb_014_DAPI.1.1.tif,FasTGFb_014_W647.1.1.tif,FasTGFb_014_G488.1.1.tif,FasTGFb_014_R555.1.1.tif,/Volumes/D/YAPSMAD_Nuclear_Localization/251219_YAPSMAD_Early_D14_Male_#3/tifs,/Volumes/D/YAPSMAD_Nuclear_Localization/251219_YAPSMAD_Early_D14_Male_#3/tifs,/Volumes/D/YAPSMAD_Nuclear_Localization/251219_YAPSMAD_Early_D14_Male_#3/tifs,/Volumes/D/YAPSMAD_Nuclear_Localization/251219_YAPSMAD_Early_D14_Male_#3/tifs,2898,9.582499243487854,0.8369722214209032,0.10435690883874449,4.067957501087404,3.1622776601683795,11.606866682181135,39.069581371033564,10.78812860394828,0.001755424636111481,0.004005129980048701,0.013481567070750022,0.0037226116645784264,0.002577014583762535,0.00948574542373214,0.0029243339261671884
14,1,FasTGFb_015_DAPI.1.1.tif,FasTGFb_015_W647.1.1.tif,FasTGFb_015_G488.1.1.tif,FasTGFb_015_R555.1.1.tif,/Volumes/D/YAPSMAD_Nuclear_Localization/251219_YAPSMAD_Early_D14_Male_#3/tifs,/Volumes/D/YAPSMAD_Nuclear_Localization/251219_YAPSMAD_Early_D14_Male_#3/tifs,/Volumes/D/YAPSMAD_Nuclear_Localization/251219_YAPSMAD_Early_D14_Male_#3/tifs,/Volumes/D/YAPSMAD_Nuclear_Localization/251219_YAPSMAD_Early_D14_Male_#3/tifs,1815,11.114519034922372,0.5455652259557057,0.08997240428109847,2.884364873992064,2.23606797749979,10.511741930851713,26.49648296320811,14.813840075396001,0.0025280794513619638,0.005791593350331522,0.014598613202869481,0.008161895358344905,0.003850466843051767,0.010760365209449797,0.0050460266437677296
14,2,FasTGFb_015_DAPI.1.1.tif,FasTGFb_015_W647.1.1.tif,FasTGFb_015_G488.1.1.tif,FasTGFb_015_R555.1.1.tif,/Volumes/D/YAPSMAD_Nuclear_Localization/251219_YAPSMAD_Early_D14_Male_#3/tifs,/Volumes/D/YAPSMAD_Nuclear_Localization/251219_YAPSMAD_Early_D14_Male_#3/tifs,/Volumes/D/YAPSMAD_Nuclear_Localization/251219_YAPSMAD_Early_D14_Male_#3/tifs,/Volumes/D/YAPSMAD_Nuclear_Localization/251219_YAPSMAD_Early_D14_Male_#3/tifs,1899,6.276687375591939,0.777108884986379,0.1593197080180678,3.68438035078939,3.0,12.04501426173374,21.441123289056122,19.32094315136783,0.0036711165988734438,0.006342819516447468,0.011290744228044299,0.0101742723282611,0.005033566575192238,0.006890235892275778,0.0055706351272632225
14,3,FasTGFb_015_DAPI.1.1.tif,FasTGFb_015_W647.1.1.tif,FasTGFb_015_G488.1.1.tif,FasTGFb_015_R555.1.1.tif,/Volumes/D/YAPSMAD_Nuclear_Localization/251219_YAPSMAD_Early_D14_Male_#3/tifs,/Volumes/D/YAPSMAD_Nuclear_Localization/251219_YAPSMAD_Early_D14_Male_#3/tifs,/Volumes/D/YAPSMAD_Nuclear_Localization/251219_YAPSMAD_Early_D14_Male_#3/tifs,/Volumes/D/YAPSMAD_Nuclear_Localization/251219_YAPSMAD_Early_D14_Male_#3/tifs,2573,7.2369641249198065,0.3044623473063459,0.13817948835155805,4.738384014643167,4.0,15.080659334314987,48.80286889593117,34.92018027766608,0.0018589438432939798,0.005861119057254173,0.01896730233032692,0.01357177624472059,0.004863902138998006,0.015261585175045526,0.01023387100043464
14,4,FasTGFb_015_DAPI.1.1.tif,FasTGFb_015_W647.1.1.tif,FasTGFb_015_G488.1.1.tif,FasTGFb_015_R555.1.1.tif,/Volumes/D/YAPSMAD_Nuclear_Localization/251219_YAPSMAD_Early_D14_Male_#3/tifs,/Volumes/D/YAPSMAD_Nuclear_Localization/251219_YAPSMAD_Early_D14_Male_#3/tifs,/Volumes/D/YAPSMAD_Nuclear_Localization/251219_YAPSMAD_Early_D14_Male_#3/tifs,/Volumes/D/YAPSMAD_Nuclear_Localization/251219_YAPSMAD_Early_D14_Male_#3/tifs,2358,3.1567459937655844,0.5617546495180376,0.3167819019886143,5.443106994599495,5.0,19.227649577194825,30.63501970190555,33.08140707737766,0.0026341097048650465,0.00815421949838627,0.012991950679349258,0.01402943472323056,0.0041988134269852,0.00873595896861922,0.008407552591612823
14,5,FasTGFb_015_DAPI.1.1.tif,FasTGFb_015_W647.1.1.tif,FasTGFb_015_G488.1.1.tif,FasTGFb_015_R555.1.1.tif,/Volumes/D/YAPSMAD_Nuclear_Localization/251219_YAPSMAD_Early_D14_Male_#3/tifs,/Volumes/D/YAPSMAD_Nuclear_Localization/251219_YAPSMAD_Early_D14_Male_#3/tifs,/Volumes/D/YAPSMAD_Nuclear_Localization/251219_YAPSMAD_Early_D14_Male_#3/tifs,/Volumes/D/YAPSMAD_Nuclear_Localization/251219_YAPSMAD_Early_D14_Male_#3/tifs,1745,5.726511982315458,0.6517744403211165,0.17462636995926795,4.008147794035222,3.1622776601683795,8.243518836796284,11.660975159145892,12.77006191154942,0.0024142483533506833,0.004724079562633973,0.006682507254524866,0.00731808705532918,0.0025115347739682464,0.00495200596563043,0.0058830295290836845
14,6,FasTGFb_015_DAPI.1.1.tif,FasTGFb_015_W647.1.1.tif,FasTGFb_015_G488.1.1.tif,FasTGFb_015_R555.1.1.tif,/Volumes/D/YAPSMAD_Nuclear_Localization/251219_YAPSMAD_Early_D14_Male_#3/tifs,/Volumes/D/YAPSMAD_Nuclear_Localization/251219_YAPSMAD_Early_D14_Male_#3/tifs,/Volumes/D/YAPSMAD_Nuclear_Localization/251219_YAPSMAD_Early_D14_Male_#3/tifs,/Volumes/D/YAPSMAD_Nuclear_Localization/251219_YAPSMAD_Early_D14_Male_#3/tifs,1923,8.119938357949927,0.7343577730412013,0.12315364426639243,3.546892711259503,3.0,4.736003676429391,27.85453590238467,13.45314730471,0.0025990089921990736,0.0024628204245602655,0.014484938066762699,0.006995916435106605,0.0008811504578135191,0.008915363843749835,0.00460846128210773
14,7,FasTGFb_015_DAPI.1.1.tif,FasTGFb_015_W647.1.1.tif,FasTGFb_015_G488.1.1.tif,FasTGFb_015_R555.1.1.tif,/Volumes/D/YAPSMAD_Nuclear_Localization/251219_YAPSMAD_Early_D14_Male_#3/tifs,/Volumes/D/YAPSMAD_Nuclear_Localization/251219_YAPSMAD_Early_D14_Male_#3/tifs,/Volumes/D/YAPSMAD_Nuclear_Localization/251219_YAPSMAD_Early_D14_Male_#3/tifs,/Volumes/D/YAPSMAD_Nuclear_Localization/251219_YAPSMAD_Early_D14_Male_#3/tifs,3118,8.45477551739817,0.8831175418966987,0.11827635138771075,4.27436975149056,3.605551275463989,38.772167848888785,35.010345950722694,31.21071207546629,0.002004094889242324,0.012434947995153555,0.01122846246014198,0.010009849927987906,0.009954068507426013,0.008047489080151534,0.007659408069306926
14,8,FasTGFb_015_DAPI.1.1.tif,FasTGFb_015_W647.1.1.tif,FasTGFb_015_G488.1.1.tif,FasTGFb_015_R555.1.1.tif,/Volumes/D/YAPSMAD_Nuclear_Localization/251219_YAPSMAD_Early_D14_Male_#3/tifs,/Volumes/D/YAPSMAD_Nuclear_Localization/251219_YAPSMAD_Early_D14_Male_#3/tifs,/Volumes/D/YAPSMAD_Nuclear_Localization/251219_YAPSMAD_Early_D14_Male_#3/tifs,/Volumes/D/YAPSMAD_Nuclear_Localization/251219_YAPSMAD_Early_D14_Male_#3/tifs,1216,4.039590454169995,0.5996952472466389,0.2475498472791266,3.6565695604457535,3.0,11.22261397424154,32.04028390557505,15.609536993550137,0.003334259431109163,0.009229123334080214,0.0263489176855058,0.012836790290748468,0.007046263706848877,0.020051996172444526,0.007611038469221184
14,9,FasTGFb_015_DAPI.1.1.tif,FasTGFb_015_W647.1.1.tif,FasTGFb_015_G488.1.1.tif,FasTGFb_015_R555.1.1.tif,/Volumes/D/YAPSMAD_Nuclear_Localization/251219_YAPSMAD_Early_D14_Male_#3/tifs,/Volumes/D/YAPSMAD_Nuclear_Localization/251219_YAPSMAD_Early_D14_Male_#3/tifs,/Volumes/D/YAPSMAD_Nuclear_Localization/251219_YAPSMAD_Early_D14_Male_#3/tifs,/Volumes/D/YAPSMAD_Nuclear_Localization/251219_YAPSMAD_Early_D14_Male_#3/tifs,1654,3.422906217719095,0.5270008405442761,0.29214940065356654,4.759953526786233,4.123105625617661,6.052506359294057,15.00865202024579,16.587777658598498,0.002803785330024711,0.0036593146065864914,0.009074154788540382,0.010028886129745162,0.0015278396223732454,0.0061656217473008415,0.006285245845912387
14,10,FasTGFb_015_DAPI.1.1.tif,FasTGFb_015_W647.1.1.tif,FasTGFb_015_G488.1.1.tif,FasTGFb_015_R555.1.1.tif,/Volumes/D/YAPSMAD_Nuclear_Localization/251219_YAPSMAD_Early_D14_Male_#3/tifs,/Volumes/D/YAPSMAD_Nuclear_Localization/251219_YAPSMAD_Early_D14_Male_#3/tifs,/Volumes/D/YAPSMAD_Nuclear_Localization/251219_YAPSMAD_Early_D14_Male_#3/tifs,/Volumes/D/YAPSMAD_Nuclear_Localization/251219_YAPSMAD_Early_D14_Male_#3/tifs,3085,7.348321362580328,0.70363738508272,0.13608550179803988,4.433307393235666,4.0,25.968704004539177,37.98200981132686,30.85891530686058,0.0021556571177305047,0.008417732254307675,0.01231183462279639,0.010002889888771663,0.0052677234464410805,0.008785102086591534,0.007306340084202743
14,11,FasTGFb_015_DAPI.1.1.tif,FasTGFb_015_W647.1.1.tif,FasTGFb_015_G488.1.1.tif,FasTGFb_015_R555.1.1.tif,/Volumes/D/YAPSMAD_Nuclear_Localization/251219_YAPSMAD_Early_D14_Male_#3/tifs,/Volumes/D/YAPSMAD_Nuclear_Localization/251219_YAPSMAD_Early_D14_Male_#3/tifs,/Volumes/D/YAPSMAD_Nuclear_Localization/251219_YAPSMAD_Early_D14_Male_#3/tifs,/Volumes/D/YAPSMAD_Nuclear_Localization/251219_YAPSMAD_Early_D14_Male_#3/tifs,1517,3.5142448076122696,0.6965529503918514,0.284556157793527,4.6407688632441175,4.0,7.306126583833247,19.07159548997879,15.261143040377647,0.002621453709104734,0.004816167820588825,0.012571915286736183,0.010060081107697856,0.0028668786114323017,0.007850009274138635,0.00562551653102562
14,12,FasTGFb_015_DAPI.1.1.tif,FasTGFb_015_W647.1.1.tif,FasTGFb_015_G488.1.1.tif,FasTGFb_015_R555.1.1.tif,/Volumes/D/YAPSMAD_Nuclear_Localization/251219_YAPSMAD_Early_D14_Male_#3/tifs,/Volumes/D/YAPSMAD_Nuclear_Localization/251219_YAPSMAD_Early_D14_Male_#3/tifs,/Volumes/D/YAPSMAD_Nuclear_Localization/251219_YAPSMAD_Early_D14_Male_#3/tifs,/Volumes/D/YAPSMAD_Nuclear_Localization/251219_YAPSMAD_Early_D14_Male_#3/tifs,4989,14.699099610083193,0.7914387350114275,0.06803137787528336,4.135533217057001,3.605551275463989,49.34844020148739,83.10219006449915,34.526512880809605,0.0018747676643480408,0.009891449228600399,0.016657083596812818,0.006920527737183726,0.006231529444800365,0.013327488238764323,0.005134271523203407
14,13,FasTGFb_015_DAPI.1.1.tif,FasTGFb_015_W647.1.1.tif,FasTGFb_015_G488.1.1.tif,FasTGFb_015_R555.1.1.tif,/Volumes/D/YAPSMAD_Nuclear_Localization/251219_YAPSMAD_Early_D14_Male_#3/tifs,/Volumes/D/YAPSMAD_Nuclear_Localization/251219_YAPSMAD_Early_D14_Male_#3/tifs,/Volumes/D/YAPSMAD_Nuclear_Localization/251219_YAPSMAD_Early_D14_Male_#3/tifs,/Volumes/D/YAPSMAD_Nuclear_Localization/251219_YAPSMAD_Early_D14_Male_#3/tifs,1730,6.706941749833145,0.7353153472539885,0.14909925228214155,3.899748996855785,3.08113883008419,7.13128870096989,28.035065382020548,13.360387671506032,0.0024642085678057177,0.004122132197092422,0.01620524010521419,0.007722767440176898,0.002296120635132903,0.013682879695245669,0.0056482594786907946
14,14,FasTGFb_015_DAPI.1.1.tif,FasTGFb_015_W647.1.1.tif,FasTGFb_015_G488.1.1.tif,FasTGFb_015_R555.1.1.tif,/Volumes/D/YAPSMAD_Nuclear_Localization/251219_YAPSMAD_Early_D14_Male_#3/tifs,/Volumes/D/YAPSMAD_Nuclear_Localization/251219_YAPSMAD_Early_D14_Male_#3/tifs,/Volumes/D/YAPSMAD_Nuclear_Localization/251219_YAPSMAD_Early_D14_Male_#3/tifs,/Volumes/D/YAPSMAD_Nuclear_Localization/251219_YAPSMAD_Early_D14_Male_#3/tifs,2353,5.857397189235253,0.667668298561802,0.17072429403247638,4.4868847085364605,3.605551275463989,17.405249289004132,38.13139567547478,22.3747770388145,0.0031596032645920657,0.007397046021676215,0.016205438026126128,0.009509042515433276,0.004702048943567985,0.009748647398505193,0.0054337900681284985
14,15,FasTGFb_015_DAPI.1.1.tif,FasTGFb_015_W647.1.1.tif,FasTGFb_015_G488.1.1.tif,FasTGFb_015_R555.1.1.tif,/Volumes/D/YAPSMAD_Nuclear_Localization/251219_YAPSMAD_Early_D14_Male_#3/tifs,/Volumes/D/YAPSMAD_Nuclear_Localization/251219_YAPSMAD_Early_D14_Male_#3/tifs,/Volumes/D/YAPSMAD_Nuclear_Localization/251219_YAPSMAD_Early_D14_Male_#3/tifs,/Volumes/D/YAPSMAD_Nuclear_Localization/251219_YAPSMAD_Early_D14_Male_#3/tifs,1853,4.335558072068105,0.6496810156498098,0.23065081435363866,3.93499205401625,3.605551275463989,7.242847408168018,24.48755645751953,12.816281514242291,0.0025907809990852733,0.0039087141976082125,0.013215087133038064,0.0069165037853439245,0.0025985005216306607,0.008873221837244384,0.003919246652953853
14,16,FasTGFb_015_DAPI.1.1.tif,FasTGFb_015_W647.1.1.tif,FasTGFb_015_G488.1.1.tif,FasTGFb_015_R555.1.1.tif,/Volumes/D/YAPSMAD_Nuclear_Localization/251219_YAPSMAD_Early_D14_Male_#3/tifs,/Volumes/D/YAPSMAD_Nuclear_Localization/251219_YAPSMAD_Early_D14_Male_#3/tifs,/Volumes/D/YAPSMAD_Nuclear_Localization/251219_YAPSMAD_Early_D14_Male_#3/tifs,/Volumes/D/YAPSMAD_Nuclear_Localization/251219_YAPSMAD_Early_D14_Male_#3/tifs,1524,8.883579070678486,0.6609741057865565,0.11256724255437112,2.890370469625836,2.23606797749979,8.059800214599818,19.173449435736984,10.430502879200503,0.0026029047948550287,0.005288582817978883,0.012581003566756552,0.006844161994226052,0.002921292904207412,0.009848254469948352,0.00516133392454476
14,17,FasTGFb_015_DAPI.1.1.tif,FasTGFb_015_W647.1.1.tif,FasTGFb_015_G488.1.1.tif,FasTGFb_015_R555.1.1.tif,/Volumes/D/YAPSMAD_Nuclear_Localization/251219_YAPSMAD_Early_D14_Male_#3/tifs,/Volumes/D/YAPSMAD_Nuclear_Localization/251219_YAPSMAD_Early_D14_Male_#3/tifs,/Volumes/D/YAPSMAD_Nuclear_Localization/251219_YAPSMAD_Early_D14_Male_#3/tifs,/Volumes/D/YAPSMAD_Nuclear_Localization/251219_YAPSMAD_Early_D14_Male_#3/tifs,4589,12.04936982985063,0.7603247888319465,0.08299189203427385,4.247487055260448,3.605551275463989,28.212695898022503,65.19700960558839,39.72762678610161,0.002045167809596627,0.006147896251475812,0.014207236784830768,0.008657142468097975,0.003269176469510741,0.011036429613975106,0.006123113753300846
14,18,FasTGFb_015_DAPI.1.1.tif,FasTGFb_015_W647.1.1.tif,FasTGFb_015_G488.1.1.tif,FasTGFb_015_R555.1.1.tif,/Volumes/D/YAPSMAD_Nuclear_Localization/251219_YAPSMAD_Early_D14_Male_#3/tifs,/Volumes/D/YAPSMAD_Nuclear_Localization/251219_YAPSMAD_Early_D14_Male_#3/tifs,/Volumes/D/YAPSMAD_Nuclear_Localization/251219_YAPSMAD_Early_D14_Male_#3/tifs,/Volumes/D/YAPSMAD_Nuclear_Localization/251219_YAPSMAD_Early_D14_Male_#3/tifs,1624,7.439309779750997,0.6642395919979132,0.1344210726002959,3.339226783827792,2.8284271247461903,9.76084545510821,32.3691311464645,15.050782155245543,0.0022460547382794228,0.006010372817184859,0.019931731001517548,0.009267723001998487,0.004779064155214308,0.013538782245813927,0.007048648768392615
14,19,FasTGFb_015_DAPI.1.1.tif,FasTGFb_015_W647.1.1.tif,FasTGFb_015_G488.1.1.tif,FasTGFb_015_R555.1.1.tif,/Volumes/D/YAPSMAD_Nuclear_Localization/251219_YAPSMAD_Early_D14_Male_#3/tifs,/Volumes/D/YAPSMAD_Nuclear_Localization/251219_YAPSMAD_Early_D14_Male_#3/tifs,/Volumes/D/YAPSMAD_Nuclear_Localization/251219_YAPSMAD_Early_D14_Male_#3/tifs,/Volumes/D/YAPSMAD_Nuclear_Localization/251219_YAPSMAD_Early_D14_Male_#3/tifs,1513,7.182480778833592,0.8866984371492973,0.13922766113721452,3.023584362164893,2.8284271247461903,9.032807011622936,15.899168480420485,7.433676740154624,0.0024322154930185203,0.005970130212572991,0.010508373086860862,0.004913203397326255,0.003614527143568519,0.009054877047592395,0.003958966970984873
14,20,FasTGFb_015_DAPI.1.1.tif,FasTGFb_015_W647.1.1.tif,FasTGFb_015_G488.1.1.tif,FasTGFb_015_R555.1.1.tif,/Volumes/D/YAPSMAD_Nuclear_Localization/251219_YAPSMAD_Early_D14_Male_#3/tifs,/Volumes/D/YAPSMAD_Nuclear_Localization/251219_YAPSMAD_Early_D14_Male_#3/tifs,/Volumes/D/YAPSMAD_Nuclear_Localization/251219_YAPSMAD_Early_D14_Male_#3/tifs,/Volumes/D/YAPSMAD_Nuclear_Localization/251219_YAPSMAD_Early_D14_Male_#3/tifs,2873,12.266694731428073,0.9362238920988037,0.08152155261823991,3.513226861435597,3.0,14.943145061144605,36.63677445636131,12.342778825666755,0.001895825931620212,0.005201233923127256,0.01275209692181041,0.0042961290726302665,0.003560368524042612,0.00975009436330828,0.002488678919848502
14,21,FasTGFb_015_DAPI.1.1.tif,FasTGFb_015_W647.1.1.tif,FasTGFb_015_G488.1.1.tif,FasTGFb_015_R555.1.1.tif,/Volumes/D/YAPSMAD_Nuclear_Localization/251219_YAPSMAD_Early_D14_Male_#3/tifs,/Volumes/D/YAPSMAD_Nuclear_Localization/251219_YAPSMAD_Early_D14_Male_#3/tifs,/Volumes/D/YAPSMAD_Nuclear_Localization/251219_YAPSMAD_Early_D14_Male_#3/tifs,/Volumes/D/YAPSMAD_Nuclear_Localization/251219_YAPSMAD_Early_D14_Male_#3/tifs,1638,5.914388910879441,0.6734027306643147,0.16907917539215475,3.5496423530681485,3.1622776601683795,5.65458158380352,15.534798322245479,9.108308652183041,0.0027929320155332484,0.0034521255090375577,0.009484003859734724,0.005560627992785739,0.0015446061493378537,0.0072277623652141415,0.0033953297098250302
14,22,FasTGFb_015_DAPI.1.1.tif,FasTGFb_015_W647.1.1.tif,FasTGFb_015_G488.1.1.tif,FasTGFb_015_R555.1.1.tif,/Volumes/D/YAPSMAD_Nuclear_Localization/251219_YAPSMAD_Early_D14_Male_#3/tifs,/Volumes/D/YAPSMAD_Nuclear_Localization/251219_YAPSMAD_Early_D14_Male_#3/tifs,/Volumes/D/YAPSMAD_Nuclear_Localization/251219_YAPSMAD_Early_D14_Male_#3/tifs,/Volumes/D/YAPSMAD_Nuclear_Localization/251219_YAPSMAD_Early_D14_Male_#3/tifs,1437,7.053193728540989,0.8936542687407875,0.14177974382774514,2.9906895665947952,2.8284271247461903,4.592385780066252,24.16554526425898,14.712459140457213,0.002830543271450633,0.0031958147390857704,0.016816663371091844,0.01023831533782687,0.002173013849308962,0.012403892365584371,0.005626124298597302
14,23,FasTGFb_015_DAPI.1.1.tif,FasTGFb_015_W647.1.1.tif,FasTGFb_015_G488.1.1.tif,FasTGFb_015_R555.1.1.tif,/Volumes/D/YAPSMAD_Nuclear_Localization/251219_YAPSMAD_Early_D14_Male_#3/tifs,/Volumes/D/YAPSMAD_Nuclear_Localization/251219_YAPSMAD_Early_D14_Male_#3/tifs,/Volumes/D/YAPSMAD_Nuclear_Localization/251219_YAPSMAD_Early_D14_Male_#3/tifs,/Volumes/D/YAPSMAD_Nuclear_Localization/251219_YAPSMAD_Early_D14_Male_#3/tifs,1431,10.265054155242238,0.8117059293660748,0.09741789813055318,2.688171289626996,2.23606797749979,8.705302606569603,23.03050286299549,10.93800268881023,0.002791483988718583,0.00608337009543648,0.016093992217327387,0.007643607748993871,0.004023150352252066,0.015191033763669709,0.006626821185248067
14,24,FasTGFb_015_DAPI.1.1.tif,FasTGFb_015_W647.1.1.tif,FasTGFb_015_G488.1.1.tif,FasTGFb_015_R555.1.1.tif,/Volumes/D/YAPSMAD_Nuclear_Localization/251219_YAPSMAD_Early_D14_Male_#3/tifs,/Volumes/D/YAPSMAD_Nuclear_Localization/251219_YAPSMAD_Early_D14_Male_#3/tifs,/Volumes/D/YAPSMAD_Nuclear_Localization/251219_YAPSMAD_Early_D14_Male_#3/tifs,/Volumes/D/YAPSMAD_Nuclear_Localization/251219_YAPSMAD_Early_D14_Male_#3/tifs,2160,5.667068128759099,0.8166160152878998,0.1764580868412759,4.171856830483058,3.605551275463989,14.84866121574305,40.17724888934754,21.699458478949964,0.0026434418840195844,0.0068743801924736345,0.01860057818951275,0.010046045592106465,0.004060318801957997,0.012296343606541279,0.0063498003296671175
14,25,FasTGFb_015_DAPI.1.1.tif,FasTGFb_015_W647.1.1.tif,FasTGFb_015_G488.1.1.tif,FasTGFb_015_R555.1.1.tif,/Volumes/D/YAPSMAD_Nuclear_Localization/251219_YAPSMAD_Early_D14_Male_#3/tifs,/Volumes/D/YAPSMAD_Nuclear_Localization/251219_YAPSMAD_Early_D14_Male_#3/tifs,/Volumes/D/YAPSMAD_Nuclear_Localization/251219_YAPSMAD_Early_D14_Male_#3/tifs,/Volumes/D/YAPSMAD_Nuclear_Localization/251219_YAPSMAD_Early_D14_Male_#3/tifs,1300,4.40342631915037,0.5303895467283066,0.22709588568588734,3.6460131310695343,3.0,4.888395572081208,21.96008254797198,9.73696507816203,0.003195626554795756,0.003760304286216314,0.016892371190747674,0.007489973137047715,0.001694229537186197,0.010491387655291782,0.0038753393625756503
14,26,FasTGFb_015_DAPI.1.1.tif,FasTGFb_015_W647.1.1.tif,FasTGFb_015_G488.1.1.tif,FasTGFb_015_R555.1.1.tif,/Volumes/D/YAPSMAD_Nuclear_Localization/251219_YAPSMAD_Early_D14_Male_#3/tifs,/Volumes/D/YAPSMAD_Nuclear_Localization/251219_YAPSMAD_Early_D14_Male_#3/tifs,/Volumes/D/YAPSMAD_Nuclear_Localization/251219_YAPSMAD_Early_D14_Male_#3/tifs,/Volumes/D/YAPSMAD_Nuclear_Localization/251219_YAPSMAD_Early_D14_Male_#3/tifs,3266,6.586817118529122,0.9429595495822357,0.15181839453033216,4.77361363325064,4.123105625617661,15.363866847008467,28.552498881937936,16.195758159505203,0.001997357386062281,0.004704184582672525,0.00874234503427371,0.004958897170699695,0.0025113866160052204,0.007045360504122883,0.0038337794116988866
14,27,FasTGFb_015_DAPI.1.1.tif,FasTGFb_015_W647.1.1.tif,FasTGFb_015_G488.1.1.tif,FasTGFb_015_R555.1.1.tif,/Volumes/D/YAPSMAD_Nuclear_Localization/251219_YAPSMAD_Early_D14_Male_#3/tifs,/Volumes/D/YAPSMAD_Nuclear_Localization/251219_YAPSMAD_Early_D14_Male_#3/tifs,/Volumes/D/YAPSMAD_Nuclear_Localization/251219_YAPSMAD_Early_D14_Male_#3/tifs,/Volumes/D/YAPSMAD_Nuclear_Localization/251219_YAPSMAD_Early_D14_Male_#3/tifs,2373,7.608013188466136,0.875629854157695,0.13144036100200449,4.033874313341941,3.1622776601683795,8.604577778372914,19.81937917554751,8.75561160594225,0.002138063550883181,0.0036260336192047676,0.008352035050799626,0.0036896804070553095,0.0028571935733132763,0.005733438041892829,0.0026443811110547564
14,28,FasTGFb_015_DAPI.1.1.tif,FasTGFb_015_W647.1.1.tif,FasTGFb_015_G488.1.1.tif,FasTGFb_015_R555.1.1.tif,/Volumes/D/YAPSMAD_Nuclear_Localization/251219_YAPSMAD_Early_D14_Male_#3/tifs,/Volumes/D/YAPSMAD_Nuclear_Localization/251219_YAPSMAD_Early_D14_Male_#3/tifs,/Volumes/D/YAPSMAD_Nuclear_Localization/251219_YAPSMAD_Early_D14_Male_#3/tifs,/Volumes/D/YAPSMAD_Nuclear_Localization/251219_YAPSMAD_Early_D14_Male_#3/tifs,2016,2.9620887413450117,0.6656560966703952,0.3375996086956951,5.3978444578205425,5.0,12.11625867174007,22.80263997381553,16.777721961494535,0.0022994952516802144,0.006010048944315511,0.011310833320345005,0.008322282718995305,0.0031226437155933632,0.008293646867305975,0.005954574776374186
14,29,FasTGFb_015_DAPI.1.1.tif,FasTGFb_015_W647.1.1.tif,FasTGFb_015_G488.1.1.tif,FasTGFb_015_R555.1.1.tif,/Volumes/D/YAPSMAD_Nuclear_Localization/251219_YAPSMAD_Early_D14_Male_#3/tifs,/Volumes/D/YAPSMAD_Nuclear_Localization/251219_YAPSMAD_Early_D14_Male_#3/tifs,/Volumes/D/YAPSMAD_Nuclear_Localization/251219_YAPSMAD_Early_D14_Male_#3/tifs,/Volumes/D/YAPSMAD_Nuclear_Localization/251219_YAPSMAD_Early_D14_Male_#3/tifs,2640,4.971010758104202,0.42449847513896644,0.20116633189129743,4.824637542192881,4.242640687119285,30.523949284339324,39.897993706399575,42.47547134454362,0.002428993541098228,0.011562102001643683,0.015112876403939234,0.016089193691115007,0.006327654223188694,0.00898439271634141,0.010248044381984692
14,30,FasTGFb_015_DAPI.1.1.tif,FasTGFb_015_W647.1.1.tif,FasTGFb_015_G488.1.1.tif,FasTGFb_015_R555.1.1.tif,/Volumes/D/YAPSMAD_Nuclear_Localization/251219_YAPSMAD_Early_D14_Male_#3/tifs,/Volumes/D/YAPSMAD_Nuclear_Localization/251219_YAPSMAD_Early_D14_Male_#3/tifs,/Volumes/D/YAPSMAD_Nuclear_Localization/251219_YAPSMAD_Early_D14_Male_#3/tifs,/Volumes/D/YAPSMAD_Nuclear_Localization/251219_YAPSMAD_Early_D14_Male_#3/tifs,1320,3.016305537438087,0.5617804240371834,0.3315314007775733,3.8567595132671557,3.605551275463989,7.082490370376036,22.7984131667763,9.682780317729339,0.004013122780297911,0.005365523007860633,0.01727152512634568,0.0073354396346434385,0.0028457515231420615,0.011430294336243794,0.0037359523940680398
15,1,LPATGFb_016_DAPI.1.1.tif,LPATGFb_016_W647.1.1.tif,LPATGFb_016_G488.1.1.tif,LPATGFb_016_R555.1.1.tif,/Volumes/D/YAPSMAD_Nuclear_Localization/251219_YAPSMAD_Early_D14_Male_#3/tifs,/Volumes/D/YAPSMAD_Nuclear_Localization/251219_YAPSMAD_Early_D14_Male_#3/tifs,/Volumes/D/YAPSMAD_Nuclear_Localization/251219_YAPSMAD_Early_D14_Male_#3/tifs,/Volumes/D/YAPSMAD_Nuclear_Localization/251219_YAPSMAD_Early_D14_Male_#3/tifs,1804,2.6829867248809935,0.6313297565822057,0.3727189518779136,4.816533073429781,4.242640687119285,40.17564672534354,52.46034952113405,43.79084474593401,0.0032343882338160407,0.022270314149303513,0.029080016364264993,0.024274304182890248,0.0128016342171322,0.015365991773468406,0.010843988556034015
15,2,LPATGFb_016_DAPI.1.1.tif,LPATGFb_016_W647.1.1.tif,LPATGFb_016_G488.1.1.tif,LPATGFb_016_R555.1.1.tif,/Volumes/D/YAPSMAD_Nuclear_Localization/251219_YAPSMAD_Early_D14_Male_#3/tifs,/Volumes/D/YAPSMAD_Nuclear_Localization/251219_YAPSMAD_Early_D14_Male_#3/tifs,/Volumes/D/YAPSMAD_Nuclear_Localization/251219_YAPSMAD_Early_D14_Male_#3/tifs,/Volumes/D/YAPSMAD_Nuclear_Localization/251219_YAPSMAD_Early_D14_Male_#3/tifs,1341,8.931463813207424,0.45691779476636435,0.11196372967679134,2.578183096825444,2.23606797749979,10.55826670024544,26.191409239545465,13.222171456320211,0.0033538670341243257,0.007873427815246413,0.019531252229340393,0.009859933971901724,0.0045614577760532135,0.016283173555854267,0.007481484814655598
15,3,LPATGFb_016_DAPI.1.1.tif,LPATGFb_016_W647.1.1.tif,LPATGFb_016_G488.1.1.tif,LPATGFb_016_R555.1.1.tif,/Volumes/D/YAPSMAD_Nuclear_Localization/251219_YAPSMAD_Early_D14_Male_#3/tifs,/Volumes/D/YAPSMAD_Nuclear_Localization/251219_YAPSMAD_Early_D14_Male_#3/tifs,/Volumes/D/YAPSMAD_Nuclear_Localization/251219_YAPSMAD_Early_D14_Male_#3/tifs,/Volumes/D/YAPSMAD_Nuclear_Localization/251219_YAPSMAD_Early_D14_Male_#3/tifs,2962,14.461121450546658,0.9319226225401844,0.06915093019720113,3.3754215312684854,2.8284271247461903,27.77933957404457,48.43950591981411,28.95568808168173,0.0022508705856755205,0.00937857514316157,0.01635364818359693,0.009775721837164662,0.005715098463481123,0.00937121203684018,0.005959588934401693
15,4,LPATGFb_016_DAPI.1.1.tif,LPATGFb_016_W647.1.1.tif,LPATGFb_016_G488.1.1.tif,LPATGFb_016_R555.1.1.tif,/Volumes/D/YAPSMAD_Nuclear_Localization/251219_YAPSMAD_Early_D14_Male_#3/tifs,/Volumes/D/YAPSMAD_Nuclear_Localization/251219_YAPSMAD_Early_D14_Male_#3/tifs,/Volumes/D/YAPSMAD_Nuclear_Localization/251219_YAPSMAD_Early_D14_Male_#3/tifs,/Volumes/D/YAPSMAD_Nuclear_Localization/251219_YAPSMAD_Early_D14_Male_#3/tifs,1636,3.906277340943682,0.5986177278990746,0.2559982081964562,3.7419947328043315,3.605551275463989,26.140627348562703,44.68303966708481,32.19499515905045,0.0032794958639156737,0.015978378574916078,0.02731237143464842,0.01967909239550761,0.009051807661778195,0.01707520294131276,0.011247586059721548
15,5,LPATGFb_016_DAPI.1.1.tif,LPATGFb_016_W647.1.1.tif,LPATGFb_016_G488.1.1.tif,LPATGFb_016_R555.1.1.tif,/Volumes/D/YAPSMAD_Nuclear_Localization/251219_YAPSMAD_Early_D14_Male_#3/tifs,/Volumes/D/YAPSMAD_Nuclear_Localization/251219_YAPSMAD_Early_D14_Male_#3/tifs,/Volumes/D/YAPSMAD_Nuclear_Localization/251219_YAPSMAD_Early_D14_Male_#3/tifs,/Volumes/D/YAPSMAD_Nuclear_Localization/251219_YAPSMAD_Early_D14_Male_#3/tifs,1660,6.093533897201704,0.828302467127487,0.1641083838820071,3.3413916071336924,3.0,16.53409643494524,34.08012526854873,14.492713941494003,0.003127612316902413,0.009960299057195927,0.02053019594490887,0.008730550567165062,0.0076509845993279315,0.011491609089746535,0.004855022098284037
15,6,LPATGFb_016_DAPI.1.1.tif,LPATGFb_016_W647.1.1.tif,LPATGFb_016_G488.1.1.tif,LPATGFb_016_R555.1.1.tif,/Volumes/D/YAPSMAD_Nuclear_Localization/251219_YAPSMAD_Early_D14_Male_#3/tifs,/Volumes/D/YAPSMAD_Nuclear_Localization/251219_YAPSMAD_Early_D14_Male_#3/tifs,/Volumes/D/YAPSMAD_Nuclear_Localization/251219_YAPSMAD_Early_D14_Male_#3/tifs,/Volumes/D/YAPSMAD_Nuclear_Localization/251219_YAPSMAD_Early_D14_Male_#3/tifs,3428,6.525076768117211,0.811056506061975,0.15325490190187396,4.915410508477812,4.123105625617661,39.295231907162815,71.6752730468288,33.726070313947275,0.0024720772865441352,0.011463019809557414,0.02090877276745298,0.009838410243275168,0.006742431090823311,0.012655984575520182,0.006276199897341236
15,7,LPATGFb_016_DAPI.1.1.tif,LPATGFb_016_W647.1.1.tif,LPATGFb_016_G488.1.1.tif,LPATGFb_016_R555.1.1.tif,/Volumes/D/YAPSMAD_Nuclear_Localization/251219_YAPSMAD_Early_D14_Male_#3/tifs,/Volumes/D/YAPSMAD_Nuclear_Localization/251219_YAPSMAD_Early_D14_Male_#3/tifs,/Volumes/D/YAPSMAD_Nuclear_Localization/251219_YAPSMAD_Early_D14_Male_#3/tifs,/Volumes/D/YAPSMAD_Nuclear_Localization/251219_YAPSMAD_Early_D14_Male_#3/tifs,3556,19.857206267857258,0.8305100060718198,0.05035955141477753,3.0377994190203,2.23606797749979,43.94007816282101,73.6212866185233,32.925917776534334,0.002223878007809578,0.01235660240799241,0.020703398936592603,0.00925925696752934,0.007919937617552695,0.012633098387788567,0.005346363471565732
15,8,LPATGFb_016_DAPI.1.1.tif,LPATGFb_016_W647.1.1.tif,LPATGFb_016_G488.1.1.tif,LPATGFb_016_R555.1.1.tif,/Volumes/D/YAPSMAD_Nuclear_Localization/251219_YAPSMAD_Early_D14_Male_#3/tifs,/Volumes/D/YAPSMAD_Nuclear_Localization/251219_YAPSMAD_Early_D14_Male_#3/tifs,/Volumes/D/YAPSMAD_Nuclear_Localization/251219_YAPSMAD_Early_D14_Male_#3/tifs,/Volumes/D/YAPSMAD_Nuclear_Localization/251219_YAPSMAD_Early_D14_Male_#3/tifs,1175,4.970178815364465,0.894596647353471,0.20120000449655245,3.176394437749861,2.8284271247461903,12.998107977677137,28.702510178089142,13.777416750090197,0.003580974284757642,0.011062219555469904,0.02442766823667161,0.01172546106390655,0.007509802827599143,0.016033464940169672,0.007483678534391301
15,9,LPATGFb_016_DAPI.1.1.tif,LPATGFb_016_W647.1.1.tif,LPATGFb_016_G488.1.1.tif,LPATGFb_016_R555.1.1.tif,/Volumes/D/YAPSMAD_Nuclear_Localization/251219_YAPSMAD_Early_D14_Male_#3/tifs,/Volumes/D/YAPSMAD_Nuclear_Localization/251219_YAPSMAD_Early_D14_Male_#3/tifs,/Volumes/D/YAPSMAD_Nuclear_Localization/251219_YAPSMAD_Early_D14_Male_#3/tifs,/Volumes/D/YAPSMAD_Nuclear_Localization/251219_YAPSMAD_Early_D14_Male_#3/tifs,3113,14.0829040102685,0.8527712897865987,0.07100808180406921,3.577084558655777,2.8284271247461903,25.515343298902735,51.87576133245602,26.160570944892243,0.0022143129958064225,0.008196383970094036,0.016664234286044338,0.00840365272884428,0.003916654269082832,0.00898362204875296,0.005102096513686954
15,10,LPATGFb_016_DAPI.1.1.tif,LPATGFb_016_W647.1.1.tif,LPATGFb_016_G488.1.1.tif,LPATGFb_016_R555.1.1.tif,/Volumes/D/YAPSMAD_Nuclear_Localization/251219_YAPSMAD_Early_D14_Male_#3/tifs,/Volumes/D/YAPSMAD_Nuclear_Localization/251219_YAPSMAD_Early_D14_Male_#3/tifs,/Volumes/D/YAPSMAD_Nuclear_Localization/251219_YAPSMAD_Early_D14_Male_#3/tifs,/Volumes/D/YAPSMAD_Nuclear_Localization/251219_YAPSMAD_Early_D14_Male_#3/tifs,1691,8.130327744707657,0.8971429052428709,0.12299627166333345,2.8181473750664146,2.8284271247461903,31.93264680262655,35.38135362416506,24.600259526632726,0.003327991787535879,0.01888388338416709,0.02092333153410116,0.014547758442715983,0.012617286622124156,0.013733683957161244,0.011099262651702002
15,11,LPATGFb_016_DAPI.1.1.tif,LPATGFb_016_W647.1.1.tif,LPATGFb_016_G488.1.1.tif,LPATGFb_016_R555.1.1.tif,/Volumes/D/YAPSMAD_Nuclear_Localization/251219_YAPSMAD_Early_D14_Male_#3/tifs,/Volumes/D/YAPSMAD_Nuclear_Localization/251219_YAPSMAD_Early_D14_Male_#3/tifs,/Volumes/D/YAPSMAD_Nuclear_Localization/251219_YAPSMAD_Early_D14_Male_#3/tifs,/Volumes/D/YAPSMAD_Nuclear_Localization/251219_YAPSMAD_Early_D14_Male_#3/tifs,6646,9.711688909182177,0.9793402060327391,0.10296870187579044,5.6683959245387205,5.0,49.469200253952295,77.40119093470275,27.177401524037123,0.0021664298333176064,0.007443454747811058,0.011646282114761172,0.0040892870183624926,0.004617707695399148,0.0075923750576782885,0.004337352256813936
15,12,LPATGFb_016_DAPI.1.1.tif,LPATGFb_016_W647.1.1.tif,LPATGFb_016_G488.1.1.tif,LPATGFb_016_R555.1.1.tif,/Volumes/D/YAPSMAD_Nuclear_Localization/251219_YAPSMAD_Early_D14_Male_#3/tifs,/Volumes/D/YAPSMAD_Nuclear_Localization/251219_YAPSMAD_Early_D14_Male_#3/tifs,/Volumes/D/YAPSMAD_Nuclear_Localization/251219_YAPSMAD_Early_D14_Male_#3/tifs,/Volumes/D/YAPSMAD_Nuclear_Localization/251219_YAPSMAD_Early_D14_Male_#3/tifs,4389,12.19797802519945,0.7527306011923904,0.08198080025510203,4.857614025119569,3.605551275463989,51.325322785647586,81.71819677017629,51.50333446008153,0.0028226861262222506,0.011694081290874365,0.018618864609290565,0.01173463988609741,0.007753565587124192,0.012929195052116831,0.008999645216347864
15,13,LPATGFb_016_DAPI.1.1.tif,LPATGFb_016_W647.1.1.tif,LPATGFb_016_G488.1.1.tif,LPATGFb_016_R555.1.1.tif,/Volumes/D/YAPSMAD_Nuclear_Localization/251219_YAPSMAD_Early_D14_Male_#3/tifs,/Volumes/D/YAPSMAD_Nuclear_Localization/251219_YAPSMAD_Early_D14_Male_#3/tifs,/Volumes/D/YAPSMAD_Nuclear_Localization/251219_YAPSMAD_Early_D14_Male_#3/tifs,/Volumes/D/YAPSMAD_Nuclear_Localization/251219_YAPSMAD_Early_D14_Male_#3/tifs,1949,5.008978488450983,0.8424837872977601,0.1996415042120191,4.172316044177445,3.605551275463989,29.006637812126428,53.9512017769739,26.53118201554753,0.0030417830689025115,0.01488283109909001,0.027681478592598206,0.013612715246561071,0.008671153762329733,0.018392462982341373,0.00841567094472365
15,14,LPATGFb_016_DAPI.1.1.tif,LPATGFb_016_W647.1.1.tif,LPATGFb_016_G488.1.1.tif,LPATGFb_016_R555.1.1.tif,/Volumes/D/YAPSMAD_Nuclear_Localization/251219_YAPSMAD_Early_D14_Male_#3/tifs,/Volumes/D/YAPSMAD_Nuclear_Localization/251219_YAPSMAD_Early_D14_Male_#3/tifs,/Volumes/D/YAPSMAD_Nuclear_Localization/251219_YAPSMAD_Early_D14_Male_#3/tifs,/Volumes/D/YAPSMAD_Nuclear_Localization/251219_YAPSMAD_Early_D14_Male_#3/tifs,1395,10.239919525234459,0.8404973937384693,0.09765701747320163,2.574399276769041,2.23606797749979,9.419272258179262,29.220813414547592,12.214999719290063,0.003544315306042525,0.006752166493318467,0.02094681965200544,0.00875627220020793,0.004451180233696967,0.014984476116966364,0.006569459156058283
15,15,LPATGFb_016_DAPI.1.1.tif,LPATGFb_016_W647.1.1.tif,LPATGFb_016_G488.1.1.tif,LPATGFb_016_R555.1.1.tif,/Volumes/D/YAPSMAD_Nuclear_Localization/251219_YAPSMAD_Early_D14_Male_#3/tifs,/Volumes/D/YAPSMAD_Nuclear_Localization/251219_YAPSMAD_Early_D14_Male_#3/tifs,/Volumes/D/YAPSMAD_Nuclear_Localization/251219_YAPSMAD_Early_D14_Male_#3/tifs,/Volumes/D/YAPSMAD_Nuclear_Localization/251219_YAPSMAD_Early_D14_Male_#3/tifs,2679,5.630773717056421,0.7642049830615136,0.1775954869169856,4.484050379037498,4.0,39.876798927551135,65.30878182547167,38.57868338259868,0.0024543558698447896,0.014884956673218042,0.024378044727686326,0.01440040439813314,0.008443672774427216,0.012889350376976558,0.008438378882022306
15,16,LPATGFb_016_DAPI.1.1.tif,LPATGFb_016_W647.1.1.tif,LPATGFb_016_G488.1.1.tif,LPATGFb_016_R555.1.1.tif,/Volumes/D/YAPSMAD_Nuclear_Localization/251219_YAPSMAD_Early_D14_Male_#3/tifs,/Volumes/D/YAPSMAD_Nuclear_Localization/251219_YAPSMAD_Early_D14_Male_#3/tifs,/Volumes/D/YAPSMAD_Nuclear_Localization/251219_YAPSMAD_Early_D14_Male_#3/tifs,/Volumes/D/YAPSMAD_Nuclear_Localization/251219_YAPSMAD_Early_D14_Male_#3/tifs,1439,4.7950238081451495,0.81926987058017,0.20854953802342605,3.3997832361801437,3.0,17.143129769479856,41.18339827936143,17.640589151065797,0.003137855091092744,0.01191322430123687,0.028619456761196267,0.012258922273152048,0.006914130949604566,0.018785808355491436,0.008229233555353179
15,17,LPATGFb_016_DAPI.1.1.tif,LPATGFb_016_W647.1.1.tif,LPATGFb_016_G488.1.1.tif,LPATGFb_016_R555.1.1.tif,/Volumes/D/YAPSMAD_Nuclear_Localization/251219_YAPSMAD_Early_D14_Male_#3/tifs,/Volumes/D/YAPSMAD_Nuclear_Localization/251219_YAPSMAD_Early_D14_Male_#3/tifs,/Volumes/D/YAPSMAD_Nuclear_Localization/251219_YAPSMAD_Early_D14_Male_#3/tifs,/Volumes/D/YAPSMAD_Nuclear_Localization/251219_YAPSMAD_Early_D14_Male_#3/tifs,2998,8.62156517245572,0.659372049943487,0.11598822023578874,3.906135353699815,3.1622776601683795,23.88000335311517,69.94747868226841,25.872297521447763,0.0031483719086403735,0.007965311325255226,0.023331380481076854,0.008629852408755091,0.003809302318930731,0.014635780854986348,0.005084865850739238
15,18,LPATGFb_016_DAPI.1.1.tif,LPATGFb_016_W647.1.1.tif,LPATGFb_016_G488.1.1.tif,LPATGFb_016_R555.1.1.tif,/Volumes/D/YAPSMAD_Nuclear_Localization/251219_YAPSMAD_Early_D14_Male_#3/tifs,/Volumes/D/YAPSMAD_Nuclear_Localization/251219_YAPSMAD_Early_D14_Male_#3/tifs,/Volumes/D/YAPSMAD_Nuclear_Localization/251219_YAPSMAD_Early_D14_Male_#3/tifs,/Volumes/D/YAPSMAD_Nuclear_Localization/251219_YAPSMAD_Early_D14_Male_#3/tifs,1743,5.3891736587702,0.4972591962823825,0.18555720474374143,3.632110569841598,3.1622776601683795,23.98213186301291,45.15779364015907,14.758938099257648,0.0029465495384331927,0.013759111797483023,0.02590808585207061,0.008467549110302725,0.008480990800068831,0.019396903815051363,0.006230992242900924
15,19,LPATGFb_016_DAPI.1.1.tif,LPATGFb_016_W647.1.1.tif,LPATGFb_016_G488.1.1.tif,LPATGFb_016_R555.1.1.tif,/Volumes/D/YAPSMAD_Nuclear_Localization/251219_YAPSMAD_Early_D14_Male_#3/tifs,/Volumes/D/YAPSMAD_Nuclear_Localization/251219_YAPSMAD_Early_D14_Male_#3/tifs,/Volumes/D/YAPSMAD_Nuclear_Localization/251219_YAPSMAD_Early_D14_Male_#3/tifs,/Volumes/D/YAPSMAD_Nuclear_Localization/251219_YAPSMAD_Early_D14_Male_#3/tifs,2403,6.51326703709763,0.820797188094864,0.1535327807541588,3.8921325024433835,3.1622776601683795,35.06111261039041,57.224399329163134,23.853269434068352,0.0030945588686727096,0.014590558722592763,0.02381373255479115,0.009926454196449585,0.008861201093002964,0.016949748844298285,0.006758485262732698
15,20,LPATGFb_016_DAPI.1.1.tif,LPATGFb_016_W647.1.1.tif,LPATGFb_016_G488.1.1.tif,LPATGFb_016_R555.1.1.tif,/Volumes/D/YAPSMAD_Nuclear_Localization/251219_YAPSMAD_Early_D14_Male_#3/tifs,/Volumes/D/YAPSMAD_Nuclear_Localization/251219_YAPSMAD_Early_D14_Male_#3/tifs,/Volumes/D/YAPSMAD_Nuclear_Localization/251219_YAPSMAD_Early_D14_Male_#3/tifs,/Volumes/D/YAPSMAD_Nuclear_Localization/251219_YAPSMAD_Early_D14_Male_#3/tifs,400,8.436136076138583,0.1939986189064296,0.11853768016242378,1.6367645434839955,1.4142135623730951,3.482291929423809,8.251209298614413,2.850309031549841,0.007714274855097756,0.008705729823559523,0.02062802324653603,0.007125772578874603,0.007036386237288915,0.01741123712938666,0.004237201899174792
15,21,LPATGFb_016_DAPI.1.1.tif,LPATGFb_016_W647.1.1.tif,LPATGFb_016_G488.1.1.tif,LPATGFb_016_R555.1.1.tif,/Volumes/D/YAPSMAD_Nuclear_Localization/251219_YAPSMAD_Early_D14_Male_#3/tifs,/Volumes/D/YAPSMAD_Nuclear_Localization/251219_YAPSMAD_Early_D14_Male_#3/tifs,/Volumes/D/YAPSMAD_Nuclear_Localization/251219_YAPSMAD_Early_D14_Male_#3/tifs,/Volumes/D/YAPSMAD_Nuclear_Localization/251219_YAPSMAD_Early_D14_Male_#3/tifs,50,3.9788735772973833,0.700640700347602,0.25132741228718347,1.0,1.0,0.04510566871613264,0.7765011112205684,0.6629282096400857,0.021212482023984194,0.0009021133743226528,0.015530022224411369,0.013258564192801714,0.00025656292711922216,0.00987533832799771,0.0010017696218518537
15,22,LPATGFb_016_DAPI.1.1.tif,LPATGFb_016_W647.1.1.tif,LPATGFb_016_G488.1.1.tif,LPATGFb_016_R555.1.1.tif,/Volumes/D/YAPSMAD_Nuclear_Localization/251219_YAPSMAD_Early_D14_Male_#3/tifs,/Volumes/D/YAPSMAD_Nuclear_Localization/251219_YAPSMAD_Early_D14_Male_#3/tifs,/Volumes/D/YAPSMAD_Nuclear_Localization/251219_YAPSMAD_Early_D14_Male_#3/tifs,/Volumes/D/YAPSMAD_Nuclear_Localization/251219_YAPSMAD_Early_D14_Male_#3/tifs,1186,6.0767524918296045,0.9356986690010636,0.1645615814276677,3.099615124236053,2.8284271247461903,15.938521543517709,35.79267575731501,15.96475180098787,0.0036914867808740793,0.013438888316625387,0.030179321886437613,0.0134610048912208,0.010397657858780855,0.018368546044992825,0.007721096917432205
15,23,LPATGFb_016_DAPI.1.1.tif,LPATGFb_016_W647.1.1.tif,LPATGFb_016_G488.1.1.tif,LPATGFb_016_R555.1.1.tif,/Volumes/D/YAPSMAD_Nuclear_Localization/251219_YAPSMAD_Early_D14_Male_#3/tifs,/Volumes/D/YAPSMAD_Nuclear_Localization/251219_YAPSMAD_Early_D14_Male_#3/tifs,/Volumes/D/YAPSMAD_Nuclear_Localization/251219_YAPSMAD_Early_D14_Male_#3/tifs,/Volumes/D/YAPSMAD_Nuclear_Localization/251219_YAPSMAD_Early_D14_Male_#3/tifs,1602,3.9264635509239096,0.6564438293594047,0.2546821044002043,3.971565460583875,3.605551275463989,33.77979718777351,34.068085895851254,35.32921346789226,0.0036885113832941943,0.021086015722705062,0.021265971220880933,0.02205319192752326,0.013268609235315478,0.013662785891797018,0.015698101580196258
15,24,LPATGFb_016_DAPI.1.1.tif,LPATGFb_016_W647.1.1.tif,LPATGFb_016_G488.1.1.tif,LPATGFb_016_R555.1.1.tif,/Volumes/D/YAPSMAD_Nuclear_Localization/251219_YAPSMAD_Early_D14_Male_#3/tifs,/Volumes/D/YAPSMAD_Nuclear_Localization/251219_YAPSMAD_Early_D14_Male_#3/tifs,/Volumes/D/YAPSMAD_Nuclear_Localization/251219_YAPSMAD_Early_D14_Male_#3/tifs,/Volumes/D/YAPSMAD_Nuclear_Localization/251219_YAPSMAD_Early_D14_Male_#3/tifs,1614,8.623053997174932,0.7999769355605375,0.11596819413720684,2.9977320825485063,2.8284271247461903,26.14265671139583,42.933440246619284,21.858899966813624,0.0038896608385667114,0.016197432906688868,0.026600644514634005,0.013543308529624301,0.015567851218957138,0.018922907124704832,0.010005774511059995
15,25,LPATGFb_016_DAPI.1.1.tif,LPATGFb_016_W647.1.1.tif,LPATGFb_016_G488.1.1.tif,LPATGFb_016_R555.1.1.tif,/Volumes/D/YAPSMAD_Nuclear_Localization/251219_YAPSMAD_Early_D14_Male_#3/tifs,/Volumes/D/YAPSMAD_Nuclear_Localization/251219_YAPSMAD_Early_D14_Male_#3/tifs,/Volumes/D/YAPSMAD_Nuclear_Localization/251219_YAPSMAD_Early_D14_Male_#3/tifs,/Volumes/D/YAPSMAD_Nuclear_Localization/251219_YAPSMAD_Early_D14_Male_#3/tifs,4002,10.046228229424504,0.9694776062281492,0.09953984492121028,4.261964125538657,3.605551275463989,31.941222642548382,76.09716987842694,33.47686002077535,0.002067994010559786,0.007981315003135528,0.019014785077068202,0.008365032488949362,0.00465436907606689,0.013465082403225385,0.00543474120489719
15,26,LPATGFb_016_DAPI.1.1.tif,LPATGFb_016_W647.1.1.tif,LPATGFb_016_G488.1.1.tif,LPATGFb_016_R555.1.1.tif,/Volumes/D/YAPSMAD_Nuclear_Localization/251219_YAPSMAD_Early_D14_Male_#3/tifs,/Volumes/D/YAPSMAD_Nuclear_Localization/251219_YAPSMAD_Early_D14_Male_#3/tifs,/Volumes/D/YAPSMAD_Nuclear_Localization/251219_YAPSMAD_Early_D14_Male_#3/tifs,/Volumes/D/YAPSMAD_Nuclear_Localization/251219_YAPSMAD_Early_D14_Male_#3/tifs,1301,7.087398931840302,0.5811908219006217,0.14109548645660075,2.8963400472939513,2.23606797749979,16.746212056139484,25.62284288997762,11.43910896149464,0.003424213677329755,0.012871800196878927,0.01969472935432561,0.008792551084930546,0.008860986995641557,0.017665936928760183,0.007360688598755444
15,27,LPATGFb_016_DAPI.1.1.tif,LPATGFb_016_W647.1.1.tif,LPATGFb_016_G488.1.1.tif,LPATGFb_016_R555.1.1.tif,/Volumes/D/YAPSMAD_Nuclear_Localization/251219_YAPSMAD_Early_D14_Male_#3/tifs,/Volumes/D/YAPSMAD_Nuclear_Localization/251219_YAPSMAD_Early_D14_Male_#3/tifs,/Volumes/D/YAPSMAD_Nuclear_Localization/251219_YAPSMAD_Early_D14_Male_#3/tifs,/Volumes/D/YAPSMAD_Nuclear_Localization/251219_YAPSMAD_Early_D14_Male_#3/tifs,2165,6.45595216837534,0.7875153678097635,0.1548958192253232,4.24071585975985,3.605551275463989,24.796582215232775,47.414770922856405,24.944655737141147,0.0025462832151294857,0.011453386704495508,0.021900587031342452,0.011521780940942793,0.006365961368760687,0.015000403397170434,0.007062230189899826
15,28,LPATGFb_016_DAPI.1.1.tif,LPATGFb_016_W647.1.1.tif,LPATGFb_016_G488.1.1.tif,LPATGFb_016_R555.1.1.tif,/Volumes/D/YAPSMAD_Nuclear_Localization/251219_YAPSMAD_Early_D14_Male_#3/tifs,/Volumes/D/YAPSMAD_Nuclear_Localization/251219_YAPSMAD_Early_D14_Male_#3/tifs,/Volumes/D/YAPSMAD_Nuclear_Localization/251219_YAPSMAD_Early_D14_Male_#3/tifs,/Volumes/D/YAPSMAD_Nuclear_Localization/251219_YAPSMAD_Early_D14_Male_#3/tifs,927,4.8133957105711955,0.5143880878135147,0.20775354035484694,3.1761414314258354,2.8284271247461903,5.076768211321905,24.801052934955806,7.35626774164848,0.004738082709654909,0.005476556862267427,0.026754102410955563,0.007935563906848414,0.003160575548753183,0.012867590154496988,0.003185913330626013
15,29,LPATGFb_016_DAPI.1.1.tif,LPATGFb_016_W647.1.1.tif,LPATGFb_016_G488.1.1.tif,LPATGFb_016_R555.1.1.tif,/Volumes/D/YAPSMAD_Nuclear_Localization/251219_YAPSMAD_Early_D14_Male_#3/tifs,/Volumes/D/YAPSMAD_Nuclear_Localization/251219_YAPSMAD_Early_D14_Male_#3/tifs,/Volumes/D/YAPSMAD_Nuclear_Localization/251219_YAPSMAD_Early_D14_Male_#3/tifs,/Volumes/D/YAPSMAD_Nuclear_Localization/251219_YAPSMAD_Early_D14_Male_#3/tifs,1201,5.30291522573774,0.6686424201372486,0.18857552071481215,3.5598017609271766,2.8284271247461903,9.78593129827641,24.35704592941329,9.967849344247952,0.0030583603100945785,0.008148152621379192,0.020280637743058525,0.008299624766234765,0.006094316853163745,0.012938389725740747,0.004340388249866413
15,30,LPATGFb_016_DAPI.1.1.tif,LPATGFb_016_W647.1.1.tif,LPATGFb_016_G488.1.1.tif,LPATGFb_016_R555.1.1.tif,/Volumes/D/YAPSMAD_Nuclear_Localization/251219_YAPSMAD_Early_D14_Male_#3/tifs,/Volumes/D/YAPSMAD_Nuclear_Localization/251219_YAPSMAD_Early_D14_Male_#3/tifs,/Volumes/D/YAPSMAD_Nuclear_Localization/251219_YAPSMAD_Early_D14_Male_#3/tifs,/Volumes/D/YAPSMAD_Nuclear_Localization/251219_YAPSMAD_Early_D14_Male_#3/tifs,3186,3.8621558383521855,0.8748986739790617,0.2589227472567903,6.144444493584637,5.0,30.262302903225645,58.47467791615054,19.979324201121926,0.002166354858766065,0.009498525707227133,0.018353633997536267,0.006270974325524773,0.0046166346481850236,0.013834887092933203,0.004956456583780542
15,31,LPATGFb_016_DAPI.1.1.tif,LPATGFb_016_W647.1.1.tif,LPATGFb_016_G488.1.1.tif,LPATGFb_016_R555.1.1.tif,/Volumes/D/YAPSMAD_Nuclear_Localization/251219_YAPSMAD_Early_D14_Male_#3/tifs,/Volumes/D/YAPSMAD_Nuclear_Localization/251219_YAPSMAD_Early_D14_Male_#3/tifs,/Volumes/D/YAPSMAD_Nuclear_Localization/251219_YAPSMAD_Early_D14_Male_#3/tifs,/Volumes/D/YAPSMAD_Nuclear_Localization/251219_YAPSMAD_Early_D14_Male_#3/tifs,8504,9.977875353438588,0.7792223350727011,0.10022173705100242,7.816410968209616,5.656854249492381,83.53153363242745,137.74218439077958,62.369741905713454,0.001881401158464277,0.009822616842947725,0.01619734059157803,0.007334165322873172,0.006369740285791859,0.009521836467564269,0.005450768721746614
15,32,LPATGFb_016_DAPI.1.1.tif,LPATGFb_016_W647.1.1.tif,LPATGFb_016_G488.1.1.tif,LPATGFb_016_R555.1.1.tif,/Volumes/D/YAPSMAD_Nuclear_Localization/251219_YAPSMAD_Early_D14_Male_#3/tifs,/Volumes/D/YAPSMAD_Nuclear_Localization/251219_YAPSMAD_Early_D14_Male_#3/tifs,/Volumes/D/YAPSMAD_Nuclear_Localization/251219_YAPSMAD_Early_D14_Male_#3/tifs,/Volumes/D/YAPSMAD_Nuclear_Localization/251219_YAPSMAD_Early_D14_Male_#3/tifs,3191,4.953657334301211,0.9226637564381732,0.20187104850300777,5.359512420259014,4.47213595499958,27.50820203498006,56.17256456753239,27.6347602205351,0.0025407299656211974,0.008620558456590429,0.017603436091360825,0.008660219436081197,0.0047597443182399715,0.014668503217069084,0.008293425290943776
15,33,LPATGFb_016_DAPI.1.1.tif,LPATGFb_016_W647.1.1.tif,LPATGFb_016_G488.1.1.tif,LPATGFb_016_R555.1.1.tif,/Volumes/D/YAPSMAD_Nuclear_Localization/251219_YAPSMAD_Early_D14_Male_#3/tifs,/Volumes/D/YAPSMAD_Nuclear_Localization/251219_YAPSMAD_Early_D14_Male_#3/tifs,/Volumes/D/YAPSMAD_Nuclear_Localization/251219_YAPSMAD_Early_D14_Male_#3/tifs,/Volumes/D/YAPSMAD_Nuclear_Localization/251219_YAPSMAD_Early_D14_Male_#3/tifs,1098,8.595946435605235,0.8097703549764824,0.11633390313577387,2.6069373894319603,2.23606797749979,8.193225083174184,28.43929205229506,9.55494018504396,0.0032148591235520926,0.007461953627663191,0.025900994583146684,0.008702131316069181,0.004385566410930511,0.018754638904624005,0.006728289868981957
15,34,LPATGFb_016_DAPI.1.1.tif,LPATGFb_016_W647.1.1.tif,LPATGFb_016_G488.1.1.tif,LPATGFb_016_R555.1.1.tif,/Volumes/D/YAPSMAD_Nuclear_Localization/251219_YAPSMAD_Early_D14_Male_#3/tifs,/Volumes/D/YAPSMAD_Nuclear_Localization/251219_YAPSMAD_Early_D14_Male_#3/tifs,/Volumes/D/YAPSMAD_Nuclear_Localization/251219_YAPSMAD_Early_D14_Male_#3/tifs,/Volumes/D/YAPSMAD_Nuclear_Localization/251219_YAPSMAD_Early_D14_Male_#3/tifs,4860,5.681198201689569,0.8692807255235429,0.17601920660022094,6.51192425786811,5.0990195135927845,38.187289683613926,81.71001802850515,26.91596894012764,0.0024779050432743484,0.007857467013089285,0.01681276091121505,0.005538265214018033,0.004566100354846316,0.009303410668613918,0.003204102184065684
15,35,LPATGFb_016_DAPI.1.1.tif,LPATGFb_016_W647.1.1.tif,LPATGFb_016_G488.1.1.tif,LPATGFb_016_R555.1.1.tif,/Volumes/D/YAPSMAD_Nuclear_Localization/251219_YAPSMAD_Early_D14_Male_#3/tifs,/Volumes/D/YAPSMAD_Nuclear_Localization/251219_YAPSMAD_Early_D14_Male_#3/tifs,/Volumes/D/YAPSMAD_Nuclear_Localization/251219_YAPSMAD_Early_D14_Male_#3/tifs,/Volumes/D/YAPSMAD_Nuclear_Localization/251219_YAPSMAD_Early_D14_Male_#3/tifs,1811,8.316207675627853,0.83529475333646,0.12024711731654808,3.0268170007791326,2.8284271247461903,21.291035508504137,39.97366311121732,15.697245914954692,0.003049605280085822,0.01175650773523144,0.022072701883609786,0.008667722758119653,0.006265806812267578,0.012813851261494971,0.005714041416564134
15,36,LPATGFb_016_DAPI.1.1.tif,LPATGFb_016_W647.1.1.tif,LPATGFb_016_G488.1.1.tif,LPATGFb_016_R555.1.1.tif,/Volumes/D/YAPSMAD_Nuclear_Localization/251219_YAPSMAD_Early_D14_Male_#3/tifs,/Volumes/D/YAPSMAD_Nuclear_Localization/251219_YAPSMAD_Early_D14_Male_#3/tifs,/Volumes/D/YAPSMAD_Nuclear_Localization/251219_YAPSMAD_Early_D14_Male_#3/tifs,/Volumes/D/YAPSMAD_Nuclear_Localization/251219_YAPSMAD_Early_D14_Male_#3/tifs,2380,6.100773900006607,0.8926437669049889,0.16391363069510198,4.241481831175836,3.605551275463989,19.537896025227383,50.798260672949255,20.531395628349856,0.002709188059211059,0.008209200010599741,0.021343807005440862,0.008626636818634393,0.0038137889428616857,0.012190809319142876,0.006540833307123543
15,37,LPATGFb_016_DAPI.1.1.tif,LPATGFb_016_W647.1.1.tif,LPATGFb_016_G488.1.1.tif,LPATGFb_016_R555.1.1.tif,/Volumes/D/YAPSMAD_Nuclear_Localization/251219_YAPSMAD_Early_D14_Male_#3/tifs,/Volumes/D/YAPSMAD_Nuclear_Localization/251219_YAPSMAD_Early_D14_Male_#3/tifs,/Volumes/D/YAPSMAD_Nuclear_Localization/251219_YAPSMAD_Early_D14_Male_#3/tifs,/Volumes/D/YAPSMAD_Nuclear_Localization/251219_YAPSMAD_Early_D14_Male_#3/tifs,2110,5.54004085873167,0.5463418101189628,0.18050408390470585,4.020636896448859,3.605551275463989,40.35863293684088,52.81734965927899,24.387792968191206,0.002547735980076283,0.019127314188076245,0.02503191926980047,0.011558195719521899,0.012306115593283895,0.016289740902423917,0.008225003948307424
15,38,LPATGFb_016_DAPI.1.1.tif,LPATGFb_016_W647.1.1.tif,LPATGFb_016_G488.1.1.tif,LPATGFb_016_R555.1.1.tif,/Volumes/D/YAPSMAD_Nuclear_Localization/251219_YAPSMAD_Early_D14_Male_#3/tifs,/Volumes/D/YAPSMAD_Nuclear_Localization/251219_YAPSMAD_Early_D14_Male_#3/tifs,/Volumes/D/YAPSMAD_Nuclear_Localization/251219_YAPSMAD_Early_D14_Male_#3/tifs,/Volumes/D/YAPSMAD_Nuclear_Localization/251219_YAPSMAD_Early_D14_Male_#3/tifs,2426,7.063979332481799,0.8329425320290833,0.14156326808627118,4.055953056011438,3.605551275463989,11.60881985956803,29.485023494577035,11.842038768110797,0.0026442073638760543,0.004785168944586987,0.012153760714994657,0.004881302047861005,0.0029372277163060615,0.006832454894248962,0.002761149265755175
15,39,LPATGFb_016_DAPI.1.1.tif,LPATGFb_016_W647.1.1.tif,LPATGFb_016_G488.1.1.tif,LPATGFb_016_R555.1.1.tif,/Volumes/D/YAPSMAD_Nuclear_Localization/251219_YAPSMAD_Early_D14_Male_#3/tifs,/Volumes/D/YAPSMAD_Nuclear_Localization/251219_YAPSMAD_Early_D14_Male_#3/tifs,/Volumes/D/YAPSMAD_Nuclear_Localization/251219_YAPSMAD_Early_D14_Male_#3/tifs,/Volumes/D/YAPSMAD_Nuclear_Localization/251219_YAPSMAD_Early_D14_Male_#3/tifs,3701,7.080534126334888,0.3964878523642944,0.14123228306755328,4.779619878084118,4.123105625617661,25.259403739357367,92.79243179038167,37.22883988241665,0.0021290520382368163,0.006825021275157354,0.025072259332715934,0.010059129933103662,0.0034328237577787263,0.012754100967505141,0.00583355772262684
15,40,LPATGFb_016_DAPI.1.1.tif,LPATGFb_016_W647.1.1.tif,LPATGFb_016_G488.1.1.tif,LPATGFb_016_R555.1.1.tif,/Volumes/D/YAPSMAD_Nuclear_Localization/251219_YAPSMAD_Early_D14_Male_#3/tifs,/Volumes/D/YAPSMAD_Nuclear_Localization/251219_YAPSMAD_Early_D14_Male_#3/tifs,/Volumes/D/YAPSMAD_Nuclear_Localization/251219_YAPSMAD_Early_D14_Male_#3/tifs,/Volumes/D/YAPSMAD_Nuclear_Localization/251219_YAPSMAD_Early_D14_Male_#3/tifs,2012,5.148006799390571,0.48720874733626485,0.1942499376881906,4.281341270386552,3.605551275463989,19.523644075728953,51.498375030234456,21.33563759527169,0.0030445995859553665,0.009703600435252958,0.02559561383212448,0.01060419363582092,0.004701942321874095,0.01739813561669643,0.006889279313245747
15,41,LPATGFb_016_DAPI.1.1.tif,LPATGFb_016_W647.1.1.tif,LPATGFb_016_G488.1.1.tif,LPATGFb_016_R555.1.1.tif,/Volumes/D/YAPSMAD_Nuclear_Localization/251219_YAPSMAD_Early_D14_Male_#3/tifs,/Volumes/D/YAPSMAD_Nuclear_Localization/251219_YAPSMAD_Early_D14_Male_#3/tifs,/Volumes/D/YAPSMAD_Nuclear_Localization/251219_YAPSMAD_Early_D14_Male_#3/tifs,/Volumes/D/YAPSMAD_Nuclear_Localization/251219_YAPSMAD_Early_D14_Male_#3/tifs,2899,4.063303140873691,0.6599046727178156,0.24610519208886297,5.884617299146593,5.0,25.187350548338145,38.870313861873,15.744381029624492,0.0021992203541467545,0.008688289254342237,0.013408180014443946,0.005430969654923936,0.004631159488404882,0.01064627583427401,0.004250524562636845
15,42,LPATGFb_016_DAPI.1.1.tif,LPATGFb_016_W647.1.1.tif,LPATGFb_016_G488.1.1.tif,LPATGFb_016_R555.1.1.tif,/Volumes/D/YAPSMAD_Nuclear_Localization/251219_YAPSMAD_Early_D14_Male_#3/tifs,/Volumes/D/YAPSMAD_Nuclear_Localization/251219_YAPSMAD_Early_D14_Male_#3/tifs,/Volumes/D/YAPSMAD_Nuclear_Localization/251219_YAPSMAD_Early_D14_Male_#3/tifs,/Volumes/D/YAPSMAD_Nuclear_Localization/251219_YAPSMAD_Early_D14_Male_#3/tifs,2519,7.682629268829426,0.919948699623615,0.13016377141316443,3.691025485206488,3.0,23.885450758738443,58.03672867780551,24.09828356746584,0.002139885500576251,0.009482116220221692,0.023039590582693732,0.009566607212173816,0.006650447369356008,0.013530952403606477,0.006320497712472949
15,43,LPATGFb_016_DAPI.1.1.tif,LPATGFb_016_W647.1.1.tif,LPATGFb_016_G488.1.1.tif,LPATGFb_016_R555.1.1.tif,/Volumes/D/YAPSMAD_Nuclear_Localization/251219_YAPSMAD_Early_D14_Male_#3/tifs,/Volumes/D/YAPSMAD_Nuclear_Localization/251219_YAPSMAD_Early_D14_Male_#3/tifs,/Volumes/D/YAPSMAD_Nuclear_Localization/251219_YAPSMAD_Early_D14_Male_#3/tifs,/Volumes/D/YAPSMAD_Nuclear_Localization/251219_YAPSMAD_Early_D14_Male_#3/tifs,2163,9.250211097801916,0.6292498818526355,0.10810564098776355,3.9243765150715864,3.0,8.884489307180047,23.572305124718696,6.124971432611346,0.002906557971351555,0.0041074846542672435,0.010897968157521358,0.0028317020030565634,0.001802644129326659,0.005922540028421781,0.001431805760647579
16,1,LPATGFb_017_DAPI.1.1.tif,LPATGFb_017_W647.1.1.tif,LPATGFb_017_G488.1.1.tif,LPATGFb_017_R555.1.1.tif,/Volumes/D/YAPSMAD_Nuclear_Localization/251219_YAPSMAD_Early_D14_Male_#3/tifs,/Volumes/D/YAPSMAD_Nuclear_Localization/251219_YAPSMAD_Early_D14_Male_#3/tifs,/Volumes/D/YAPSMAD_Nuclear_Localization/251219_YAPSMAD_Early_D14_Male_#3/tifs,/Volumes/D/YAPSMAD_Nuclear_Localization/251219_YAPSMAD_Early_D14_Male_#3/tifs,1847,5.278460958429374,0.8443742513266674,0.18944916101028694,3.6910811734792133,3.1622776601683795,18.923384650610387,66.39269098266959,35.703151166206226,0.002922676875531819,0.010245470844943361,0.03594623225916058,0.019330347139256212,0.00556920928598397,0.01889882163927841,0.01063082078197095
16,2,LPATGFb_017_DAPI.1.1.tif,LPATGFb_017_W647.1.1.tif,LPATGFb_017_G488.1.1.tif,LPATGFb_017_R555.1.1.tif,/Volumes/D/YAPSMAD_Nuclear_Localization/251219_YAPSMAD_Early_D14_Male_#3/tifs,/Volumes/D/YAPSMAD_Nuclear_Localization/251219_YAPSMAD_Early_D14_Male_#3/tifs,/Volumes/D/YAPSMAD_Nuclear_Localization/251219_YAPSMAD_Early_D14_Male_#3/tifs,/Volumes/D/YAPSMAD_Nuclear_Localization/251219_YAPSMAD_Early_D14_Male_#3/tifs,1603,3.55078678579981,0.4739237557435194,0.2816277237482034,4.329607386128359,3.605551275463989,21.4592051806394,26.14435049565509,20.849027389427647,0.0029697502657936112,0.013386902795158704,0.016309638487620143,0.013006255389536897,0.008315476331474789,0.009598116941199686,0.006315257441569387
16,3,LPATGFb_017_DAPI.1.1.tif,LPATGFb_017_W647.1.1.tif,LPATGFb_017_G488.1.1.tif,LPATGFb_017_R555.1.1.tif,/Volumes/D/YAPSMAD_Nuclear_Localization/251219_YAPSMAD_Early_D14_Male_#3/tifs,/Volumes/D/YAPSMAD_Nuclear_Localization/251219_YAPSMAD_Early_D14_Male_#3/tifs,/Volumes/D/YAPSMAD_Nuclear_Localization/251219_YAPSMAD_Early_D14_Male_#3/tifs,/Volumes/D/YAPSMAD_Nuclear_Localization/251219_YAPSMAD_Early_D14_Male_#3/tifs,1287,3.8859526851032764,0.7865052205277684,0.25733715282573577,4.182227921121688,3.1622776601683795,22.90861380752176,45.490837002173066,27.287403762573376,0.003801844015474364,0.017800010728455138,0.03534641569710417,0.02120233392585344,0.014811296502549216,0.01936919396372343,0.010278648475953145
16,4,LPATGFb_017_DAPI.1.1.tif,LPATGFb_017_W647.1.1.tif,LPATGFb_017_G488.1.1.tif,LPATGFb_017_R555.1.1.tif,/Volumes/D/YAPSMAD_Nuclear_Localization/251219_YAPSMAD_Early_D14_Male_#3/tifs,/Volumes/D/YAPSMAD_Nuclear_Localization/251219_YAPSMAD_Early_D14_Male_#3/tifs,/Volumes/D/YAPSMAD_Nuclear_Localization/251219_YAPSMAD_Early_D14_Male_#3/tifs,/Volumes/D/YAPSMAD_Nuclear_Localization/251219_YAPSMAD_Early_D14_Male_#3/tifs,1088,5.625048736516635,0.802045062973253,0.17777623747652355,2.6798487852265636,2.23606797749979,27.549034947063774,28.109483564272523,19.118013414321467,0.003982773024558008,0.025320804179286557,0.025835922393632832,0.017571703505810173,0.015916880702117452,0.01794363906118133,0.011692441389773527
16,5,LPATGFb_017_DAPI.1.1.tif,LPATGFb_017_W647.1.1.tif,LPATGFb_017_G488.1.1.tif,LPATGFb_017_R555.1.1.tif,/Volumes/D/YAPSMAD_Nuclear_Localization/251219_YAPSMAD_Early_D14_Male_#3/tifs,/Volumes/D/YAPSMAD_Nuclear_Localization/251219_YAPSMAD_Early_D14_Male_#3/tifs,/Volumes/D/YAPSMAD_Nuclear_Localization/251219_YAPSMAD_Early_D14_Male_#3/tifs,/Volumes/D/YAPSMAD_Nuclear_Localization/251219_YAPSMAD_Early_D14_Male_#3/tifs,1325,6.340031639889633,0.37801375115710806,0.15772791948044726,3.209650822032857,2.8284271247461903,22.649118887959048,33.07306033093482,19.94720393163152,0.0037857000101006255,0.017093674632421924,0.02496080024976213,0.015054493533306807,0.009882068453115093,0.014194326768499292,0.009594717736235471
16,6,LPATGFb_017_DAPI.1.1.tif,LPATGFb_017_W647.1.1.tif,LPATGFb_017_G488.1.1.tif,LPATGFb_017_R555.1.1.tif,/Volumes/D/YAPSMAD_Nuclear_Localization/251219_YAPSMAD_Early_D14_Male_#3/tifs,/Volumes/D/YAPSMAD_Nuclear_Localization/251219_YAPSMAD_Early_D14_Male_#3/tifs,/Volumes/D/YAPSMAD_Nuclear_Localization/251219_YAPSMAD_Early_D14_Male_#3/tifs,/Volumes/D/YAPSMAD_Nuclear_Localization/251219_YAPSMAD_Early_D14_Male_#3/tifs,2483,12.925450451094518,0.8401764622153711,0.0773667427517252,3.0282622485954582,2.8284271247461903,24.304616099456325,63.9945068852976,38.18291016691364,0.0025076171494097695,0.00978840761154101,0.025773059559121063,0.015377732648777141,0.006122173939362955,0.013552994924907531,0.008991165793519718
16,7,LPATGFb_017_DAPI.1.1.tif,LPATGFb_017_W647.1.1.tif,LPATGFb_017_G488.1.1.tif,LPATGFb_017_R555.1.1.tif,/Volumes/D/YAPSMAD_Nuclear_Localization/251219_YAPSMAD_Early_D14_Male_#3/tifs,/Volumes/D/YAPSMAD_Nuclear_Localization/251219_YAPSMAD_Early_D14_Male_#3/tifs,/Volumes/D/YAPSMAD_Nuclear_Localization/251219_YAPSMAD_Early_D14_Male_#3/tifs,/Volumes/D/YAPSMAD_Nuclear_Localization/251219_YAPSMAD_Early_D14_Male_#3/tifs,1242,6.342559610022286,0.8798655596228561,0.1576650534619865,3.4232433465265255,2.8284271247461903,15.38065162440762,32.27771423570812,16.796994094736874,0.0030120105369034525,0.012383777475368453,0.025988497774322154,0.013524149834731783,0.009625076481992739,0.012265656584247343,0.008314955602131704
16,8,LPATGFb_017_DAPI.1.1.tif,LPATGFb_017_W647.1.1.tif,LPATGFb_017_G488.1.1.tif,LPATGFb_017_R555.1.1.tif,/Volumes/D/YAPSMAD_Nuclear_Localization/251219_YAPSMAD_Early_D14_Male_#3/tifs,/Volumes/D/YAPSMAD_Nuclear_Localization/251219_YAPSMAD_Early_D14_Male_#3/tifs,/Volumes/D/YAPSMAD_Nuclear_Localization/251219_YAPSMAD_Early_D14_Male_#3/tifs,/Volumes/D/YAPSMAD_Nuclear_Localization/251219_YAPSMAD_Early_D14_Male_#3/tifs,1642,8.217758437164134,0.6484913487717708,0.12168768498689163,3.223101136332694,2.8284271247461903,15.445548325777054,39.27121400786564,14.995834426255897,0.0032500415828008652,0.009406545874407462,0.023916695498091133,0.009132664084199693,0.008306342907855754,0.014855031235353046,0.004904727951633772
16,9,LPATGFb_017_DAPI.1.1.tif,LPATGFb_017_W647.1.1.tif,LPATGFb_017_G488.1.1.tif,LPATGFb_017_R555.1.1.tif,/Volumes/D/YAPSMAD_Nuclear_Localization/251219_YAPSMAD_Early_D14_Male_#3/tifs,/Volumes/D/YAPSMAD_Nuclear_Localization/251219_YAPSMAD_Early_D14_Male_#3/tifs,/Volumes/D/YAPSMAD_Nuclear_Localization/251219_YAPSMAD_Early_D14_Male_#3/tifs,/Volumes/D/YAPSMAD_Nuclear_Localization/251219_YAPSMAD_Early_D14_Male_#3/tifs,1044,10.098765792523055,0.749239807038889,0.09902200135588667,2.226875709920509,2.0,9.956664473516867,16.307698285905644,7.731960110599175,0.00278037211231502,0.009537034936318838,0.015620400656997744,0.007406092059960896,0.00665058270167494,0.010560290553362675,0.004552111074891863
16,10,LPATGFb_017_DAPI.1.1.tif,LPATGFb_017_W647.1.1.tif,LPATGFb_017_G488.1.1.tif,LPATGFb_017_R555.1.1.tif,/Volumes/D/YAPSMAD_Nuclear_Localization/251219_YAPSMAD_Early_D14_Male_#3/tifs,/Volumes/D/YAPSMAD_Nuclear_Localization/251219_YAPSMAD_Early_D14_Male_#3/tifs,/Volumes/D/YAPSMAD_Nuclear_Localization/251219_YAPSMAD_Early_D14_Male_#3/tifs,/Volumes/D/YAPSMAD_Nuclear_Localization/251219_YAPSMAD_Early_D14_Male_#3/tifs,1900,9.428269017910088,0.6779286980447881,0.10606400794253795,3.367145617159845,2.8284271247461903,16.622675101738423,39.263447211124,21.62676452449523,0.0030539486883208156,0.008748776369336013,0.020664972216381056,0.011382507644471173,0.004648990833207693,0.016145909510854973,0.008119562540168424
16,11,LPATGFb_017_DAPI.1.1.tif,LPATGFb_017_W647.1.1.tif,LPATGFb_017_G488.1.1.tif,LPATGFb_017_R555.1.1.tif,/Volumes/D/YAPSMAD_Nuclear_Localization/251219_YAPSMAD_Early_D14_Male_#3/tifs,/Volumes/D/YAPSMAD_Nuclear_Localization/251219_YAPSMAD_Early_D14_Male_#3/tifs,/Volumes/D/YAPSMAD_Nuclear_Localization/251219_YAPSMAD_Early_D14_Male_#3/tifs,/Volumes/D/YAPSMAD_Nuclear_Localization/251219_YAPSMAD_Early_D14_Male_#3/tifs,1473,4.879493798415423,0.8291614175075553,0.20493929110530731,3.83702840465825,3.0,15.838086700066924,48.31255064578727,28.180636449716985,0.0034971233583463244,0.010752265241050185,0.032798744498158366,0.0191314571960061,0.005357462980171813,0.0203235298899512,0.012254130793001885
16,12,LPATGFb_017_DAPI.1.1.tif,LPATGFb_017_W647.1.1.tif,LPATGFb_017_G488.1.1.tif,LPATGFb_017_R555.1.1.tif,/Volumes/D/YAPSMAD_Nuclear_Localization/251219_YAPSMAD_Early_D14_Male_#3/tifs,/Volumes/D/YAPSMAD_Nuclear_Localization/251219_YAPSMAD_Early_D14_Male_#3/tifs,/Volumes/D/YAPSMAD_Nuclear_Localization/251219_YAPSMAD_Early_D14_Male_#3/tifs,/Volumes/D/YAPSMAD_Nuclear_Localization/251219_YAPSMAD_Early_D14_Male_#3/tifs,1519,5.709204727846073,0.8993535462845517,0.17515574369274242,3.4200208862219954,3.0,22.42710018483922,48.64319839142263,21.53054109448567,0.0031581454059026936,0.01476438458514761,0.032023172081252556,0.014174154769246656,0.008956220853730615,0.018579041485907947,0.00755039708384129
16,13,LPATGFb_017_DAPI.1.1.tif,LPATGFb_017_W647.1.1.tif,LPATGFb_017_G488.1.1.tif,LPATGFb_017_R555.1.1.tif,/Volumes/D/YAPSMAD_Nuclear_Localization/251219_YAPSMAD_Early_D14_Male_#3/tifs,/Volumes/D/YAPSMAD_Nuclear_Localization/251219_YAPSMAD_Early_D14_Male_#3/tifs,/Volumes/D/YAPSMAD_Nuclear_Localization/251219_YAPSMAD_Early_D14_Male_#3/tifs,/Volumes/D/YAPSMAD_Nuclear_Localization/251219_YAPSMAD_Early_D14_Male_#3/tifs,3267,8.079140058000215,0.8238774187225375,0.12377554947939898,3.9974178691427755,3.605551275463989,50.63067093025893,85.42655086284503,43.50315132108517,0.002677699129938404,0.015497603590529211,0.026148316762425784,0.013315932452122795,0.00815536921648405,0.013401762104460316,0.007372769506790347
16,14,LPATGFb_017_DAPI.1.1.tif,LPATGFb_017_W647.1.1.tif,LPATGFb_017_G488.1.1.tif,LPATGFb_017_R555.1.1.tif,/Volumes/D/YAPSMAD_Nuclear_Localization/251219_YAPSMAD_Early_D14_Male_#3/tifs,/Volumes/D/YAPSMAD_Nuclear_Localization/251219_YAPSMAD_Early_D14_Male_#3/tifs,/Volumes/D/YAPSMAD_Nuclear_Localization/251219_YAPSMAD_Early_D14_Male_#3/tifs,/Volumes/D/YAPSMAD_Nuclear_Localization/251219_YAPSMAD_Early_D14_Male_#3/tifs,2309,5.547636115368617,0.851107115208538,0.1802569561528558,4.024236947074088,3.605551275463989,24.90205259551294,38.425787980202585,24.749386018840596,0.0032115582266403785,0.010784778083808117,0.01664174446955504,0.010718660034144909,0.005822523479875208,0.008751698339949768,0.005871350768362125
16,15,LPATGFb_017_DAPI.1.1.tif,LPATGFb_017_W647.1.1.tif,LPATGFb_017_G488.1.1.tif,LPATGFb_017_R555.1.1.tif,/Volumes/D/YAPSMAD_Nuclear_Localization/251219_YAPSMAD_Early_D14_Male_#3/tifs,/Volumes/D/YAPSMAD_Nuclear_Localization/251219_YAPSMAD_Early_D14_Male_#3/tifs,/Volumes/D/YAPSMAD_Nuclear_Localization/251219_YAPSMAD_Early_D14_Male_#3/tifs,/Volumes/D/YAPSMAD_Nuclear_Localization/251219_YAPSMAD_Early_D14_Male_#3/tifs,1791,3.9908616847839418,0.671740113055206,0.25057245251388316,3.8754016390434387,3.605551275463989,48.01089505571872,50.097245844546705,38.45067538903095,0.0035957616839936445,0.026806753241607327,0.027971661554744114,0.021468830479637605,0.014027039786115797,0.01597718714015673,0.012286519138780932
16,16,LPATGFb_017_DAPI.1.1.tif,LPATGFb_017_W647.1.1.tif,LPATGFb_017_G488.1.1.tif,LPATGFb_017_R555.1.1.tif,/Volumes/D/YAPSMAD_Nuclear_Localization/251219_YAPSMAD_Early_D14_Male_#3/tifs,/Volumes/D/YAPSMAD_Nuclear_Localization/251219_YAPSMAD_Early_D14_Male_#3/tifs,/Volumes/D/YAPSMAD_Nuclear_Localization/251219_YAPSMAD_Early_D14_Male_#3/tifs,/Volumes/D/YAPSMAD_Nuclear_Localization/251219_YAPSMAD_Early_D14_Male_#3/tifs,1345,4.991501637826644,0.8027999452265295,0.20034051324791535,3.1720400480861946,3.0,29.35771736386232,45.205310177989304,20.100740192690864,0.003281733457026761,0.02182729915528797,0.03360989604311473,0.014944788247353803,0.012026356228297813,0.01651907078741701,0.007497553139862424
16,17,LPATGFb_017_DAPI.1.1.tif,LPATGFb_017_W647.1.1.tif,LPATGFb_017_G488.1.1.tif,LPATGFb_017_R555.1.1.tif,/Volumes/D/YAPSMAD_Nuclear_Localization/251219_YAPSMAD_Early_D14_Male_#3/tifs,/Volumes/D/YAPSMAD_Nuclear_Localization/251219_YAPSMAD_Early_D14_Male_#3/tifs,/Volumes/D/YAPSMAD_Nuclear_Localization/251219_YAPSMAD_Early_D14_Male_#3/tifs,/Volumes/D/YAPSMAD_Nuclear_Localization/251219_YAPSMAD_Early_D14_Male_#3/tifs,1996,18.240123014102114,0.9014414357745829,0.05482419165851365,2.5345444808130693,2.0,17.982421771390364,45.286320466548204,17.200992033351213,0.0026083447933588962,0.009009229344383949,0.022688537307889882,0.008617731479634877,0.007553002069598129,0.014813569519213848,0.005216419825945957
16,18,LPATGFb_017_DAPI.1.1.tif,LPATGFb_017_W647.1.1.tif,LPATGFb_017_G488.1.1.tif,LPATGFb_017_R555.1.1.tif,/Volumes/D/YAPSMAD_Nuclear_Localization/251219_YAPSMAD_Early_D14_Male_#3/tifs,/Volumes/D/YAPSMAD_Nuclear_Localization/251219_YAPSMAD_Early_D14_Male_#3/tifs,/Volumes/D/YAPSMAD_Nuclear_Localization/251219_YAPSMAD_Early_D14_Male_#3/tifs,/Volumes/D/YAPSMAD_Nuclear_Localization/251219_YAPSMAD_Early_D14_Male_#3/tifs,965,9.115182218953105,0.9554148527893442,0.10970707726727726,2.301786025614516,2.0,10.616067829541862,15.096315055154264,6.699107429245487,0.0038593308189449533,0.011001106559110739,0.01564384979808732,0.00694208023756009,0.008828471379841045,0.010175590076829421,0.004122089536078517
16,19,LPATGFb_017_DAPI.1.1.tif,LPATGFb_017_W647.1.1.tif,LPATGFb_017_G488.1.1.tif,LPATGFb_017_R555.1.1.tif,/Volumes/D/YAPSMAD_Nuclear_Localization/251219_YAPSMAD_Early_D14_Male_#3/tifs,/Volumes/D/YAPSMAD_Nuclear_Localization/251219_YAPSMAD_Early_D14_Male_#3/tifs,/Volumes/D/YAPSMAD_Nuclear_Localization/251219_YAPSMAD_Early_D14_Male_#3/tifs,/Volumes/D/YAPSMAD_Nuclear_Localization/251219_YAPSMAD_Early_D14_Male_#3/tifs,5687,12.611194306785569,0.9717742984534524,0.07929463107724387,4.738751512102944,4.0,57.05171335139312,77.5718019218184,29.516884304583073,0.0019036052471882606,0.010031952409247955,0.013640197278322209,0.005190238140422555,0.006074906406510028,0.01165496671326721,0.005682363246732198
16,20,LPATGFb_017_DAPI.1.1.tif,LPATGFb_017_W647.1.1.tif,LPATGFb_017_G488.1.1.tif,LPATGFb_017_R555.1.1.tif,/Volumes/D/YAPSMAD_Nuclear_Localization/251219_YAPSMAD_Early_D14_Male_#3/tifs,/Volumes/D/YAPSMAD_Nuclear_Localization/251219_YAPSMAD_Early_D14_Male_#3/tifs,/Volumes/D/YAPSMAD_Nuclear_Localization/251219_YAPSMAD_Early_D14_Male_#3/tifs,/Volumes/D/YAPSMAD_Nuclear_Localization/251219_YAPSMAD_Early_D14_Male_#3/tifs,1276,21.040082305241828,0.6832328795456577,0.04752833118674943,1.8324604119681864,1.4142135623730951,13.112718501593918,22.13502719718963,8.795742806512862,0.004352994781019616,0.010276425157988964,0.017347199997797515,0.006893215365605692,0.010990403186365424,0.010919521545476533,0.00573312683751238
16,21,LPATGFb_017_DAPI.1.1.tif,LPATGFb_017_W647.1.1.tif,LPATGFb_017_G488.1.1.tif,LPATGFb_017_R555.1.1.tif,/Volumes/D/YAPSMAD_Nuclear_Localization/251219_YAPSMAD_Early_D14_Male_#3/tifs,/Volumes/D/YAPSMAD_Nuclear_Localization/251219_YAPSMAD_Early_D14_Male_#3/tifs,/Volumes/D/YAPSMAD_Nuclear_Localization/251219_YAPSMAD_Early_D14_Male_#3/tifs,/Volumes/D/YAPSMAD_Nuclear_Localization/251219_YAPSMAD_Early_D14_Male_#3/tifs,2330,12.161125036559062,0.9405880945610378,0.08222923430141342,3.1968509066064286,2.8284271247461903,26.9397270467598,43.37596722645685,21.058671082369983,0.0030361786348817176,0.011562114612343261,0.01861629494697719,0.00903805625852789,0.009693672404897314,0.014398179294539001,0.0089157541805826
16,22,LPATGFb_017_DAPI.1.1.tif,LPATGFb_017_W647.1.1.tif,LPATGFb_017_G488.1.1.tif,LPATGFb_017_R555.1.1.tif,/Volumes/D/YAPSMAD_Nuclear_Localization/251219_YAPSMAD_Early_D14_Male_#3/tifs,/Volumes/D/YAPSMAD_Nuclear_Localization/251219_YAPSMAD_Early_D14_Male_#3/tifs,/Volumes/D/YAPSMAD_Nuclear_Localization/251219_YAPSMAD_Early_D14_Male_#3/tifs,/Volumes/D/YAPSMAD_Nuclear_Localization/251219_YAPSMAD_Early_D14_Male_#3/tifs,1091,3.4356337496212914,0.3052593561683818,0.29106711392337137,3.2339574963999986,3.0,17.064286374486983,31.70917835459113,16.37027552141808,0.004080298832190026,0.015640959096688344,0.029064324797975372,0.0150048354916756,0.008412425164495144,0.019332027411154456,0.007834075094167453
16,23,LPATGFb_017_DAPI.1.1.tif,LPATGFb_017_W647.1.1.tif,LPATGFb_017_G488.1.1.tif,LPATGFb_017_R555.1.1.tif,/Volumes/D/YAPSMAD_Nuclear_Localization/251219_YAPSMAD_Early_D14_Male_#3/tifs,/Volumes/D/YAPSMAD_Nuclear_Localization/251219_YAPSMAD_Early_D14_Male_#3/tifs,/Volumes/D/YAPSMAD_Nuclear_Localization/251219_YAPSMAD_Early_D14_Male_#3/tifs,/Volumes/D/YAPSMAD_Nuclear_Localization/251219_YAPSMAD_Early_D14_Male_#3/tifs,773,3.8591738133668456,0.7182960098184948,0.2591228196398787,3.509529695823695,2.8284271247461903,12.338613028172404,31.56598764192313,16.208087326493114,0.003737710261799366,0.01596198321885175,0.040835689058115306,0.020967771444363667,0.011897376983146692,0.020513221810983924,0.010994366558293105
16,24,LPATGFb_017_DAPI.1.1.tif,LPATGFb_017_W647.1.1.tif,LPATGFb_017_G488.1.1.tif,LPATGFb_017_R555.1.1.tif,/Volumes/D/YAPSMAD_Nuclear_Localization/251219_YAPSMAD_Early_D14_Male_#3/tifs,/Volumes/D/YAPSMAD_Nuclear_Localization/251219_YAPSMAD_Early_D14_Male_#3/tifs,/Volumes/D/YAPSMAD_Nuclear_Localization/251219_YAPSMAD_Early_D14_Male_#3/tifs,/Volumes/D/YAPSMAD_Nuclear_Localization/251219_YAPSMAD_Early_D14_Male_#3/tifs,6365,5.412234497525498,0.5918931911024139,0.18476656923442716,6.489938012812305,5.830951894845301,43.13255564449355,76.1482268110849,25.729366100858897,0.002322181007873855,0.006776520918223653,0.011963586301820093,0.004042319890158507,0.00438062337182284,0.010266084607291415,0.004107110477779125
16,25,LPATGFb_017_DAPI.1.1.tif,LPATGFb_017_W647.1.1.tif,LPATGFb_017_G488.1.1.tif,LPATGFb_017_R555.1.1.tif,/Volumes/D/YAPSMAD_Nuclear_Localization/251219_YAPSMAD_Early_D14_Male_#3/tifs,/Volumes/D/YAPSMAD_Nuclear_Localization/251219_YAPSMAD_Early_D14_Male_#3/tifs,/Volumes/D/YAPSMAD_Nuclear_Localization/251219_YAPSMAD_Early_D14_Male_#3/tifs,/Volumes/D/YAPSMAD_Nuclear_Localization/251219_YAPSMAD_Early_D14_Male_#3/tifs,1030,7.180721240979928,0.9159434298839391,0.1392617769776471,2.7850831566138643,2.23606797749979,13.125963329803199,25.879667414352298,8.007705891970545,0.0037851855852776796,0.012743653718255532,0.02512589069354592,0.007774471739777228,0.008704954930378173,0.017105213465061123,0.006264433609397884
16,26,LPATGFb_017_DAPI.1.1.tif,LPATGFb_017_W647.1.1.tif,LPATGFb_017_G488.1.1.tif,LPATGFb_017_R555.1.1.tif,/Volumes/D/YAPSMAD_Nuclear_Localization/251219_YAPSMAD_Early_D14_Male_#3/tifs,/Volumes/D/YAPSMAD_Nuclear_Localization/251219_YAPSMAD_Early_D14_Male_#3/tifs,/Volumes/D/YAPSMAD_Nuclear_Localization/251219_YAPSMAD_Early_D14_Male_#3/tifs,/Volumes/D/YAPSMAD_Nuclear_Localization/251219_YAPSMAD_Early_D14_Male_#3/tifs,1662,5.754291677479902,0.8691162191155044,0.1737833352997412,3.341690382517118,3.0,29.198016443289816,42.28754114033654,28.8361945359502,0.0034061680951634273,0.01756800026672071,0.025443767232452792,0.017350297554723344,0.010760883237101454,0.015465054046347832,0.011043242586189108
16,27,LPATGFb_017_DAPI.1.1.tif,LPATGFb_017_W647.1.1.tif,LPATGFb_017_G488.1.1.tif,LPATGFb_017_R555.1.1.tif,/Volumes/D/YAPSMAD_Nuclear_Localization/251219_YAPSMAD_Early_D14_Male_#3/tifs,/Volumes/D/YAPSMAD_Nuclear_Localization/251219_YAPSMAD_Early_D14_Male_#3/tifs,/Volumes/D/YAPSMAD_Nuclear_Localization/251219_YAPSMAD_Early_D14_Male_#3/tifs,/Volumes/D/YAPSMAD_Nuclear_Localization/251219_YAPSMAD_Early_D14_Male_#3/tifs,3232,8.009468687448893,0.8309357255468978,0.12485222666105604,4.365388606205599,3.605551275463989,20.947341413935646,44.50243412121199,19.003296204376966,0.0018530835767534774,0.006481231873123653,0.013769317487998759,0.005879732736502774,0.0035125059580284716,0.007813030956400726,0.00314322441687219
16,28,LPATGFb_017_DAPI.1.1.tif,LPATGFb_017_W647.1.1.tif,LPATGFb_017_G488.1.1.tif,LPATGFb_017_R555.1.1.tif,/Volumes/D/YAPSMAD_Nuclear_Localization/251219_YAPSMAD_Early_D14_Male_#3/tifs,/Volumes/D/YAPSMAD_Nuclear_Localization/251219_YAPSMAD_Early_D14_Male_#3/tifs,/Volumes/D/YAPSMAD_Nuclear_Localization/251219_YAPSMAD_Early_D14_Male_#3/tifs,/Volumes/D/YAPSMAD_Nuclear_Localization/251219_YAPSMAD_Early_D14_Male_#3/tifs,814,3.938759406237252,0.8096066483283856,0.25388704839814347,3.1185961491410583,2.8284271247461903,5.200381554896012,24.713130463846028,12.118913645856082,0.0042926590682032546,0.00638867512886488,0.03036011113494598,0.0148881003020345,0.0027855082643156084,0.015250660655820106,0.006522084485211905
16,29,LPATGFb_017_DAPI.1.1.tif,LPATGFb_017_W647.1.1.tif,LPATGFb_017_G488.1.1.tif,LPATGFb_017_R555.1.1.tif,/Volumes/D/YAPSMAD_Nuclear_Localization/251219_YAPSMAD_Early_D14_Male_#3/tifs,/Volumes/D/YAPSMAD_Nuclear_Localization/251219_YAPSMAD_Early_D14_Male_#3/tifs,/Volumes/D/YAPSMAD_Nuclear_Localization/251219_YAPSMAD_Early_D14_Male_#3/tifs,/Volumes/D/YAPSMAD_Nuclear_Localization/251219_YAPSMAD_Early_D14_Male_#3/tifs,2422,11.412072962183927,0.7271138976070574,0.08762649899923441,3.326269505588491,2.8284271247461903,36.8829482216388,65.27876724489033,25.080369459697977,0.003702190279357695,0.015228302321072997,0.026952422479310626,0.010355230990791898,0.00987898204848962,0.0170857597610428,0.006868544549039599
16,30,LPATGFb_017_DAPI.1.1.tif,LPATGFb_017_W647.1.1.tif,LPATGFb_017_G488.1.1.tif,LPATGFb_017_R555.1.1.tif,/Volumes/D/YAPSMAD_Nuclear_Localization/251219_YAPSMAD_Early_D14_Male_#3/tifs,/Volumes/D/YAPSMAD_Nuclear_Localization/251219_YAPSMAD_Early_D14_Male_#3/tifs,/Volumes/D/YAPSMAD_Nuclear_Localization/251219_YAPSMAD_Early_D14_Male_#3/tifs,/Volumes/D/YAPSMAD_Nuclear_Localization/251219_YAPSMAD_Early_D14_Male_#3/tifs,3385,6.191138281031499,0.8873040361398964,0.16152118634852897,4.693158595953838,4.0,40.514153035590425,65.95260583795607,27.543984410585836,0.002886511091255697,0.011968730586585059,0.019483783113133257,0.008137070726908667,0.006391377577742252,0.01153801006848834,0.005124836205023992
16,31,LPATGFb_017_DAPI.1.1.tif,LPATGFb_017_W647.1.1.tif,LPATGFb_017_G488.1.1.tif,LPATGFb_017_R555.1.1.tif,/Volumes/D/YAPSMAD_Nuclear_Localization/251219_YAPSMAD_Early_D14_Male_#3/tifs,/Volumes/D/YAPSMAD_Nuclear_Localization/251219_YAPSMAD_Early_D14_Male_#3/tifs,/Volumes/D/YAPSMAD_Nuclear_Localization/251219_YAPSMAD_Early_D14_Male_#3/tifs,/Volumes/D/YAPSMAD_Nuclear_Localization/251219_YAPSMAD_Early_D14_Male_#3/tifs,1109,5.752935539442913,0.5169453468068678,0.1738243012013368,2.8766068913345006,2.23606797749979,12.159487393684685,29.66387433046475,12.008270492078736,0.0037748811491895248,0.01096437095913858,0.02674830868391772,0.010828016674552512,0.00621606617419626,0.018601387370745442,0.007435875302392871
16,32,LPATGFb_017_DAPI.1.1.tif,LPATGFb_017_W647.1.1.tif,LPATGFb_017_G488.1.1.tif,LPATGFb_017_R555.1.1.tif,/Volumes/D/YAPSMAD_Nuclear_Localization/251219_YAPSMAD_Early_D14_Male_#3/tifs,/Volumes/D/YAPSMAD_Nuclear_Localization/251219_YAPSMAD_Early_D14_Male_#3/tifs,/Volumes/D/YAPSMAD_Nuclear_Localization/251219_YAPSMAD_Early_D14_Male_#3/tifs,/Volumes/D/YAPSMAD_Nuclear_Localization/251219_YAPSMAD_Early_D14_Male_#3/tifs,1995,6.4181332084612555,0.713843736266546,0.15580854549445375,3.418687190602925,3.0,35.04806609242223,63.58590076258406,30.520302336197346,0.003904068582273441,0.017567952928532447,0.03187263196119502,0.015298397161001176,0.011440586360536076,0.01822793913515894,0.008536752287472839
16,33,LPATGFb_017_DAPI.1.1.tif,LPATGFb_017_W647.1.1.tif,LPATGFb_017_G488.1.1.tif,LPATGFb_017_R555.1.1.tif,/Volumes/D/YAPSMAD_Nuclear_Localization/251219_YAPSMAD_Early_D14_Male_#3/tifs,/Volumes/D/YAPSMAD_Nuclear_Localization/251219_YAPSMAD_Early_D14_Male_#3/tifs,/Volumes/D/YAPSMAD_Nuclear_Localization/251219_YAPSMAD_Early_D14_Male_#3/tifs,/Volumes/D/YAPSMAD_Nuclear_Localization/251219_YAPSMAD_Early_D14_Male_#3/tifs,2071,5.453762000194009,0.8921933367844933,0.18335966988739638,4.435321097980049,3.1622776601683795,27.469306703656912,44.128374363295734,27.86993230646476,0.003448413709585093,0.013263788847733902,0.02130776164331035,0.013457234334362512,0.006311077816449706,0.010843153974862133,0.006826597170942773
16,34,LPATGFb_017_DAPI.1.1.tif,LPATGFb_017_W647.1.1.tif,LPATGFb_017_G488.1.1.tif,LPATGFb_017_R555.1.1.tif,/Volumes/D/YAPSMAD_Nuclear_Localization/251219_YAPSMAD_Early_D14_Male_#3/tifs,/Volumes/D/YAPSMAD_Nuclear_Localization/251219_YAPSMAD_Early_D14_Male_#3/tifs,/Volumes/D/YAPSMAD_Nuclear_Localization/251219_YAPSMAD_Early_D14_Male_#3/tifs,/Volumes/D/YAPSMAD_Nuclear_Localization/251219_YAPSMAD_Early_D14_Male_#3/tifs,2037,11.307767716972613,0.6031363054927591,0.08843478439153207,3.0520458743692602,2.23606797749979,15.886808766517788,38.3347984184511,16.897963077528402,0.0032778356742538114,0.007799120651211482,0.018819243209843448,0.008295514520141581,0.005637871119234228,0.011119483354730677,0.00577046055955646
16,35,LPATGFb_017_DAPI.1.1.tif,LPATGFb_017_W647.1.1.tif,LPATGFb_017_G488.1.1.tif,LPATGFb_017_R555.1.1.tif,/Volumes/D/YAPSMAD_Nuclear_Localization/251219_YAPSMAD_Early_D14_Male_#3/tifs,/Volumes/D/YAPSMAD_Nuclear_Localization/251219_YAPSMAD_Early_D14_Male_#3/tifs,/Volumes/D/YAPSMAD_Nuclear_Localization/251219_YAPSMAD_Early_D14_Male_#3/tifs,/Volumes/D/YAPSMAD_Nuclear_Localization/251219_YAPSMAD_Early_D14_Male_#3/tifs,1463,7.338068804525359,0.924980484642777,0.13627563690644381,2.873544232344772,2.23606797749979,21.779507281724364,38.08941804245114,17.79952713777311,0.0040250129199453765,0.014886881258868327,0.026035145620267357,0.012166457373734185,0.007544421169987073,0.01771129120698638,0.007466515458109216
16,36,LPATGFb_017_DAPI.1.1.tif,LPATGFb_017_W647.1.1.tif,LPATGFb_017_G488.1.1.tif,LPATGFb_017_R555.1.1.tif,/Volumes/D/YAPSMAD_Nuclear_Localization/251219_YAPSMAD_Early_D14_Male_#3/tifs,/Volumes/D/YAPSMAD_Nuclear_Localization/251219_YAPSMAD_Early_D14_Male_#3/tifs,/Volumes/D/YAPSMAD_Nuclear_Localization/251219_YAPSMAD_Early_D14_Male_#3/tifs,/Volumes/D/YAPSMAD_Nuclear_Localization/251219_YAPSMAD_Early_D14_Male_#3/tifs,1422,6.1266662727703505,0.6284496623230631,0.16322090276802703,2.933446577262564,2.8284271247461903,17.661448227707297,44.45177387399599,19.93594276253134,0.0048563930017051045,0.012420146432986848,0.03126003788607313,0.014019650325268172,0.007522658270980741,0.017615831528884726,0.007915527132189537
16,37,LPATGFb_017_DAPI.1.1.tif,LPATGFb_017_W647.1.1.tif,LPATGFb_017_G488.1.1.tif,LPATGFb_017_R555.1.1.tif,/Volumes/D/YAPSMAD_Nuclear_Localization/251219_YAPSMAD_Early_D14_Male_#3/tifs,/Volumes/D/YAPSMAD_Nuclear_Localization/251219_YAPSMAD_Early_D14_Male_#3/tifs,/Volumes/D/YAPSMAD_Nuclear_Localization/251219_YAPSMAD_Early_D14_Male_#3/tifs,/Volumes/D/YAPSMAD_Nuclear_Localization/251219_YAPSMAD_Early_D14_Male_#3/tifs,1317,5.394899689103706,0.6935155583448405,0.18536025832319733,3.2276023920950823,2.8284271247461903,15.453071031253785,34.44950033957139,21.538933499716222,0.0033356546383314315,0.011733539127755342,0.02615755530719164,0.01635454327996676,0.005770393097402754,0.01509743216060847,0.009210339001862819
16,38,LPATGFb_017_DAPI.1.1.tif,LPATGFb_017_W647.1.1.tif,LPATGFb_017_G488.1.1.tif,LPATGFb_017_R555.1.1.tif,/Volumes/D/YAPSMAD_Nuclear_Localization/251219_YAPSMAD_Early_D14_Male_#3/tifs,/Volumes/D/YAPSMAD_Nuclear_Localization/251219_YAPSMAD_Early_D14_Male_#3/tifs,/Volumes/D/YAPSMAD_Nuclear_Localization/251219_YAPSMAD_Early_D14_Male_#3/tifs,/Volumes/D/YAPSMAD_Nuclear_Localization/251219_YAPSMAD_Early_D14_Male_#3/tifs,1139,8.111479395397113,0.8748216755615968,0.1232820736211761,2.647286735499359,2.23606797749979,9.526756789535284,25.048294859938323,13.260425843298435,0.003950251324005798,0.008364141167282953,0.021991479244897562,0.011642164919489408,0.005660927962375277,0.01475185162422323,0.007120274724618842
16,39,LPATGFb_017_DAPI.1.1.tif,LPATGFb_017_W647.1.1.tif,LPATGFb_017_G488.1.1.tif,LPATGFb_017_R555.1.1.tif,/Volumes/D/YAPSMAD_Nuclear_Localization/251219_YAPSMAD_Early_D14_Male_#3/tifs,/Volumes/D/YAPSMAD_Nuclear_Localization/251219_YAPSMAD_Early_D14_Male_#3/tifs,/Volumes/D/YAPSMAD_Nuclear_Localization/251219_YAPSMAD_Early_D14_Male_#3/tifs,/Volumes/D/YAPSMAD_Nuclear_Localization/251219_YAPSMAD_Early_D14_Male_#3/tifs,1397,9.023003677268527,0.8770641391279579,0.11082783912848003,2.6299715984719314,2.23606797749979,17.878660389222205,38.87519653700292,15.236362390220165,0.003336231692233466,0.012797895768949323,0.027827628158198225,0.010906487036664398,0.01185348456976129,0.015773989903199295,0.007322490030447817
16,40,LPATGFb_017_DAPI.1.1.tif,LPATGFb_017_W647.1.1.tif,LPATGFb_017_G488.1.1.tif,LPATGFb_017_R555.1.1.tif,/Volumes/D/YAPSMAD_Nuclear_Localization/251219_YAPSMAD_Early_D14_Male_#3/tifs,/Volumes/D/YAPSMAD_Nuclear_Localization/251219_YAPSMAD_Early_D14_Male_#3/tifs,/Volumes/D/YAPSMAD_Nuclear_Localization/251219_YAPSMAD_Early_D14_Male_#3/tifs,/Volumes/D/YAPSMAD_Nuclear_Localization/251219_YAPSMAD_Early_D14_Male_#3/tifs,2469,6.109355154727586,0.7741404320151711,0.1636833961479834,4.1351119288222735,3.605551275463989,31.841611627256498,58.676112215500325,37.71793723059818,0.0027014710906472054,0.01289656201994998,0.023765132529566756,0.015276604791655804,0.009616212522846196,0.014035006927582841,0.009783128637743508
16,41,LPATGFb_017_DAPI.1.1.tif,LPATGFb_017_W647.1.1.tif,LPATGFb_017_G488.1.1.tif,LPATGFb_017_R555.1.1.tif,/Volumes/D/YAPSMAD_Nuclear_Localization/251219_YAPSMAD_Early_D14_Male_#3/tifs,/Volumes/D/YAPSMAD_Nuclear_Localization/251219_YAPSMAD_Early_D14_Male_#3/tifs,/Volumes/D/YAPSMAD_Nuclear_Localization/251219_YAPSMAD_Early_D14_Male_#3/tifs,/Volumes/D/YAPSMAD_Nuclear_Localization/251219_YAPSMAD_Early_D14_Male_#3/tifs,1363,6.871958883732706,0.8651238976784699,0.14551891490026214,3.2451369707365485,2.8284271247461903,8.79174497909844,41.29938205005601,12.572289750911295,0.003231811593577091,0.00645028978657259,0.03030035366841967,0.00922398367638393,0.0034747729364489758,0.015602764721984679,0.004548230160138688
16,42,LPATGFb_017_DAPI.1.1.tif,LPATGFb_017_W647.1.1.tif,LPATGFb_017_G488.1.1.tif,LPATGFb_017_R555.1.1.tif,/Volumes/D/YAPSMAD_Nuclear_Localization/251219_YAPSMAD_Early_D14_Male_#3/tifs,/Volumes/D/YAPSMAD_Nuclear_Localization/251219_YAPSMAD_Early_D14_Male_#3/tifs,/Volumes/D/YAPSMAD_Nuclear_Localization/251219_YAPSMAD_Early_D14_Male_#3/tifs,/Volumes/D/YAPSMAD_Nuclear_Localization/251219_YAPSMAD_Early_D14_Male_#3/tifs,1770,6.817386821401639,0.6432323846599151,0.14668376992496993,3.27645260866795,2.8284271247461903,21.057007904164493,33.106386088300496,13.223209098447114,0.003045700785130431,0.011896614635121183,0.01870417293124322,0.007470739603642438,0.007047744846998863,0.014612986961142072,0.005415725616502108
16,43,LPATGFb_017_DAPI.1.1.tif,LPATGFb_017_W647.1.1.tif,LPATGFb_017_G488.1.1.tif,LPATGFb_017_R555.1.1.tif,/Volumes/D/YAPSMAD_Nuclear_Localization/251219_YAPSMAD_Early_D14_Male_#3/tifs,/Volumes/D/YAPSMAD_Nuclear_Localization/251219_YAPSMAD_Early_D14_Male_#3/tifs,/Volumes/D/YAPSMAD_Nuclear_Localization/251219_YAPSMAD_Early_D14_Male_#3/tifs,/Volumes/D/YAPSMAD_Nuclear_Localization/251219_YAPSMAD_Early_D14_Male_#3/tifs,738,7.421243492514432,0.7464342334751786,0.13474830747821,2.5930126817528265,2.0,4.907332013128325,15.071168090216815,6.1725033146794885,0.004460658732332229,0.006649501372802609,0.020421636978613572,0.008363825629647003,0.0034719084365854498,0.011917335751010732,0.0049591394604216795
16,44,LPATGFb_017_DAPI.1.1.tif,LPATGFb_017_W647.1.1.tif,LPATGFb_017_G488.1.1.tif,LPATGFb_017_R555.1.1.tif,/Volumes/D/YAPSMAD_Nuclear_Localization/251219_YAPSMAD_Early_D14_Male_#3/tifs,/Volumes/D/YAPSMAD_Nuclear_Localization/251219_YAPSMAD_Early_D14_Male_#3/tifs,/Volumes/D/YAPSMAD_Nuclear_Localization/251219_YAPSMAD_Early_D14_Male_#3/tifs,/Volumes/D/YAPSMAD_Nuclear_Localization/251219_YAPSMAD_Early_D14_Male_#3/tifs,1230,2.3839868861449482,0.5405941226345289,0.4194653946343895,3.9994554699538964,4.0,9.429984074318781,17.267307663103566,11.463706530630589,0.003986748239419203,0.007666653718958359,0.014038461514718346,0.009320086610268771,0.005031644128007584,0.007615303974330373,0.00388438932566295
16,45,LPATGFb_017_DAPI.1.1.tif,LPATGFb_017_W647.1.1.tif,LPATGFb_017_G488.1.1.tif,LPATGFb_017_R555.1.1.tif,/Volumes/D/YAPSMAD_Nuclear_Localization/251219_YAPSMAD_Early_D14_Male_#3/tifs,/Volumes/D/YAPSMAD_Nuclear_Localization/251219_YAPSMAD_Early_D14_Male_#3/tifs,/Volumes/D/YAPSMAD_Nuclear_Localization/251219_YAPSMAD_Early_D14_Male_#3/tifs,/Volumes/D/YAPSMAD_Nuclear_Localization/251219_YAPSMAD_Early_D14_Male_#3/tifs,2059,9.762427222908412,0.9191300722228832,0.10243354210655832,3.055119129743103,2.8284271247461903,16.263859221013263,43.26169237727299,16.623270188458264,0.0030207898230990736,0.007898911714916593,0.02101102106715541,0.00807346779429736,0.003674782329709963,0.014250560968330231,0.004697404975594722
16,46,LPATGFb_017_DAPI.1.1.tif,LPATGFb_017_W647.1.1.tif,LPATGFb_017_G488.1.1.tif,LPATGFb_017_R555.1.1.tif,/Volumes/D/YAPSMAD_Nuclear_Localization/251219_YAPSMAD_Early_D14_Male_#3/tifs,/Volumes/D/YAPSMAD_Nuclear_Localization/251219_YAPSMAD_Early_D14_Male_#3/tifs,/Volumes/D/YAPSMAD_Nuclear_Localization/251219_YAPSMAD_Early_D14_Male_#3/tifs,/Volumes/D/YAPSMAD_Nuclear_Localization/251219_YAPSMAD_Early_D14_Male_#3/tifs,3986,7.03883311139596,0.6074529680019028,0.14206900265627656,4.868942917240488,4.242640687119285,32.391943575115874,53.1650572787039,22.998245441587642,0.002378975694141142,0.008126428393155012,0.01333794713464724,0.005769755504663232,0.0052754055184071795,0.009650530667265535,0.00428173268287378
16,47,LPATGFb_017_DAPI.1.1.tif,LPATGFb_017_W647.1.1.tif,LPATGFb_017_G488.1.1.tif,LPATGFb_017_R555.1.1.tif,/Volumes/D/YAPSMAD_Nuclear_Localization/251219_YAPSMAD_Early_D14_Male_#3/tifs,/Volumes/D/YAPSMAD_Nuclear_Localization/251219_YAPSMAD_Early_D14_Male_#3/tifs,/Volumes/D/YAPSMAD_Nuclear_Localization/251219_YAPSMAD_Early_D14_Male_#3/tifs,/Volumes/D/YAPSMAD_Nuclear_Localization/251219_YAPSMAD_Early_D14_Male_#3/tifs,2113,4.381255599754695,0.6212716753464917,0.2282450720419027,4.349448163648601,4.0,18.279514982597902,43.83961261017248,21.196505865082145,0.002757831718164403,0.00865097727524747,0.02074756867495148,0.010031474616697655,0.003724453410222309,0.012870761853130215,0.005818849097984311
16,48,LPATGFb_017_DAPI.1.1.tif,LPATGFb_017_W647.1.1.tif,LPATGFb_017_G488.1.1.tif,LPATGFb_017_R555.1.1.tif,/Volumes/D/YAPSMAD_Nuclear_Localization/251219_YAPSMAD_Early_D14_Male_#3/tifs,/Volumes/D/YAPSMAD_Nuclear_Localization/251219_YAPSMAD_Early_D14_Male_#3/tifs,/Volumes/D/YAPSMAD_Nuclear_Localization/251219_YAPSMAD_Early_D14_Male_#3/tifs,/Volumes/D/YAPSMAD_Nuclear_Localization/251219_YAPSMAD_Early_D14_Male_#3/tifs,2703,9.616784971786108,0.834491732272048,0.10398485595069634,3.592564846392931,3.0,36.79971037642099,62.251041600015014,33.810635815607384,0.002751794966803247,0.01361439525579763,0.023030352053279694,0.012508559310250604,0.006514183656358863,0.014647814997474305,0.008048489456705034
16,49,LPATGFb_017_DAPI.1.1.tif,LPATGFb_017_W647.1.1.tif,LPATGFb_017_G488.1.1.tif,LPATGFb_017_R555.1.1.tif,/Volumes/D/YAPSMAD_Nuclear_Localization/251219_YAPSMAD_Early_D14_Male_#3/tifs,/Volumes/D/YAPSMAD_Nuclear_Localization/251219_YAPSMAD_Early_D14_Male_#3/tifs,/Volumes/D/YAPSMAD_Nuclear_Localization/251219_YAPSMAD_Early_D14_Male_#3/tifs,/Volumes/D/YAPSMAD_Nuclear_Localization/251219_YAPSMAD_Early_D14_Male_#3/tifs,3507,5.592396456080457,0.8378768408706578,0.17881421817166196,4.900889212049587,4.123105625617661,54.01614438043907,72.74892835365608,34.52545998850837,0.0028701885231582824,0.015402379349996885,0.02074392026052355,0.00984472768420541,0.00784921690296976,0.01401275279276073,0.005905887738866819
16,50,LPATGFb_017_DAPI.1.1.tif,LPATGFb_017_W647.1.1.tif,LPATGFb_017_G488.1.1.tif,LPATGFb_017_R555.1.1.tif,/Volumes/D/YAPSMAD_Nuclear_Localization/251219_YAPSMAD_Early_D14_Male_#3/tifs,/Volumes/D/YAPSMAD_Nuclear_Localization/251219_YAPSMAD_Early_D14_Male_#3/tifs,/Volumes/D/YAPSMAD_Nuclear_Localization/251219_YAPSMAD_Early_D14_Male_#3/tifs,/Volumes/D/YAPSMAD_Nuclear_Localization/251219_YAPSMAD_Early_D14_Male_#3/tifs,3270,15.813838147237988,0.8484961223440264,0.06323575533588334,4.206948899549039,3.0,28.417899131774902,66.48188018146902,16.88725124206394,0.0022594318420424008,0.008690489031123823,0.020330850208400312,0.005164297015921694,0.006743691979155848,0.015559202813977225,0.004163756894660332
16,51,LPATGFb_017_DAPI.1.1.tif,LPATGFb_017_W647.1.1.tif,LPATGFb_017_G488.1.1.tif,LPATGFb_017_R555.1.1.tif,/Volumes/D/YAPSMAD_Nuclear_Localization/251219_YAPSMAD_Early_D14_Male_#3/tifs,/Volumes/D/YAPSMAD_Nuclear_Localization/251219_YAPSMAD_Early_D14_Male_#3/tifs,/Volumes/D/YAPSMAD_Nuclear_Localization/251219_YAPSMAD_Early_D14_Male_#3/tifs,/Volumes/D/YAPSMAD_Nuclear_Localization/251219_YAPSMAD_Early_D14_Male_#3/tifs,1277,5.358887483914322,0.6302050978742996,0.18660589590688037,3.6541399699156343,3.0,13.30792718892917,28.129945944063365,11.895338486181572,0.0034953556125640823,0.01042124290440812,0.022028148742414537,0.009315065376806243,0.009414969618973715,0.014325980114628444,0.0049644312049822534
16,52,LPATGFb_017_DAPI.1.1.tif,LPATGFb_017_W647.1.1.tif,LPATGFb_017_G488.1.1.tif,LPATGFb_017_R555.1.1.tif,/Volumes/D/YAPSMAD_Nuclear_Localization/251219_YAPSMAD_Early_D14_Male_#3/tifs,/Volumes/D/YAPSMAD_Nuclear_Localization/251219_YAPSMAD_Early_D14_Male_#3/tifs,/Volumes/D/YAPSMAD_Nuclear_Localization/251219_YAPSMAD_Early_D14_Male_#3/tifs,/Volumes/D/YAPSMAD_Nuclear_Localization/251219_YAPSMAD_Early_D14_Male_#3/tifs,1634,13.486633162428252,0.9078061424805789,0.07414749018204564,2.604859483830544,2.0,10.568825973663479,19.971023278310895,7.115968666039407,0.002686661787671943,0.0064680697513240385,0.012222168468978516,0.0043549379841122445,0.003965496113529304,0.007996388843124879,0.002659956953475151
16,53,LPATGFb_017_DAPI.1.1.tif,LPATGFb_017_W647.1.1.tif,LPATGFb_017_G488.1.1.tif,LPATGFb_017_R555.1.1.tif,/Volumes/D/YAPSMAD_Nuclear_Localization/251219_YAPSMAD_Early_D14_Male_#3/tifs,/Volumes/D/YAPSMAD_Nuclear_Localization/251219_YAPSMAD_Early_D14_Male_#3/tifs,/Volumes/D/YAPSMAD_Nuclear_Localization/251219_YAPSMAD_Early_D14_Male_#3/tifs,/Volumes/D/YAPSMAD_Nuclear_Localization/251219_YAPSMAD_Early_D14_Male_#3/tifs,1266,2.8776898524777343,0.6493465967878054,0.347500964754414,3.7475764791132575,3.605551275463989,10.70534841530025,35.144594580866396,14.02546743908897,0.004219469119607814,0.008456041402290877,0.027760343270826538,0.011078568277321461,0.0032974508255797274,0.012193170302391736,0.004087243627885603
16,54,LPATGFb_017_DAPI.1.1.tif,LPATGFb_017_W647.1.1.tif,LPATGFb_017_G488.1.1.tif,LPATGFb_017_R555.1.1.tif,/Volumes/D/YAPSMAD_Nuclear_Localization/251219_YAPSMAD_Early_D14_Male_#3/tifs,/Volumes/D/YAPSMAD_Nuclear_Localization/251219_YAPSMAD_Early_D14_Male_#3/tifs,/Volumes/D/YAPSMAD_Nuclear_Localization/251219_YAPSMAD_Early_D14_Male_#3/tifs,/Volumes/D/YAPSMAD_Nuclear_Localization/251219_YAPSMAD_Early_D14_Male_#3/tifs,1028,3.345667583395025,0.2433481220181586,0.29889400996175697,3.5582905567479526,3.0,10.716746861115098,24.811551129445434,12.424902806524187,0.0038036526271852337,0.01042485103221313,0.024135750125919682,0.012086481329303685,0.00570713217003506,0.014133325008575988,0.0063994448130308594
16,55,LPATGFb_017_DAPI.1.1.tif,LPATGFb_017_W647.1.1.tif,LPATGFb_017_G488.1.1.tif,LPATGFb_017_R555.1.1.tif,/Volumes/D/YAPSMAD_Nuclear_Localization/251219_YAPSMAD_Early_D14_Male_#3/tifs,/Volumes/D/YAPSMAD_Nuclear_Localization/251219_YAPSMAD_Early_D14_Male_#3/tifs,/Volumes/D/YAPSMAD_Nuclear_Localization/251219_YAPSMAD_Early_D14_Male_#3/tifs,/Volumes/D/YAPSMAD_Nuclear_Localization/251219_YAPSMAD_Early_D14_Male_#3/tifs,435,10.871844828509683,0.7793230468267013,0.09198070941719654,1.626217489905808,1.0,1.8561379646416754,4.302311781095341,3.129808534635231,0.003815562293554346,0.004266983826762472,0.009890371910564001,0.007194962148586738,0.0018381484839659634,0.007067282561585092,0.004242002208641646
16,56,LPATGFb_017_DAPI.1.1.tif,LPATGFb_017_W647.1.1.tif,LPATGFb_017_G488.1.1.tif,LPATGFb_017_R555.1.1.tif,/Volumes/D/YAPSMAD_Nuclear_Localization/251219_YAPSMAD_Early_D14_Male_#3/tifs,/Volumes/D/YAPSMAD_Nuclear_Localization/251219_YAPSMAD_Early_D14_Male_#3/tifs,/Volumes/D/YAPSMAD_Nuclear_Localization/251219_YAPSMAD_Early_D14_Male_#3/tifs,/Volumes/D/YAPSMAD_Nuclear_Localization/251219_YAPSMAD_Early_D14_Male_#3/tifs,1098,3.843238157895633,0.5772439427677856,0.26019725005737104,3.345349537345205,3.0,7.528191138990223,32.2474403292872,14.496727048652247,0.003904600281867187,0.006856276082869056,0.029369253487511113,0.01320284794959221,0.003434702066840046,0.01682047713779782,0.006508499211761345
16,57,LPATGFb_017_DAPI.1.1.tif,LPATGFb_017_W647.1.1.tif,LPATGFb_017_G488.1.1.tif,LPATGFb_017_R555.1.1.tif,/Volumes/D/YAPSMAD_Nuclear_Localization/251219_YAPSMAD_Early_D14_Male_#3/tifs,/Volumes/D/YAPSMAD_Nuclear_Localization/251219_YAPSMAD_Early_D14_Male_#3/tifs,/Volumes/D/YAPSMAD_Nuclear_Localization/251219_YAPSMAD_Early_D14_Male_#3/tifs,/Volumes/D/YAPSMAD_Nuclear_Localization/251219_YAPSMAD_Early_D14_Male_#3/tifs,982,4.895769788403263,0.41869913519950824,0.20425797029278744,2.83586028269071,2.8284271247461903,4.611306995851919,15.258442163001746,6.659968044376001,0.004645470950407281,0.004695831971335967,0.015538128475561859,0.006782044851706722,0.0021848505605102184,0.009068415241862504,0.0030294237354798713
