ImageNumber,ObjectNumber,FileName_DNA,FileName_FActin,FileName_SMAD,FileName_YAP,PathName_DNA,PathName_FActin,PathName_SMAD,PathName_YAP,AreaShape_Area,AreaShape_Compactness,AreaShape_Eccentricity,AreaShape_FormFactor,Intensity_IntegratedIntensity_FActin,Intensity_IntegratedIntensity_SMAD,Intensity_IntegratedIntensity_YAP,Intensity_MeanIntensity_DNA,Intensity_MeanIntensity_FActin,Intensity_MeanIntensity_SMAD,Intensity_MeanIntensity_YAP,Intensity_StdIntensity_FActin,Intensity_StdIntensity_SMAD,Intensity_StdIntensity_YAP,Math_SMADlogNucbyCyto,Math_SMADlogNucbyPerinuc,Math_YAPlogNucbyCyto,Math_YAPlogNucbyPerinuc
1,1,ctrl_002_DAPI.tif,ctrl_002_W647.tif,ctrl_002_G488.tif,ctrl_002_R555.tif,/Volumes/D/YAPSMAD_Nuclear_Localization/251219_YAPSMAD_Early_D14_Male_#3/tifs,/Volumes/D/YAPSMAD_Nuclear_Localization/251219_YAPSMAD_Early_D14_Male_#3/tifs,/Volumes/D/YAPSMAD_Nuclear_Localization/251219_YAPSMAD_Early_D14_Male_#3/tifs,/Volumes/D/YAPSMAD_Nuclear_Localization/251219_YAPSMAD_Early_D14_Male_#3/tifs,253,1.0259707368853916,0.4918228458151833,0.9746866689743678,4.0767071368172765,7.000625617802143,4.556679657660425,0.029868178448746563,0.016113466943941803,0.02767045698736025,0.018010591532254643,0.00420249384177977,0.005669568489183707,0.0037829114845017342,2.7285096255064873,2.0518928345891547,2.429200985874131,1.8297766511040428
1,2,ctrl_002_DAPI.tif,ctrl_002_W647.tif,ctrl_002_G488.tif,ctrl_002_R555.tif,/Volumes/D/YAPSMAD_Nuclear_Localization/251219_YAPSMAD_Early_D14_Male_#3/tifs,/Volumes/D/YAPSMAD_Nuclear_Localization/251219_YAPSMAD_Early_D14_Male_#3/tifs,/Volumes/D/YAPSMAD_Nuclear_Localization/251219_YAPSMAD_Early_D14_Male_#3/tifs,/Volumes/D/YAPSMAD_Nuclear_Localization/251219_YAPSMAD_Early_D14_Male_#3/tifs,237,1.0326102474022627,0.48524061207493724,0.9684195973414943,4.246799445245415,5.3873655600473285,6.79040209017694,0.020397706900404978,0.017918985001035507,0.022731500253364255,0.028651485612560926,0.009259291048864715,0.005301027272311955,0.003297826604226857,1.80185321112999,1.0718856952058156,1.7601156895118981,1.117426673628933
1,3,ctrl_002_DAPI.tif,ctrl_002_W647.tif,ctrl_002_G488.tif,ctrl_002_R555.tif,/Volumes/D/YAPSMAD_Nuclear_Localization/251219_YAPSMAD_Early_D14_Male_#3/tifs,/Volumes/D/YAPSMAD_Nuclear_Localization/251219_YAPSMAD_Early_D14_Male_#3/tifs,/Volumes/D/YAPSMAD_Nuclear_Localization/251219_YAPSMAD_Early_D14_Male_#3/tifs,/Volumes/D/YAPSMAD_Nuclear_Localization/251219_YAPSMAD_Early_D14_Male_#3/tifs,218,1.0430953903192315,0.5254397974184496,0.9586850917766567,2.076386692468077,6.117982782423496,4.655878568068147,0.02565237583267853,0.009524709598477418,0.028064141203777506,0.02135724113792728,0.004181159409430466,0.004224174988631698,0.002327139817851758,4.00811806750991,1.7633830471132461,3.5453306108591507,1.5509998304626758
1,4,ctrl_002_DAPI.tif,ctrl_002_W647.tif,ctrl_002_G488.tif,ctrl_002_R555.tif,/Volumes/D/YAPSMAD_Nuclear_Localization/251219_YAPSMAD_Early_D14_Male_#3/tifs,/Volumes/D/YAPSMAD_Nuclear_Localization/251219_YAPSMAD_Early_D14_Male_#3/tifs,/Volumes/D/YAPSMAD_Nuclear_Localization/251219_YAPSMAD_Early_D14_Male_#3/tifs,/Volumes/D/YAPSMAD_Nuclear_Localization/251219_YAPSMAD_Early_D14_Male_#3/tifs,235,1.1599345741538747,0.7679124101562419,0.8621175903213847,2.3805447723716497,3.9454948026686907,4.717921748757362,0.026783089854932846,0.010129977754772977,0.016789339585824216,0.020076262760669625,0.004572941214265421,0.0019076430018813066,0.0014573422241267303,1.7735153659621978,1.5833271454599844,1.4104237470743919,1.2080159975262459
1,5,ctrl_002_DAPI.tif,ctrl_002_W647.tif,ctrl_002_G488.tif,ctrl_002_R555.tif,/Volumes/D/YAPSMAD_Nuclear_Localization/251219_YAPSMAD_Early_D14_Male_#3/tifs,/Volumes/D/YAPSMAD_Nuclear_Localization/251219_YAPSMAD_Early_D14_Male_#3/tifs,/Volumes/D/YAPSMAD_Nuclear_Localization/251219_YAPSMAD_Early_D14_Male_#3/tifs,/Volumes/D/YAPSMAD_Nuclear_Localization/251219_YAPSMAD_Early_D14_Male_#3/tifs,253,1.1118820357348882,0.7964097035621079,0.8993759840170986,3.712809966877103,6.568093413487077,8.117845464497805,0.02473336680913749,0.014675138209000406,0.025960843531569473,0.032086345709477486,0.0028198463492771454,0.0028366509037502405,0.001895297924305957,1.79841397754544,1.370773996929197,1.4815872988271424,1.1318008446022623
1,6,ctrl_002_DAPI.tif,ctrl_002_W647.tif,ctrl_002_G488.tif,ctrl_002_R555.tif,/Volumes/D/YAPSMAD_Nuclear_Localization/251219_YAPSMAD_Early_D14_Male_#3/tifs,/Volumes/D/YAPSMAD_Nuclear_Localization/251219_YAPSMAD_Early_D14_Male_#3/tifs,/Volumes/D/YAPSMAD_Nuclear_Localization/251219_YAPSMAD_Early_D14_Male_#3/tifs,/Volumes/D/YAPSMAD_Nuclear_Localization/251219_YAPSMAD_Early_D14_Male_#3/tifs,116,0.9376575809744683,0.45813378302225716,1.0664874046672153,0.8554360396228731,3.5113145653158426,1.352819117717445,0.025131872244949997,0.007374448617438561,0.030269953149274505,0.01166223377342625,0.00505672488242298,0.004807092062142369,0.0017703172849364947,2.5529824533697374,2.563062149094159,1.8198505426150802,1.7517761033775678
1,7,ctrl_002_DAPI.tif,ctrl_002_W647.tif,ctrl_002_G488.tif,ctrl_002_R555.tif,/Volumes/D/YAPSMAD_Nuclear_Localization/251219_YAPSMAD_Early_D14_Male_#3/tifs,/Volumes/D/YAPSMAD_Nuclear_Localization/251219_YAPSMAD_Early_D14_Male_#3/tifs,/Volumes/D/YAPSMAD_Nuclear_Localization/251219_YAPSMAD_Early_D14_Male_#3/tifs,/Volumes/D/YAPSMAD_Nuclear_Localization/251219_YAPSMAD_Early_D14_Male_#3/tifs,209,1.0216130484146304,0.5832580600197993,0.9788441930649083,2.862455200171098,5.367727188393474,4.15875487960875,0.026400298245572017,0.013695957895555493,0.025682905207624274,0.019898348706261962,0.008041553052213313,0.002991885087663557,0.0014518742066596342,2.377685611296236,1.4332819383694568,1.8958715896892104,1.1094522740631036
1,8,ctrl_002_DAPI.tif,ctrl_002_W647.tif,ctrl_002_G488.tif,ctrl_002_R555.tif,/Volumes/D/YAPSMAD_Nuclear_Localization/251219_YAPSMAD_Early_D14_Male_#3/tifs,/Volumes/D/YAPSMAD_Nuclear_Localization/251219_YAPSMAD_Early_D14_Male_#3/tifs,/Volumes/D/YAPSMAD_Nuclear_Localization/251219_YAPSMAD_Early_D14_Male_#3/tifs,/Volumes/D/YAPSMAD_Nuclear_Localization/251219_YAPSMAD_Early_D14_Male_#3/tifs,253,1.1430826825491915,0.7613289886612733,0.8748273552442397,4.593240283429623,4.937026048079133,8.923811694607139,0.026339424074638504,0.018155099934504437,0.01951393694892938,0.03527198298263691,0.012292877400475369,0.0029572939544328047,0.0036197215688879383,2.2766812119245072,1.6222384318346181,1.8415301367581012,1.2967028264515401
1,9,ctrl_002_DAPI.tif,ctrl_002_W647.tif,ctrl_002_G488.tif,ctrl_002_R555.tif,/Volumes/D/YAPSMAD_Nuclear_Localization/251219_YAPSMAD_Early_D14_Male_#3/tifs,/Volumes/D/YAPSMAD_Nuclear_Localization/251219_YAPSMAD_Early_D14_Male_#3/tifs,/Volumes/D/YAPSMAD_Nuclear_Localization/251219_YAPSMAD_Early_D14_Male_#3/tifs,/Volumes/D/YAPSMAD_Nuclear_Localization/251219_YAPSMAD_Early_D14_Male_#3/tifs,246,1.108067581000653,0.8256683707907982,0.9024720307194067,2.288303982000798,5.3044327683746815,4.3931182054802775,0.028313301246219533,0.009302048707320317,0.021562734830791387,0.0178582040873182,0.0051967854276723235,0.005433636192589118,0.002488025478136622,2.301710776156233,1.9004463872359847,1.451183967326412,1.239225359814869
1,10,ctrl_002_DAPI.tif,ctrl_002_W647.tif,ctrl_002_G488.tif,ctrl_002_R555.tif,/Volumes/D/YAPSMAD_Nuclear_Localization/251219_YAPSMAD_Early_D14_Male_#3/tifs,/Volumes/D/YAPSMAD_Nuclear_Localization/251219_YAPSMAD_Early_D14_Male_#3/tifs,/Volumes/D/YAPSMAD_Nuclear_Localization/251219_YAPSMAD_Early_D14_Male_#3/tifs,/Volumes/D/YAPSMAD_Nuclear_Localization/251219_YAPSMAD_Early_D14_Male_#3/tifs,249,1.197515116838388,0.8405019140749614,0.8350625273442425,7.756664406508207,8.592828253284097,7.837033689022064,0.026417289011509543,0.031151262676739788,0.03450935041479557,0.031474030879606686,0.01195198941639141,0.008622028642885247,0.005154727414226209,2.8040693959102283,1.8194266129049257,2.1158200779701257,1.3681919399926545
1,11,ctrl_002_DAPI.tif,ctrl_002_W647.tif,ctrl_002_G488.tif,ctrl_002_R555.tif,/Volumes/D/YAPSMAD_Nuclear_Localization/251219_YAPSMAD_Early_D14_Male_#3/tifs,/Volumes/D/YAPSMAD_Nuclear_Localization/251219_YAPSMAD_Early_D14_Male_#3/tifs,/Volumes/D/YAPSMAD_Nuclear_Localization/251219_YAPSMAD_Early_D14_Male_#3/tifs,/Volumes/D/YAPSMAD_Nuclear_Localization/251219_YAPSMAD_Early_D14_Male_#3/tifs,255,1.0389120238064447,0.6177844164727477,0.9625454100878765,5.78689251979813,8.253879619762301,7.562813777476549,0.029813974555216585,0.022693696156071096,0.03236815537161687,0.029658093245006074,0.010981622517534215,0.0034783518590404626,0.0034395478837309697,2.6186916236581723,1.4404368225710387,2.019764591100811,1.2133075408461556
1,12,ctrl_002_DAPI.tif,ctrl_002_W647.tif,ctrl_002_G488.tif,ctrl_002_R555.tif,/Volumes/D/YAPSMAD_Nuclear_Localization/251219_YAPSMAD_Early_D14_Male_#3/tifs,/Volumes/D/YAPSMAD_Nuclear_Localization/251219_YAPSMAD_Early_D14_Male_#3/tifs,/Volumes/D/YAPSMAD_Nuclear_Localization/251219_YAPSMAD_Early_D14_Male_#3/tifs,/Volumes/D/YAPSMAD_Nuclear_Localization/251219_YAPSMAD_Early_D14_Male_#3/tifs,322,1.066706573853314,0.7029156545572467,0.9374649266364351,7.381750242784619,11.518165839836001,7.584786802530289,0.023937661813930696,0.02292469019498329,0.035770701365950314,0.02355523851717481,0.00770899627316363,0.004313168610207815,0.0020715317118660385,2.5406358360586707,1.5219156127268187,2.0331835853174716,1.2671281449629963
1,13,ctrl_002_DAPI.tif,ctrl_002_W647.tif,ctrl_002_G488.tif,ctrl_002_R555.tif,/Volumes/D/YAPSMAD_Nuclear_Localization/251219_YAPSMAD_Early_D14_Male_#3/tifs,/Volumes/D/YAPSMAD_Nuclear_Localization/251219_YAPSMAD_Early_D14_Male_#3/tifs,/Volumes/D/YAPSMAD_Nuclear_Localization/251219_YAPSMAD_Early_D14_Male_#3/tifs,/Volumes/D/YAPSMAD_Nuclear_Localization/251219_YAPSMAD_Early_D14_Male_#3/tifs,659,1.34140823992293,0.8010594485632005,0.7454852074395,12.048752636648715,16.319569753482938,16.380453277379274,0.030067659545638944,0.018283387916007154,0.024764142266286704,0.024856530011197683,0.007255043308075639,0.003322465481242175,0.0030549541206457967,1.8054744121221278,1.3639860695710229,1.6941153100337114,1.2071470018801553
1,14,ctrl_002_DAPI.tif,ctrl_002_W647.tif,ctrl_002_G488.tif,ctrl_002_R555.tif,/Volumes/D/YAPSMAD_Nuclear_Localization/251219_YAPSMAD_Early_D14_Male_#3/tifs,/Volumes/D/YAPSMAD_Nuclear_Localization/251219_YAPSMAD_Early_D14_Male_#3/tifs,/Volumes/D/YAPSMAD_Nuclear_Localization/251219_YAPSMAD_Early_D14_Male_#3/tifs,/Volumes/D/YAPSMAD_Nuclear_Localization/251219_YAPSMAD_Early_D14_Male_#3/tifs,930,2.5363232397648376,0.7573802628269409,0.39427151252721154,23.408987631089985,17.200702028349042,19.817059664055705,0.03169175796611335,0.025170954442032243,0.018495378525106496,0.021308666305436243,0.009965823462541948,0.004006019554369788,0.0031861434187840532,1.707070279260179,1.4345152650316924,1.4562057605914738,1.213070667659757
1,15,ctrl_002_DAPI.tif,ctrl_002_W647.tif,ctrl_002_G488.tif,ctrl_002_R555.tif,/Volumes/D/YAPSMAD_Nuclear_Localization/251219_YAPSMAD_Early_D14_Male_#3/tifs,/Volumes/D/YAPSMAD_Nuclear_Localization/251219_YAPSMAD_Early_D14_Male_#3/tifs,/Volumes/D/YAPSMAD_Nuclear_Localization/251219_YAPSMAD_Early_D14_Male_#3/tifs,/Volumes/D/YAPSMAD_Nuclear_Localization/251219_YAPSMAD_Early_D14_Male_#3/tifs,233,1.1045911326176598,0.7730036502562833,0.9053123553782295,2.5068437051959336,5.404074186924845,4.16638439334929,0.03224951711926977,0.010758985859210016,0.023193451446029377,0.01788147808304416,0.007742597757141681,0.005409846212450585,0.002370402538049748,2.174833604757246,1.8425339130901892,1.4377511877922902,1.2354743144548033
1,16,ctrl_002_DAPI.tif,ctrl_002_W647.tif,ctrl_002_G488.tif,ctrl_002_R555.tif,/Volumes/D/YAPSMAD_Nuclear_Localization/251219_YAPSMAD_Early_D14_Male_#3/tifs,/Volumes/D/YAPSMAD_Nuclear_Localization/251219_YAPSMAD_Early_D14_Male_#3/tifs,/Volumes/D/YAPSMAD_Nuclear_Localization/251219_YAPSMAD_Early_D14_Male_#3/tifs,/Volumes/D/YAPSMAD_Nuclear_Localization/251219_YAPSMAD_Early_D14_Male_#3/tifs,229,1.1568671007451679,0.8244536122501422,0.86440352513774,2.1725795578677207,5.916304289363325,4.794079534709454,0.03333883058670176,0.0094872469775883,0.025835389909883513,0.020934845129735605,0.004773155594574829,0.005025318771067362,0.001957320575882374,2.182875275622099,1.9844971565384268,1.605455659366566,1.4294485692335557
1,17,ctrl_002_DAPI.tif,ctrl_002_W647.tif,ctrl_002_G488.tif,ctrl_002_R555.tif,/Volumes/D/YAPSMAD_Nuclear_Localization/251219_YAPSMAD_Early_D14_Male_#3/tifs,/Volumes/D/YAPSMAD_Nuclear_Localization/251219_YAPSMAD_Early_D14_Male_#3/tifs,/Volumes/D/YAPSMAD_Nuclear_Localization/251219_YAPSMAD_Early_D14_Male_#3/tifs,/Volumes/D/YAPSMAD_Nuclear_Localization/251219_YAPSMAD_Early_D14_Male_#3/tifs,481,1.2024944643864677,0.6350194923080977,0.831604659827034,6.9498894312419,10.738613008521497,11.25694672204554,0.032086265170772454,0.014448834576386486,0.022325598770314963,0.023403215638348317,0.004205206734763486,0.0037277415718308497,0.002829525759508875,2.238722138030139,1.748044984441781,1.652077051027173,1.152546133607868
1,18,ctrl_002_DAPI.tif,ctrl_002_W647.tif,ctrl_002_G488.tif,ctrl_002_R555.tif,/Volumes/D/YAPSMAD_Nuclear_Localization/251219_YAPSMAD_Early_D14_Male_#3/tifs,/Volumes/D/YAPSMAD_Nuclear_Localization/251219_YAPSMAD_Early_D14_Male_#3/tifs,/Volumes/D/YAPSMAD_Nuclear_Localization/251219_YAPSMAD_Early_D14_Male_#3/tifs,/Volumes/D/YAPSMAD_Nuclear_Localization/251219_YAPSMAD_Early_D14_Male_#3/tifs,245,1.4629633721597244,0.9007528942940781,0.683544112607367,1.3117418317124248,6.219043267890811,3.823376857675612,0.03259844018184409,0.0053540482927037746,0.02538385007302372,0.015605619827247395,0.0026068515873398754,0.008770374164165602,0.002421083994190102,1.7449337677668357,2.776448446063727,1.3079384979499535,1.6778980079027495
1,19,ctrl_002_DAPI.tif,ctrl_002_W647.tif,ctrl_002_G488.tif,ctrl_002_R555.tif,/Volumes/D/YAPSMAD_Nuclear_Localization/251219_YAPSMAD_Early_D14_Male_#3/tifs,/Volumes/D/YAPSMAD_Nuclear_Localization/251219_YAPSMAD_Early_D14_Male_#3/tifs,/Volumes/D/YAPSMAD_Nuclear_Localization/251219_YAPSMAD_Early_D14_Male_#3/tifs,/Volumes/D/YAPSMAD_Nuclear_Localization/251219_YAPSMAD_Early_D14_Male_#3/tifs,223,0.9883468509494655,0.36975922159222335,1.0117905460409367,1.432669590227306,8.970275415107608,6.21542689204216,0.03430494981412797,0.0064245273104363496,0.04022545029196237,0.027871869471041075,0.001817552362646053,0.005010900648788234,0.002527300759651092,2.54849878728129,1.4543902826162969,2.0928706659672334,1.272810081696059
1,20,ctrl_002_DAPI.tif,ctrl_002_W647.tif,ctrl_002_G488.tif,ctrl_002_R555.tif,/Volumes/D/YAPSMAD_Nuclear_Localization/251219_YAPSMAD_Early_D14_Male_#3/tifs,/Volumes/D/YAPSMAD_Nuclear_Localization/251219_YAPSMAD_Early_D14_Male_#3/tifs,/Volumes/D/YAPSMAD_Nuclear_Localization/251219_YAPSMAD_Early_D14_Male_#3/tifs,/Volumes/D/YAPSMAD_Nuclear_Localization/251219_YAPSMAD_Early_D14_Male_#3/tifs,293,1.2196358481261407,0.8497990768966945,0.8199168641495811,3.915129355620593,7.280048877000809,10.481559503823519,0.02425064804165945,0.013362216230787006,0.024846583197954977,0.035773240627384024,0.00365867041296889,0.0018658176315205703,0.001897029609435023,2.0477375145997834,1.1795194646605829,1.8387469911211356,1.0580139379228932
1,21,ctrl_002_DAPI.tif,ctrl_002_W647.tif,ctrl_002_G488.tif,ctrl_002_R555.tif,/Volumes/D/YAPSMAD_Nuclear_Localization/251219_YAPSMAD_Early_D14_Male_#3/tifs,/Volumes/D/YAPSMAD_Nuclear_Localization/251219_YAPSMAD_Early_D14_Male_#3/tifs,/Volumes/D/YAPSMAD_Nuclear_Localization/251219_YAPSMAD_Early_D14_Male_#3/tifs,/Volumes/D/YAPSMAD_Nuclear_Localization/251219_YAPSMAD_Early_D14_Male_#3/tifs,188,1.2095467823914492,0.8658077312817377,0.8267559507064747,0.5697718805167824,4.200946068391204,3.1346608949825168,0.023531603329676264,0.003030701492110545,0.02234545781059151,0.01667372816480062,0.0010369666378248462,0.0027746634451695017,0.001315230611308528,2.3331430652311695,1.8684409062672753,1.5981609436190987,1.3338827684452923
1,22,ctrl_002_DAPI.tif,ctrl_002_W647.tif,ctrl_002_G488.tif,ctrl_002_R555.tif,/Volumes/D/YAPSMAD_Nuclear_Localization/251219_YAPSMAD_Early_D14_Male_#3/tifs,/Volumes/D/YAPSMAD_Nuclear_Localization/251219_YAPSMAD_Early_D14_Male_#3/tifs,/Volumes/D/YAPSMAD_Nuclear_Localization/251219_YAPSMAD_Early_D14_Male_#3/tifs,/Volumes/D/YAPSMAD_Nuclear_Localization/251219_YAPSMAD_Early_D14_Male_#3/tifs,405,1.954676290806364,0.931753795844067,0.5115936611619049,4.973846075357869,6.842587956227362,5.263721716124564,0.03675566821784517,0.012281101420636714,0.016895278904265093,0.012996843743517443,0.009501794520491985,0.003846199760228904,0.0018536416509204788,1.9246048624298195,1.7739479016096706,1.9536312378140803,1.5269694972740289
1,23,ctrl_002_DAPI.tif,ctrl_002_W647.tif,ctrl_002_G488.tif,ctrl_002_R555.tif,/Volumes/D/YAPSMAD_Nuclear_Localization/251219_YAPSMAD_Early_D14_Male_#3/tifs,/Volumes/D/YAPSMAD_Nuclear_Localization/251219_YAPSMAD_Early_D14_Male_#3/tifs,/Volumes/D/YAPSMAD_Nuclear_Localization/251219_YAPSMAD_Early_D14_Male_#3/tifs,/Volumes/D/YAPSMAD_Nuclear_Localization/251219_YAPSMAD_Early_D14_Male_#3/tifs,226,1.037599420806383,0.509123630861212,0.9637630668903399,1.1761196460574865,5.308140718378127,4.104142846539617,0.03183180514508776,0.005204069230342861,0.02348734831140764,0.018159924099732817,0.0029328874137153067,0.006822693704582914,0.0023695930474224585,2.024380376022506,2.1327306437291718,1.7914319066766442,1.6616035878468869
1,24,ctrl_002_DAPI.tif,ctrl_002_W647.tif,ctrl_002_G488.tif,ctrl_002_R555.tif,/Volumes/D/YAPSMAD_Nuclear_Localization/251219_YAPSMAD_Early_D14_Male_#3/tifs,/Volumes/D/YAPSMAD_Nuclear_Localization/251219_YAPSMAD_Early_D14_Male_#3/tifs,/Volumes/D/YAPSMAD_Nuclear_Localization/251219_YAPSMAD_Early_D14_Male_#3/tifs,/Volumes/D/YAPSMAD_Nuclear_Localization/251219_YAPSMAD_Early_D14_Male_#3/tifs,346,1.4058766281789785,0.859371841605771,0.7112999675478584,5.762218690942973,11.992706203833222,5.552468182519078,0.04204685233043496,0.01665381124549992,0.03466100058911336,0.01604759590323433,0.005109262660471435,0.006123937753792428,0.001937678260638777,2.1959799113353538,1.8487917789567432,1.801172427660033,1.5803555599011891
1,25,ctrl_002_DAPI.tif,ctrl_002_W647.tif,ctrl_002_G488.tif,ctrl_002_R555.tif,/Volumes/D/YAPSMAD_Nuclear_Localization/251219_YAPSMAD_Early_D14_Male_#3/tifs,/Volumes/D/YAPSMAD_Nuclear_Localization/251219_YAPSMAD_Early_D14_Male_#3/tifs,/Volumes/D/YAPSMAD_Nuclear_Localization/251219_YAPSMAD_Early_D14_Male_#3/tifs,/Volumes/D/YAPSMAD_Nuclear_Localization/251219_YAPSMAD_Early_D14_Male_#3/tifs,254,1.4069027696888157,0.9021632463177197,0.7107811723344493,3.307942350162193,6.430563844740391,4.465690129902214,0.02744130845599639,0.013023395079378714,0.025317180491103902,0.017581457204339426,0.006683132478951998,0.007003922640307793,0.0046657024125239125,1.7314257374933477,1.485464410424813,1.468771512422176,1.1930590841628155
1,26,ctrl_002_DAPI.tif,ctrl_002_W647.tif,ctrl_002_G488.tif,ctrl_002_R555.tif,/Volumes/D/YAPSMAD_Nuclear_Localization/251219_YAPSMAD_Early_D14_Male_#3/tifs,/Volumes/D/YAPSMAD_Nuclear_Localization/251219_YAPSMAD_Early_D14_Male_#3/tifs,/Volumes/D/YAPSMAD_Nuclear_Localization/251219_YAPSMAD_Early_D14_Male_#3/tifs,/Volumes/D/YAPSMAD_Nuclear_Localization/251219_YAPSMAD_Early_D14_Male_#3/tifs,191,1.0090670842104479,0.5931501799169266,0.9910143890804419,1.1141069829463959,5.055481819435954,2.807568494230509,0.03547355093803081,0.0058330208531224914,0.026468491201235362,0.014699311488117848,0.0026446244182223317,0.006685427462099615,0.002091875356967149,2.0968312725906486,1.9206436528747337,1.2900394798346797,1.2284241986297793
1,27,ctrl_002_DAPI.tif,ctrl_002_W647.tif,ctrl_002_G488.tif,ctrl_002_R555.tif,/Volumes/D/YAPSMAD_Nuclear_Localization/251219_YAPSMAD_Early_D14_Male_#3/tifs,/Volumes/D/YAPSMAD_Nuclear_Localization/251219_YAPSMAD_Early_D14_Male_#3/tifs,/Volumes/D/YAPSMAD_Nuclear_Localization/251219_YAPSMAD_Early_D14_Male_#3/tifs,/Volumes/D/YAPSMAD_Nuclear_Localization/251219_YAPSMAD_Early_D14_Male_#3/tifs,202,1.0570154807854344,0.7907327193356845,0.9460599377947917,1.2222629338502884,4.173601906746626,3.0492256302386522,0.030558079900681087,0.0060508066032192494,0.020661395577953594,0.01509517638732006,0.0025285355734109356,0.002643887342139241,0.0015105741440515766,1.62936016224634,1.4003604099913844,1.5520417892662774,1.274365417045198
1,28,ctrl_002_DAPI.tif,ctrl_002_W647.tif,ctrl_002_G488.tif,ctrl_002_R555.tif,/Volumes/D/YAPSMAD_Nuclear_Localization/251219_YAPSMAD_Early_D14_Male_#3/tifs,/Volumes/D/YAPSMAD_Nuclear_Localization/251219_YAPSMAD_Early_D14_Male_#3/tifs,/Volumes/D/YAPSMAD_Nuclear_Localization/251219_YAPSMAD_Early_D14_Male_#3/tifs,/Volumes/D/YAPSMAD_Nuclear_Localization/251219_YAPSMAD_Early_D14_Male_#3/tifs,514,1.6025495572649822,0.9180455037525576,0.624005663641795,6.012802381534129,11.957167974673212,9.838849507272243,0.024350875693261043,0.011698059108043054,0.023262972713372007,0.019141730558895415,0.004403730374550741,0.004616197751066058,0.0030308041685267934,1.7563459209828,1.1600460335918632,1.3712144068241414,0.9370290734574118
1,29,ctrl_002_DAPI.tif,ctrl_002_W647.tif,ctrl_002_G488.tif,ctrl_002_R555.tif,/Volumes/D/YAPSMAD_Nuclear_Localization/251219_YAPSMAD_Early_D14_Male_#3/tifs,/Volumes/D/YAPSMAD_Nuclear_Localization/251219_YAPSMAD_Early_D14_Male_#3/tifs,/Volumes/D/YAPSMAD_Nuclear_Localization/251219_YAPSMAD_Early_D14_Male_#3/tifs,/Volumes/D/YAPSMAD_Nuclear_Localization/251219_YAPSMAD_Early_D14_Male_#3/tifs,343,1.1619539490027906,0.6919275037470588,0.8606193049717827,3.4499122963752598,8.430685938335955,5.295033239759505,0.030839817894421757,0.010058053342201924,0.024579259295440102,0.015437414693176398,0.003581704496652161,0.0053241940103919624,0.0012096536218842687,1.824297065011963,1.698051185488009,1.5300211901219027,1.4537407462015373
1,30,ctrl_002_DAPI.tif,ctrl_002_W647.tif,ctrl_002_G488.tif,ctrl_002_R555.tif,/Volumes/D/YAPSMAD_Nuclear_Localization/251219_YAPSMAD_Early_D14_Male_#3/tifs,/Volumes/D/YAPSMAD_Nuclear_Localization/251219_YAPSMAD_Early_D14_Male_#3/tifs,/Volumes/D/YAPSMAD_Nuclear_Localization/251219_YAPSMAD_Early_D14_Male_#3/tifs,/Volumes/D/YAPSMAD_Nuclear_Localization/251219_YAPSMAD_Early_D14_Male_#3/tifs,382,1.2167844673033597,0.6355167594798619,0.8218382358349808,4.55843447195366,8.76200505765155,6.655939636752009,0.03541267468199056,0.011933074533910105,0.022937186014794633,0.01742392575065971,0.0069089354905075675,0.006468545308907282,0.0029169359233790133,2.3065441518613463,1.6105665371254485,1.9870484808756042,1.5609054473307327
1,31,ctrl_002_DAPI.tif,ctrl_002_W647.tif,ctrl_002_G488.tif,ctrl_002_R555.tif,/Volumes/D/YAPSMAD_Nuclear_Localization/251219_YAPSMAD_Early_D14_Male_#3/tifs,/Volumes/D/YAPSMAD_Nuclear_Localization/251219_YAPSMAD_Early_D14_Male_#3/tifs,/Volumes/D/YAPSMAD_Nuclear_Localization/251219_YAPSMAD_Early_D14_Male_#3/tifs,/Volumes/D/YAPSMAD_Nuclear_Localization/251219_YAPSMAD_Early_D14_Male_#3/tifs,272,1.2721371720078911,0.8920367335780319,0.7860787515717661,3.3415732351131737,4.921416070312262,5.63131155539304,0.02561871981700225,0.012285195717327845,0.01809344143497155,0.02070335130659206,0.003430407232320658,0.003804079462122789,0.0026913115772652266,2.1814562296387727,1.6840385527211126,1.6403353711247262,1.2259143370186234
1,32,ctrl_002_DAPI.tif,ctrl_002_W647.tif,ctrl_002_G488.tif,ctrl_002_R555.tif,/Volumes/D/YAPSMAD_Nuclear_Localization/251219_YAPSMAD_Early_D14_Male_#3/tifs,/Volumes/D/YAPSMAD_Nuclear_Localization/251219_YAPSMAD_Early_D14_Male_#3/tifs,/Volumes/D/YAPSMAD_Nuclear_Localization/251219_YAPSMAD_Early_D14_Male_#3/tifs,/Volumes/D/YAPSMAD_Nuclear_Localization/251219_YAPSMAD_Early_D14_Male_#3/tifs,203,1.0616855067402775,0.6973088139933517,0.9418985129318831,1.3509575196076185,5.878187261056155,3.0784161277115345,0.034248235681337384,0.006654963150776446,0.028956587492887462,0.015164611466559284,0.003979171236712026,0.011215195817580587,0.003915581299830763,3.261057460884288,2.7949435217077068,2.135370567965569,1.8275592378118042
1,33,ctrl_002_DAPI.tif,ctrl_002_W647.tif,ctrl_002_G488.tif,ctrl_002_R555.tif,/Volumes/D/YAPSMAD_Nuclear_Localization/251219_YAPSMAD_Early_D14_Male_#3/tifs,/Volumes/D/YAPSMAD_Nuclear_Localization/251219_YAPSMAD_Early_D14_Male_#3/tifs,/Volumes/D/YAPSMAD_Nuclear_Localization/251219_YAPSMAD_Early_D14_Male_#3/tifs,/Volumes/D/YAPSMAD_Nuclear_Localization/251219_YAPSMAD_Early_D14_Male_#3/tifs,279,1.1237869882642753,0.7509740472492545,0.8898483524395773,2.06836044206284,9.5219043251127,5.0937056876719,0.027373099345780614,0.007413478286963583,0.03412868933732151,0.018257009633232617,0.004487581702162088,0.005489676877930285,0.002254379071146017,1.8528946983714494,1.4450081467490699,1.4886071575530708,1.1734031379994596
1,34,ctrl_002_DAPI.tif,ctrl_002_W647.tif,ctrl_002_G488.tif,ctrl_002_R555.tif,/Volumes/D/YAPSMAD_Nuclear_Localization/251219_YAPSMAD_Early_D14_Male_#3/tifs,/Volumes/D/YAPSMAD_Nuclear_Localization/251219_YAPSMAD_Early_D14_Male_#3/tifs,/Volumes/D/YAPSMAD_Nuclear_Localization/251219_YAPSMAD_Early_D14_Male_#3/tifs,/Volumes/D/YAPSMAD_Nuclear_Localization/251219_YAPSMAD_Early_D14_Male_#3/tifs,137,1.043492566812047,0.7561984880225219,0.9583201948961455,0.13604943919926882,0.5562218823470175,0.41989776445552707,0.03841130216571972,0.0009930615999946628,0.004060013739759252,0.003064947185806767,0.00023534738165419879,4.942373599951181e-05,4.200891119257985e-05,0.9948885454800322,0.9925918153240304,0.9961382358094284,0.9929172247067238
1,35,ctrl_002_DAPI.tif,ctrl_002_W647.tif,ctrl_002_G488.tif,ctrl_002_R555.tif,/Volumes/D/YAPSMAD_Nuclear_Localization/251219_YAPSMAD_Early_D14_Male_#3/tifs,/Volumes/D/YAPSMAD_Nuclear_Localization/251219_YAPSMAD_Early_D14_Male_#3/tifs,/Volumes/D/YAPSMAD_Nuclear_Localization/251219_YAPSMAD_Early_D14_Male_#3/tifs,/Volumes/D/YAPSMAD_Nuclear_Localization/251219_YAPSMAD_Early_D14_Male_#3/tifs,238,1.2249270146593683,0.8442750433967554,0.8163751701386742,3.989730703877285,7.469565896317363,6.328068997710943,0.026905630711278244,0.016763574386039013,0.031384730656795645,0.02658852520046615,0.008316008175376295,0.0047941520779649655,0.001997473738727536,1.8579127649455713,1.1716994951770607,1.8246841030429122,1.1675447709596392
1,36,ctrl_002_DAPI.tif,ctrl_002_W647.tif,ctrl_002_G488.tif,ctrl_002_R555.tif,/Volumes/D/YAPSMAD_Nuclear_Localization/251219_YAPSMAD_Early_D14_Male_#3/tifs,/Volumes/D/YAPSMAD_Nuclear_Localization/251219_YAPSMAD_Early_D14_Male_#3/tifs,/Volumes/D/YAPSMAD_Nuclear_Localization/251219_YAPSMAD_Early_D14_Male_#3/tifs,/Volumes/D/YAPSMAD_Nuclear_Localization/251219_YAPSMAD_Early_D14_Male_#3/tifs,233,1.183649550966115,0.8378074307997699,0.8448446579342535,1.6482948358170688,4.289295833557844,3.680949137546122,0.021783792885428078,0.007074226763163385,0.01840899499381049,0.015798064968009107,0.0019974627162338402,0.0015903718321717284,0.0009120622477676227,1.999357466627712,1.559629875756141,1.7936885951165338,1.227462072465872
1,37,ctrl_002_DAPI.tif,ctrl_002_W647.tif,ctrl_002_G488.tif,ctrl_002_R555.tif,/Volumes/D/YAPSMAD_Nuclear_Localization/251219_YAPSMAD_Early_D14_Male_#3/tifs,/Volumes/D/YAPSMAD_Nuclear_Localization/251219_YAPSMAD_Early_D14_Male_#3/tifs,/Volumes/D/YAPSMAD_Nuclear_Localization/251219_YAPSMAD_Early_D14_Male_#3/tifs,/Volumes/D/YAPSMAD_Nuclear_Localization/251219_YAPSMAD_Early_D14_Male_#3/tifs,185,1.0520918233362562,0.7261795796809055,0.9504873793514814,1.5391012663021684,4.944014675915241,3.021286353468895,0.02961974107232448,0.008319466304336045,0.026724403653595897,0.01633127758631835,0.0020548172589425367,0.00673393051525612,0.0035066414884508206,2.0097635162233374,1.3976061788133562,1.5195357640271643,1.2269270368264487
1,38,ctrl_002_DAPI.tif,ctrl_002_W647.tif,ctrl_002_G488.tif,ctrl_002_R555.tif,/Volumes/D/YAPSMAD_Nuclear_Localization/251219_YAPSMAD_Early_D14_Male_#3/tifs,/Volumes/D/YAPSMAD_Nuclear_Localization/251219_YAPSMAD_Early_D14_Male_#3/tifs,/Volumes/D/YAPSMAD_Nuclear_Localization/251219_YAPSMAD_Early_D14_Male_#3/tifs,/Volumes/D/YAPSMAD_Nuclear_Localization/251219_YAPSMAD_Early_D14_Male_#3/tifs,265,1.2184352809233387,0.8308180996872832,0.8207247571181565,1.7267567259259522,6.535683251917362,7.286045653745532,0.026962461336603703,0.006516063116701706,0.024662955667612688,0.027494511900926537,0.0022591104716799815,0.0036918810719447975,0.00263893461687089,2.2015368607938854,1.612186226954511,1.6854468617547886,1.2315510057925754
1,39,ctrl_002_DAPI.tif,ctrl_002_W647.tif,ctrl_002_G488.tif,ctrl_002_R555.tif,/Volumes/D/YAPSMAD_Nuclear_Localization/251219_YAPSMAD_Early_D14_Male_#3/tifs,/Volumes/D/YAPSMAD_Nuclear_Localization/251219_YAPSMAD_Early_D14_Male_#3/tifs,/Volumes/D/YAPSMAD_Nuclear_Localization/251219_YAPSMAD_Early_D14_Male_#3/tifs,/Volumes/D/YAPSMAD_Nuclear_Localization/251219_YAPSMAD_Early_D14_Male_#3/tifs,229,1.147157563106759,0.8268338848468124,0.8717198335787253,3.716243247035891,6.772182800807059,4.239536131732166,0.03337661161465676,0.01622813644993839,0.029572850658546108,0.01851325821717103,0.008121054444618615,0.009978882861018404,0.0029711605261790283,1.730622157046607,1.1410066043264673,1.6406906174867064,1.274604031449437
1,40,ctrl_002_DAPI.tif,ctrl_002_W647.tif,ctrl_002_G488.tif,ctrl_002_R555.tif,/Volumes/D/YAPSMAD_Nuclear_Localization/251219_YAPSMAD_Early_D14_Male_#3/tifs,/Volumes/D/YAPSMAD_Nuclear_Localization/251219_YAPSMAD_Early_D14_Male_#3/tifs,/Volumes/D/YAPSMAD_Nuclear_Localization/251219_YAPSMAD_Early_D14_Male_#3/tifs,/Volumes/D/YAPSMAD_Nuclear_Localization/251219_YAPSMAD_Early_D14_Male_#3/tifs,90,1.0663633807606552,0.8223632187079954,0.9377666356909996,0.38345922669395804,1.99336233176291,1.476096753962338,0.017194205077572,0.004260658074377311,0.02214847035292122,0.01640107504402598,0.0007934195402349751,0.0015461173742627157,0.0008971932062285346,1.614051879108161,0.993031728733183,1.517925471304367,0.9712397453537096
2,1,ctrl_003_DAPI.tif,ctrl_003_W647.tif,ctrl_003_G488.tif,ctrl_003_R555.tif,/Volumes/D/YAPSMAD_Nuclear_Localization/251219_YAPSMAD_Early_D14_Male_#3/tifs,/Volumes/D/YAPSMAD_Nuclear_Localization/251219_YAPSMAD_Early_D14_Male_#3/tifs,/Volumes/D/YAPSMAD_Nuclear_Localization/251219_YAPSMAD_Early_D14_Male_#3/tifs,/Volumes/D/YAPSMAD_Nuclear_Localization/251219_YAPSMAD_Early_D14_Male_#3/tifs,202,1.0097417353125944,0.381513711369303,0.9903522505093063,3.0263981288298965,5.63743039406836,4.500618010759354,0.03330908517012059,0.014982168954603447,0.02790807125776416,0.022280287181977,0.007115008229694486,0.006314348609127881,0.0027569007970230904,2.0866831526607434,1.6719628181043291,1.6580083904907357,1.3481420236749546
2,2,ctrl_003_DAPI.tif,ctrl_003_W647.tif,ctrl_003_G488.tif,ctrl_003_R555.tif,/Volumes/D/YAPSMAD_Nuclear_Localization/251219_YAPSMAD_Early_D14_Male_#3/tifs,/Volumes/D/YAPSMAD_Nuclear_Localization/251219_YAPSMAD_Early_D14_Male_#3/tifs,/Volumes/D/YAPSMAD_Nuclear_Localization/251219_YAPSMAD_Early_D14_Male_#3/tifs,/Volumes/D/YAPSMAD_Nuclear_Localization/251219_YAPSMAD_Early_D14_Male_#3/tifs,231,1.1046677122770872,0.7860686780575732,0.9052495957709019,2.1185168442316353,6.201754806563258,4.113832316361368,0.03114121966467146,0.009171068589747339,0.02684742340503575,0.01780879790632627,0.004353998248658265,0.005568763508919665,0.0018021164458117513,1.8818519238872127,1.2630709130390672,1.9289147388040562,1.161841738114657
2,3,ctrl_003_DAPI.tif,ctrl_003_W647.tif,ctrl_003_G488.tif,ctrl_003_R555.tif,/Volumes/D/YAPSMAD_Nuclear_Localization/251219_YAPSMAD_Early_D14_Male_#3/tifs,/Volumes/D/YAPSMAD_Nuclear_Localization/251219_YAPSMAD_Early_D14_Male_#3/tifs,/Volumes/D/YAPSMAD_Nuclear_Localization/251219_YAPSMAD_Early_D14_Male_#3/tifs,/Volumes/D/YAPSMAD_Nuclear_Localization/251219_YAPSMAD_Early_D14_Male_#3/tifs,221,1.1645689316738224,0.8337214029567748,0.8586868263458743,2.7960784493479878,9.815167501568794,3.416250878944993,0.032517666262637704,0.012651938684832524,0.044412522631533,0.015458148773506757,0.0060887351455446844,0.0034116943131816597,0.001074671042504095,3.5805159690103583,1.8332663995494611,2.282961116642305,1.2367207440124754
2,4,ctrl_003_DAPI.tif,ctrl_003_W647.tif,ctrl_003_G488.tif,ctrl_003_R555.tif,/Volumes/D/YAPSMAD_Nuclear_Localization/251219_YAPSMAD_Early_D14_Male_#3/tifs,/Volumes/D/YAPSMAD_Nuclear_Localization/251219_YAPSMAD_Early_D14_Male_#3/tifs,/Volumes/D/YAPSMAD_Nuclear_Localization/251219_YAPSMAD_Early_D14_Male_#3/tifs,/Volumes/D/YAPSMAD_Nuclear_Localization/251219_YAPSMAD_Early_D14_Male_#3/tifs,208,1.0596218642390904,0.7182955836548556,0.9437328859933402,1.9186846914235502,6.6705577271059155,2.5429770536720753,0.030733210616745055,0.009224445631843992,0.032069989072624594,0.012225851219577285,0.006104970898510524,0.012052051762035575,0.004309286448074705,2.6070031259567643,1.3489500478601466,2.3915989398215993,1.3150210230184856
2,5,ctrl_003_DAPI.tif,ctrl_003_W647.tif,ctrl_003_G488.tif,ctrl_003_R555.tif,/Volumes/D/YAPSMAD_Nuclear_Localization/251219_YAPSMAD_Early_D14_Male_#3/tifs,/Volumes/D/YAPSMAD_Nuclear_Localization/251219_YAPSMAD_Early_D14_Male_#3/tifs,/Volumes/D/YAPSMAD_Nuclear_Localization/251219_YAPSMAD_Early_D14_Male_#3/tifs,/Volumes/D/YAPSMAD_Nuclear_Localization/251219_YAPSMAD_Early_D14_Male_#3/tifs,224,1.3844548429671908,0.9106515594299079,0.7223059712491455,5.313557657413185,5.533134983852506,5.381506083533168,0.030212658989642347,0.023721239542023147,0.02470149546362726,0.024024580730058785,0.012064412986596424,0.005711863553583088,0.0038710742985285903,2.488560867662455,2.0954422623442692,1.8783954276754506,1.493279282885803
2,6,ctrl_003_DAPI.tif,ctrl_003_W647.tif,ctrl_003_G488.tif,ctrl_003_R555.tif,/Volumes/D/YAPSMAD_Nuclear_Localization/251219_YAPSMAD_Early_D14_Male_#3/tifs,/Volumes/D/YAPSMAD_Nuclear_Localization/251219_YAPSMAD_Early_D14_Male_#3/tifs,/Volumes/D/YAPSMAD_Nuclear_Localization/251219_YAPSMAD_Early_D14_Male_#3/tifs,/Volumes/D/YAPSMAD_Nuclear_Localization/251219_YAPSMAD_Early_D14_Male_#3/tifs,252,1.2441927370068762,0.8635475216640445,0.8037339957518763,4.868833468761295,6.074952317401767,5.6988937659189105,0.02913413530895634,0.01932076773317974,0.0241069536404832,0.02261465780126552,0.009574498009984615,0.006148298630232727,0.0035433799023550905,2.4134487864761702,1.8360806920138433,1.867281297254294,1.330171524066721
2,7,ctrl_003_DAPI.tif,ctrl_003_W647.tif,ctrl_003_G488.tif,ctrl_003_R555.tif,/Volumes/D/YAPSMAD_Nuclear_Localization/251219_YAPSMAD_Early_D14_Male_#3/tifs,/Volumes/D/YAPSMAD_Nuclear_Localization/251219_YAPSMAD_Early_D14_Male_#3/tifs,/Volumes/D/YAPSMAD_Nuclear_Localization/251219_YAPSMAD_Early_D14_Male_#3/tifs,/Volumes/D/YAPSMAD_Nuclear_Localization/251219_YAPSMAD_Early_D14_Male_#3/tifs,198,1.0641291985717984,0.5828330665248401,0.9397355145804962,3.0946822541300207,7.1120622381567955,2.9601739696227014,0.02872033068214101,0.015629708354192026,0.03591950625331715,0.014950373583953038,0.012858195307372908,0.00863654232613535,0.005761227390961436,3.1476962003873936,2.4564132754311796,3.681532396286192,2.3356824435444254
2,8,ctrl_003_DAPI.tif,ctrl_003_W647.tif,ctrl_003_G488.tif,ctrl_003_R555.tif,/Volumes/D/YAPSMAD_Nuclear_Localization/251219_YAPSMAD_Early_D14_Male_#3/tifs,/Volumes/D/YAPSMAD_Nuclear_Localization/251219_YAPSMAD_Early_D14_Male_#3/tifs,/Volumes/D/YAPSMAD_Nuclear_Localization/251219_YAPSMAD_Early_D14_Male_#3/tifs,/Volumes/D/YAPSMAD_Nuclear_Localization/251219_YAPSMAD_Early_D14_Male_#3/tifs,287,1.0638157701301343,0.7171770233720497,0.9400123856762079,6.844937832094729,6.9699550261721015,9.217502124607563,0.02925383122410716,0.023849957603117523,0.02428555758248119,0.032116732141489766,0.010918835183623566,0.0043193956781968895,0.0043478822943242386,1.8910665811311405,1.758155521700176,1.9567182879152594,1.3728054298459187
2,9,ctrl_003_DAPI.tif,ctrl_003_W647.tif,ctrl_003_G488.tif,ctrl_003_R555.tif,/Volumes/D/YAPSMAD_Nuclear_Localization/251219_YAPSMAD_Early_D14_Male_#3/tifs,/Volumes/D/YAPSMAD_Nuclear_Localization/251219_YAPSMAD_Early_D14_Male_#3/tifs,/Volumes/D/YAPSMAD_Nuclear_Localization/251219_YAPSMAD_Early_D14_Male_#3/tifs,/Volumes/D/YAPSMAD_Nuclear_Localization/251219_YAPSMAD_Early_D14_Male_#3/tifs,233,1.0951855859914468,0.7857630260731945,0.9130872546087452,2.1807736521586776,7.97843901719898,3.8967727376148105,0.032197977012510974,0.00935954357149647,0.03424222754162652,0.016724346513368286,0.005735641577388525,0.008441109504164126,0.0020274609970910066,2.2337173011524634,1.7173505897990577,1.9390416651195221,1.2943534733329314
2,10,ctrl_003_DAPI.tif,ctrl_003_W647.tif,ctrl_003_G488.tif,ctrl_003_R555.tif,/Volumes/D/YAPSMAD_Nuclear_Localization/251219_YAPSMAD_Early_D14_Male_#3/tifs,/Volumes/D/YAPSMAD_Nuclear_Localization/251219_YAPSMAD_Early_D14_Male_#3/tifs,/Volumes/D/YAPSMAD_Nuclear_Localization/251219_YAPSMAD_Early_D14_Male_#3/tifs,/Volumes/D/YAPSMAD_Nuclear_Localization/251219_YAPSMAD_Early_D14_Male_#3/tifs,304,1.089929269511745,0.6781485618848898,0.9174907289607603,4.347295370418578,10.536308892536908,4.268955552019179,0.029227903673400807,0.014300313718482166,0.03465891083071351,0.014042616947431509,0.006018027216675625,0.009319980183579218,0.0013112387949639872,2.1263630968556146,1.8254509462483317,1.9436165668725838,1.4441861998453644
2,11,ctrl_003_DAPI.tif,ctrl_003_W647.tif,ctrl_003_G488.tif,ctrl_003_R555.tif,/Volumes/D/YAPSMAD_Nuclear_Localization/251219_YAPSMAD_Early_D14_Male_#3/tifs,/Volumes/D/YAPSMAD_Nuclear_Localization/251219_YAPSMAD_Early_D14_Male_#3/tifs,/Volumes/D/YAPSMAD_Nuclear_Localization/251219_YAPSMAD_Early_D14_Male_#3/tifs,/Volumes/D/YAPSMAD_Nuclear_Localization/251219_YAPSMAD_Early_D14_Male_#3/tifs,251,1.1429345739009686,0.8149463815449867,0.8749407208733601,7.614602888002992,11.02378880418837,4.333852180745453,0.036789319433449985,0.0303370632988167,0.04391947730752339,0.017266343349583477,0.008366893138035904,0.013393091319696479,0.004583605599049712,2.4520086398244225,1.9703480129093023,2.355385536853179,2.000366634701607
2,12,ctrl_003_DAPI.tif,ctrl_003_W647.tif,ctrl_003_G488.tif,ctrl_003_R555.tif,/Volumes/D/YAPSMAD_Nuclear_Localization/251219_YAPSMAD_Early_D14_Male_#3/tifs,/Volumes/D/YAPSMAD_Nuclear_Localization/251219_YAPSMAD_Early_D14_Male_#3/tifs,/Volumes/D/YAPSMAD_Nuclear_Localization/251219_YAPSMAD_Early_D14_Male_#3/tifs,/Volumes/D/YAPSMAD_Nuclear_Localization/251219_YAPSMAD_Early_D14_Male_#3/tifs,292,1.0771966700088618,0.6707325409861375,0.9283355842455152,4.414114628452808,9.178225390613079,5.980682120658457,0.04428387631196529,0.01511683091935893,0.031432278734976296,0.02048178808444677,0.00694379677431321,0.00750089464951729,0.003118240521618159,2.4398960776542347,2.222246473200668,1.748917157219912,1.5339894922557513
2,13,ctrl_003_DAPI.tif,ctrl_003_W647.tif,ctrl_003_G488.tif,ctrl_003_R555.tif,/Volumes/D/YAPSMAD_Nuclear_Localization/251219_YAPSMAD_Early_D14_Male_#3/tifs,/Volumes/D/YAPSMAD_Nuclear_Localization/251219_YAPSMAD_Early_D14_Male_#3/tifs,/Volumes/D/YAPSMAD_Nuclear_Localization/251219_YAPSMAD_Early_D14_Male_#3/tifs,/Volumes/D/YAPSMAD_Nuclear_Localization/251219_YAPSMAD_Early_D14_Male_#3/tifs,253,1.0383362922982124,0.6104053236325709,0.9630791174472381,2.925215568393469,9.190783558413386,5.528862481936812,0.03324778033089143,0.01156211687112043,0.036327207740764374,0.021853211391054596,0.0044891433299804676,0.0056640122954512255,0.002264823044631016,2.5650378788772037,1.6214097451293548,2.222020916207369,1.3862765768606484
2,14,ctrl_003_DAPI.tif,ctrl_003_W647.tif,ctrl_003_G488.tif,ctrl_003_R555.tif,/Volumes/D/YAPSMAD_Nuclear_Localization/251219_YAPSMAD_Early_D14_Male_#3/tifs,/Volumes/D/YAPSMAD_Nuclear_Localization/251219_YAPSMAD_Early_D14_Male_#3/tifs,/Volumes/D/YAPSMAD_Nuclear_Localization/251219_YAPSMAD_Early_D14_Male_#3/tifs,/Volumes/D/YAPSMAD_Nuclear_Localization/251219_YAPSMAD_Early_D14_Male_#3/tifs,276,1.1396428537774912,0.8074259517708009,0.8774678809991856,3.509285151027143,6.9654993787407875,6.206759786233306,0.030379330472804715,0.012714801271837474,0.025237316589640534,0.02248826009504821,0.00325350059981052,0.003609269600157496,0.0026925069023726704,2.0778842154104,1.3900005601066612,1.9462082126934415,1.2154503210855716
2,15,ctrl_003_DAPI.tif,ctrl_003_W647.tif,ctrl_003_G488.tif,ctrl_003_R555.tif,/Volumes/D/YAPSMAD_Nuclear_Localization/251219_YAPSMAD_Early_D14_Male_#3/tifs,/Volumes/D/YAPSMAD_Nuclear_Localization/251219_YAPSMAD_Early_D14_Male_#3/tifs,/Volumes/D/YAPSMAD_Nuclear_Localization/251219_YAPSMAD_Early_D14_Male_#3/tifs,/Volumes/D/YAPSMAD_Nuclear_Localization/251219_YAPSMAD_Early_D14_Male_#3/tifs,308,1.1876428714359373,0.8476822751263752,0.8420039593139099,5.666895581874996,8.374868406914175,6.460502064786851,0.02587395069467557,0.018399011629464276,0.027191131191279787,0.020975656054502766,0.006287848666279016,0.004108479165051637,0.0029854363476822603,2.252150044824471,1.5507032037542834,1.815869935238033,1.1594846126288463
2,16,ctrl_003_DAPI.tif,ctrl_003_W647.tif,ctrl_003_G488.tif,ctrl_003_R555.tif,/Volumes/D/YAPSMAD_Nuclear_Localization/251219_YAPSMAD_Early_D14_Male_#3/tifs,/Volumes/D/YAPSMAD_Nuclear_Localization/251219_YAPSMAD_Early_D14_Male_#3/tifs,/Volumes/D/YAPSMAD_Nuclear_Localization/251219_YAPSMAD_Early_D14_Male_#3/tifs,/Volumes/D/YAPSMAD_Nuclear_Localization/251219_YAPSMAD_Early_D14_Male_#3/tifs,447,1.3843946064471682,0.9008269121889353,0.7223373995701582,9.434622777160257,18.647440313361585,9.793972730170935,0.036695524020916394,0.021106538651365227,0.041716868709981175,0.021910453535058022,0.007311959632222045,0.010121585445371489,0.004890623690993345,2.2182211052408385,1.837731411037763,2.126856662760813,1.592317019998291
2,17,ctrl_003_DAPI.tif,ctrl_003_W647.tif,ctrl_003_G488.tif,ctrl_003_R555.tif,/Volumes/D/YAPSMAD_Nuclear_Localization/251219_YAPSMAD_Early_D14_Male_#3/tifs,/Volumes/D/YAPSMAD_Nuclear_Localization/251219_YAPSMAD_Early_D14_Male_#3/tifs,/Volumes/D/YAPSMAD_Nuclear_Localization/251219_YAPSMAD_Early_D14_Male_#3/tifs,/Volumes/D/YAPSMAD_Nuclear_Localization/251219_YAPSMAD_Early_D14_Male_#3/tifs,220,1.0469253071628302,0.6809694620564928,0.9551779798981096,4.6001831237226725,8.55112534109503,4.616006740368903,0.04101188115944916,0.02090992328964851,0.03886875155043196,0.020981848819858647,0.00968021277958042,0.01465944434278282,0.0031262996535397253,3.4110244877527913,3.6292878477606316,2.2053002129304335,2.1461674756914793
2,18,ctrl_003_DAPI.tif,ctrl_003_W647.tif,ctrl_003_G488.tif,ctrl_003_R555.tif,/Volumes/D/YAPSMAD_Nuclear_Localization/251219_YAPSMAD_Early_D14_Male_#3/tifs,/Volumes/D/YAPSMAD_Nuclear_Localization/251219_YAPSMAD_Early_D14_Male_#3/tifs,/Volumes/D/YAPSMAD_Nuclear_Localization/251219_YAPSMAD_Early_D14_Male_#3/tifs,/Volumes/D/YAPSMAD_Nuclear_Localization/251219_YAPSMAD_Early_D14_Male_#3/tifs,263,1.2238298103000216,0.8709739176597102,0.8171070777846555,2.803830044111237,9.26153963804245,4.813214343041182,0.03270722021607279,0.01066095073806554,0.03521497961232871,0.018301195220688904,0.005695407173219583,0.004564319704263493,0.0019934652967524983,2.219443691662649,1.5204522356322148,2.106152585576324,1.4200830068298518
2,19,ctrl_003_DAPI.tif,ctrl_003_W647.tif,ctrl_003_G488.tif,ctrl_003_R555.tif,/Volumes/D/YAPSMAD_Nuclear_Localization/251219_YAPSMAD_Early_D14_Male_#3/tifs,/Volumes/D/YAPSMAD_Nuclear_Localization/251219_YAPSMAD_Early_D14_Male_#3/tifs,/Volumes/D/YAPSMAD_Nuclear_Localization/251219_YAPSMAD_Early_D14_Male_#3/tifs,/Volumes/D/YAPSMAD_Nuclear_Localization/251219_YAPSMAD_Early_D14_Male_#3/tifs,299,1.0324659133464271,0.6066677291761076,0.9685549780125926,4.630655398126692,13.311833398416638,8.331929553300142,0.02861949493703635,0.01548714179975482,0.04452118193450381,0.02786598512809412,0.00444406486385354,0.006392158030363013,0.0034668602418993066,2.5811923114576643,1.56257456236617,1.9635883014916444,1.2260500748018868
2,20,ctrl_003_DAPI.tif,ctrl_003_W647.tif,ctrl_003_G488.tif,ctrl_003_R555.tif,/Volumes/D/YAPSMAD_Nuclear_Localization/251219_YAPSMAD_Early_D14_Male_#3/tifs,/Volumes/D/YAPSMAD_Nuclear_Localization/251219_YAPSMAD_Early_D14_Male_#3/tifs,/Volumes/D/YAPSMAD_Nuclear_Localization/251219_YAPSMAD_Early_D14_Male_#3/tifs,/Volumes/D/YAPSMAD_Nuclear_Localization/251219_YAPSMAD_Early_D14_Male_#3/tifs,489,1.0835278775895434,0.5428858136256567,0.9229111873195522,4.369909257395193,18.458548821508884,9.913481410592794,0.03459688334141102,0.008936419749274423,0.037747543602267654,0.020272968119821665,0.003460709976479408,0.0039291478428727785,0.0012525653699754068,1.8622840532106526,1.2225559404969895,1.745736055258866,1.210203123430185
2,21,ctrl_003_DAPI.tif,ctrl_003_W647.tif,ctrl_003_G488.tif,ctrl_003_R555.tif,/Volumes/D/YAPSMAD_Nuclear_Localization/251219_YAPSMAD_Early_D14_Male_#3/tifs,/Volumes/D/YAPSMAD_Nuclear_Localization/251219_YAPSMAD_Early_D14_Male_#3/tifs,/Volumes/D/YAPSMAD_Nuclear_Localization/251219_YAPSMAD_Early_D14_Male_#3/tifs,/Volumes/D/YAPSMAD_Nuclear_Localization/251219_YAPSMAD_Early_D14_Male_#3/tifs,545,1.7242703291083605,0.8341384749916869,0.5799554647078519,6.274418314918876,25.354695981368423,8.53211267851293,0.03387438467268003,0.01151269415581445,0.04652237794746499,0.015655252621124643,0.003834602099894867,0.007444530198677314,0.0030484246077894174,2.8550346286488364,2.137519868705964,2.0390948673846916,1.544556417551587
2,22,ctrl_003_DAPI.tif,ctrl_003_W647.tif,ctrl_003_G488.tif,ctrl_003_R555.tif,/Volumes/D/YAPSMAD_Nuclear_Localization/251219_YAPSMAD_Early_D14_Male_#3/tifs,/Volumes/D/YAPSMAD_Nuclear_Localization/251219_YAPSMAD_Early_D14_Male_#3/tifs,/Volumes/D/YAPSMAD_Nuclear_Localization/251219_YAPSMAD_Early_D14_Male_#3/tifs,/Volumes/D/YAPSMAD_Nuclear_Localization/251219_YAPSMAD_Early_D14_Male_#3/tifs,260,1.1651069303114234,0.8137956906214614,0.8582903199560475,1.306507991394028,10.785519186407328,4.077271713875234,0.029098602746111844,0.005025030736130877,0.04148276610156665,0.015681814284135516,0.001870519257160856,0.00696453195485167,0.001106854808517056,2.5223074400947634,2.0569049667438546,1.6587311497076864,1.3531103802933555
2,23,ctrl_003_DAPI.tif,ctrl_003_W647.tif,ctrl_003_G488.tif,ctrl_003_R555.tif,/Volumes/D/YAPSMAD_Nuclear_Localization/251219_YAPSMAD_Early_D14_Male_#3/tifs,/Volumes/D/YAPSMAD_Nuclear_Localization/251219_YAPSMAD_Early_D14_Male_#3/tifs,/Volumes/D/YAPSMAD_Nuclear_Localization/251219_YAPSMAD_Early_D14_Male_#3/tifs,/Volumes/D/YAPSMAD_Nuclear_Localization/251219_YAPSMAD_Early_D14_Male_#3/tifs,291,1.0409890099002408,0.6459614984089272,0.9606249350277302,3.641199386212975,9.848233801312745,4.647211440838873,0.027123095003625575,0.012512712667398538,0.03384272783956269,0.015969798765769323,0.007022018192703849,0.008172700212559702,0.0020273548971993394,1.9723606234062696,1.8435038508299137,2.1071872825965854,1.608629412132324
2,24,ctrl_003_DAPI.tif,ctrl_003_W647.tif,ctrl_003_G488.tif,ctrl_003_R555.tif,/Volumes/D/YAPSMAD_Nuclear_Localization/251219_YAPSMAD_Early_D14_Male_#3/tifs,/Volumes/D/YAPSMAD_Nuclear_Localization/251219_YAPSMAD_Early_D14_Male_#3/tifs,/Volumes/D/YAPSMAD_Nuclear_Localization/251219_YAPSMAD_Early_D14_Male_#3/tifs,/Volumes/D/YAPSMAD_Nuclear_Localization/251219_YAPSMAD_Early_D14_Male_#3/tifs,290,1.0728181166347115,0.4601103802724926,0.9321244528726526,4.125963245984167,10.94180210120976,7.588723616674542,0.03178264839767382,0.01422745946891092,0.0377303520731371,0.026168012471291524,0.0065532914727526315,0.006972374537003832,0.003543533446656993,2.53156499653779,1.7227409000599516,2.8458525696716706,1.52301264661934
2,25,ctrl_003_DAPI.tif,ctrl_003_W647.tif,ctrl_003_G488.tif,ctrl_003_R555.tif,/Volumes/D/YAPSMAD_Nuclear_Localization/251219_YAPSMAD_Early_D14_Male_#3/tifs,/Volumes/D/YAPSMAD_Nuclear_Localization/251219_YAPSMAD_Early_D14_Male_#3/tifs,/Volumes/D/YAPSMAD_Nuclear_Localization/251219_YAPSMAD_Early_D14_Male_#3/tifs,/Volumes/D/YAPSMAD_Nuclear_Localization/251219_YAPSMAD_Early_D14_Male_#3/tifs,461,1.4266868428138197,0.916245216655879,0.700924666851013,7.537453321740031,12.176211233250797,10.981002563610673,0.03220775711538024,0.016350224125249526,0.026412605712040772,0.02381996217702966,0.004915849885963459,0.004972169177200285,0.002235435028891235,2.005125237070298,1.8211092734520513,1.369723181201452,1.250214409010137
2,26,ctrl_003_DAPI.tif,ctrl_003_W647.tif,ctrl_003_G488.tif,ctrl_003_R555.tif,/Volumes/D/YAPSMAD_Nuclear_Localization/251219_YAPSMAD_Early_D14_Male_#3/tifs,/Volumes/D/YAPSMAD_Nuclear_Localization/251219_YAPSMAD_Early_D14_Male_#3/tifs,/Volumes/D/YAPSMAD_Nuclear_Localization/251219_YAPSMAD_Early_D14_Male_#3/tifs,/Volumes/D/YAPSMAD_Nuclear_Localization/251219_YAPSMAD_Early_D14_Male_#3/tifs,284,1.0750532606596779,0.544533237968019,0.9301864722370838,2.7946441206149757,9.948271902278066,7.798168934881687,0.029570802439555104,0.009840296199348507,0.03502912641647206,0.02745834132000594,0.003782867887144899,0.005373792666766658,0.002802916006175949,2.739391019896856,2.0461946346191247,2.864756476648931,1.6508923617057183
2,27,ctrl_003_DAPI.tif,ctrl_003_W647.tif,ctrl_003_G488.tif,ctrl_003_R555.tif,/Volumes/D/YAPSMAD_Nuclear_Localization/251219_YAPSMAD_Early_D14_Male_#3/tifs,/Volumes/D/YAPSMAD_Nuclear_Localization/251219_YAPSMAD_Early_D14_Male_#3/tifs,/Volumes/D/YAPSMAD_Nuclear_Localization/251219_YAPSMAD_Early_D14_Male_#3/tifs,/Volumes/D/YAPSMAD_Nuclear_Localization/251219_YAPSMAD_Early_D14_Male_#3/tifs,213,1.0443115974959505,0.48446545131905655,0.9575686053834881,4.503975000232458,6.324147409759462,5.510002302005887,0.030036704011366402,0.02114542253630262,0.029690832909668834,0.025868555408478343,0.007559093937438492,0.00744675973427766,0.004561313591680823,1.8733349780590358,1.711800804686281,1.8319670683187095,1.360791630269505
2,28,ctrl_003_DAPI.tif,ctrl_003_W647.tif,ctrl_003_G488.tif,ctrl_003_R555.tif,/Volumes/D/YAPSMAD_Nuclear_Localization/251219_YAPSMAD_Early_D14_Male_#3/tifs,/Volumes/D/YAPSMAD_Nuclear_Localization/251219_YAPSMAD_Early_D14_Male_#3/tifs,/Volumes/D/YAPSMAD_Nuclear_Localization/251219_YAPSMAD_Early_D14_Male_#3/tifs,/Volumes/D/YAPSMAD_Nuclear_Localization/251219_YAPSMAD_Early_D14_Male_#3/tifs,340,1.099090721952005,0.688781828969591,0.9098430002429481,4.873502744594589,13.925810646265745,5.754757040180266,0.04519592131871511,0.014333831601748791,0.040958266606663955,0.016925756000530194,0.00861110171297293,0.00785573712762177,0.002953512771417317,3.233307345852253,1.7610172132095452,2.421866869671342,1.7097164417653963
2,29,ctrl_003_DAPI.tif,ctrl_003_W647.tif,ctrl_003_G488.tif,ctrl_003_R555.tif,/Volumes/D/YAPSMAD_Nuclear_Localization/251219_YAPSMAD_Early_D14_Male_#3/tifs,/Volumes/D/YAPSMAD_Nuclear_Localization/251219_YAPSMAD_Early_D14_Male_#3/tifs,/Volumes/D/YAPSMAD_Nuclear_Localization/251219_YAPSMAD_Early_D14_Male_#3/tifs,/Volumes/D/YAPSMAD_Nuclear_Localization/251219_YAPSMAD_Early_D14_Male_#3/tifs,263,1.1518167371900003,0.7965021183598245,0.8681936698016943,3.608743444085121,7.966552242636681,8.513618702068925,0.023995595350294965,0.01372145796230084,0.030291073165918937,0.032371173772125186,0.0025963454863067088,0.003633022482956939,0.00400910663400846,1.922493333822171,1.3876899529061446,1.6237175241074338,1.1871844147757027
2,30,ctrl_003_DAPI.tif,ctrl_003_W647.tif,ctrl_003_G488.tif,ctrl_003_R555.tif,/Volumes/D/YAPSMAD_Nuclear_Localization/251219_YAPSMAD_Early_D14_Male_#3/tifs,/Volumes/D/YAPSMAD_Nuclear_Localization/251219_YAPSMAD_Early_D14_Male_#3/tifs,/Volumes/D/YAPSMAD_Nuclear_Localization/251219_YAPSMAD_Early_D14_Male_#3/tifs,/Volumes/D/YAPSMAD_Nuclear_Localization/251219_YAPSMAD_Early_D14_Male_#3/tifs,231,1.091320342817212,0.7715371611547815,0.916321231049839,1.321538123069331,6.9556878209114075,5.4960860796272755,0.02624981142419241,0.00572094425571139,0.03011120268792817,0.023792580431286906,0.0036063925832488953,0.005155982284568458,0.0022311050883016487,1.7829589682883502,1.574382914165805,1.794490757673576,1.341745841513261
2,31,ctrl_003_DAPI.tif,ctrl_003_W647.tif,ctrl_003_G488.tif,ctrl_003_R555.tif,/Volumes/D/YAPSMAD_Nuclear_Localization/251219_YAPSMAD_Early_D14_Male_#3/tifs,/Volumes/D/YAPSMAD_Nuclear_Localization/251219_YAPSMAD_Early_D14_Male_#3/tifs,/Volumes/D/YAPSMAD_Nuclear_Localization/251219_YAPSMAD_Early_D14_Male_#3/tifs,/Volumes/D/YAPSMAD_Nuclear_Localization/251219_YAPSMAD_Early_D14_Male_#3/tifs,231,1.3260031711051028,0.8366271053151646,0.754146009444752,2.8886702032759786,9.07339590601623,5.87978944554925,0.027053255027410014,0.012505065815047527,0.03927877015591442,0.025453633963416666,0.003347330886482118,0.005226283384381022,0.002640521733501704,2.189452147181822,1.5588170725418609,1.7471517900315003,1.2607327819518719
2,32,ctrl_003_DAPI.tif,ctrl_003_W647.tif,ctrl_003_G488.tif,ctrl_003_R555.tif,/Volumes/D/YAPSMAD_Nuclear_Localization/251219_YAPSMAD_Early_D14_Male_#3/tifs,/Volumes/D/YAPSMAD_Nuclear_Localization/251219_YAPSMAD_Early_D14_Male_#3/tifs,/Volumes/D/YAPSMAD_Nuclear_Localization/251219_YAPSMAD_Early_D14_Male_#3/tifs,/Volumes/D/YAPSMAD_Nuclear_Localization/251219_YAPSMAD_Early_D14_Male_#3/tifs,345,1.0134259310694398,0.3230169123726865,0.9867519365176775,4.008239906746894,9.48628979595378,5.9271534672006965,0.043405327214387016,0.011618086686222882,0.02749649216218487,0.017180154977393322,0.004545954802925843,0.007371404807896937,0.0035548106240635598,2.3114874140671104,1.5145057934733566,2.3838752332554853,1.569462613262397
2,33,ctrl_003_DAPI.tif,ctrl_003_W647.tif,ctrl_003_G488.tif,ctrl_003_R555.tif,/Volumes/D/YAPSMAD_Nuclear_Localization/251219_YAPSMAD_Early_D14_Male_#3/tifs,/Volumes/D/YAPSMAD_Nuclear_Localization/251219_YAPSMAD_Early_D14_Male_#3/tifs,/Volumes/D/YAPSMAD_Nuclear_Localization/251219_YAPSMAD_Early_D14_Male_#3/tifs,/Volumes/D/YAPSMAD_Nuclear_Localization/251219_YAPSMAD_Early_D14_Male_#3/tifs,289,1.0283837682136772,0.4997163833266441,0.9723996341725809,3.5643549428787082,10.346395077649504,2.7775845360010862,0.03382201796996965,0.012333408106846742,0.03580067500916784,0.0096110191557131,0.006746029818557785,0.009521627777437446,0.0026056922173626094,2.082125038124795,1.6825776320668633,1.8793528580867573,1.518454268960179
2,34,ctrl_003_DAPI.tif,ctrl_003_W647.tif,ctrl_003_G488.tif,ctrl_003_R555.tif,/Volumes/D/YAPSMAD_Nuclear_Localization/251219_YAPSMAD_Early_D14_Male_#3/tifs,/Volumes/D/YAPSMAD_Nuclear_Localization/251219_YAPSMAD_Early_D14_Male_#3/tifs,/Volumes/D/YAPSMAD_Nuclear_Localization/251219_YAPSMAD_Early_D14_Male_#3/tifs,/Volumes/D/YAPSMAD_Nuclear_Localization/251219_YAPSMAD_Early_D14_Male_#3/tifs,332,1.060832415094706,0.60495332235082,0.9426559612723795,3.2314336295239627,11.95776303857565,7.810177803039551,0.027183717792763948,0.009733233823867357,0.03601735854992665,0.023524631936866117,0.002670964366445497,0.006060403349584024,0.0015448753513807678,2.5558290310511427,1.6380274706810274,2.1200717551443837,1.378104535322726
2,35,ctrl_003_DAPI.tif,ctrl_003_W647.tif,ctrl_003_G488.tif,ctrl_003_R555.tif,/Volumes/D/YAPSMAD_Nuclear_Localization/251219_YAPSMAD_Early_D14_Male_#3/tifs,/Volumes/D/YAPSMAD_Nuclear_Localization/251219_YAPSMAD_Early_D14_Male_#3/tifs,/Volumes/D/YAPSMAD_Nuclear_Localization/251219_YAPSMAD_Early_D14_Male_#3/tifs,/Volumes/D/YAPSMAD_Nuclear_Localization/251219_YAPSMAD_Early_D14_Male_#3/tifs,250,1.081316596206708,0.6909274678838435,0.9247985312609008,1.15373466280289,9.840772088617086,4.946807067841291,0.03298817427456379,0.004614938651211559,0.03936308835446835,0.019787228271365167,0.0013055167023459555,0.0062070063364743485,0.0017661548787034195,2.2925033423947885,1.8752453894574062,1.6755509505325363,1.3857797585304723
2,36,ctrl_003_DAPI.tif,ctrl_003_W647.tif,ctrl_003_G488.tif,ctrl_003_R555.tif,/Volumes/D/YAPSMAD_Nuclear_Localization/251219_YAPSMAD_Early_D14_Male_#3/tifs,/Volumes/D/YAPSMAD_Nuclear_Localization/251219_YAPSMAD_Early_D14_Male_#3/tifs,/Volumes/D/YAPSMAD_Nuclear_Localization/251219_YAPSMAD_Early_D14_Male_#3/tifs,/Volumes/D/YAPSMAD_Nuclear_Localization/251219_YAPSMAD_Early_D14_Male_#3/tifs,219,1.093998822817773,0.7863031734487753,0.914077766029342,6.028107129968703,10.5137560069561,4.329274461604655,0.04089153111491301,0.027525603333190422,0.0480080182966032,0.019768376537007557,0.012421859865764478,0.011817994605043727,0.003930798342999969,2.453773596646106,1.6203829577486837,2.859782795282659,1.8796288585766745
2,37,ctrl_003_DAPI.tif,ctrl_003_W647.tif,ctrl_003_G488.tif,ctrl_003_R555.tif,/Volumes/D/YAPSMAD_Nuclear_Localization/251219_YAPSMAD_Early_D14_Male_#3/tifs,/Volumes/D/YAPSMAD_Nuclear_Localization/251219_YAPSMAD_Early_D14_Male_#3/tifs,/Volumes/D/YAPSMAD_Nuclear_Localization/251219_YAPSMAD_Early_D14_Male_#3/tifs,/Volumes/D/YAPSMAD_Nuclear_Localization/251219_YAPSMAD_Early_D14_Male_#3/tifs,518,1.5177724457019388,0.8758701434678509,0.6588602941315886,6.588616833789274,15.461722783744335,10.022308747284114,0.030854301976622533,0.01271933751696771,0.02984888568290412,0.01934808638471837,0.0061546519420901296,0.0050992684816301625,0.0035860973829705037,3.373199853301549,1.4320563775057829,2.923900424713868,1.2101727848149377
2,38,ctrl_003_DAPI.tif,ctrl_003_W647.tif,ctrl_003_G488.tif,ctrl_003_R555.tif,/Volumes/D/YAPSMAD_Nuclear_Localization/251219_YAPSMAD_Early_D14_Male_#3/tifs,/Volumes/D/YAPSMAD_Nuclear_Localization/251219_YAPSMAD_Early_D14_Male_#3/tifs,/Volumes/D/YAPSMAD_Nuclear_Localization/251219_YAPSMAD_Early_D14_Male_#3/tifs,/Volumes/D/YAPSMAD_Nuclear_Localization/251219_YAPSMAD_Early_D14_Male_#3/tifs,292,1.0455997466690017,0.43299359196723347,0.9563889080747483,2.419775726739317,8.914168015122414,6.698176579549909,0.028426721708032572,0.008286903173764786,0.030527972654528814,0.02293896088886955,0.0027571796021022914,0.005308304675386452,0.00187432201690799,2.688651046205363,1.6568584957860828,2.426966238826741,1.4077333711524964
2,39,ctrl_003_DAPI.tif,ctrl_003_W647.tif,ctrl_003_G488.tif,ctrl_003_R555.tif,/Volumes/D/YAPSMAD_Nuclear_Localization/251219_YAPSMAD_Early_D14_Male_#3/tifs,/Volumes/D/YAPSMAD_Nuclear_Localization/251219_YAPSMAD_Early_D14_Male_#3/tifs,/Volumes/D/YAPSMAD_Nuclear_Localization/251219_YAPSMAD_Early_D14_Male_#3/tifs,/Volumes/D/YAPSMAD_Nuclear_Localization/251219_YAPSMAD_Early_D14_Male_#3/tifs,400,1.2681713891067306,0.8264911006600913,0.7885369505965405,4.727321323240176,11.841519823297858,6.955916726961732,0.02641012452542782,0.01181830330810044,0.029603799558244645,0.01738979181740433,0.00666627256859862,0.0047811980300099186,0.0024840712983303444,2.557613783440827,1.6368791915404977,2.139427104401867,1.4133634865307103
2,40,ctrl_003_DAPI.tif,ctrl_003_W647.tif,ctrl_003_G488.tif,ctrl_003_R555.tif,/Volumes/D/YAPSMAD_Nuclear_Localization/251219_YAPSMAD_Early_D14_Male_#3/tifs,/Volumes/D/YAPSMAD_Nuclear_Localization/251219_YAPSMAD_Early_D14_Male_#3/tifs,/Volumes/D/YAPSMAD_Nuclear_Localization/251219_YAPSMAD_Early_D14_Male_#3/tifs,/Volumes/D/YAPSMAD_Nuclear_Localization/251219_YAPSMAD_Early_D14_Male_#3/tifs,294,1.1769432339664843,0.8227163963048635,0.849658650595953,2.748775494052097,8.097093192860484,7.6237583346664906,0.02582506418582939,0.009349576510381282,0.027541133309049264,0.02593115079818534,0.005152078769874511,0.003812398467281586,0.0023846798772048008,2.209387576480554,1.4270659270179,2.042132988215092,1.2658559087702241
2,41,ctrl_003_DAPI.tif,ctrl_003_W647.tif,ctrl_003_G488.tif,ctrl_003_R555.tif,/Volumes/D/YAPSMAD_Nuclear_Localization/251219_YAPSMAD_Early_D14_Male_#3/tifs,/Volumes/D/YAPSMAD_Nuclear_Localization/251219_YAPSMAD_Early_D14_Male_#3/tifs,/Volumes/D/YAPSMAD_Nuclear_Localization/251219_YAPSMAD_Early_D14_Male_#3/tifs,/Volumes/D/YAPSMAD_Nuclear_Localization/251219_YAPSMAD_Early_D14_Male_#3/tifs,214,1.1636939120649925,0.8309756621203936,0.8593325011260777,2.3819638520944864,6.927763807587326,4.010498235933483,0.03600023966282606,0.011130672206049002,0.03237272807283797,0.018740645962305992,0.007273299682792691,0.010601868599822515,0.004438078346866419,3.0143171970379323,2.6163539508598133,2.659654811263473,1.9743470934441931
3,1,TGFb_004_DAPI.1.tif,TGFb_004_W647.1.tif,TGFb_004_G488.1.tif,TGFb_004_R555.1.tif,/Volumes/D/YAPSMAD_Nuclear_Localization/251219_YAPSMAD_Early_D14_Male_#3/tifs,/Volumes/D/YAPSMAD_Nuclear_Localization/251219_YAPSMAD_Early_D14_Male_#3/tifs,/Volumes/D/YAPSMAD_Nuclear_Localization/251219_YAPSMAD_Early_D14_Male_#3/tifs,/Volumes/D/YAPSMAD_Nuclear_Localization/251219_YAPSMAD_Early_D14_Male_#3/tifs,532,1.242891162664408,0.8645109570537602,0.8045756780958054,12.637491444125772,11.569100555963814,8.639139452017844,0.02443614769271834,0.023754683165649947,0.021746429616473335,0.016238983932364368,0.008752498934996628,0.005184007510518822,0.002144457074833895,1.7519003708018601,1.3352316939013256,1.3933589705325236,1.1426037832476836
3,2,TGFb_004_DAPI.1.tif,TGFb_004_W647.1.tif,TGFb_004_G488.1.tif,TGFb_004_R555.1.tif,/Volumes/D/YAPSMAD_Nuclear_Localization/251219_YAPSMAD_Early_D14_Male_#3/tifs,/Volumes/D/YAPSMAD_Nuclear_Localization/251219_YAPSMAD_Early_D14_Male_#3/tifs,/Volumes/D/YAPSMAD_Nuclear_Localization/251219_YAPSMAD_Early_D14_Male_#3/tifs,/Volumes/D/YAPSMAD_Nuclear_Localization/251219_YAPSMAD_Early_D14_Male_#3/tifs,107,1.1435917225903567,0.8617870171795492,0.8744379486543448,1.2328984618652612,2.462195783853531,0.7009994792751968,0.016636184399303432,0.011522415531451039,0.023011175550033,0.006551397002571933,0.00496873125340133,0.0010041329806781216,0.0002310861417020288,2.170388865986311,1.377521694987878,1.602045220405152,1.1460552077762738
3,3,TGFb_004_DAPI.1.tif,TGFb_004_W647.1.tif,TGFb_004_G488.1.tif,TGFb_004_R555.1.tif,/Volumes/D/YAPSMAD_Nuclear_Localization/251219_YAPSMAD_Early_D14_Male_#3/tifs,/Volumes/D/YAPSMAD_Nuclear_Localization/251219_YAPSMAD_Early_D14_Male_#3/tifs,/Volumes/D/YAPSMAD_Nuclear_Localization/251219_YAPSMAD_Early_D14_Male_#3/tifs,/Volumes/D/YAPSMAD_Nuclear_Localization/251219_YAPSMAD_Early_D14_Male_#3/tifs,194,1.0614825675698465,0.7302137649800303,0.9420785894669902,4.280201415065676,6.652903025969863,2.831189464777708,0.02723074708249151,0.022062893892091113,0.034293314566854964,0.014593760127720144,0.013387541299835909,0.011956953222524611,0.0030515366909501106,2.6342824301617647,2.2004338991440004,1.7136451161456763,1.4560631079368935
3,4,TGFb_004_DAPI.1.tif,TGFb_004_W647.1.tif,TGFb_004_G488.1.tif,TGFb_004_R555.1.tif,/Volumes/D/YAPSMAD_Nuclear_Localization/251219_YAPSMAD_Early_D14_Male_#3/tifs,/Volumes/D/YAPSMAD_Nuclear_Localization/251219_YAPSMAD_Early_D14_Male_#3/tifs,/Volumes/D/YAPSMAD_Nuclear_Localization/251219_YAPSMAD_Early_D14_Male_#3/tifs,/Volumes/D/YAPSMAD_Nuclear_Localization/251219_YAPSMAD_Early_D14_Male_#3/tifs,162,1.6353244819175519,0.9174662204821481,0.6114994369970038,1.2590219220146537,2.809887858107686,2.3988098120316863,0.01804991595355081,0.0077717402593497145,0.017344986778442508,0.014807467975504236,0.0028578243504035284,0.0029835321520722984,0.0011257071842682557,1.944606123122374,1.5865421508539201,1.6279742529906176,1.2135730571936698
3,5,TGFb_004_DAPI.1.tif,TGFb_004_W647.1.tif,TGFb_004_G488.1.tif,TGFb_004_R555.1.tif,/Volumes/D/YAPSMAD_Nuclear_Localization/251219_YAPSMAD_Early_D14_Male_#3/tifs,/Volumes/D/YAPSMAD_Nuclear_Localization/251219_YAPSMAD_Early_D14_Male_#3/tifs,/Volumes/D/YAPSMAD_Nuclear_Localization/251219_YAPSMAD_Early_D14_Male_#3/tifs,/Volumes/D/YAPSMAD_Nuclear_Localization/251219_YAPSMAD_Early_D14_Male_#3/tifs,173,1.639346093003601,0.9471384033599801,0.6099993187941208,1.1107957733329386,3.296971110627055,1.7045700941234827,0.017406133945622196,0.006420784816953402,0.019057636477613035,0.009853006324413195,0.004383245219688088,0.006251725688519717,0.0019350740754018364,2.1922508051430727,1.9811012452923602,1.1223329371577275,1.117785755137809
3,6,TGFb_004_DAPI.1.tif,TGFb_004_W647.1.tif,TGFb_004_G488.1.tif,TGFb_004_R555.1.tif,/Volumes/D/YAPSMAD_Nuclear_Localization/251219_YAPSMAD_Early_D14_Male_#3/tifs,/Volumes/D/YAPSMAD_Nuclear_Localization/251219_YAPSMAD_Early_D14_Male_#3/tifs,/Volumes/D/YAPSMAD_Nuclear_Localization/251219_YAPSMAD_Early_D14_Male_#3/tifs,/Volumes/D/YAPSMAD_Nuclear_Localization/251219_YAPSMAD_Early_D14_Male_#3/tifs,192,1.312994787451958,0.8880421719011743,0.7616176465868791,2.8133211536332965,3.614679221995175,2.8977340599521995,0.019793892056137945,0.014652714341840086,0.01882645428122487,0.015092364895584373,0.0032811749524786623,0.002495109145079027,0.0010340602146902574,1.9687775728443602,1.3823168948691944,1.458027814640994,1.0214457348347226
3,7,TGFb_004_DAPI.1.tif,TGFb_004_W647.1.tif,TGFb_004_G488.1.tif,TGFb_004_R555.1.tif,/Volumes/D/YAPSMAD_Nuclear_Localization/251219_YAPSMAD_Early_D14_Male_#3/tifs,/Volumes/D/YAPSMAD_Nuclear_Localization/251219_YAPSMAD_Early_D14_Male_#3/tifs,/Volumes/D/YAPSMAD_Nuclear_Localization/251219_YAPSMAD_Early_D14_Male_#3/tifs,/Volumes/D/YAPSMAD_Nuclear_Localization/251219_YAPSMAD_Early_D14_Male_#3/tifs,183,1.281406934984932,0.8621635364644835,0.7803922178802309,1.5948424744419754,3.4035858949646354,2.2845807755365968,0.019965888301287194,0.008714986199136477,0.018598830027129153,0.012484047953751895,0.004764063502492472,0.0023956332750301405,0.0011936677496427299,2.1112679756421846,1.6464917419401082,1.5652615321623227,1.147821738107269
3,8,TGFb_004_DAPI.1.tif,TGFb_004_W647.1.tif,TGFb_004_G488.1.tif,TGFb_004_R555.1.tif,/Volumes/D/YAPSMAD_Nuclear_Localization/251219_YAPSMAD_Early_D14_Male_#3/tifs,/Volumes/D/YAPSMAD_Nuclear_Localization/251219_YAPSMAD_Early_D14_Male_#3/tifs,/Volumes/D/YAPSMAD_Nuclear_Localization/251219_YAPSMAD_Early_D14_Male_#3/tifs,/Volumes/D/YAPSMAD_Nuclear_Localization/251219_YAPSMAD_Early_D14_Male_#3/tifs,168,1.0298253297206739,0.6558717224694306,0.9710384578239462,1.2159914625808597,4.930342577397823,3.3169604167342186,0.02784726083544748,0.0072380444201241645,0.029347277246415615,0.019743812004370347,0.004716177739223986,0.002858745646692171,0.0023144913152243173,2.0776679623419994,1.4450266527645332,1.6105842713324592,1.2260369440091168
3,9,TGFb_004_DAPI.1.tif,TGFb_004_W647.1.tif,TGFb_004_G488.1.tif,TGFb_004_R555.1.tif,/Volumes/D/YAPSMAD_Nuclear_Localization/251219_YAPSMAD_Early_D14_Male_#3/tifs,/Volumes/D/YAPSMAD_Nuclear_Localization/251219_YAPSMAD_Early_D14_Male_#3/tifs,/Volumes/D/YAPSMAD_Nuclear_Localization/251219_YAPSMAD_Early_D14_Male_#3/tifs,/Volumes/D/YAPSMAD_Nuclear_Localization/251219_YAPSMAD_Early_D14_Male_#3/tifs,157,1.1866098764280322,0.8327281012487796,0.8427369600278647,1.97541773179546,3.0925154723227024,2.9120775358751416,0.018026347711065392,0.012582278546467898,0.019697550779125494,0.018548264559714277,0.006151559915739988,0.002397812880577183,0.0014968832124640868,2.397270460239187,1.511936576941748,1.7826240623185237,1.0923096882896033
3,10,TGFb_004_DAPI.1.tif,TGFb_004_W647.1.tif,TGFb_004_G488.1.tif,TGFb_004_R555.1.tif,/Volumes/D/YAPSMAD_Nuclear_Localization/251219_YAPSMAD_Early_D14_Male_#3/tifs,/Volumes/D/YAPSMAD_Nuclear_Localization/251219_YAPSMAD_Early_D14_Male_#3/tifs,/Volumes/D/YAPSMAD_Nuclear_Localization/251219_YAPSMAD_Early_D14_Male_#3/tifs,/Volumes/D/YAPSMAD_Nuclear_Localization/251219_YAPSMAD_Early_D14_Male_#3/tifs,318,1.1075357289668,0.6352551615073875,0.9029054086886044,3.9003128458280116,7.23015186842531,5.605569589883089,0.026958948953088913,0.012265134735308212,0.02273632663026827,0.017627577326676382,0.006614362829809618,0.0027722294747871364,0.0017611044757650165,2.0949698526920395,1.657523748939457,2.697890477178894,1.5316202175299671
3,11,TGFb_004_DAPI.1.tif,TGFb_004_W647.1.tif,TGFb_004_G488.1.tif,TGFb_004_R555.1.tif,/Volumes/D/YAPSMAD_Nuclear_Localization/251219_YAPSMAD_Early_D14_Male_#3/tifs,/Volumes/D/YAPSMAD_Nuclear_Localization/251219_YAPSMAD_Early_D14_Male_#3/tifs,/Volumes/D/YAPSMAD_Nuclear_Localization/251219_YAPSMAD_Early_D14_Male_#3/tifs,/Volumes/D/YAPSMAD_Nuclear_Localization/251219_YAPSMAD_Early_D14_Male_#3/tifs,290,1.1633851747757644,0.7950118630495805,0.8595605494050963,3.1245289179496467,5.56025027949363,5.870115237310529,0.027115650385104377,0.01077423764810223,0.019173276825840104,0.020241776680381133,0.003361245331145089,0.0032688704309646404,0.0021579322640793326,1.450433586034273,1.6131206651977403,1.689689633381411,1.1092571900384758
3,12,TGFb_004_DAPI.1.tif,TGFb_004_W647.1.tif,TGFb_004_G488.1.tif,TGFb_004_R555.1.tif,/Volumes/D/YAPSMAD_Nuclear_Localization/251219_YAPSMAD_Early_D14_Male_#3/tifs,/Volumes/D/YAPSMAD_Nuclear_Localization/251219_YAPSMAD_Early_D14_Male_#3/tifs,/Volumes/D/YAPSMAD_Nuclear_Localization/251219_YAPSMAD_Early_D14_Male_#3/tifs,/Volumes/D/YAPSMAD_Nuclear_Localization/251219_YAPSMAD_Early_D14_Male_#3/tifs,82,0.9515799710066416,0.6195740095742706,1.0508838252891521,1.6028381795622408,1.985702307894826,1.1531548174098134,0.019189708843463806,0.019546807067832205,0.02421588180359544,0.014062863626948944,0.011345511096101695,0.0042397560079806785,0.0011026554720877278,2.434335370378662,1.590874204952496,2.065092747128911,1.3163860729658385
3,13,TGFb_004_DAPI.1.tif,TGFb_004_W647.1.tif,TGFb_004_G488.1.tif,TGFb_004_R555.1.tif,/Volumes/D/YAPSMAD_Nuclear_Localization/251219_YAPSMAD_Early_D14_Male_#3/tifs,/Volumes/D/YAPSMAD_Nuclear_Localization/251219_YAPSMAD_Early_D14_Male_#3/tifs,/Volumes/D/YAPSMAD_Nuclear_Localization/251219_YAPSMAD_Early_D14_Male_#3/tifs,/Volumes/D/YAPSMAD_Nuclear_Localization/251219_YAPSMAD_Early_D14_Male_#3/tifs,793,2.2367425297498986,0.9322953470073034,0.44707872573595453,13.157656305003911,17.25542084965855,11.7132983263582,0.026094717038196394,0.0165922525914299,0.0217596732025959,0.01477086800297377,0.007753790992037967,0.005140536813975782,0.0018369439351870616,2.066580391170423,1.623742655700565,1.4286460884175405,1.190369652754866
3,14,TGFb_004_DAPI.1.tif,TGFb_004_W647.1.tif,TGFb_004_G488.1.tif,TGFb_004_R555.1.tif,/Volumes/D/YAPSMAD_Nuclear_Localization/251219_YAPSMAD_Early_D14_Male_#3/tifs,/Volumes/D/YAPSMAD_Nuclear_Localization/251219_YAPSMAD_Early_D14_Male_#3/tifs,/Volumes/D/YAPSMAD_Nuclear_Localization/251219_YAPSMAD_Early_D14_Male_#3/tifs,/Volumes/D/YAPSMAD_Nuclear_Localization/251219_YAPSMAD_Early_D14_Male_#3/tifs,145,1.093013775735098,0.8051335810272221,0.9149015522036378,1.9922789530828595,4.192233184352517,3.1188830584287643,0.023375348348555893,0.013739854848847308,0.0289119529955346,0.02150953833399148,0.0038230532561503443,0.003949791692998863,0.0012845597076761707,2.048141549242196,1.4451513139598735,1.7315122407649974,1.1622152954995975
3,15,TGFb_004_DAPI.1.tif,TGFb_004_W647.1.tif,TGFb_004_G488.1.tif,TGFb_004_R555.1.tif,/Volumes/D/YAPSMAD_Nuclear_Localization/251219_YAPSMAD_Early_D14_Male_#3/tifs,/Volumes/D/YAPSMAD_Nuclear_Localization/251219_YAPSMAD_Early_D14_Male_#3/tifs,/Volumes/D/YAPSMAD_Nuclear_Localization/251219_YAPSMAD_Early_D14_Male_#3/tifs,/Volumes/D/YAPSMAD_Nuclear_Localization/251219_YAPSMAD_Early_D14_Male_#3/tifs,398,1.485107875353662,0.7996599529607494,0.6733517588827419,4.007126005599275,14.121248211711645,4.849347719922662,0.024825201835483313,0.010068155792963003,0.035480523145004134,0.012184290753574528,0.0068249936455007905,0.007129255088450506,0.0010686778675371683,2.495878005242623,1.7978161706957747,1.5608714475316952,1.2253355972678095
3,16,TGFb_004_DAPI.1.tif,TGFb_004_W647.1.tif,TGFb_004_G488.1.tif,TGFb_004_R555.1.tif,/Volumes/D/YAPSMAD_Nuclear_Localization/251219_YAPSMAD_Early_D14_Male_#3/tifs,/Volumes/D/YAPSMAD_Nuclear_Localization/251219_YAPSMAD_Early_D14_Male_#3/tifs,/Volumes/D/YAPSMAD_Nuclear_Localization/251219_YAPSMAD_Early_D14_Male_#3/tifs,/Volumes/D/YAPSMAD_Nuclear_Localization/251219_YAPSMAD_Early_D14_Male_#3/tifs,157,1.2275911661413732,0.8049484634148528,0.8146034507101014,1.9991760333068669,3.3599450904875994,2.811596881598234,0.019493643580016436,0.01273360530768705,0.021400924143233118,0.01790826039234544,0.006080713409542951,0.001528138503406777,0.0007530817308457632,1.4071618257052716,1.1461083939113925,1.3958419341088675,1.0583303844365561
3,17,TGFb_004_DAPI.1.tif,TGFb_004_W647.1.tif,TGFb_004_G488.1.tif,TGFb_004_R555.1.tif,/Volumes/D/YAPSMAD_Nuclear_Localization/251219_YAPSMAD_Early_D14_Male_#3/tifs,/Volumes/D/YAPSMAD_Nuclear_Localization/251219_YAPSMAD_Early_D14_Male_#3/tifs,/Volumes/D/YAPSMAD_Nuclear_Localization/251219_YAPSMAD_Early_D14_Male_#3/tifs,/Volumes/D/YAPSMAD_Nuclear_Localization/251219_YAPSMAD_Early_D14_Male_#3/tifs,209,1.3087158759889792,0.887964095748372,0.7641077932552116,2.1211566592101008,3.5284046987071633,3.221911978907883,0.019526656480889287,0.010149074924450243,0.01688231913257016,0.015415846789032933,0.004341133142116926,0.002202386044179391,0.002019027514646199,1.7091576882606838,1.6901744940231753,1.7288852398217205,1.270376945492831
3,18,TGFb_004_DAPI.1.tif,TGFb_004_W647.1.tif,TGFb_004_G488.1.tif,TGFb_004_R555.1.tif,/Volumes/D/YAPSMAD_Nuclear_Localization/251219_YAPSMAD_Early_D14_Male_#3/tifs,/Volumes/D/YAPSMAD_Nuclear_Localization/251219_YAPSMAD_Early_D14_Male_#3/tifs,/Volumes/D/YAPSMAD_Nuclear_Localization/251219_YAPSMAD_Early_D14_Male_#3/tifs,/Volumes/D/YAPSMAD_Nuclear_Localization/251219_YAPSMAD_Early_D14_Male_#3/tifs,120,1.037627071591285,0.760680520299979,0.963737384440461,1.742870241869241,3.9992217924445868,1.1449454668909311,0.01889982457117488,0.014523918682243675,0.03332684827037156,0.009541212224091093,0.006765836316489573,0.003450280032447317,0.0007579428791612755,2.181001248213173,1.3214397872961863,1.0489463291179904,0.9948943652976319
3,19,TGFb_004_DAPI.1.tif,TGFb_004_W647.1.tif,TGFb_004_G488.1.tif,TGFb_004_R555.1.tif,/Volumes/D/YAPSMAD_Nuclear_Localization/251219_YAPSMAD_Early_D14_Male_#3/tifs,/Volumes/D/YAPSMAD_Nuclear_Localization/251219_YAPSMAD_Early_D14_Male_#3/tifs,/Volumes/D/YAPSMAD_Nuclear_Localization/251219_YAPSMAD_Early_D14_Male_#3/tifs,/Volumes/D/YAPSMAD_Nuclear_Localization/251219_YAPSMAD_Early_D14_Male_#3/tifs,247,1.3313818512898195,0.8797636014828175,0.7510993176234282,3.094483893364668,5.871442776173353,4.073685843497515,0.020230188973338496,0.012528274871921732,0.023771023385317218,0.016492655236832042,0.0033201813021199594,0.002071525737320048,0.002111871361993652,2.085447575238441,1.4043084142119326,1.5392804629666417,1.1665807716968168
3,20,TGFb_004_DAPI.1.tif,TGFb_004_W647.1.tif,TGFb_004_G488.1.tif,TGFb_004_R555.1.tif,/Volumes/D/YAPSMAD_Nuclear_Localization/251219_YAPSMAD_Early_D14_Male_#3/tifs,/Volumes/D/YAPSMAD_Nuclear_Localization/251219_YAPSMAD_Early_D14_Male_#3/tifs,/Volumes/D/YAPSMAD_Nuclear_Localization/251219_YAPSMAD_Early_D14_Male_#3/tifs,/Volumes/D/YAPSMAD_Nuclear_Localization/251219_YAPSMAD_Early_D14_Male_#3/tifs,346,1.5094363968189621,0.8927486850376988,0.6624989314604008,2.742290422320366,10.346044114790857,6.345067562535405,0.026531646450755397,0.00792569486219759,0.029901861603441784,0.01833834555646071,0.002532088069356189,0.0065320672188594695,0.0017216855721616606,2.222519640158233,1.542393924735584,1.74552968270487,1.2682562508124784
3,21,TGFb_004_DAPI.1.tif,TGFb_004_W647.1.tif,TGFb_004_G488.1.tif,TGFb_004_R555.1.tif,/Volumes/D/YAPSMAD_Nuclear_Localization/251219_YAPSMAD_Early_D14_Male_#3/tifs,/Volumes/D/YAPSMAD_Nuclear_Localization/251219_YAPSMAD_Early_D14_Male_#3/tifs,/Volumes/D/YAPSMAD_Nuclear_Localization/251219_YAPSMAD_Early_D14_Male_#3/tifs,/Volumes/D/YAPSMAD_Nuclear_Localization/251219_YAPSMAD_Early_D14_Male_#3/tifs,146,1.034046864042736,0.7585301563093093,0.9670741576357327,3.226871150545776,3.3235828252509236,2.3628748217597604,0.02886327603602246,0.022101857195519013,0.02276426592637619,0.016184074121642196,0.012703150164302717,0.0041988461271565605,0.0007874713691306154,2.3310970991965476,1.4445224799455483,2.147387623868904,1.19761808137727
3,22,TGFb_004_DAPI.1.tif,TGFb_004_W647.1.tif,TGFb_004_G488.1.tif,TGFb_004_R555.1.tif,/Volumes/D/YAPSMAD_Nuclear_Localization/251219_YAPSMAD_Early_D14_Male_#3/tifs,/Volumes/D/YAPSMAD_Nuclear_Localization/251219_YAPSMAD_Early_D14_Male_#3/tifs,/Volumes/D/YAPSMAD_Nuclear_Localization/251219_YAPSMAD_Early_D14_Male_#3/tifs,/Volumes/D/YAPSMAD_Nuclear_Localization/251219_YAPSMAD_Early_D14_Male_#3/tifs,386,1.1345420245174007,0.7671921210002012,0.8814129211523648,3.2546120891347528,9.94686811696738,6.041306225582957,0.029447184629506705,0.00843163753661853,0.025769088385925856,0.015651052397883308,0.002912433731839369,0.006006081041997202,0.0015006077263287813,2.300320472792772,1.8076746459470059,1.6814371875142728,1.2519033757601987
3,23,TGFb_004_DAPI.1.tif,TGFb_004_W647.1.tif,TGFb_004_G488.1.tif,TGFb_004_R555.1.tif,/Volumes/D/YAPSMAD_Nuclear_Localization/251219_YAPSMAD_Early_D14_Male_#3/tifs,/Volumes/D/YAPSMAD_Nuclear_Localization/251219_YAPSMAD_Early_D14_Male_#3/tifs,/Volumes/D/YAPSMAD_Nuclear_Localization/251219_YAPSMAD_Early_D14_Male_#3/tifs,/Volumes/D/YAPSMAD_Nuclear_Localization/251219_YAPSMAD_Early_D14_Male_#3/tifs,320,1.1200813318097889,0.7394984637975701,0.8927923103443162,3.9176165759563446,9.647943872958422,5.493354734033346,0.02472376409859862,0.012242551799863577,0.03014982460299507,0.017166733543854208,0.004659661302981323,0.00988287321792897,0.003370825829545088,1.9685250468445308,1.7949248993566727,1.6197440877839133,1.347051648606551
3,24,TGFb_004_DAPI.1.tif,TGFb_004_W647.1.tif,TGFb_004_G488.1.tif,TGFb_004_R555.1.tif,/Volumes/D/YAPSMAD_Nuclear_Localization/251219_YAPSMAD_Early_D14_Male_#3/tifs,/Volumes/D/YAPSMAD_Nuclear_Localization/251219_YAPSMAD_Early_D14_Male_#3/tifs,/Volumes/D/YAPSMAD_Nuclear_Localization/251219_YAPSMAD_Early_D14_Male_#3/tifs,/Volumes/D/YAPSMAD_Nuclear_Localization/251219_YAPSMAD_Early_D14_Male_#3/tifs,160,1.0167184641267617,0.6636512633631002,0.9835564468270763,0.20041199424304068,7.2894636541605,0.4936293582431972,0.03125162136275321,0.0012525749640190042,0.04555914783850312,0.0030851834890199825,0.0010138603848531037,0.009448796078512886,6.638524019586498e-05,1.5454758035186569,1.9852796204520569,1.0140322738227057,1.0184546653873832
3,25,TGFb_004_DAPI.1.tif,TGFb_004_W647.1.tif,TGFb_004_G488.1.tif,TGFb_004_R555.1.tif,/Volumes/D/YAPSMAD_Nuclear_Localization/251219_YAPSMAD_Early_D14_Male_#3/tifs,/Volumes/D/YAPSMAD_Nuclear_Localization/251219_YAPSMAD_Early_D14_Male_#3/tifs,/Volumes/D/YAPSMAD_Nuclear_Localization/251219_YAPSMAD_Early_D14_Male_#3/tifs,/Volumes/D/YAPSMAD_Nuclear_Localization/251219_YAPSMAD_Early_D14_Male_#3/tifs,147,0.9995738451057675,0.37420204781601535,1.0004263365796524,1.875837350729853,3.2897383347153664,1.6682993974536657,0.017872674428686803,0.012760798304284714,0.02237917234500249,0.01134897549288208,0.0034094723444095727,0.0024290382706817822,0.0008963169060207717,2.3962173364606976,1.52269408532286,1.8221635532985034,1.1236339439990937
3,26,TGFb_004_DAPI.1.tif,TGFb_004_W647.1.tif,TGFb_004_G488.1.tif,TGFb_004_R555.1.tif,/Volumes/D/YAPSMAD_Nuclear_Localization/251219_YAPSMAD_Early_D14_Male_#3/tifs,/Volumes/D/YAPSMAD_Nuclear_Localization/251219_YAPSMAD_Early_D14_Male_#3/tifs,/Volumes/D/YAPSMAD_Nuclear_Localization/251219_YAPSMAD_Early_D14_Male_#3/tifs,/Volumes/D/YAPSMAD_Nuclear_Localization/251219_YAPSMAD_Early_D14_Male_#3/tifs,122,1.1079063485724465,0.8004099904765095,0.9026033665106392,0.5080338807310909,3.0356755992397666,1.2046540188603103,0.020528887780230553,0.00416421213714009,0.02488258687901448,0.009874213269346805,0.002227922962932045,0.005020582473141856,0.0010980654304975999,2.0936618495465655,1.9855291938211432,1.5762849653506699,1.3139046211704475
3,27,TGFb_004_DAPI.1.tif,TGFb_004_W647.1.tif,TGFb_004_G488.1.tif,TGFb_004_R555.1.tif,/Volumes/D/YAPSMAD_Nuclear_Localization/251219_YAPSMAD_Early_D14_Male_#3/tifs,/Volumes/D/YAPSMAD_Nuclear_Localization/251219_YAPSMAD_Early_D14_Male_#3/tifs,/Volumes/D/YAPSMAD_Nuclear_Localization/251219_YAPSMAD_Early_D14_Male_#3/tifs,/Volumes/D/YAPSMAD_Nuclear_Localization/251219_YAPSMAD_Early_D14_Male_#3/tifs,466,1.5652802742026481,0.8557649213454067,0.6388632224407216,6.390081692487001,16.718608390539885,7.095536781474948,0.02619967520708626,0.013712621657697427,0.03587684203978516,0.015226473779989159,0.00652184461372686,0.006339664158815516,0.001499334312072592,2.3060266205314304,1.6937803401636216,1.7959017232642567,1.303072570088093
3,28,TGFb_004_DAPI.1.tif,TGFb_004_W647.1.tif,TGFb_004_G488.1.tif,TGFb_004_R555.1.tif,/Volumes/D/YAPSMAD_Nuclear_Localization/251219_YAPSMAD_Early_D14_Male_#3/tifs,/Volumes/D/YAPSMAD_Nuclear_Localization/251219_YAPSMAD_Early_D14_Male_#3/tifs,/Volumes/D/YAPSMAD_Nuclear_Localization/251219_YAPSMAD_Early_D14_Male_#3/tifs,/Volumes/D/YAPSMAD_Nuclear_Localization/251219_YAPSMAD_Early_D14_Male_#3/tifs,182,1.0339062256973894,0.6869527535015394,0.9672057050681565,1.2920119178015739,4.84838636778295,2.7541008815169334,0.023678061516525652,0.007098966581327329,0.02663948553726896,0.015132422425917216,0.004560967095671116,0.006185824298182206,0.0011053885370520225,2.6583358262672205,1.817438331421796,1.8274363160046665,1.2010404923209153
3,29,TGFb_004_DAPI.1.tif,TGFb_004_W647.1.tif,TGFb_004_G488.1.tif,TGFb_004_R555.1.tif,/Volumes/D/YAPSMAD_Nuclear_Localization/251219_YAPSMAD_Early_D14_Male_#3/tifs,/Volumes/D/YAPSMAD_Nuclear_Localization/251219_YAPSMAD_Early_D14_Male_#3/tifs,/Volumes/D/YAPSMAD_Nuclear_Localization/251219_YAPSMAD_Early_D14_Male_#3/tifs,/Volumes/D/YAPSMAD_Nuclear_Localization/251219_YAPSMAD_Early_D14_Male_#3/tifs,196,1.0265932053177473,0.5775717806742824,0.9740956737488669,4.227176344487816,6.900221249088645,2.8540322184562683,0.019941828997653663,0.021567226247386818,0.035205210454533904,0.014561388869674839,0.007927474397521542,0.006074456767854977,0.0006848904093315266,2.828714623474861,1.7186172381534073,2.195191663020355,1.262150634809229
3,30,TGFb_004_DAPI.1.tif,TGFb_004_W647.1.tif,TGFb_004_G488.1.tif,TGFb_004_R555.1.tif,/Volumes/D/YAPSMAD_Nuclear_Localization/251219_YAPSMAD_Early_D14_Male_#3/tifs,/Volumes/D/YAPSMAD_Nuclear_Localization/251219_YAPSMAD_Early_D14_Male_#3/tifs,/Volumes/D/YAPSMAD_Nuclear_Localization/251219_YAPSMAD_Early_D14_Male_#3/tifs,/Volumes/D/YAPSMAD_Nuclear_Localization/251219_YAPSMAD_Early_D14_Male_#3/tifs,409,1.129254174867085,0.670904280465682,0.8855402284589309,6.809262249153107,13.022674923762679,4.5609979797154665,0.03132151160844599,0.016648562956364566,0.03184028098719482,0.011151584302482804,0.008303707849403812,0.007171314262106098,0.0013215541820209514,2.6527917075628893,2.013651144018415,1.6436073892751621,1.3008472605548027
3,31,TGFb_004_DAPI.1.tif,TGFb_004_W647.1.tif,TGFb_004_G488.1.tif,TGFb_004_R555.1.tif,/Volumes/D/YAPSMAD_Nuclear_Localization/251219_YAPSMAD_Early_D14_Male_#3/tifs,/Volumes/D/YAPSMAD_Nuclear_Localization/251219_YAPSMAD_Early_D14_Male_#3/tifs,/Volumes/D/YAPSMAD_Nuclear_Localization/251219_YAPSMAD_Early_D14_Male_#3/tifs,/Volumes/D/YAPSMAD_Nuclear_Localization/251219_YAPSMAD_Early_D14_Male_#3/tifs,172,1.1585761758952242,0.780465203278173,0.863128399155374,0.7094071945175529,4.774746332317591,2.715739700011909,0.02231596474167566,0.004124460433241587,0.027760153094869712,0.01578918430239482,0.0011196577945764988,0.0035523369906033868,0.0011421761846088442,1.6883395468857663,1.7431908112987076,1.5302320996563412,1.3615653471422826
3,32,TGFb_004_DAPI.1.tif,TGFb_004_W647.1.tif,TGFb_004_G488.1.tif,TGFb_004_R555.1.tif,/Volumes/D/YAPSMAD_Nuclear_Localization/251219_YAPSMAD_Early_D14_Male_#3/tifs,/Volumes/D/YAPSMAD_Nuclear_Localization/251219_YAPSMAD_Early_D14_Male_#3/tifs,/Volumes/D/YAPSMAD_Nuclear_Localization/251219_YAPSMAD_Early_D14_Male_#3/tifs,/Volumes/D/YAPSMAD_Nuclear_Localization/251219_YAPSMAD_Early_D14_Male_#3/tifs,106,1.2601670771604758,0.7313552420678756,0.7935455687775083,0.022247653920203447,0.45473412424325943,0.2685893033631146,0.022947841596280067,0.0002098835275490891,0.0042899445683326366,0.0025338613524822132,7.208526470947274e-05,0.00025580016678995287,2.2263909015554103e-05,0.9964404062866481,1.0072243827122087,1.0009691047509828,1.0018497965223825
3,33,TGFb_004_DAPI.1.tif,TGFb_004_W647.1.tif,TGFb_004_G488.1.tif,TGFb_004_R555.1.tif,/Volumes/D/YAPSMAD_Nuclear_Localization/251219_YAPSMAD_Early_D14_Male_#3/tifs,/Volumes/D/YAPSMAD_Nuclear_Localization/251219_YAPSMAD_Early_D14_Male_#3/tifs,/Volumes/D/YAPSMAD_Nuclear_Localization/251219_YAPSMAD_Early_D14_Male_#3/tifs,/Volumes/D/YAPSMAD_Nuclear_Localization/251219_YAPSMAD_Early_D14_Male_#3/tifs,128,1.0736307459719767,0.7822330189895642,0.9314189294147704,0.9660029078368098,3.5056382305920124,1.2614480992779136,0.0204094186774455,0.007546897717475076,0.027387798676500097,0.0098550632756087,0.006178116445720887,0.003278031493238591,0.0005654758434112091,2.0542772608016535,1.5112944554753938,1.5640195189952004,1.2142956984456488
3,34,TGFb_004_DAPI.1.tif,TGFb_004_W647.1.tif,TGFb_004_G488.1.tif,TGFb_004_R555.1.tif,/Volumes/D/YAPSMAD_Nuclear_Localization/251219_YAPSMAD_Early_D14_Male_#3/tifs,/Volumes/D/YAPSMAD_Nuclear_Localization/251219_YAPSMAD_Early_D14_Male_#3/tifs,/Volumes/D/YAPSMAD_Nuclear_Localization/251219_YAPSMAD_Early_D14_Male_#3/tifs,/Volumes/D/YAPSMAD_Nuclear_Localization/251219_YAPSMAD_Early_D14_Male_#3/tifs,328,1.5827475392195376,0.9084787906458327,0.6318127024181671,4.436011341866106,6.954863844905049,4.615152242127806,0.025137284719498783,0.013524424822762518,0.021203853185686124,0.01407058610404819,0.006756273629448087,0.004901854838549577,0.0021061019405280426,2.2768035971425338,1.9787460988578711,1.6912871918570551,1.406182195209786
3,35,TGFb_004_DAPI.1.tif,TGFb_004_W647.1.tif,TGFb_004_G488.1.tif,TGFb_004_R555.1.tif,/Volumes/D/YAPSMAD_Nuclear_Localization/251219_YAPSMAD_Early_D14_Male_#3/tifs,/Volumes/D/YAPSMAD_Nuclear_Localization/251219_YAPSMAD_Early_D14_Male_#3/tifs,/Volumes/D/YAPSMAD_Nuclear_Localization/251219_YAPSMAD_Early_D14_Male_#3/tifs,/Volumes/D/YAPSMAD_Nuclear_Localization/251219_YAPSMAD_Early_D14_Male_#3/tifs,199,1.5103007432300173,0.917089652967236,0.6621197827535605,1.3947509187273681,4.984115390107036,3.8358282037079334,0.018101800808767277,0.007008798586569689,0.025045805980437364,0.019275518611597656,0.0016031516456090043,0.003018700390203071,0.0014663734672095317,1.7192817404491851,1.357161281143415,1.4090222747092997,1.1443821953763111
3,36,TGFb_004_DAPI.1.tif,TGFb_004_W647.1.tif,TGFb_004_G488.1.tif,TGFb_004_R555.1.tif,/Volumes/D/YAPSMAD_Nuclear_Localization/251219_YAPSMAD_Early_D14_Male_#3/tifs,/Volumes/D/YAPSMAD_Nuclear_Localization/251219_YAPSMAD_Early_D14_Male_#3/tifs,/Volumes/D/YAPSMAD_Nuclear_Localization/251219_YAPSMAD_Early_D14_Male_#3/tifs,/Volumes/D/YAPSMAD_Nuclear_Localization/251219_YAPSMAD_Early_D14_Male_#3/tifs,154,1.1234458142407353,0.8001967490098397,0.8901185863386172,2.422400264069438,4.601388592272997,2.508644249290228,0.018723711788702708,0.01572987184460674,0.02987914670307141,0.01628989772266382,0.0046860272278634275,0.007407532662219587,0.0010498669779414546,2.8503014258489525,1.651734819181406,2.247815791239171,1.255683370453252
3,37,TGFb_004_DAPI.1.tif,TGFb_004_W647.1.tif,TGFb_004_G488.1.tif,TGFb_004_R555.1.tif,/Volumes/D/YAPSMAD_Nuclear_Localization/251219_YAPSMAD_Early_D14_Male_#3/tifs,/Volumes/D/YAPSMAD_Nuclear_Localization/251219_YAPSMAD_Early_D14_Male_#3/tifs,/Volumes/D/YAPSMAD_Nuclear_Localization/251219_YAPSMAD_Early_D14_Male_#3/tifs,/Volumes/D/YAPSMAD_Nuclear_Localization/251219_YAPSMAD_Early_D14_Male_#3/tifs,140,1.0614389607634027,0.7178133576989002,0.9421172926239537,1.3321889184881002,3.613931516185403,2.252567338757217,0.01936250001724277,0.00951563513205786,0.02581379654418145,0.01608976670540869,0.0052004117899568745,0.003321126705439997,0.002819720621462465,2.5573637021859192,1.6548722918060783,2.312459191910778,1.4351646087358416
3,38,TGFb_004_DAPI.1.tif,TGFb_004_W647.1.tif,TGFb_004_G488.1.tif,TGFb_004_R555.1.tif,/Volumes/D/YAPSMAD_Nuclear_Localization/251219_YAPSMAD_Early_D14_Male_#3/tifs,/Volumes/D/YAPSMAD_Nuclear_Localization/251219_YAPSMAD_Early_D14_Male_#3/tifs,/Volumes/D/YAPSMAD_Nuclear_Localization/251219_YAPSMAD_Early_D14_Male_#3/tifs,/Volumes/D/YAPSMAD_Nuclear_Localization/251219_YAPSMAD_Early_D14_Male_#3/tifs,116,1.0107649530269076,0.6360834004326081,0.9893496969847737,0.5897612036205828,3.1861142981797457,1.2629739930853248,0.017721512547597802,0.00508414830707399,0.02746650257051505,0.010887706836942455,0.0019162252591394613,0.0031055099314078573,0.0015126315723867916,2.217577593428699,1.4328440095627237,1.6789820010175707,1.1922757784002365
3,39,TGFb_004_DAPI.1.tif,TGFb_004_W647.1.tif,TGFb_004_G488.1.tif,TGFb_004_R555.1.tif,/Volumes/D/YAPSMAD_Nuclear_Localization/251219_YAPSMAD_Early_D14_Male_#3/tifs,/Volumes/D/YAPSMAD_Nuclear_Localization/251219_YAPSMAD_Early_D14_Male_#3/tifs,/Volumes/D/YAPSMAD_Nuclear_Localization/251219_YAPSMAD_Early_D14_Male_#3/tifs,/Volumes/D/YAPSMAD_Nuclear_Localization/251219_YAPSMAD_Early_D14_Male_#3/tifs,318,1.110884660340033,0.8074136101344297,0.9001834625152784,1.9738918459042907,6.09727631136775,3.3565728599205613,0.021822896581025993,0.006207207062592109,0.019173824878514937,0.010555260565787929,0.001623583775299604,0.002399286478572309,0.0012970725442745974,2.084867528261033,1.7106715259255196,1.5784109422138115,1.2845388362830163
4,1,TGFb_005_DAPI.1.tif,TGFb_005_W647.1.tif,TGFb_005_G488.1.tif,TGFb_005_R555.1.tif,/Volumes/D/YAPSMAD_Nuclear_Localization/251219_YAPSMAD_Early_D14_Male_#3/tifs,/Volumes/D/YAPSMAD_Nuclear_Localization/251219_YAPSMAD_Early_D14_Male_#3/tifs,/Volumes/D/YAPSMAD_Nuclear_Localization/251219_YAPSMAD_Early_D14_Male_#3/tifs,/Volumes/D/YAPSMAD_Nuclear_Localization/251219_YAPSMAD_Early_D14_Male_#3/tifs,175,1.2315551878187219,0.8633047328340478,0.8119814766654163,2.5986419646069407,5.740520330145955,3.1947203828021884,0.02720509221511228,0.014849382654896805,0.03280297331511974,0.018255545044583935,0.00893194122760139,0.0059785043860092575,0.0025693642540180936,2.2530653157257103,1.7237541665981884,1.795518458969772,1.5336995816798422
4,2,TGFb_005_DAPI.1.tif,TGFb_005_W647.1.tif,TGFb_005_G488.1.tif,TGFb_005_R555.1.tif,/Volumes/D/YAPSMAD_Nuclear_Localization/251219_YAPSMAD_Early_D14_Male_#3/tifs,/Volumes/D/YAPSMAD_Nuclear_Localization/251219_YAPSMAD_Early_D14_Male_#3/tifs,/Volumes/D/YAPSMAD_Nuclear_Localization/251219_YAPSMAD_Early_D14_Male_#3/tifs,/Volumes/D/YAPSMAD_Nuclear_Localization/251219_YAPSMAD_Early_D14_Male_#3/tifs,173,1.3554767000129628,0.8634278875319211,0.7377478343895079,2.7749141911044717,3.549706277437508,2.751125369220972,0.019745968206855605,0.0160399664225692,0.020518533395592533,0.015902458781624117,0.005536595162911697,0.001684414573264053,0.0009386785354720407,1.7292030067137103,1.3512303450074674,1.4073506703526883,1.1620492395757018
4,3,TGFb_005_DAPI.1.tif,TGFb_005_W647.1.tif,TGFb_005_G488.1.tif,TGFb_005_R555.1.tif,/Volumes/D/YAPSMAD_Nuclear_Localization/251219_YAPSMAD_Early_D14_Male_#3/tifs,/Volumes/D/YAPSMAD_Nuclear_Localization/251219_YAPSMAD_Early_D14_Male_#3/tifs,/Volumes/D/YAPSMAD_Nuclear_Localization/251219_YAPSMAD_Early_D14_Male_#3/tifs,/Volumes/D/YAPSMAD_Nuclear_Localization/251219_YAPSMAD_Early_D14_Male_#3/tifs,162,1.1062531672195448,0.8020749071281625,0.9039522142236198,0.7980163376778364,3.73496606759727,3.2373998817056417,0.02298319550162112,0.0049260267757891135,0.023055346096279444,0.01998394988707186,0.0020213052036802803,0.0025683374037550636,0.0008093631991551526,1.9139492951611976,1.4955036399300867,1.5802327313152662,1.1702750187331588
4,4,TGFb_005_DAPI.1.tif,TGFb_005_W647.1.tif,TGFb_005_G488.1.tif,TGFb_005_R555.1.tif,/Volumes/D/YAPSMAD_Nuclear_Localization/251219_YAPSMAD_Early_D14_Male_#3/tifs,/Volumes/D/YAPSMAD_Nuclear_Localization/251219_YAPSMAD_Early_D14_Male_#3/tifs,/Volumes/D/YAPSMAD_Nuclear_Localization/251219_YAPSMAD_Early_D14_Male_#3/tifs,/Volumes/D/YAPSMAD_Nuclear_Localization/251219_YAPSMAD_Early_D14_Male_#3/tifs,180,1.3596034924129796,0.904589773728618,0.7355085549429069,4.707042061723769,3.288700715173036,2.961333659477532,0.025362698594108224,0.02615023367624316,0.01827055952873909,0.016451853663764067,0.008701579460318543,0.004681450524744088,0.0030287460179184134,1.748651733546293,1.397150490459986,1.6126000106158183,1.3287249616448986
4,5,TGFb_005_DAPI.1.tif,TGFb_005_W647.1.tif,TGFb_005_G488.1.tif,TGFb_005_R555.1.tif,/Volumes/D/YAPSMAD_Nuclear_Localization/251219_YAPSMAD_Early_D14_Male_#3/tifs,/Volumes/D/YAPSMAD_Nuclear_Localization/251219_YAPSMAD_Early_D14_Male_#3/tifs,/Volumes/D/YAPSMAD_Nuclear_Localization/251219_YAPSMAD_Early_D14_Male_#3/tifs,/Volumes/D/YAPSMAD_Nuclear_Localization/251219_YAPSMAD_Early_D14_Male_#3/tifs,316,1.5489153711033943,0.9099649240597699,0.6456130648943293,8.87602045852691,8.072953417897224,5.1263600047677755,0.02263695225001702,0.028088672337110474,0.025547320942712736,0.016222658242936,0.007624594100955236,0.0033824128750790283,0.0017633314814742085,2.031232113059458,1.4061773042498065,1.372165905144788,1.206504742738793
4,6,TGFb_005_DAPI.1.tif,TGFb_005_W647.1.tif,TGFb_005_G488.1.tif,TGFb_005_R555.1.tif,/Volumes/D/YAPSMAD_Nuclear_Localization/251219_YAPSMAD_Early_D14_Male_#3/tifs,/Volumes/D/YAPSMAD_Nuclear_Localization/251219_YAPSMAD_Early_D14_Male_#3/tifs,/Volumes/D/YAPSMAD_Nuclear_Localization/251219_YAPSMAD_Early_D14_Male_#3/tifs,/Volumes/D/YAPSMAD_Nuclear_Localization/251219_YAPSMAD_Early_D14_Male_#3/tifs,168,1.1312707483501816,0.8368033881161022,0.8839616877377731,1.5649500391446054,2.984924105927348,2.9564965553581715,0.0201938622464825,0.009315178804432176,0.01776740539242469,0.017598193781893878,0.002374810233407484,0.0029565516061485393,0.0015023445501559291,2.392986355106207,1.7607700806452657,1.7072002054675695,1.2711122811513749
4,7,TGFb_005_DAPI.1.tif,TGFb_005_W647.1.tif,TGFb_005_G488.1.tif,TGFb_005_R555.1.tif,/Volumes/D/YAPSMAD_Nuclear_Localization/251219_YAPSMAD_Early_D14_Male_#3/tifs,/Volumes/D/YAPSMAD_Nuclear_Localization/251219_YAPSMAD_Early_D14_Male_#3/tifs,/Volumes/D/YAPSMAD_Nuclear_Localization/251219_YAPSMAD_Early_D14_Male_#3/tifs,/Volumes/D/YAPSMAD_Nuclear_Localization/251219_YAPSMAD_Early_D14_Male_#3/tifs,167,1.0359919484615163,0.6562018051759018,0.9652584670035654,1.452399497386068,4.10313574410975,2.7065690280869603,0.023428172419617276,0.008697002978359689,0.02456967511442964,0.016207000168185392,0.004060402144454946,0.0020708755706132552,0.0015147177093036484,1.757813113188923,1.3735591112161665,1.589771181658515,1.2123958103201107
4,8,TGFb_005_DAPI.1.tif,TGFb_005_W647.1.tif,TGFb_005_G488.1.tif,TGFb_005_R555.1.tif,/Volumes/D/YAPSMAD_Nuclear_Localization/251219_YAPSMAD_Early_D14_Male_#3/tifs,/Volumes/D/YAPSMAD_Nuclear_Localization/251219_YAPSMAD_Early_D14_Male_#3/tifs,/Volumes/D/YAPSMAD_Nuclear_Localization/251219_YAPSMAD_Early_D14_Male_#3/tifs,/Volumes/D/YAPSMAD_Nuclear_Localization/251219_YAPSMAD_Early_D14_Male_#3/tifs,148,1.0708580910918188,0.46659930783360887,0.9338305498354372,3.327275517396629,2.125047706067562,2.7427176497876644,0.018322167597157327,0.022481591333761007,0.014358430446402446,0.018531876012078813,0.010123908866056887,0.0017686776848450955,0.001524173752309337,1.7181730842405876,1.3881526290445065,1.391421095643949,1.125386331568515
4,9,TGFb_005_DAPI.1.tif,TGFb_005_W647.1.tif,TGFb_005_G488.1.tif,TGFb_005_R555.1.tif,/Volumes/D/YAPSMAD_Nuclear_Localization/251219_YAPSMAD_Early_D14_Male_#3/tifs,/Volumes/D/YAPSMAD_Nuclear_Localization/251219_YAPSMAD_Early_D14_Male_#3/tifs,/Volumes/D/YAPSMAD_Nuclear_Localization/251219_YAPSMAD_Early_D14_Male_#3/tifs,/Volumes/D/YAPSMAD_Nuclear_Localization/251219_YAPSMAD_Early_D14_Male_#3/tifs,154,1.337192325380196,0.9146083593660532,0.7478355813294665,1.591714367736131,4.756710173562169,2.128938744775951,0.019851294031681177,0.01033580758270215,0.030887728399754344,0.013824277563480201,0.005358209714876945,0.0029531979087330617,0.0010036003303283561,2.3712980833878166,1.397167004233752,1.8879002222932233,1.186012686149812
4,10,TGFb_005_DAPI.1.tif,TGFb_005_W647.1.tif,TGFb_005_G488.1.tif,TGFb_005_R555.1.tif,/Volumes/D/YAPSMAD_Nuclear_Localization/251219_YAPSMAD_Early_D14_Male_#3/tifs,/Volumes/D/YAPSMAD_Nuclear_Localization/251219_YAPSMAD_Early_D14_Male_#3/tifs,/Volumes/D/YAPSMAD_Nuclear_Localization/251219_YAPSMAD_Early_D14_Male_#3/tifs,/Volumes/D/YAPSMAD_Nuclear_Localization/251219_YAPSMAD_Early_D14_Male_#3/tifs,163,1.0994663379727991,0.7363873951661468,0.9095321661632718,1.5993133638985455,5.6728465664200485,1.8485237071290612,0.03381361798069046,0.009811738428825432,0.03480273967128864,0.011340636240055591,0.00640152653467808,0.014307772039875297,0.001961300789988946,2.9288288009849994,2.849350288876168,1.5587950555161998,1.3598112336660009
4,11,TGFb_005_DAPI.1.tif,TGFb_005_W647.1.tif,TGFb_005_G488.1.tif,TGFb_005_R555.1.tif,/Volumes/D/YAPSMAD_Nuclear_Localization/251219_YAPSMAD_Early_D14_Male_#3/tifs,/Volumes/D/YAPSMAD_Nuclear_Localization/251219_YAPSMAD_Early_D14_Male_#3/tifs,/Volumes/D/YAPSMAD_Nuclear_Localization/251219_YAPSMAD_Early_D14_Male_#3/tifs,/Volumes/D/YAPSMAD_Nuclear_Localization/251219_YAPSMAD_Early_D14_Male_#3/tifs,164,1.1086225946428714,0.8179709654121865,0.9020202229615727,0.8166628628969193,3.4214389491826296,1.6904707606881857,0.02231055091521362,0.004979651603029996,0.020862432616967255,0.01030774854078162,0.002031967829024822,0.002944292535834812,0.000945885968230822,1.7913300729534807,1.4367397544061595,1.4305744222265853,1.1063415076316223
4,12,TGFb_005_DAPI.1.tif,TGFb_005_W647.1.tif,TGFb_005_G488.1.tif,TGFb_005_R555.1.tif,/Volumes/D/YAPSMAD_Nuclear_Localization/251219_YAPSMAD_Early_D14_Male_#3/tifs,/Volumes/D/YAPSMAD_Nuclear_Localization/251219_YAPSMAD_Early_D14_Male_#3/tifs,/Volumes/D/YAPSMAD_Nuclear_Localization/251219_YAPSMAD_Early_D14_Male_#3/tifs,/Volumes/D/YAPSMAD_Nuclear_Localization/251219_YAPSMAD_Early_D14_Male_#3/tifs,182,1.0949181442526297,0.7784498758045048,0.913310282827198,2.0313878264278173,3.202883983962238,1.9992981096729636,0.019715411005193716,0.011161471573779216,0.017598263648144163,0.010985154448752548,0.004951207669836284,0.0028275067632319577,0.0008003805853055039,2.3186067871221274,1.9562238757011756,1.6058227439874249,1.3235075719549885
4,13,TGFb_005_DAPI.1.tif,TGFb_005_W647.1.tif,TGFb_005_G488.1.tif,TGFb_005_R555.1.tif,/Volumes/D/YAPSMAD_Nuclear_Localization/251219_YAPSMAD_Early_D14_Male_#3/tifs,/Volumes/D/YAPSMAD_Nuclear_Localization/251219_YAPSMAD_Early_D14_Male_#3/tifs,/Volumes/D/YAPSMAD_Nuclear_Localization/251219_YAPSMAD_Early_D14_Male_#3/tifs,/Volumes/D/YAPSMAD_Nuclear_Localization/251219_YAPSMAD_Early_D14_Male_#3/tifs,169,1.0867731740357895,0.7935643913888132,0.9201552116771958,1.590951410587877,4.208117820322514,2.4948653588071465,0.019118200177492124,0.009413913672117616,0.024900105445695347,0.014762516916018618,0.004520176270384989,0.0033211063698836774,0.00151821265379612,2.092518867804699,1.6551923579883494,1.7028032854362707,1.2255725675026878
4,14,TGFb_005_DAPI.1.tif,TGFb_005_W647.1.tif,TGFb_005_G488.1.tif,TGFb_005_R555.1.tif,/Volumes/D/YAPSMAD_Nuclear_Localization/251219_YAPSMAD_Early_D14_Male_#3/tifs,/Volumes/D/YAPSMAD_Nuclear_Localization/251219_YAPSMAD_Early_D14_Male_#3/tifs,/Volumes/D/YAPSMAD_Nuclear_Localization/251219_YAPSMAD_Early_D14_Male_#3/tifs,/Volumes/D/YAPSMAD_Nuclear_Localization/251219_YAPSMAD_Early_D14_Male_#3/tifs,317,1.1029398934351948,0.6495759619735528,0.9066677213800108,3.9099107645452023,7.151995152235031,3.661417603492737,0.022684052392652358,0.012334103358186757,0.022561498902949624,0.011550213260229454,0.003669129726532259,0.0029266453394373873,0.0011417542447406217,2.6544474877717024,2.1786965540231824,1.9195833776483813,1.4987772817458769
4,15,TGFb_005_DAPI.1.tif,TGFb_005_W647.1.tif,TGFb_005_G488.1.tif,TGFb_005_R555.1.tif,/Volumes/D/YAPSMAD_Nuclear_Localization/251219_YAPSMAD_Early_D14_Male_#3/tifs,/Volumes/D/YAPSMAD_Nuclear_Localization/251219_YAPSMAD_Early_D14_Male_#3/tifs,/Volumes/D/YAPSMAD_Nuclear_Localization/251219_YAPSMAD_Early_D14_Male_#3/tifs,/Volumes/D/YAPSMAD_Nuclear_Localization/251219_YAPSMAD_Early_D14_Male_#3/tifs,190,1.0838295689923694,0.6676215074700759,0.9226542886532378,1.0919050904922187,3.102250729687512,1.9617761764675379,0.019326515044820938,0.005746868897327467,0.016327635419407956,0.010325137770881778,0.009541296723045656,0.0018926185421312771,0.0010484944739408578,1.5211779922661313,1.5554700536326036,1.9891276385656855,1.255799744754745
4,16,TGFb_005_DAPI.1.tif,TGFb_005_W647.1.tif,TGFb_005_G488.1.tif,TGFb_005_R555.1.tif,/Volumes/D/YAPSMAD_Nuclear_Localization/251219_YAPSMAD_Early_D14_Male_#3/tifs,/Volumes/D/YAPSMAD_Nuclear_Localization/251219_YAPSMAD_Early_D14_Male_#3/tifs,/Volumes/D/YAPSMAD_Nuclear_Localization/251219_YAPSMAD_Early_D14_Male_#3/tifs,/Volumes/D/YAPSMAD_Nuclear_Localization/251219_YAPSMAD_Early_D14_Male_#3/tifs,126,1.257833313345946,0.8900523055349635,0.795017900535575,3.637277794070542,3.2655222583562136,2.8521095775067806,0.017046507573612625,0.028867284079924935,0.02591684332028741,0.02263579029767286,0.010374133969546374,0.002506738036806586,0.0017438812050145404,2.1604262500718585,1.1536029977898363,1.682459797909602,1.043830495681957
4,17,TGFb_005_DAPI.1.tif,TGFb_005_W647.1.tif,TGFb_005_G488.1.tif,TGFb_005_R555.1.tif,/Volumes/D/YAPSMAD_Nuclear_Localization/251219_YAPSMAD_Early_D14_Male_#3/tifs,/Volumes/D/YAPSMAD_Nuclear_Localization/251219_YAPSMAD_Early_D14_Male_#3/tifs,/Volumes/D/YAPSMAD_Nuclear_Localization/251219_YAPSMAD_Early_D14_Male_#3/tifs,/Volumes/D/YAPSMAD_Nuclear_Localization/251219_YAPSMAD_Early_D14_Male_#3/tifs,295,2.1841713284747706,0.9434192210776043,0.4578395416893923,5.28204779792577,4.942824481986463,4.283314296044409,0.017575393298293576,0.01790524677262973,0.016755337227072755,0.014519709478116642,0.006574556102989657,0.0014308277341505313,0.0010377059357558384,1.386840482392958,1.1898493968028274,1.3805023547375896,1.1669891988297387
4,18,TGFb_005_DAPI.1.tif,TGFb_005_W647.1.tif,TGFb_005_G488.1.tif,TGFb_005_R555.1.tif,/Volumes/D/YAPSMAD_Nuclear_Localization/251219_YAPSMAD_Early_D14_Male_#3/tifs,/Volumes/D/YAPSMAD_Nuclear_Localization/251219_YAPSMAD_Early_D14_Male_#3/tifs,/Volumes/D/YAPSMAD_Nuclear_Localization/251219_YAPSMAD_Early_D14_Male_#3/tifs,/Volumes/D/YAPSMAD_Nuclear_Localization/251219_YAPSMAD_Early_D14_Male_#3/tifs,164,1.2269040746480397,0.8487169986146418,0.815059645381705,1.7449454611632973,3.299290467053652,2.018265061080456,0.02231724998095959,0.01063991134855669,0.02011762479910763,0.012306494274880828,0.00519308865772885,0.004459307970337212,0.0010391141012333364,2.595248606853222,1.9431223680056944,1.7912129463920314,1.2221671161368388
4,19,TGFb_005_DAPI.1.tif,TGFb_005_W647.1.tif,TGFb_005_G488.1.tif,TGFb_005_R555.1.tif,/Volumes/D/YAPSMAD_Nuclear_Localization/251219_YAPSMAD_Early_D14_Male_#3/tifs,/Volumes/D/YAPSMAD_Nuclear_Localization/251219_YAPSMAD_Early_D14_Male_#3/tifs,/Volumes/D/YAPSMAD_Nuclear_Localization/251219_YAPSMAD_Early_D14_Male_#3/tifs,/Volumes/D/YAPSMAD_Nuclear_Localization/251219_YAPSMAD_Early_D14_Male_#3/tifs,329,1.352208937791109,0.7968496222822086,0.7395306835003935,5.076768176164478,6.501030029729009,4.38928821310401,0.01883955851570904,0.015430906310530328,0.01975996969522495,0.013341301559586655,0.0043460304407639885,0.002694223543439824,0.0016654957376073072,1.6831838476563443,1.2892297906801382,1.472872468005787,1.1920932440554717
4,20,TGFb_005_DAPI.1.tif,TGFb_005_W647.1.tif,TGFb_005_G488.1.tif,TGFb_005_R555.1.tif,/Volumes/D/YAPSMAD_Nuclear_Localization/251219_YAPSMAD_Early_D14_Male_#3/tifs,/Volumes/D/YAPSMAD_Nuclear_Localization/251219_YAPSMAD_Early_D14_Male_#3/tifs,/Volumes/D/YAPSMAD_Nuclear_Localization/251219_YAPSMAD_Early_D14_Male_#3/tifs,/Volumes/D/YAPSMAD_Nuclear_Localization/251219_YAPSMAD_Early_D14_Male_#3/tifs,309,1.3328648421265379,0.7652027583692566,0.7502636189311859,6.683756817132235,5.085099599324167,3.721049850806594,0.01856524217572413,0.02163028096159299,0.016456633007521575,0.01204223252688218,0.003985404726000374,0.002706195524412957,0.0010154924306189433,1.832113355199514,1.370963534298649,1.415927458184865,1.1119776505473973
4,21,TGFb_005_DAPI.1.tif,TGFb_005_W647.1.tif,TGFb_005_G488.1.tif,TGFb_005_R555.1.tif,/Volumes/D/YAPSMAD_Nuclear_Localization/251219_YAPSMAD_Early_D14_Male_#3/tifs,/Volumes/D/YAPSMAD_Nuclear_Localization/251219_YAPSMAD_Early_D14_Male_#3/tifs,/Volumes/D/YAPSMAD_Nuclear_Localization/251219_YAPSMAD_Early_D14_Male_#3/tifs,/Volumes/D/YAPSMAD_Nuclear_Localization/251219_YAPSMAD_Early_D14_Male_#3/tifs,485,1.2631205464959954,0.8747795686550961,0.7916900748500099,10.754924902692437,10.269779537804425,7.164965339936316,0.023575188922359772,0.022175102892149356,0.021174803170730772,0.014773124412239828,0.00910783035876612,0.005013309830612614,0.0021368719795171274,1.803850550109147,1.3744490706856878,1.3686046297188856,1.1348454751972286
4,22,TGFb_005_DAPI.1.tif,TGFb_005_W647.1.tif,TGFb_005_G488.1.tif,TGFb_005_R555.1.tif,/Volumes/D/YAPSMAD_Nuclear_Localization/251219_YAPSMAD_Early_D14_Male_#3/tifs,/Volumes/D/YAPSMAD_Nuclear_Localization/251219_YAPSMAD_Early_D14_Male_#3/tifs,/Volumes/D/YAPSMAD_Nuclear_Localization/251219_YAPSMAD_Early_D14_Male_#3/tifs,/Volumes/D/YAPSMAD_Nuclear_Localization/251219_YAPSMAD_Early_D14_Male_#3/tifs,136,1.1224820809828988,0.8015428301315178,0.8908828184805876,1.4585336209274828,3.1477683782577515,0.8864576327614486,0.018166875432464567,0.010724511918584433,0.02314535572248347,0.006518070829128299,0.004249015736409225,0.0014459454964811768,0.00026043236824731985,2.2001235362198046,1.5115822251628033,1.6191686594583408,1.1939125282829866
4,23,TGFb_005_DAPI.1.tif,TGFb_005_W647.1.tif,TGFb_005_G488.1.tif,TGFb_005_R555.1.tif,/Volumes/D/YAPSMAD_Nuclear_Localization/251219_YAPSMAD_Early_D14_Male_#3/tifs,/Volumes/D/YAPSMAD_Nuclear_Localization/251219_YAPSMAD_Early_D14_Male_#3/tifs,/Volumes/D/YAPSMAD_Nuclear_Localization/251219_YAPSMAD_Early_D14_Male_#3/tifs,/Volumes/D/YAPSMAD_Nuclear_Localization/251219_YAPSMAD_Early_D14_Male_#3/tifs,176,1.0330346904626755,0.7417483845465477,0.9680217026904682,3.3000076503958553,5.987899627536535,2.224948527291417,0.027080255571160127,0.01875004346815827,0.0340221569746394,0.01264175299597396,0.013443717402425705,0.012172598378039792,0.0019839169085947377,2.7879490970195744,2.424953091135321,1.6819612701790778,1.4934813597290355
4,24,TGFb_005_DAPI.1.tif,TGFb_005_W647.1.tif,TGFb_005_G488.1.tif,TGFb_005_R555.1.tif,/Volumes/D/YAPSMAD_Nuclear_Localization/251219_YAPSMAD_Early_D14_Male_#3/tifs,/Volumes/D/YAPSMAD_Nuclear_Localization/251219_YAPSMAD_Early_D14_Male_#3/tifs,/Volumes/D/YAPSMAD_Nuclear_Localization/251219_YAPSMAD_Early_D14_Male_#3/tifs,/Volumes/D/YAPSMAD_Nuclear_Localization/251219_YAPSMAD_Early_D14_Male_#3/tifs,160,1.6697213772376305,0.9301987440451515,0.5989023160584969,1.078492422355339,2.599359132349491,2.2457313062623143,0.018515392648987473,0.0067405776397208685,0.01624599457718432,0.014035820664139465,0.0019931220969769898,0.002691951201659957,0.0011245390050216384,1.9294525602017,1.5645148967838074,1.6113610253890442,1.2203913870910985
4,25,TGFb_005_DAPI.1.tif,TGFb_005_W647.1.tif,TGFb_005_G488.1.tif,TGFb_005_R555.1.tif,/Volumes/D/YAPSMAD_Nuclear_Localization/251219_YAPSMAD_Early_D14_Male_#3/tifs,/Volumes/D/YAPSMAD_Nuclear_Localization/251219_YAPSMAD_Early_D14_Male_#3/tifs,/Volumes/D/YAPSMAD_Nuclear_Localization/251219_YAPSMAD_Early_D14_Male_#3/tifs,/Volumes/D/YAPSMAD_Nuclear_Localization/251219_YAPSMAD_Early_D14_Male_#3/tifs,148,2.12527991650397,0.9670043051853154,0.47052625502854883,0.7731746488716453,2.691859332844615,1.3726100698113441,0.01768809330423136,0.005224153032916522,0.01818823873543659,0.009274392363590163,0.0033603288971874317,0.005737370131246164,0.0018705766825170154,2.3035713512785025,2.128018336826416,1.1235812847695374,1.1171796580577438
4,26,TGFb_005_DAPI.1.tif,TGFb_005_W647.1.tif,TGFb_005_G488.1.tif,TGFb_005_R555.1.tif,/Volumes/D/YAPSMAD_Nuclear_Localization/251219_YAPSMAD_Early_D14_Male_#3/tifs,/Volumes/D/YAPSMAD_Nuclear_Localization/251219_YAPSMAD_Early_D14_Male_#3/tifs,/Volumes/D/YAPSMAD_Nuclear_Localization/251219_YAPSMAD_Early_D14_Male_#3/tifs,/Volumes/D/YAPSMAD_Nuclear_Localization/251219_YAPSMAD_Early_D14_Male_#3/tifs,160,1.3902398141664842,0.9187240501139672,0.7193003608514464,2.125276578590274,2.7862821519374847,2.2613412849605083,0.018754387053195386,0.013282978616189212,0.01741426344960928,0.014133383031003177,0.0031883327854598516,0.0014865605410446675,0.0010290456880663584,1.9225162648442973,1.351923932863955,1.4637534704682156,1.0392553388741277
4,27,TGFb_005_DAPI.1.tif,TGFb_005_W647.1.tif,TGFb_005_G488.1.tif,TGFb_005_R555.1.tif,/Volumes/D/YAPSMAD_Nuclear_Localization/251219_YAPSMAD_Early_D14_Male_#3/tifs,/Volumes/D/YAPSMAD_Nuclear_Localization/251219_YAPSMAD_Early_D14_Male_#3/tifs,/Volumes/D/YAPSMAD_Nuclear_Localization/251219_YAPSMAD_Early_D14_Male_#3/tifs,/Volumes/D/YAPSMAD_Nuclear_Localization/251219_YAPSMAD_Early_D14_Male_#3/tifs,133,1.1351191139115748,0.8314279126170324,0.8809648148325511,1.5449149431660771,2.238941030576825,2.1309682028368115,0.018891013465485627,0.01161590182831637,0.0168341430870438,0.016022317314562492,0.006469825364160557,0.0018426467725661771,0.0009526857727863363,2.343369100681616,1.4483825346054922,1.6834508014009482,1.0452456219075321
4,28,TGFb_005_DAPI.1.tif,TGFb_005_W647.1.tif,TGFb_005_G488.1.tif,TGFb_005_R555.1.tif,/Volumes/D/YAPSMAD_Nuclear_Localization/251219_YAPSMAD_Early_D14_Male_#3/tifs,/Volumes/D/YAPSMAD_Nuclear_Localization/251219_YAPSMAD_Early_D14_Male_#3/tifs,/Volumes/D/YAPSMAD_Nuclear_Localization/251219_YAPSMAD_Early_D14_Male_#3/tifs,/Volumes/D/YAPSMAD_Nuclear_Localization/251219_YAPSMAD_Early_D14_Male_#3/tifs,196,1.1751202427337892,0.8278969880629947,0.8509767457274066,0.597802706528455,4.549629991874099,2.0034180441871285,0.01969955301824577,0.003050013808818648,0.023212397917724992,0.0102215206336078,0.001904117746988688,0.002399584627526262,0.001028329571133498,2.561587208735701,1.8437110761605402,1.4715470164875208,1.3087055728587507
4,29,TGFb_005_DAPI.1.tif,TGFb_005_W647.1.tif,TGFb_005_G488.1.tif,TGFb_005_R555.1.tif,/Volumes/D/YAPSMAD_Nuclear_Localization/251219_YAPSMAD_Early_D14_Male_#3/tifs,/Volumes/D/YAPSMAD_Nuclear_Localization/251219_YAPSMAD_Early_D14_Male_#3/tifs,/Volumes/D/YAPSMAD_Nuclear_Localization/251219_YAPSMAD_Early_D14_Male_#3/tifs,/Volumes/D/YAPSMAD_Nuclear_Localization/251219_YAPSMAD_Early_D14_Male_#3/tifs,300,1.0961710575619514,0.6661253894051185,0.9122663776802772,3.1750667958986014,6.199465972371399,4.868482530117035,0.025413697663073737,0.010583555986328671,0.020664886574571332,0.016228275100390117,0.005326062787508459,0.0024248197280463094,0.0014111416367289474,1.9808264093069134,1.5510930325258172,2.6293684963088766,1.569998210788754
4,30,TGFb_005_DAPI.1.tif,TGFb_005_W647.1.tif,TGFb_005_G488.1.tif,TGFb_005_R555.1.tif,/Volumes/D/YAPSMAD_Nuclear_Localization/251219_YAPSMAD_Early_D14_Male_#3/tifs,/Volumes/D/YAPSMAD_Nuclear_Localization/251219_YAPSMAD_Early_D14_Male_#3/tifs,/Volumes/D/YAPSMAD_Nuclear_Localization/251219_YAPSMAD_Early_D14_Male_#3/tifs,/Volumes/D/YAPSMAD_Nuclear_Localization/251219_YAPSMAD_Early_D14_Male_#3/tifs,263,1.2277009484588775,0.8304606497098215,0.8145306080078308,2.3725948261562735,4.708430632948875,4.638178107328713,0.02680087655060305,0.009021273103255793,0.017902778072048955,0.01763565820277077,0.003526400264266485,0.0033716128774164997,0.0018845251898159151,1.7860820614492185,1.789882141295438,1.6665065239562613,1.0879286933058985
4,31,TGFb_005_DAPI.1.tif,TGFb_005_W647.1.tif,TGFb_005_G488.1.tif,TGFb_005_R555.1.tif,/Volumes/D/YAPSMAD_Nuclear_Localization/251219_YAPSMAD_Early_D14_Male_#3/tifs,/Volumes/D/YAPSMAD_Nuclear_Localization/251219_YAPSMAD_Early_D14_Male_#3/tifs,/Volumes/D/YAPSMAD_Nuclear_Localization/251219_YAPSMAD_Early_D14_Male_#3/tifs,/Volumes/D/YAPSMAD_Nuclear_Localization/251219_YAPSMAD_Early_D14_Male_#3/tifs,750,2.2837697783045106,0.9344144793201918,0.437872507771956,10.33057153923437,14.673777462914586,9.451484022662044,0.02468053212513526,0.013774095385645826,0.019565036617219447,0.012601978696882725,0.007528165554606621,0.004520321272114004,0.0016918050809044407,2.0868632815186117,1.6674597703131466,1.382545011407265,1.1550543479861548
4,32,TGFb_005_DAPI.1.tif,TGFb_005_W647.1.tif,TGFb_005_G488.1.tif,TGFb_005_R555.1.tif,/Volumes/D/YAPSMAD_Nuclear_Localization/251219_YAPSMAD_Early_D14_Male_#3/tifs,/Volumes/D/YAPSMAD_Nuclear_Localization/251219_YAPSMAD_Early_D14_Male_#3/tifs,/Volumes/D/YAPSMAD_Nuclear_Localization/251219_YAPSMAD_Early_D14_Male_#3/tifs,/Volumes/D/YAPSMAD_Nuclear_Localization/251219_YAPSMAD_Early_D14_Male_#3/tifs,137,1.1568393976758335,0.8233985954812885,0.8644242251855061,1.6570687554776669,3.72782482765615,2.592385755851865,0.022965496331181404,0.012095392375749393,0.027210400201869708,0.018922523765342078,0.0031769706791220107,0.003270295529617457,0.0009782666688981734,2.0738149862161595,1.4320779586999997,1.6578385930369892,1.1614277202950327
4,33,TGFb_005_DAPI.1.tif,TGFb_005_W647.1.tif,TGFb_005_G488.1.tif,TGFb_005_R555.1.tif,/Volumes/D/YAPSMAD_Nuclear_Localization/251219_YAPSMAD_Early_D14_Male_#3/tifs,/Volumes/D/YAPSMAD_Nuclear_Localization/251219_YAPSMAD_Early_D14_Male_#3/tifs,/Volumes/D/YAPSMAD_Nuclear_Localization/251219_YAPSMAD_Early_D14_Male_#3/tifs,/Volumes/D/YAPSMAD_Nuclear_Localization/251219_YAPSMAD_Early_D14_Male_#3/tifs,359,1.5709139261058451,0.8206863967243931,0.636572114729997,2.9926146680954844,11.36733044590801,3.7096055932343006,0.023635927465819547,0.008335974005837004,0.03166387310837886,0.010333163212351813,0.005546094798336712,0.00587681539225152,0.0011074287804252298,2.449737923614955,1.774045424851391,1.5471791495501646,1.2233095744191684
4,34,TGFb_005_DAPI.1.tif,TGFb_005_W647.1.tif,TGFb_005_G488.1.tif,TGFb_005_R555.1.tif,/Volumes/D/YAPSMAD_Nuclear_Localization/251219_YAPSMAD_Early_D14_Male_#3/tifs,/Volumes/D/YAPSMAD_Nuclear_Localization/251219_YAPSMAD_Early_D14_Male_#3/tifs,/Volumes/D/YAPSMAD_Nuclear_Localization/251219_YAPSMAD_Early_D14_Male_#3/tifs,/Volumes/D/YAPSMAD_Nuclear_Localization/251219_YAPSMAD_Early_D14_Male_#3/tifs,162,1.529423628428118,0.9261947511788474,0.6538410819687421,1.260349445277825,2.6384069798514247,2.1794308656826615,0.01740376229317468,0.007779934847393982,0.01628646283858904,0.013453276948658404,0.002681558039346757,0.002648297257191998,0.002006653738144623,2.27918479626961,1.7930282923236074,1.702114039911461,1.2359078452429033
4,35,TGFb_005_DAPI.1.tif,TGFb_005_W647.1.tif,TGFb_005_G488.1.tif,TGFb_005_R555.1.tif,/Volumes/D/YAPSMAD_Nuclear_Localization/251219_YAPSMAD_Early_D14_Male_#3/tifs,/Volumes/D/YAPSMAD_Nuclear_Localization/251219_YAPSMAD_Early_D14_Male_#3/tifs,/Volumes/D/YAPSMAD_Nuclear_Localization/251219_YAPSMAD_Early_D14_Male_#3/tifs,/Volumes/D/YAPSMAD_Nuclear_Localization/251219_YAPSMAD_Early_D14_Male_#3/tifs,197,1.399950991751801,0.8982477566688435,0.7143107193693043,2.0549019863829017,4.463233405724168,2.724971415475011,0.018618408004342,0.010430974550167013,0.022656007135655673,0.01383234221053305,0.0028088438233296003,0.0022442274507891886,0.0018364339836141337,2.1881319236452024,1.4154758236551281,1.4323969110100978,1.0928578647087541
4,36,TGFb_005_DAPI.1.tif,TGFb_005_W647.1.tif,TGFb_005_G488.1.tif,TGFb_005_R555.1.tif,/Volumes/D/YAPSMAD_Nuclear_Localization/251219_YAPSMAD_Early_D14_Male_#3/tifs,/Volumes/D/YAPSMAD_Nuclear_Localization/251219_YAPSMAD_Early_D14_Male_#3/tifs,/Volumes/D/YAPSMAD_Nuclear_Localization/251219_YAPSMAD_Early_D14_Male_#3/tifs,/Volumes/D/YAPSMAD_Nuclear_Localization/251219_YAPSMAD_Early_D14_Male_#3/tifs,309,1.5978956493464818,0.9016521986253011,0.6258230945237173,1.6990768550895154,7.722850415855646,4.391302386298776,0.02380022248645045,0.0054986305989951955,0.024993043417008563,0.014211334583491183,0.002064758597877053,0.005091658722548194,0.0011445215581968847,2.1523585130911886,1.4662340723659135,1.6205831850440964,1.206962239369735
4,37,TGFb_005_DAPI.1.tif,TGFb_005_W647.1.tif,TGFb_005_G488.1.tif,TGFb_005_R555.1.tif,/Volumes/D/YAPSMAD_Nuclear_Localization/251219_YAPSMAD_Early_D14_Male_#3/tifs,/Volumes/D/YAPSMAD_Nuclear_Localization/251219_YAPSMAD_Early_D14_Male_#3/tifs,/Volumes/D/YAPSMAD_Nuclear_Localization/251219_YAPSMAD_Early_D14_Male_#3/tifs,/Volumes/D/YAPSMAD_Nuclear_Localization/251219_YAPSMAD_Early_D14_Male_#3/tifs,133,1.0748758019041387,0.7718887725364763,0.9303400432203457,1.9297627373598516,2.481330598704517,1.6450141351670027,0.025504021135095815,0.014509494265863546,0.018656621042891106,0.012368527332082727,0.009123768059190684,0.0035485580472942677,0.001009999995115002,1.8172352319055038,1.4731748503612274,1.468339635314384,1.1499582323920785
4,38,TGFb_005_DAPI.1.tif,TGFb_005_W647.1.tif,TGFb_005_G488.1.tif,TGFb_005_R555.1.tif,/Volumes/D/YAPSMAD_Nuclear_Localization/251219_YAPSMAD_Early_D14_Male_#3/tifs,/Volumes/D/YAPSMAD_Nuclear_Localization/251219_YAPSMAD_Early_D14_Male_#3/tifs,/Volumes/D/YAPSMAD_Nuclear_Localization/251219_YAPSMAD_Early_D14_Male_#3/tifs,/Volumes/D/YAPSMAD_Nuclear_Localization/251219_YAPSMAD_Early_D14_Male_#3/tifs,381,1.138821963803652,0.767593921966546,0.878100380730287,2.5932250337209553,8.11586179677397,4.777340404689312,0.025530826816154435,0.00680636491790277,0.021301474532215144,0.012538951193410268,0.0023191494624626155,0.004643060992511527,0.0009840920582064878,2.228878024385143,1.7146607590307115,1.673580184279376,1.2190614282184804
4,39,TGFb_005_DAPI.1.tif,TGFb_005_W647.1.tif,TGFb_005_G488.1.tif,TGFb_005_R555.1.tif,/Volumes/D/YAPSMAD_Nuclear_Localization/251219_YAPSMAD_Early_D14_Male_#3/tifs,/Volumes/D/YAPSMAD_Nuclear_Localization/251219_YAPSMAD_Early_D14_Male_#3/tifs,/Volumes/D/YAPSMAD_Nuclear_Localization/251219_YAPSMAD_Early_D14_Male_#3/tifs,/Volumes/D/YAPSMAD_Nuclear_Localization/251219_YAPSMAD_Early_D14_Male_#3/tifs,146,1.0855273800108851,0.7019230310271812,0.9212112180809042,0.08937209122814238,5.813305865973234,0.251850156346336,0.028202330623434423,0.0006121376111516601,0.0398171634655701,0.001725001070865315,0.0004958965373702863,0.009504499371460959,3.053539817265656e-05,1.4479945448267921,1.7955739203590957,1.0046000247154494,1.0130311527794293
5,1,FasTGFb_006_DAPI.1.1.tif,FasTGFb_006_W647.1.1.tif,FasTGFb_006_G488.1.1.tif,FasTGFb_006_R555.1.1.tif,/Volumes/D/YAPSMAD_Nuclear_Localization/251219_YAPSMAD_Early_D14_Male_#3/tifs,/Volumes/D/YAPSMAD_Nuclear_Localization/251219_YAPSMAD_Early_D14_Male_#3/tifs,/Volumes/D/YAPSMAD_Nuclear_Localization/251219_YAPSMAD_Early_D14_Male_#3/tifs,/Volumes/D/YAPSMAD_Nuclear_Localization/251219_YAPSMAD_Early_D14_Male_#3/tifs,356,1.1304060013611148,0.7713789963431138,0.8846379077923385,3.33235680218786,9.574990486726165,7.307728732004762,0.04047944186925051,0.009360552815134439,0.026896040693051026,0.02052732789888978,0.002762172100510967,0.003540963923427498,0.0017504508378895674,2.3905405535792417,1.564326567568416,1.9143668417528792,1.200429274822048
5,2,FasTGFb_006_DAPI.1.1.tif,FasTGFb_006_W647.1.1.tif,FasTGFb_006_G488.1.1.tif,FasTGFb_006_R555.1.1.tif,/Volumes/D/YAPSMAD_Nuclear_Localization/251219_YAPSMAD_Early_D14_Male_#3/tifs,/Volumes/D/YAPSMAD_Nuclear_Localization/251219_YAPSMAD_Early_D14_Male_#3/tifs,/Volumes/D/YAPSMAD_Nuclear_Localization/251219_YAPSMAD_Early_D14_Male_#3/tifs,/Volumes/D/YAPSMAD_Nuclear_Localization/251219_YAPSMAD_Early_D14_Male_#3/tifs,405,1.2010699095059916,0.6198279933761991,0.8325910024765394,4.992492617340758,17.78902873955667,7.4237735737115145,0.03988629201266133,0.01232714226503891,0.04392352775199178,0.018330305120275343,0.006214763487527968,0.008710323582645367,0.002507798870360236,3.298432385902338,2.1131951076408817,2.4843548723218003,1.495075349017103
5,3,FasTGFb_006_DAPI.1.1.tif,FasTGFb_006_W647.1.1.tif,FasTGFb_006_G488.1.1.tif,FasTGFb_006_R555.1.1.tif,/Volumes/D/YAPSMAD_Nuclear_Localization/251219_YAPSMAD_Early_D14_Male_#3/tifs,/Volumes/D/YAPSMAD_Nuclear_Localization/251219_YAPSMAD_Early_D14_Male_#3/tifs,/Volumes/D/YAPSMAD_Nuclear_Localization/251219_YAPSMAD_Early_D14_Male_#3/tifs,/Volumes/D/YAPSMAD_Nuclear_Localization/251219_YAPSMAD_Early_D14_Male_#3/tifs,136,1.0391645156780143,0.7817648026995598,0.9623115348078828,1.6222934490069747,3.6356908548623323,2.383840710390359,0.030721796669668573,0.011928628301521874,0.0267330209916348,0.01752824051757617,0.0063321455960955435,0.011234335373203052,0.005896671018972731,2.586269950429823,2.2171580853536583,1.5924277973323868,1.8320361688473523
5,4,FasTGFb_006_DAPI.1.1.tif,FasTGFb_006_W647.1.1.tif,FasTGFb_006_G488.1.1.tif,FasTGFb_006_R555.1.1.tif,/Volumes/D/YAPSMAD_Nuclear_Localization/251219_YAPSMAD_Early_D14_Male_#3/tifs,/Volumes/D/YAPSMAD_Nuclear_Localization/251219_YAPSMAD_Early_D14_Male_#3/tifs,/Volumes/D/YAPSMAD_Nuclear_Localization/251219_YAPSMAD_Early_D14_Male_#3/tifs,/Volumes/D/YAPSMAD_Nuclear_Localization/251219_YAPSMAD_Early_D14_Male_#3/tifs,315,1.4437764767593173,0.903925424574846,0.6926279906184561,3.793850646354258,8.714717347174883,7.364980574697256,0.027090286250625338,0.012043970305886534,0.027665769356110738,0.023380890713324623,0.004083040896011771,0.0026570548854517005,0.0031040491950249825,1.5094900506771365,1.3289286203903907,1.324245069737862,1.084074085034129
5,5,FasTGFb_006_DAPI.1.1.tif,FasTGFb_006_W647.1.1.tif,FasTGFb_006_G488.1.1.tif,FasTGFb_006_R555.1.1.tif,/Volumes/D/YAPSMAD_Nuclear_Localization/251219_YAPSMAD_Early_D14_Male_#3/tifs,/Volumes/D/YAPSMAD_Nuclear_Localization/251219_YAPSMAD_Early_D14_Male_#3/tifs,/Volumes/D/YAPSMAD_Nuclear_Localization/251219_YAPSMAD_Early_D14_Male_#3/tifs,/Volumes/D/YAPSMAD_Nuclear_Localization/251219_YAPSMAD_Early_D14_Male_#3/tifs,251,1.1116127735474601,0.7758307558947521,0.8995938368076922,1.78536662645638,9.782330077141523,2.8900129962712526,0.03361343662532796,0.007113014448033386,0.03897342660215746,0.011513996001080688,0.0029886898142191215,0.004645490657397345,0.0009832737595815543,2.394708402442741,1.6792103238996956,1.412422057535849,1.1644696726799812
5,6,FasTGFb_006_DAPI.1.1.tif,FasTGFb_006_W647.1.1.tif,FasTGFb_006_G488.1.1.tif,FasTGFb_006_R555.1.1.tif,/Volumes/D/YAPSMAD_Nuclear_Localization/251219_YAPSMAD_Early_D14_Male_#3/tifs,/Volumes/D/YAPSMAD_Nuclear_Localization/251219_YAPSMAD_Early_D14_Male_#3/tifs,/Volumes/D/YAPSMAD_Nuclear_Localization/251219_YAPSMAD_Early_D14_Male_#3/tifs,/Volumes/D/YAPSMAD_Nuclear_Localization/251219_YAPSMAD_Early_D14_Male_#3/tifs,349,1.1341603120008275,0.7379081292835878,0.8817095691136037,2.2173953130841255,7.435629848390818,6.035797686781734,0.04101603229751645,0.006353568232332738,0.02130552965154962,0.017294549245792934,0.00398723121238376,0.005851433211152476,0.0025988309408239416,1.9238290152147184,1.85595358208181,1.5119364440935115,1.312284012486465
5,7,FasTGFb_006_DAPI.1.1.tif,FasTGFb_006_W647.1.1.tif,FasTGFb_006_G488.1.1.tif,FasTGFb_006_R555.1.1.tif,/Volumes/D/YAPSMAD_Nuclear_Localization/251219_YAPSMAD_Early_D14_Male_#3/tifs,/Volumes/D/YAPSMAD_Nuclear_Localization/251219_YAPSMAD_Early_D14_Male_#3/tifs,/Volumes/D/YAPSMAD_Nuclear_Localization/251219_YAPSMAD_Early_D14_Male_#3/tifs,/Volumes/D/YAPSMAD_Nuclear_Localization/251219_YAPSMAD_Early_D14_Male_#3/tifs,232,1.122780034484629,0.8176467552880309,0.8906464038247823,2.4857404716312885,5.676920767873526,5.2769665298983455,0.03629049230045799,0.010714398584617623,0.02446948606842037,0.02274554538749287,0.003785987210521668,0.0033030956400213274,0.003750754724125356,1.7632871794348564,1.6637034260554866,1.4585713995669218,1.295710001515317
5,8,FasTGFb_006_DAPI.1.1.tif,FasTGFb_006_W647.1.1.tif,FasTGFb_006_G488.1.1.tif,FasTGFb_006_R555.1.1.tif,/Volumes/D/YAPSMAD_Nuclear_Localization/251219_YAPSMAD_Early_D14_Male_#3/tifs,/Volumes/D/YAPSMAD_Nuclear_Localization/251219_YAPSMAD_Early_D14_Male_#3/tifs,/Volumes/D/YAPSMAD_Nuclear_Localization/251219_YAPSMAD_Early_D14_Male_#3/tifs,/Volumes/D/YAPSMAD_Nuclear_Localization/251219_YAPSMAD_Early_D14_Male_#3/tifs,326,1.309921025267839,0.900916880489734,0.7634048012898567,5.291645721998066,8.69776456989348,9.751659456640482,0.028559880708258576,0.016232042092018607,0.026680259416851163,0.02991306581791559,0.00857836301357275,0.0040969918742477735,0.002714721750768596,2.27039478646833,1.3850987366322953,1.963951448762678,1.1419675996222727
5,9,FasTGFb_006_DAPI.1.1.tif,FasTGFb_006_W647.1.1.tif,FasTGFb_006_G488.1.1.tif,FasTGFb_006_R555.1.1.tif,/Volumes/D/YAPSMAD_Nuclear_Localization/251219_YAPSMAD_Early_D14_Male_#3/tifs,/Volumes/D/YAPSMAD_Nuclear_Localization/251219_YAPSMAD_Early_D14_Male_#3/tifs,/Volumes/D/YAPSMAD_Nuclear_Localization/251219_YAPSMAD_Early_D14_Male_#3/tifs,/Volumes/D/YAPSMAD_Nuclear_Localization/251219_YAPSMAD_Early_D14_Male_#3/tifs,254,1.064287988392429,0.7263230059391698,0.9395953077610752,2.5793545672204345,6.565499375574291,4.1228961972519755,0.03546232738583459,0.010154939241025333,0.02584842273848146,0.01623187479233061,0.005620883808469065,0.005899509287163936,0.005515949764903213,1.7337626211008028,1.4252417033713303,1.8371344036961665,1.1407855435298193
5,10,FasTGFb_006_DAPI.1.1.tif,FasTGFb_006_W647.1.1.tif,FasTGFb_006_G488.1.1.tif,FasTGFb_006_R555.1.1.tif,/Volumes/D/YAPSMAD_Nuclear_Localization/251219_YAPSMAD_Early_D14_Male_#3/tifs,/Volumes/D/YAPSMAD_Nuclear_Localization/251219_YAPSMAD_Early_D14_Male_#3/tifs,/Volumes/D/YAPSMAD_Nuclear_Localization/251219_YAPSMAD_Early_D14_Male_#3/tifs,/Volumes/D/YAPSMAD_Nuclear_Localization/251219_YAPSMAD_Early_D14_Male_#3/tifs,256,1.4554511765562586,0.9300754381727053,0.6870721712329086,3.990096920868382,10.774166475981474,4.628992185462266,0.04111310988992045,0.015586316097142117,0.04208658779680263,0.018082000724461977,0.008903577335234768,0.00719079651571457,0.003094676003659333,2.005621082997399,1.7298167785875662,1.703745899168953,1.4556926145822953
5,11,FasTGFb_006_DAPI.1.1.tif,FasTGFb_006_W647.1.1.tif,FasTGFb_006_G488.1.1.tif,FasTGFb_006_R555.1.1.tif,/Volumes/D/YAPSMAD_Nuclear_Localization/251219_YAPSMAD_Early_D14_Male_#3/tifs,/Volumes/D/YAPSMAD_Nuclear_Localization/251219_YAPSMAD_Early_D14_Male_#3/tifs,/Volumes/D/YAPSMAD_Nuclear_Localization/251219_YAPSMAD_Early_D14_Male_#3/tifs,/Volumes/D/YAPSMAD_Nuclear_Localization/251219_YAPSMAD_Early_D14_Male_#3/tifs,304,1.0933271919505616,0.7954721880062274,0.9146392839786045,2.2604257680941373,8.616388219408691,6.331456519663334,0.0267419880868769,0.007435611079257031,0.028343382300686483,0.020827159604155702,0.0025883065794510764,0.005657431688958978,0.0021469683574406257,2.3742582122522777,1.8652526103752334,1.7788938518149933,1.3348886469146444
5,12,FasTGFb_006_DAPI.1.1.tif,FasTGFb_006_W647.1.1.tif,FasTGFb_006_G488.1.1.tif,FasTGFb_006_R555.1.1.tif,/Volumes/D/YAPSMAD_Nuclear_Localization/251219_YAPSMAD_Early_D14_Male_#3/tifs,/Volumes/D/YAPSMAD_Nuclear_Localization/251219_YAPSMAD_Early_D14_Male_#3/tifs,/Volumes/D/YAPSMAD_Nuclear_Localization/251219_YAPSMAD_Early_D14_Male_#3/tifs,/Volumes/D/YAPSMAD_Nuclear_Localization/251219_YAPSMAD_Early_D14_Male_#3/tifs,274,1.0933124509964416,0.7601123236590761,0.9146516159114471,4.056885680183768,9.013290642760694,5.679530039429665,0.03034150699343886,0.014806152117459009,0.03289522132394414,0.020728211822736,0.0057287745855320255,0.01149354698748726,0.0036192750922367047,2.587014054293553,2.033357927373353,1.9623778329932793,1.414566729018581
5,13,FasTGFb_006_DAPI.1.1.tif,FasTGFb_006_W647.1.1.tif,FasTGFb_006_G488.1.1.tif,FasTGFb_006_R555.1.1.tif,/Volumes/D/YAPSMAD_Nuclear_Localization/251219_YAPSMAD_Early_D14_Male_#3/tifs,/Volumes/D/YAPSMAD_Nuclear_Localization/251219_YAPSMAD_Early_D14_Male_#3/tifs,/Volumes/D/YAPSMAD_Nuclear_Localization/251219_YAPSMAD_Early_D14_Male_#3/tifs,/Volumes/D/YAPSMAD_Nuclear_Localization/251219_YAPSMAD_Early_D14_Male_#3/tifs,177,1.2016348059203967,0.8607326040126652,0.8321995959779529,0.9968108767643571,1.498237602878362,0.4894026091787964,0.017221142558938703,0.005631699868725182,0.00846461922530148,0.0027649864925355727,0.003578500184976097,0.0014735068544301539,0.00019311756970645194,1.5991073954225687,1.4483597864769295,0.635284758817053,1.0612768733337115
5,14,FasTGFb_006_DAPI.1.1.tif,FasTGFb_006_W647.1.1.tif,FasTGFb_006_G488.1.1.tif,FasTGFb_006_R555.1.1.tif,/Volumes/D/YAPSMAD_Nuclear_Localization/251219_YAPSMAD_Early_D14_Male_#3/tifs,/Volumes/D/YAPSMAD_Nuclear_Localization/251219_YAPSMAD_Early_D14_Male_#3/tifs,/Volumes/D/YAPSMAD_Nuclear_Localization/251219_YAPSMAD_Early_D14_Male_#3/tifs,/Volumes/D/YAPSMAD_Nuclear_Localization/251219_YAPSMAD_Early_D14_Male_#3/tifs,245,1.0076525625470671,0.48690234739146643,0.9924055544227234,2.3135729318019003,8.08468759432435,5.382131719961762,0.03435179523515458,0.009443154823681226,0.032998724874793266,0.021967884571272498,0.006724632638745169,0.005389188375563566,0.0028244564251941762,2.2533575959503915,1.446894746614819,2.0444889059797284,1.2585557467909647
5,15,FasTGFb_006_DAPI.1.1.tif,FasTGFb_006_W647.1.1.tif,FasTGFb_006_G488.1.1.tif,FasTGFb_006_R555.1.1.tif,/Volumes/D/YAPSMAD_Nuclear_Localization/251219_YAPSMAD_Early_D14_Male_#3/tifs,/Volumes/D/YAPSMAD_Nuclear_Localization/251219_YAPSMAD_Early_D14_Male_#3/tifs,/Volumes/D/YAPSMAD_Nuclear_Localization/251219_YAPSMAD_Early_D14_Male_#3/tifs,/Volumes/D/YAPSMAD_Nuclear_Localization/251219_YAPSMAD_Early_D14_Male_#3/tifs,297,1.5891052820903593,0.9320903975017014,0.6292849260966324,4.014724996173754,7.073640087619424,5.689204289577901,0.027787500923430478,0.01351759257970961,0.023816969991984592,0.019155569998578793,0.006882214851523965,0.0038178848503079565,0.0023473462878342037,1.6616671378519041,1.434843639050825,1.4472315724810525,1.1704536134811303
5,16,FasTGFb_006_DAPI.1.1.tif,FasTGFb_006_W647.1.1.tif,FasTGFb_006_G488.1.1.tif,FasTGFb_006_R555.1.1.tif,/Volumes/D/YAPSMAD_Nuclear_Localization/251219_YAPSMAD_Early_D14_Male_#3/tifs,/Volumes/D/YAPSMAD_Nuclear_Localization/251219_YAPSMAD_Early_D14_Male_#3/tifs,/Volumes/D/YAPSMAD_Nuclear_Localization/251219_YAPSMAD_Early_D14_Male_#3/tifs,/Volumes/D/YAPSMAD_Nuclear_Localization/251219_YAPSMAD_Early_D14_Male_#3/tifs,493,1.6516277201429208,0.8822655560532109,0.6054633182794162,4.350515043362975,13.442084426060319,10.504005537368357,0.042140156764567324,0.00882457412446851,0.027265891330751153,0.021306299264438857,0.0043707135717257805,0.006465051415206865,0.005537301191299855,1.6156088910939876,1.0831574065317502,1.3498380270284571,0.9532741530029631
5,17,FasTGFb_006_DAPI.1.1.tif,FasTGFb_006_W647.1.1.tif,FasTGFb_006_G488.1.1.tif,FasTGFb_006_R555.1.1.tif,/Volumes/D/YAPSMAD_Nuclear_Localization/251219_YAPSMAD_Early_D14_Male_#3/tifs,/Volumes/D/YAPSMAD_Nuclear_Localization/251219_YAPSMAD_Early_D14_Male_#3/tifs,/Volumes/D/YAPSMAD_Nuclear_Localization/251219_YAPSMAD_Early_D14_Male_#3/tifs,/Volumes/D/YAPSMAD_Nuclear_Localization/251219_YAPSMAD_Early_D14_Male_#3/tifs,305,1.0782010402248703,0.563886193059539,0.9274708173082818,2.504310706630349,13.102510088123381,6.315266693010926,0.027097271358380554,0.00821085477583721,0.04295904946925699,0.0207057924361014,0.003164588123181738,0.008076051663194044,0.002289393743640961,2.3988486588517195,1.431694512754755,1.6266550589246114,1.0958779857323477
5,18,FasTGFb_006_DAPI.1.1.tif,FasTGFb_006_W647.1.1.tif,FasTGFb_006_G488.1.1.tif,FasTGFb_006_R555.1.1.tif,/Volumes/D/YAPSMAD_Nuclear_Localization/251219_YAPSMAD_Early_D14_Male_#3/tifs,/Volumes/D/YAPSMAD_Nuclear_Localization/251219_YAPSMAD_Early_D14_Male_#3/tifs,/Volumes/D/YAPSMAD_Nuclear_Localization/251219_YAPSMAD_Early_D14_Male_#3/tifs,/Volumes/D/YAPSMAD_Nuclear_Localization/251219_YAPSMAD_Early_D14_Male_#3/tifs,424,1.275137495526778,0.8608408064792507,0.7842291545092439,1.0653696553781629,10.040528025478125,6.8622568510472775,0.026393141542596497,0.002512664281552271,0.02368049062612765,0.016184568044922826,0.001215164712977471,0.0026994523241495854,0.0022674754734999625,1.8130065856958053,1.441151999971011,1.393986361450305,1.105524329369933
5,19,FasTGFb_006_DAPI.1.1.tif,FasTGFb_006_W647.1.1.tif,FasTGFb_006_G488.1.1.tif,FasTGFb_006_R555.1.1.tif,/Volumes/D/YAPSMAD_Nuclear_Localization/251219_YAPSMAD_Early_D14_Male_#3/tifs,/Volumes/D/YAPSMAD_Nuclear_Localization/251219_YAPSMAD_Early_D14_Male_#3/tifs,/Volumes/D/YAPSMAD_Nuclear_Localization/251219_YAPSMAD_Early_D14_Male_#3/tifs,/Volumes/D/YAPSMAD_Nuclear_Localization/251219_YAPSMAD_Early_D14_Male_#3/tifs,362,1.0500192581371848,0.5218689370799295,0.9523634850031962,3.760982723440975,11.526100592687726,7.7112230425700545,0.04117094872529665,0.010389455037129765,0.031840056885877696,0.021301721112071972,0.004285266721517812,0.004931933499056012,0.003439493406801833,1.9663798364028944,1.6500010826457674,1.1837456526163084,0.9987908365089958
5,20,FasTGFb_006_DAPI.1.1.tif,FasTGFb_006_W647.1.1.tif,FasTGFb_006_G488.1.1.tif,FasTGFb_006_R555.1.1.tif,/Volumes/D/YAPSMAD_Nuclear_Localization/251219_YAPSMAD_Early_D14_Male_#3/tifs,/Volumes/D/YAPSMAD_Nuclear_Localization/251219_YAPSMAD_Early_D14_Male_#3/tifs,/Volumes/D/YAPSMAD_Nuclear_Localization/251219_YAPSMAD_Early_D14_Male_#3/tifs,/Volumes/D/YAPSMAD_Nuclear_Localization/251219_YAPSMAD_Early_D14_Male_#3/tifs,469,1.1926863812228798,0.6347760586499868,0.8384433793690882,3.193499700166285,20.279819977469742,10.030396026559174,0.03822798183017067,0.006809167804192506,0.043240554322963205,0.02138677191164003,0.0033462962225458658,0.00801764937666659,0.003068181785922111,2.318138138388749,1.8561506079127938,2.004468727344626,1.437701468143193
5,21,FasTGFb_006_DAPI.1.1.tif,FasTGFb_006_W647.1.1.tif,FasTGFb_006_G488.1.1.tif,FasTGFb_006_R555.1.1.tif,/Volumes/D/YAPSMAD_Nuclear_Localization/251219_YAPSMAD_Early_D14_Male_#3/tifs,/Volumes/D/YAPSMAD_Nuclear_Localization/251219_YAPSMAD_Early_D14_Male_#3/tifs,/Volumes/D/YAPSMAD_Nuclear_Localization/251219_YAPSMAD_Early_D14_Male_#3/tifs,/Volumes/D/YAPSMAD_Nuclear_Localization/251219_YAPSMAD_Early_D14_Male_#3/tifs,256,1.1078393519125895,0.7608812275331336,0.9026579515103753,1.957686754874885,7.791943239979446,5.186785712838173,0.03491460909572197,0.00764721388623002,0.03043727828116971,0.020260881690774113,0.005722067795238387,0.010901939630571332,0.006313942765955508,2.042257326790484,1.2015047304332545,1.595215430900697,0.9896340764651276
5,22,FasTGFb_006_DAPI.1.1.tif,FasTGFb_006_W647.1.1.tif,FasTGFb_006_G488.1.1.tif,FasTGFb_006_R555.1.1.tif,/Volumes/D/YAPSMAD_Nuclear_Localization/251219_YAPSMAD_Early_D14_Male_#3/tifs,/Volumes/D/YAPSMAD_Nuclear_Localization/251219_YAPSMAD_Early_D14_Male_#3/tifs,/Volumes/D/YAPSMAD_Nuclear_Localization/251219_YAPSMAD_Early_D14_Male_#3/tifs,/Volumes/D/YAPSMAD_Nuclear_Localization/251219_YAPSMAD_Early_D14_Male_#3/tifs,220,1.1124028574288016,0.785574368998035,0.898954900485775,1.8163576936349273,7.813824689015746,5.815030163154006,0.03600289916873656,0.008256171334704215,0.035517384950071576,0.026431955287063665,0.002579826741074353,0.0030677129276369393,0.001762437599585971,2.2047151497162005,1.409761597973548,1.8743990057297584,1.1425947473563045
5,23,FasTGFb_006_DAPI.1.1.tif,FasTGFb_006_W647.1.1.tif,FasTGFb_006_G488.1.1.tif,FasTGFb_006_R555.1.1.tif,/Volumes/D/YAPSMAD_Nuclear_Localization/251219_YAPSMAD_Early_D14_Male_#3/tifs,/Volumes/D/YAPSMAD_Nuclear_Localization/251219_YAPSMAD_Early_D14_Male_#3/tifs,/Volumes/D/YAPSMAD_Nuclear_Localization/251219_YAPSMAD_Early_D14_Male_#3/tifs,/Volumes/D/YAPSMAD_Nuclear_Localization/251219_YAPSMAD_Early_D14_Male_#3/tifs,228,1.0415415998363386,0.694046615385901,0.9601152754312778,0.8856183821335435,7.12855726480484,3.485664169304073,0.036404813827718034,0.003884291149708524,0.03126560203861772,0.015288000742561723,0.0012416647908267055,0.005309536086467916,0.002033997925015721,1.574007584843797,1.4754835279997116,1.6393422811614984,1.3185810474400605
5,24,FasTGFb_006_DAPI.1.1.tif,FasTGFb_006_W647.1.1.tif,FasTGFb_006_G488.1.1.tif,FasTGFb_006_R555.1.1.tif,/Volumes/D/YAPSMAD_Nuclear_Localization/251219_YAPSMAD_Early_D14_Male_#3/tifs,/Volumes/D/YAPSMAD_Nuclear_Localization/251219_YAPSMAD_Early_D14_Male_#3/tifs,/Volumes/D/YAPSMAD_Nuclear_Localization/251219_YAPSMAD_Early_D14_Male_#3/tifs,/Volumes/D/YAPSMAD_Nuclear_Localization/251219_YAPSMAD_Early_D14_Male_#3/tifs,158,0.9769218610461443,0.34226214411817957,1.0236233212440782,0.9103227376472205,3.897276282310486,2.5714809037745,0.026307229836813256,0.0057615363142229144,0.02466630558424358,0.016275195593509494,0.003870583713328529,0.002918368351737543,0.0017972485055837443,1.825514732992996,1.2721263484347887,1.6374943022648563,1.1032444757484643
5,25,FasTGFb_006_DAPI.1.1.tif,FasTGFb_006_W647.1.1.tif,FasTGFb_006_G488.1.1.tif,FasTGFb_006_R555.1.1.tif,/Volumes/D/YAPSMAD_Nuclear_Localization/251219_YAPSMAD_Early_D14_Male_#3/tifs,/Volumes/D/YAPSMAD_Nuclear_Localization/251219_YAPSMAD_Early_D14_Male_#3/tifs,/Volumes/D/YAPSMAD_Nuclear_Localization/251219_YAPSMAD_Early_D14_Male_#3/tifs,/Volumes/D/YAPSMAD_Nuclear_Localization/251219_YAPSMAD_Early_D14_Male_#3/tifs,254,0.9924999968140786,0.4244490310229287,1.0075566782972256,1.1849088440649211,10.22743571922183,3.7513695219531655,0.03373757735496079,0.004664995449074493,0.04026549495756626,0.014769171346272305,0.0028417502041246834,0.006364162722832307,0.001486492763254804,1.8872036703802013,1.6805145254194407,1.84615873432875,1.281573769835754
5,26,FasTGFb_006_DAPI.1.1.tif,FasTGFb_006_W647.1.1.tif,FasTGFb_006_G488.1.1.tif,FasTGFb_006_R555.1.1.tif,/Volumes/D/YAPSMAD_Nuclear_Localization/251219_YAPSMAD_Early_D14_Male_#3/tifs,/Volumes/D/YAPSMAD_Nuclear_Localization/251219_YAPSMAD_Early_D14_Male_#3/tifs,/Volumes/D/YAPSMAD_Nuclear_Localization/251219_YAPSMAD_Early_D14_Male_#3/tifs,/Volumes/D/YAPSMAD_Nuclear_Localization/251219_YAPSMAD_Early_D14_Male_#3/tifs,294,1.127001693644798,0.7790411390601554,0.8873101128765245,2.2816205399576575,13.023514185100794,6.340688228607178,0.02844385489137197,0.007760614081488631,0.0442976672962612,0.02156696676396999,0.00503373025773355,0.005994908168284962,0.0017701843373507686,2.385297855976139,1.5567186078246684,1.9854388536376146,1.2898002610845636
5,27,FasTGFb_006_DAPI.1.1.tif,FasTGFb_006_W647.1.1.tif,FasTGFb_006_G488.1.1.tif,FasTGFb_006_R555.1.1.tif,/Volumes/D/YAPSMAD_Nuclear_Localization/251219_YAPSMAD_Early_D14_Male_#3/tifs,/Volumes/D/YAPSMAD_Nuclear_Localization/251219_YAPSMAD_Early_D14_Male_#3/tifs,/Volumes/D/YAPSMAD_Nuclear_Localization/251219_YAPSMAD_Early_D14_Male_#3/tifs,/Volumes/D/YAPSMAD_Nuclear_Localization/251219_YAPSMAD_Early_D14_Male_#3/tifs,192,1.0137343089437885,0.5899936400928794,0.9864517666782943,0.7701838822104037,3.7033188715577126,3.454764653928578,0.029314726916103002,0.004011374386512519,0.01928811912269642,0.01799356590587801,0.001665241485467247,0.003497938537392131,0.0028644304549981137,2.499874822180917,1.8901577097087963,1.5660121905132542,1.0930661417503789
5,28,FasTGFb_006_DAPI.1.1.tif,FasTGFb_006_W647.1.1.tif,FasTGFb_006_G488.1.1.tif,FasTGFb_006_R555.1.1.tif,/Volumes/D/YAPSMAD_Nuclear_Localization/251219_YAPSMAD_Early_D14_Male_#3/tifs,/Volumes/D/YAPSMAD_Nuclear_Localization/251219_YAPSMAD_Early_D14_Male_#3/tifs,/Volumes/D/YAPSMAD_Nuclear_Localization/251219_YAPSMAD_Early_D14_Male_#3/tifs,/Volumes/D/YAPSMAD_Nuclear_Localization/251219_YAPSMAD_Early_D14_Male_#3/tifs,235,1.0858648576000303,0.7720880539323176,0.9209249134465884,1.648661049315706,7.882597086951137,4.868436733260751,0.036730673441544494,0.007015578933258323,0.03354296632745164,0.020716752056428728,0.0017843021865680466,0.0056235908660306165,0.0011484414131302653,1.7833693836058802,1.4921912544269602,1.725928875258795,1.293668178421332
5,29,FasTGFb_006_DAPI.1.1.tif,FasTGFb_006_W647.1.1.tif,FasTGFb_006_G488.1.1.tif,FasTGFb_006_R555.1.1.tif,/Volumes/D/YAPSMAD_Nuclear_Localization/251219_YAPSMAD_Early_D14_Male_#3/tifs,/Volumes/D/YAPSMAD_Nuclear_Localization/251219_YAPSMAD_Early_D14_Male_#3/tifs,/Volumes/D/YAPSMAD_Nuclear_Localization/251219_YAPSMAD_Early_D14_Male_#3/tifs,/Volumes/D/YAPSMAD_Nuclear_Localization/251219_YAPSMAD_Early_D14_Male_#3/tifs,274,1.076086046068111,0.7216215574969821,0.9292937155480082,2.2817120901308954,9.192141587845981,5.472083666361868,0.031649439085791584,0.008327416387339035,0.03354796199943789,0.01997110827139368,0.002495117523518593,0.010136855193323132,0.004970088723760227,2.019617583579378,1.5839049597717108,2.0840097763842604,1.3665882758162444
5,30,FasTGFb_006_DAPI.1.1.tif,FasTGFb_006_W647.1.1.tif,FasTGFb_006_G488.1.1.tif,FasTGFb_006_R555.1.1.tif,/Volumes/D/YAPSMAD_Nuclear_Localization/251219_YAPSMAD_Early_D14_Male_#3/tifs,/Volumes/D/YAPSMAD_Nuclear_Localization/251219_YAPSMAD_Early_D14_Male_#3/tifs,/Volumes/D/YAPSMAD_Nuclear_Localization/251219_YAPSMAD_Early_D14_Male_#3/tifs,/Volumes/D/YAPSMAD_Nuclear_Localization/251219_YAPSMAD_Early_D14_Male_#3/tifs,211,1.2705357504520145,0.8668170257317488,0.7870695489239348,1.022919065784663,4.694590703584254,2.104448026046157,0.0241271171595248,0.004847957657747218,0.022249245040683666,0.009973687327232972,0.0017619457436039451,0.003906431023174791,0.001319909864071322,1.5619718742301743,1.4649530890168647,1.423579026689255,1.096271890255516
5,31,FasTGFb_006_DAPI.1.1.tif,FasTGFb_006_W647.1.1.tif,FasTGFb_006_G488.1.1.tif,FasTGFb_006_R555.1.1.tif,/Volumes/D/YAPSMAD_Nuclear_Localization/251219_YAPSMAD_Early_D14_Male_#3/tifs,/Volumes/D/YAPSMAD_Nuclear_Localization/251219_YAPSMAD_Early_D14_Male_#3/tifs,/Volumes/D/YAPSMAD_Nuclear_Localization/251219_YAPSMAD_Early_D14_Male_#3/tifs,/Volumes/D/YAPSMAD_Nuclear_Localization/251219_YAPSMAD_Early_D14_Male_#3/tifs,345,1.1283303612591735,0.7921757861776837,0.88626525912503,2.0300145286601037,10.64055850636214,6.359121107496321,0.02687993923985008,0.0058841000830727646,0.030842198569165622,0.018432235094192236,0.002031985151246015,0.0067391178426958005,0.0034302530367456346,2.61619217829007,2.0111842031151723,2.1162032924251775,1.4931723015416152
5,32,FasTGFb_006_DAPI.1.1.tif,FasTGFb_006_W647.1.1.tif,FasTGFb_006_G488.1.1.tif,FasTGFb_006_R555.1.1.tif,/Volumes/D/YAPSMAD_Nuclear_Localization/251219_YAPSMAD_Early_D14_Male_#3/tifs,/Volumes/D/YAPSMAD_Nuclear_Localization/251219_YAPSMAD_Early_D14_Male_#3/tifs,/Volumes/D/YAPSMAD_Nuclear_Localization/251219_YAPSMAD_Early_D14_Male_#3/tifs,/Volumes/D/YAPSMAD_Nuclear_Localization/251219_YAPSMAD_Early_D14_Male_#3/tifs,497,1.434992934943967,0.899941402187499,0.696867542444763,2.4140230705961585,16.556038766168058,8.507270975969732,0.03333362501856667,0.004857189276853437,0.03331194922770233,0.017117245424486383,0.002916288153637567,0.007728497024300587,0.0033903053843124756,2.2039985167253415,1.8693255130420001,1.6650028983923522,1.1086747710301914
5,33,FasTGFb_006_DAPI.1.1.tif,FasTGFb_006_W647.1.1.tif,FasTGFb_006_G488.1.1.tif,FasTGFb_006_R555.1.1.tif,/Volumes/D/YAPSMAD_Nuclear_Localization/251219_YAPSMAD_Early_D14_Male_#3/tifs,/Volumes/D/YAPSMAD_Nuclear_Localization/251219_YAPSMAD_Early_D14_Male_#3/tifs,/Volumes/D/YAPSMAD_Nuclear_Localization/251219_YAPSMAD_Early_D14_Male_#3/tifs,/Volumes/D/YAPSMAD_Nuclear_Localization/251219_YAPSMAD_Early_D14_Male_#3/tifs,182,1.0442499215540135,0.5603768771931397,0.957625161715921,0.6707560899667442,5.660654613748193,1.78912033746019,0.018728018073099,0.0036854730217952976,0.031102497877737324,0.009830331524506538,0.0013172080663947912,0.0028110480772875657,0.0011640340986027043,2.4525403386112012,1.480500565584328,1.7582370934648999,1.1506252301723325
5,34,FasTGFb_006_DAPI.1.1.tif,FasTGFb_006_W647.1.1.tif,FasTGFb_006_G488.1.1.tif,FasTGFb_006_R555.1.1.tif,/Volumes/D/YAPSMAD_Nuclear_Localization/251219_YAPSMAD_Early_D14_Male_#3/tifs,/Volumes/D/YAPSMAD_Nuclear_Localization/251219_YAPSMAD_Early_D14_Male_#3/tifs,/Volumes/D/YAPSMAD_Nuclear_Localization/251219_YAPSMAD_Early_D14_Male_#3/tifs,/Volumes/D/YAPSMAD_Nuclear_Localization/251219_YAPSMAD_Early_D14_Male_#3/tifs,264,1.2099088350452694,0.860538584428982,0.8265085525741982,1.9799038779456168,10.692469704896212,3.2609750740230083,0.030578328522317337,0.007499635901309155,0.04050177918521292,0.012352178310693213,0.00803512200224973,0.009609524393287895,0.0016005670816328116,2.124129103895801,1.7256936672554395,1.8089185292141512,1.2328353079734125
5,35,FasTGFb_006_DAPI.1.1.tif,FasTGFb_006_W647.1.1.tif,FasTGFb_006_G488.1.1.tif,FasTGFb_006_R555.1.1.tif,/Volumes/D/YAPSMAD_Nuclear_Localization/251219_YAPSMAD_Early_D14_Male_#3/tifs,/Volumes/D/YAPSMAD_Nuclear_Localization/251219_YAPSMAD_Early_D14_Male_#3/tifs,/Volumes/D/YAPSMAD_Nuclear_Localization/251219_YAPSMAD_Early_D14_Male_#3/tifs,/Volumes/D/YAPSMAD_Nuclear_Localization/251219_YAPSMAD_Early_D14_Male_#3/tifs,570,1.4646678747698514,0.9094338149792596,0.6827486403066864,3.7322194911539555,12.795208731666207,12.573815573006868,0.023037375346348997,0.006547753493252553,0.02244773461695826,0.022059325566678716,0.0022268386270305816,0.002657198187299242,0.0034460886076168075,2.232782576139234,1.3068699305811817,1.7710541761556275,0.9880831347035924
5,36,FasTGFb_006_DAPI.1.1.tif,FasTGFb_006_W647.1.1.tif,FasTGFb_006_G488.1.1.tif,FasTGFb_006_R555.1.1.tif,/Volumes/D/YAPSMAD_Nuclear_Localization/251219_YAPSMAD_Early_D14_Male_#3/tifs,/Volumes/D/YAPSMAD_Nuclear_Localization/251219_YAPSMAD_Early_D14_Male_#3/tifs,/Volumes/D/YAPSMAD_Nuclear_Localization/251219_YAPSMAD_Early_D14_Male_#3/tifs,/Volumes/D/YAPSMAD_Nuclear_Localization/251219_YAPSMAD_Early_D14_Male_#3/tifs,523,1.5494279682268894,0.9304574485123245,0.6453994767787524,3.8906233876477927,17.223407328128815,7.160891173407435,0.029078706703638484,0.007439050454393485,0.032931945178066566,0.013691952530415746,0.0026118146249843157,0.006925529355081015,0.0023387935448227802,2.16005265762025,2.007754330566183,1.781177517364834,1.4217156316853519
5,37,FasTGFb_006_DAPI.1.1.tif,FasTGFb_006_W647.1.1.tif,FasTGFb_006_G488.1.1.tif,FasTGFb_006_R555.1.1.tif,/Volumes/D/YAPSMAD_Nuclear_Localization/251219_YAPSMAD_Early_D14_Male_#3/tifs,/Volumes/D/YAPSMAD_Nuclear_Localization/251219_YAPSMAD_Early_D14_Male_#3/tifs,/Volumes/D/YAPSMAD_Nuclear_Localization/251219_YAPSMAD_Early_D14_Male_#3/tifs,/Volumes/D/YAPSMAD_Nuclear_Localization/251219_YAPSMAD_Early_D14_Male_#3/tifs,288,1.3329542259508185,0.8958985401934609,0.7502133085528,2.222827522782609,5.808987599331886,7.145967840217054,0.028229084599944245,0.0077181511207729476,0.020170095831013493,0.024812388334086992,0.005122322349780444,0.003977297338697596,0.004132764386218715,2.1686539222586316,1.6434829102733646,1.8418621982448637,1.3524103021301457
5,38,FasTGFb_006_DAPI.1.1.tif,FasTGFb_006_W647.1.1.tif,FasTGFb_006_G488.1.1.tif,FasTGFb_006_R555.1.1.tif,/Volumes/D/YAPSMAD_Nuclear_Localization/251219_YAPSMAD_Early_D14_Male_#3/tifs,/Volumes/D/YAPSMAD_Nuclear_Localization/251219_YAPSMAD_Early_D14_Male_#3/tifs,/Volumes/D/YAPSMAD_Nuclear_Localization/251219_YAPSMAD_Early_D14_Male_#3/tifs,/Volumes/D/YAPSMAD_Nuclear_Localization/251219_YAPSMAD_Early_D14_Male_#3/tifs,314,1.1531867679061107,0.7987490001738582,0.8671622219666478,2.0627909125760198,10.024597563780844,2.9698939793743193,0.03556037305670369,0.006569397810751655,0.031925469948346635,0.009458261080809934,0.0021423213780957656,0.00865541966775259,0.0016329393696749269,4.4477632412158705,2.2904052799607366,3.0073691993883047,1.586469827023091
5,39,FasTGFb_006_DAPI.1.1.tif,FasTGFb_006_W647.1.1.tif,FasTGFb_006_G488.1.1.tif,FasTGFb_006_R555.1.1.tif,/Volumes/D/YAPSMAD_Nuclear_Localization/251219_YAPSMAD_Early_D14_Male_#3/tifs,/Volumes/D/YAPSMAD_Nuclear_Localization/251219_YAPSMAD_Early_D14_Male_#3/tifs,/Volumes/D/YAPSMAD_Nuclear_Localization/251219_YAPSMAD_Early_D14_Male_#3/tifs,/Volumes/D/YAPSMAD_Nuclear_Localization/251219_YAPSMAD_Early_D14_Male_#3/tifs,169,1.3283122067439397,0.9019439660259387,0.7528350601032843,0.5173724011983722,3.7415427044034004,1.8599832337349653,0.024257240084016463,0.003061375155019954,0.022139305943215386,0.01100581795109447,0.00203205600513984,0.0026155564704861394,0.002593789712355611,2.16678424790882,1.6671285802201938,1.4337149458211778,1.1096404206285708
5,40,FasTGFb_006_DAPI.1.1.tif,FasTGFb_006_W647.1.1.tif,FasTGFb_006_G488.1.1.tif,FasTGFb_006_R555.1.1.tif,/Volumes/D/YAPSMAD_Nuclear_Localization/251219_YAPSMAD_Early_D14_Male_#3/tifs,/Volumes/D/YAPSMAD_Nuclear_Localization/251219_YAPSMAD_Early_D14_Male_#3/tifs,/Volumes/D/YAPSMAD_Nuclear_Localization/251219_YAPSMAD_Early_D14_Male_#3/tifs,/Volumes/D/YAPSMAD_Nuclear_Localization/251219_YAPSMAD_Early_D14_Male_#3/tifs,267,1.053581105022198,0.7326023779742201,0.9491438250299022,1.1338521563448012,11.824261862784624,5.058594678528607,0.030047643054206943,0.0042466372896809036,0.04428562495424953,0.018946047485125867,0.0022591581141381194,0.005248321391287545,0.001916411529475391,2.7341398466441826,1.3943313000993243,1.9462311697250072,1.0187526081194078
5,41,FasTGFb_006_DAPI.1.1.tif,FasTGFb_006_W647.1.1.tif,FasTGFb_006_G488.1.1.tif,FasTGFb_006_R555.1.1.tif,/Volumes/D/YAPSMAD_Nuclear_Localization/251219_YAPSMAD_Early_D14_Male_#3/tifs,/Volumes/D/YAPSMAD_Nuclear_Localization/251219_YAPSMAD_Early_D14_Male_#3/tifs,/Volumes/D/YAPSMAD_Nuclear_Localization/251219_YAPSMAD_Early_D14_Male_#3/tifs,/Volumes/D/YAPSMAD_Nuclear_Localization/251219_YAPSMAD_Early_D14_Male_#3/tifs,211,1.1113624128068367,0.7847166544279697,0.8997964916542553,1.8639353231992573,9.267353285104036,2.910399046726525,0.034079615185611055,0.008833816697626812,0.04392110561660681,0.013793360411026185,0.0053830921050697575,0.004619846953595452,0.0020485991774011262,2.391938815254652,1.570466872991883,1.904020949522803,1.1896803526486661
5,42,FasTGFb_006_DAPI.1.1.tif,FasTGFb_006_W647.1.1.tif,FasTGFb_006_G488.1.1.tif,FasTGFb_006_R555.1.1.tif,/Volumes/D/YAPSMAD_Nuclear_Localization/251219_YAPSMAD_Early_D14_Male_#3/tifs,/Volumes/D/YAPSMAD_Nuclear_Localization/251219_YAPSMAD_Early_D14_Male_#3/tifs,/Volumes/D/YAPSMAD_Nuclear_Localization/251219_YAPSMAD_Early_D14_Male_#3/tifs,/Volumes/D/YAPSMAD_Nuclear_Localization/251219_YAPSMAD_Early_D14_Male_#3/tifs,282,1.1749592125233002,0.8093546070524092,0.8510933735754418,3.0668192971497774,8.694956925697625,5.973373034968972,0.028628360113485695,0.010875245734573678,0.03083318058758023,0.021182173882868697,0.008725667269817813,0.009189271698027723,0.00483840941460387,2.8727484659540834,1.7561652763058213,2.31202152633213,1.319078223977442
5,43,FasTGFb_006_DAPI.1.1.tif,FasTGFb_006_W647.1.1.tif,FasTGFb_006_G488.1.1.tif,FasTGFb_006_R555.1.1.tif,/Volumes/D/YAPSMAD_Nuclear_Localization/251219_YAPSMAD_Early_D14_Male_#3/tifs,/Volumes/D/YAPSMAD_Nuclear_Localization/251219_YAPSMAD_Early_D14_Male_#3/tifs,/Volumes/D/YAPSMAD_Nuclear_Localization/251219_YAPSMAD_Early_D14_Male_#3/tifs,/Volumes/D/YAPSMAD_Nuclear_Localization/251219_YAPSMAD_Early_D14_Male_#3/tifs,362,1.093430798033947,0.6463272965785406,0.9145526189659728,3.0119478469714522,14.781612923368812,7.255146147683263,0.03940305177595734,0.008320297919810642,0.040833184871184564,0.02004184018697034,0.0044737728972358455,0.006808297341858751,0.0027927917831325404,2.1562843048643754,1.4610949156047666,2.1424692292295378,1.4945454269750673
5,44,FasTGFb_006_DAPI.1.1.tif,FasTGFb_006_W647.1.1.tif,FasTGFb_006_G488.1.1.tif,FasTGFb_006_R555.1.1.tif,/Volumes/D/YAPSMAD_Nuclear_Localization/251219_YAPSMAD_Early_D14_Male_#3/tifs,/Volumes/D/YAPSMAD_Nuclear_Localization/251219_YAPSMAD_Early_D14_Male_#3/tifs,/Volumes/D/YAPSMAD_Nuclear_Localization/251219_YAPSMAD_Early_D14_Male_#3/tifs,/Volumes/D/YAPSMAD_Nuclear_Localization/251219_YAPSMAD_Early_D14_Male_#3/tifs,478,1.5291900811357066,0.8894499386367853,0.6539409405907962,1.9166552498936653,6.264499941375107,1.4605783184524626,0.019785875842271365,0.004009739016513944,0.013105648412918633,0.003055603176678792,0.0023451080349671935,0.0022784929485117817,0.0004507488288227484,1.119945849366448,0.880104303359196,0.6505468563750182,0.9746883186491699
5,45,FasTGFb_006_DAPI.1.1.tif,FasTGFb_006_W647.1.1.tif,FasTGFb_006_G488.1.1.tif,FasTGFb_006_R555.1.1.tif,/Volumes/D/YAPSMAD_Nuclear_Localization/251219_YAPSMAD_Early_D14_Male_#3/tifs,/Volumes/D/YAPSMAD_Nuclear_Localization/251219_YAPSMAD_Early_D14_Male_#3/tifs,/Volumes/D/YAPSMAD_Nuclear_Localization/251219_YAPSMAD_Early_D14_Male_#3/tifs,/Volumes/D/YAPSMAD_Nuclear_Localization/251219_YAPSMAD_Early_D14_Male_#3/tifs,257,1.11625127645581,0.7720542362855256,0.8958556385037988,1.5442740784492344,11.003662168979645,5.341786855831742,0.03335141250320098,0.006008848554277177,0.04281580610497916,0.02078516286315853,0.002017702707387235,0.00507005236620724,0.0015735621513542958,2.611785305812484,1.6612090065940324,1.9954013372669135,1.2175410062910241
5,46,FasTGFb_006_DAPI.1.1.tif,FasTGFb_006_W647.1.1.tif,FasTGFb_006_G488.1.1.tif,FasTGFb_006_R555.1.1.tif,/Volumes/D/YAPSMAD_Nuclear_Localization/251219_YAPSMAD_Early_D14_Male_#3/tifs,/Volumes/D/YAPSMAD_Nuclear_Localization/251219_YAPSMAD_Early_D14_Male_#3/tifs,/Volumes/D/YAPSMAD_Nuclear_Localization/251219_YAPSMAD_Early_D14_Male_#3/tifs,/Volumes/D/YAPSMAD_Nuclear_Localization/251219_YAPSMAD_Early_D14_Male_#3/tifs,313,1.2108698307099026,0.8597654218928397,0.8258526016902453,1.8387579475529492,13.678767062723637,5.409399590454996,0.02823889200179912,0.005874626030520604,0.04370213119081034,0.01728242680656548,0.0019922942496566993,0.0044734446633358975,0.0012658143395303878,2.1149894465754135,1.4640368625241502,1.7295915521279028,1.194350401491044
5,47,FasTGFb_006_DAPI.1.1.tif,FasTGFb_006_W647.1.1.tif,FasTGFb_006_G488.1.1.tif,FasTGFb_006_R555.1.1.tif,/Volumes/D/YAPSMAD_Nuclear_Localization/251219_YAPSMAD_Early_D14_Male_#3/tifs,/Volumes/D/YAPSMAD_Nuclear_Localization/251219_YAPSMAD_Early_D14_Male_#3/tifs,/Volumes/D/YAPSMAD_Nuclear_Localization/251219_YAPSMAD_Early_D14_Male_#3/tifs,/Volumes/D/YAPSMAD_Nuclear_Localization/251219_YAPSMAD_Early_D14_Male_#3/tifs,90,1.3428298322204508,0.8931923320115956,0.7446959964736851,0.19540703436359763,2.4740367773920298,0.47003892017528415,0.016539932104448478,0.0021711892707066403,0.027489297526578107,0.005222654668614268,0.0006547060702631225,0.008763953605870256,0.000293511376787041,1.5316003962078686,1.3329581146948422,1.2295954218292495,1.127620356813319
5,48,FasTGFb_006_DAPI.1.1.tif,FasTGFb_006_W647.1.1.tif,FasTGFb_006_G488.1.1.tif,FasTGFb_006_R555.1.1.tif,/Volumes/D/YAPSMAD_Nuclear_Localization/251219_YAPSMAD_Early_D14_Male_#3/tifs,/Volumes/D/YAPSMAD_Nuclear_Localization/251219_YAPSMAD_Early_D14_Male_#3/tifs,/Volumes/D/YAPSMAD_Nuclear_Localization/251219_YAPSMAD_Early_D14_Male_#3/tifs,/Volumes/D/YAPSMAD_Nuclear_Localization/251219_YAPSMAD_Early_D14_Male_#3/tifs,440,1.5531266018180026,0.8843611190224326,0.6438625150257914,1.0219424779061228,14.817730989307165,7.33528654742986,0.036455017171630806,0.0023225965406957335,0.03367666133933447,0.016671105789613318,0.0009381302111340291,0.006278978181929957,0.0020828010221780055,2.3941699133148533,1.8316351329373721,1.5379158168893625,1.135595257953721
5,49,FasTGFb_006_DAPI.1.1.tif,FasTGFb_006_W647.1.1.tif,FasTGFb_006_G488.1.1.tif,FasTGFb_006_R555.1.1.tif,/Volumes/D/YAPSMAD_Nuclear_Localization/251219_YAPSMAD_Early_D14_Male_#3/tifs,/Volumes/D/YAPSMAD_Nuclear_Localization/251219_YAPSMAD_Early_D14_Male_#3/tifs,/Volumes/D/YAPSMAD_Nuclear_Localization/251219_YAPSMAD_Early_D14_Male_#3/tifs,/Volumes/D/YAPSMAD_Nuclear_Localization/251219_YAPSMAD_Early_D14_Male_#3/tifs,263,1.2183656294182037,0.8652565065434644,0.8207716762968124,1.7279621800407767,10.333577493205667,4.255970109254122,0.029089149682580744,0.006570198403196869,0.039291169175686945,0.016182395852677268,0.0040523390514939864,0.00528505453899599,0.002574797250618556,2.000187627451766,1.684631865361612,1.7981894610929758,1.1871295607734254
6,1,FasTGFb_007_DAPI.1.1.tif,FasTGFb_007_W647.1.1.tif,FasTGFb_007_G488.1.1.tif,FasTGFb_007_R555.1.1.tif,/Volumes/D/YAPSMAD_Nuclear_Localization/251219_YAPSMAD_Early_D14_Male_#3/tifs,/Volumes/D/YAPSMAD_Nuclear_Localization/251219_YAPSMAD_Early_D14_Male_#3/tifs,/Volumes/D/YAPSMAD_Nuclear_Localization/251219_YAPSMAD_Early_D14_Male_#3/tifs,/Volumes/D/YAPSMAD_Nuclear_Localization/251219_YAPSMAD_Early_D14_Male_#3/tifs,313,1.511811342605273,0.9239619489893849,0.6614581937695485,2.1123064381536096,6.318226938135922,8.56334787234664,0.028998771789498605,0.0067485828695003506,0.0201860285563448,0.027358938889286387,0.0028128846928214,0.0016324112454811394,0.003805460667714629,1.9384050172592442,1.20307994558283,1.5276143457887303,0.8941665200557494
6,2,FasTGFb_007_DAPI.1.1.tif,FasTGFb_007_W647.1.1.tif,FasTGFb_007_G488.1.1.tif,FasTGFb_007_R555.1.1.tif,/Volumes/D/YAPSMAD_Nuclear_Localization/251219_YAPSMAD_Early_D14_Male_#3/tifs,/Volumes/D/YAPSMAD_Nuclear_Localization/251219_YAPSMAD_Early_D14_Male_#3/tifs,/Volumes/D/YAPSMAD_Nuclear_Localization/251219_YAPSMAD_Early_D14_Male_#3/tifs,/Volumes/D/YAPSMAD_Nuclear_Localization/251219_YAPSMAD_Early_D14_Male_#3/tifs,360,1.3884784911887476,0.8989129412847519,0.7202128130511037,2.3103227626997977,6.124437368474901,5.5897765047848225,0.025100116229926545,0.00641756322972166,0.017012326023541392,0.015527156957735619,0.002786439295918609,0.004154095031622449,0.0017911901122595083,1.8385579429014935,1.533294757524746,1.9093496189946855,1.36204821018102
6,3,FasTGFb_007_DAPI.1.1.tif,FasTGFb_007_W647.1.1.tif,FasTGFb_007_G488.1.1.tif,FasTGFb_007_R555.1.1.tif,/Volumes/D/YAPSMAD_Nuclear_Localization/251219_YAPSMAD_Early_D14_Male_#3/tifs,/Volumes/D/YAPSMAD_Nuclear_Localization/251219_YAPSMAD_Early_D14_Male_#3/tifs,/Volumes/D/YAPSMAD_Nuclear_Localization/251219_YAPSMAD_Early_D14_Male_#3/tifs,/Volumes/D/YAPSMAD_Nuclear_Localization/251219_YAPSMAD_Early_D14_Male_#3/tifs,433,1.1715209137244624,0.8067476846837008,0.853591249020755,1.677821030607447,10.232806941494346,8.377126784063876,0.03420833074735095,0.0038748753593705475,0.023632348594675164,0.019346713127168305,0.0012842291265717772,0.0021367682140065276,0.0026318645356841297,2.039081391276737,1.5687595208157732,1.353963014628228,1.0679585269136844
6,4,FasTGFb_007_DAPI.1.1.tif,FasTGFb_007_W647.1.1.tif,FasTGFb_007_G488.1.1.tif,FasTGFb_007_R555.1.1.tif,/Volumes/D/YAPSMAD_Nuclear_Localization/251219_YAPSMAD_Early_D14_Male_#3/tifs,/Volumes/D/YAPSMAD_Nuclear_Localization/251219_YAPSMAD_Early_D14_Male_#3/tifs,/Volumes/D/YAPSMAD_Nuclear_Localization/251219_YAPSMAD_Early_D14_Male_#3/tifs,/Volumes/D/YAPSMAD_Nuclear_Localization/251219_YAPSMAD_Early_D14_Male_#3/tifs,185,1.0520918233362562,0.7327588781513548,0.9504873793514814,0.10371557180769742,1.3709773598238826,2.395529141649604,0.028909495508147254,0.0005606247124740401,0.007410688431480446,0.01294880617107894,0.00011861863292878268,0.0011139732960132067,0.0016901844048253989,1.1268636600954371,1.1707766950940552,0.9313334571695139,0.9168647465790459
6,5,FasTGFb_007_DAPI.1.1.tif,FasTGFb_007_W647.1.1.tif,FasTGFb_007_G488.1.1.tif,FasTGFb_007_R555.1.1.tif,/Volumes/D/YAPSMAD_Nuclear_Localization/251219_YAPSMAD_Early_D14_Male_#3/tifs,/Volumes/D/YAPSMAD_Nuclear_Localization/251219_YAPSMAD_Early_D14_Male_#3/tifs,/Volumes/D/YAPSMAD_Nuclear_Localization/251219_YAPSMAD_Early_D14_Male_#3/tifs,/Volumes/D/YAPSMAD_Nuclear_Localization/251219_YAPSMAD_Early_D14_Male_#3/tifs,257,1.2563632274112249,0.8024302103438365,0.7959481606768536,2.7800259615760297,4.707331978715956,5.467978974804282,0.026677282813371155,0.010817221640373657,0.01831646684325275,0.02127618278133962,0.005143242255059956,0.002954813154112369,0.0024536286744988246,1.5861118629060913,1.411899751165455,1.5436295078475428,1.2362507388719912
6,6,FasTGFb_007_DAPI.1.1.tif,FasTGFb_007_W647.1.1.tif,FasTGFb_007_G488.1.1.tif,FasTGFb_007_R555.1.1.tif,/Volumes/D/YAPSMAD_Nuclear_Localization/251219_YAPSMAD_Early_D14_Male_#3/tifs,/Volumes/D/YAPSMAD_Nuclear_Localization/251219_YAPSMAD_Early_D14_Male_#3/tifs,/Volumes/D/YAPSMAD_Nuclear_Localization/251219_YAPSMAD_Early_D14_Male_#3/tifs,/Volumes/D/YAPSMAD_Nuclear_Localization/251219_YAPSMAD_Early_D14_Male_#3/tifs,222,1.1833291979794944,0.8271982906386015,0.8450733757837425,2.1181506323628128,4.7609674436971545,4.309483521617949,0.02557006541656347,0.009541219064697355,0.02144579929593313,0.019412087935215986,0.0024794243393463085,0.005828229791050627,0.0038441446004242636,1.6120863398888072,1.4338907470411408,1.5254901403868268,1.3079925145093172
6,7,FasTGFb_007_DAPI.1.1.tif,FasTGFb_007_W647.1.1.tif,FasTGFb_007_G488.1.1.tif,FasTGFb_007_R555.1.1.tif,/Volumes/D/YAPSMAD_Nuclear_Localization/251219_YAPSMAD_Early_D14_Male_#3/tifs,/Volumes/D/YAPSMAD_Nuclear_Localization/251219_YAPSMAD_Early_D14_Male_#3/tifs,/Volumes/D/YAPSMAD_Nuclear_Localization/251219_YAPSMAD_Early_D14_Male_#3/tifs,/Volumes/D/YAPSMAD_Nuclear_Localization/251219_YAPSMAD_Early_D14_Male_#3/tifs,195,1.61303296226968,0.9210546999630874,0.619950133314642,0.9779507331550121,3.191210824996233,3.0179293733090162,0.016794940389883824,0.005015131964897498,0.0163651837179294,0.015476560888764186,0.0016604737847392738,0.0017621568594641853,0.0012520750582245403,1.7496892498435617,1.3654235710298253,1.5888895357264243,1.1909641485267695
6,8,FasTGFb_007_DAPI.1.1.tif,FasTGFb_007_W647.1.1.tif,FasTGFb_007_G488.1.1.tif,FasTGFb_007_R555.1.1.tif,/Volumes/D/YAPSMAD_Nuclear_Localization/251219_YAPSMAD_Early_D14_Male_#3/tifs,/Volumes/D/YAPSMAD_Nuclear_Localization/251219_YAPSMAD_Early_D14_Male_#3/tifs,/Volumes/D/YAPSMAD_Nuclear_Localization/251219_YAPSMAD_Early_D14_Male_#3/tifs,/Volumes/D/YAPSMAD_Nuclear_Localization/251219_YAPSMAD_Early_D14_Male_#3/tifs,226,1.148542462088514,0.8293760056664681,0.8706687240640595,0.979171444894746,4.533730087801814,2.847562394104898,0.027470965737856068,0.0043326170128086105,0.020060752600892982,0.012599833602234062,0.0017649664547312756,0.0027842913685375945,0.0012000493786785337,2.5151789255305146,1.989596891454652,1.7321458051632408,1.3207446630398432
6,9,FasTGFb_007_DAPI.1.1.tif,FasTGFb_007_W647.1.1.tif,FasTGFb_007_G488.1.1.tif,FasTGFb_007_R555.1.1.tif,/Volumes/D/YAPSMAD_Nuclear_Localization/251219_YAPSMAD_Early_D14_Male_#3/tifs,/Volumes/D/YAPSMAD_Nuclear_Localization/251219_YAPSMAD_Early_D14_Male_#3/tifs,/Volumes/D/YAPSMAD_Nuclear_Localization/251219_YAPSMAD_Early_D14_Male_#3/tifs,/Volumes/D/YAPSMAD_Nuclear_Localization/251219_YAPSMAD_Early_D14_Male_#3/tifs,350,1.1309198539665395,0.7563881903724734,0.8842359575637858,3.084214583504945,8.372976305894554,5.600396770052612,0.04090272377378174,0.008812041667156986,0.023922789445413012,0.01600113362872175,0.003553192668613869,0.0032306448447401684,0.0020643829058520453,2.180291627777522,1.6974848951410084,2.142218631094504,1.3924048122764976
6,10,FasTGFb_007_DAPI.1.1.tif,FasTGFb_007_W647.1.1.tif,FasTGFb_007_G488.1.1.tif,FasTGFb_007_R555.1.1.tif,/Volumes/D/YAPSMAD_Nuclear_Localization/251219_YAPSMAD_Early_D14_Male_#3/tifs,/Volumes/D/YAPSMAD_Nuclear_Localization/251219_YAPSMAD_Early_D14_Male_#3/tifs,/Volumes/D/YAPSMAD_Nuclear_Localization/251219_YAPSMAD_Early_D14_Male_#3/tifs,/Volumes/D/YAPSMAD_Nuclear_Localization/251219_YAPSMAD_Early_D14_Male_#3/tifs,462,1.2277353856693636,0.8561460585114085,0.8145077609331902,3.974013935541734,9.133409694768488,11.291737291961908,0.036011291663787325,0.008601761765241848,0.019769285053611446,0.02444098980944136,0.0037512396839543515,0.0029275876973900087,0.0059785205181141395,1.5859047333728142,1.2064505831908567,2.343072389504516,1.132954284263551
6,11,FasTGFb_007_DAPI.1.1.tif,FasTGFb_007_W647.1.1.tif,FasTGFb_007_G488.1.1.tif,FasTGFb_007_R555.1.1.tif,/Volumes/D/YAPSMAD_Nuclear_Localization/251219_YAPSMAD_Early_D14_Male_#3/tifs,/Volumes/D/YAPSMAD_Nuclear_Localization/251219_YAPSMAD_Early_D14_Male_#3/tifs,/Volumes/D/YAPSMAD_Nuclear_Localization/251219_YAPSMAD_Early_D14_Male_#3/tifs,/Volumes/D/YAPSMAD_Nuclear_Localization/251219_YAPSMAD_Early_D14_Male_#3/tifs,371,1.117622925011221,0.7705395309712462,0.8947561629428458,3.8823529849760234,5.066620934288949,3.771465669386089,0.03477679155114285,0.010464563301822166,0.013656660200239755,0.010165675658722612,0.006594328496769434,0.0023107386219361047,0.0019337226380444418,1.9731384191140644,1.354709706503772,1.7680613212479797,0.931484413604249
6,12,FasTGFb_007_DAPI.1.1.tif,FasTGFb_007_W647.1.1.tif,FasTGFb_007_G488.1.1.tif,FasTGFb_007_R555.1.1.tif,/Volumes/D/YAPSMAD_Nuclear_Localization/251219_YAPSMAD_Early_D14_Male_#3/tifs,/Volumes/D/YAPSMAD_Nuclear_Localization/251219_YAPSMAD_Early_D14_Male_#3/tifs,/Volumes/D/YAPSMAD_Nuclear_Localization/251219_YAPSMAD_Early_D14_Male_#3/tifs,/Volumes/D/YAPSMAD_Nuclear_Localization/251219_YAPSMAD_Early_D14_Male_#3/tifs,496,1.1120578442544546,0.6421438390721956,0.8992337990029823,2.670496715698391,11.033753015100956,11.27682922873646,0.030772155839874738,0.005384065959069337,0.02224546978850999,0.022735542799871895,0.0034907963623153756,0.003312944176705584,0.0025901079970150776,2.2969936146536023,1.5859603380140594,2.2495689240020167,1.2992485944755015
6,13,FasTGFb_007_DAPI.1.1.tif,FasTGFb_007_W647.1.1.tif,FasTGFb_007_G488.1.1.tif,FasTGFb_007_R555.1.1.tif,/Volumes/D/YAPSMAD_Nuclear_Localization/251219_YAPSMAD_Early_D14_Male_#3/tifs,/Volumes/D/YAPSMAD_Nuclear_Localization/251219_YAPSMAD_Early_D14_Male_#3/tifs,/Volumes/D/YAPSMAD_Nuclear_Localization/251219_YAPSMAD_Early_D14_Male_#3/tifs,/Volumes/D/YAPSMAD_Nuclear_Localization/251219_YAPSMAD_Early_D14_Male_#3/tifs,228,1.0508146587591767,0.6400353629107817,0.9516426057291781,0.531380180735141,3.669932131189853,2.844586884137243,0.026127929611360293,0.0023306148277857063,0.016096193557850233,0.012476258263759837,0.0012479357929295947,0.0031523297980176113,0.0021524548231211956,1.6762104977310006,1.6740322225264457,1.3159903102539452,1.1924594305753469
6,14,FasTGFb_007_DAPI.1.1.tif,FasTGFb_007_W647.1.1.tif,FasTGFb_007_G488.1.1.tif,FasTGFb_007_R555.1.1.tif,/Volumes/D/YAPSMAD_Nuclear_Localization/251219_YAPSMAD_Early_D14_Male_#3/tifs,/Volumes/D/YAPSMAD_Nuclear_Localization/251219_YAPSMAD_Early_D14_Male_#3/tifs,/Volumes/D/YAPSMAD_Nuclear_Localization/251219_YAPSMAD_Early_D14_Male_#3/tifs,/Volumes/D/YAPSMAD_Nuclear_Localization/251219_YAPSMAD_Early_D14_Male_#3/tifs,215,1.0809573639764727,0.734166341406537,0.9251058675629368,2.2934157548006624,3.6817120919004083,3.505149945616722,0.028581212694908296,0.010667050022328662,0.017124242287908875,0.016303023002868476,0.011781293872113784,0.0025459416120200426,0.002178486951821759,1.536145808534423,1.420770286778981,1.5058734743751838,1.2544746725314824
6,15,FasTGFb_007_DAPI.1.1.tif,FasTGFb_007_W647.1.1.tif,FasTGFb_007_G488.1.1.tif,FasTGFb_007_R555.1.1.tif,/Volumes/D/YAPSMAD_Nuclear_Localization/251219_YAPSMAD_Early_D14_Male_#3/tifs,/Volumes/D/YAPSMAD_Nuclear_Localization/251219_YAPSMAD_Early_D14_Male_#3/tifs,/Volumes/D/YAPSMAD_Nuclear_Localization/251219_YAPSMAD_Early_D14_Male_#3/tifs,/Volumes/D/YAPSMAD_Nuclear_Localization/251219_YAPSMAD_Early_D14_Male_#3/tifs,404,1.0529176269698526,0.377694199706508,0.9497419117940479,5.087281657382846,7.870771387591958,6.890058793127537,0.04118746167076475,0.01259228133015556,0.019482107395029598,0.017054600973087964,0.0069427389204013154,0.0022044041053483404,0.003196104466272338,2.0929534934629164,1.1951372734074033,1.6907965880799016,0.9220043258188027
6,16,FasTGFb_007_DAPI.1.1.tif,FasTGFb_007_W647.1.1.tif,FasTGFb_007_G488.1.1.tif,FasTGFb_007_R555.1.1.tif,/Volumes/D/YAPSMAD_Nuclear_Localization/251219_YAPSMAD_Early_D14_Male_#3/tifs,/Volumes/D/YAPSMAD_Nuclear_Localization/251219_YAPSMAD_Early_D14_Male_#3/tifs,/Volumes/D/YAPSMAD_Nuclear_Localization/251219_YAPSMAD_Early_D14_Male_#3/tifs,/Volumes/D/YAPSMAD_Nuclear_Localization/251219_YAPSMAD_Early_D14_Male_#3/tifs,185,0.9927819806056674,0.4787135345650837,1.0072704979898297,0.7712672727648169,3.611749473027885,5.045670265331864,0.033431609760265095,0.004169012285215226,0.019522970124475052,0.027273893326118185,0.0018273918239921582,0.002969693627152536,0.005176668118816427,1.568329764536434,1.5513662139623838,1.6732343105431526,1.1765869084977563
6,17,FasTGFb_007_DAPI.1.1.tif,FasTGFb_007_W647.1.1.tif,FasTGFb_007_G488.1.1.tif,FasTGFb_007_R555.1.1.tif,/Volumes/D/YAPSMAD_Nuclear_Localization/251219_YAPSMAD_Early_D14_Male_#3/tifs,/Volumes/D/YAPSMAD_Nuclear_Localization/251219_YAPSMAD_Early_D14_Male_#3/tifs,/Volumes/D/YAPSMAD_Nuclear_Localization/251219_YAPSMAD_Early_D14_Male_#3/tifs,/Volumes/D/YAPSMAD_Nuclear_Localization/251219_YAPSMAD_Early_D14_Male_#3/tifs,339,1.1403472294101311,0.7370221708786612,0.8769258820554783,1.3785763513296843,8.226794889196754,7.047669235616922,0.036174594773567534,0.00406659690657724,0.024267831531553846,0.02078958476583163,0.0026195406194378648,0.0025674156758027935,0.004887776652843935,2.0441508385238336,1.4969401060898944,1.5920006937321716,1.133927916118832
6,18,FasTGFb_007_DAPI.1.1.tif,FasTGFb_007_W647.1.1.tif,FasTGFb_007_G488.1.1.tif,FasTGFb_007_R555.1.1.tif,/Volumes/D/YAPSMAD_Nuclear_Localization/251219_YAPSMAD_Early_D14_Male_#3/tifs,/Volumes/D/YAPSMAD_Nuclear_Localization/251219_YAPSMAD_Early_D14_Male_#3/tifs,/Volumes/D/YAPSMAD_Nuclear_Localization/251219_YAPSMAD_Early_D14_Male_#3/tifs,/Volumes/D/YAPSMAD_Nuclear_Localization/251219_YAPSMAD_Early_D14_Male_#3/tifs,190,1.0838295689923694,0.790632576502844,0.9226542886532378,2.863660651957616,5.9460746152326465,2.3022202104330063,0.03744041960882513,0.01507189816819798,0.031295129553856035,0.012116948475963191,0.01026556927155211,0.012894182329554523,0.0019441973900897814,2.5204835383889646,2.043133339922162,1.4720423579672812,1.0560918907511019
6,19,FasTGFb_007_DAPI.1.1.tif,FasTGFb_007_W647.1.1.tif,FasTGFb_007_G488.1.1.tif,FasTGFb_007_R555.1.1.tif,/Volumes/D/YAPSMAD_Nuclear_Localization/251219_YAPSMAD_Early_D14_Male_#3/tifs,/Volumes/D/YAPSMAD_Nuclear_Localization/251219_YAPSMAD_Early_D14_Male_#3/tifs,/Volumes/D/YAPSMAD_Nuclear_Localization/251219_YAPSMAD_Early_D14_Male_#3/tifs,/Volumes/D/YAPSMAD_Nuclear_Localization/251219_YAPSMAD_Early_D14_Male_#3/tifs,283,1.7924683944971447,0.846863923095532,0.5578898925470526,2.0848706972319633,7.616006751544774,2.8677958701737225,0.04034701073640964,0.007367034265837326,0.02691168463443383,0.010133554311567924,0.004579940193574564,0.0107661863590045,0.0027275229860480943,2.021155498017488,1.921579512980069,1.3907616988778821,1.5969565291099674
6,20,FasTGFb_007_DAPI.1.1.tif,FasTGFb_007_W647.1.1.tif,FasTGFb_007_G488.1.1.tif,FasTGFb_007_R555.1.1.tif,/Volumes/D/YAPSMAD_Nuclear_Localization/251219_YAPSMAD_Early_D14_Male_#3/tifs,/Volumes/D/YAPSMAD_Nuclear_Localization/251219_YAPSMAD_Early_D14_Male_#3/tifs,/Volumes/D/YAPSMAD_Nuclear_Localization/251219_YAPSMAD_Early_D14_Male_#3/tifs,/Volumes/D/YAPSMAD_Nuclear_Localization/251219_YAPSMAD_Early_D14_Male_#3/tifs,177,1.0125028988111087,0.6812485179266359,0.9876514933183996,0.7228809087537229,3.4109712559729815,3.920500511303544,0.034787466360182415,0.004084072930811994,0.019271024045045094,0.02214972040284488,0.0028407804006222075,0.0022783115267780156,0.0021294376533124077,2.038758162889329,1.5157306526958967,1.8657406287615186,1.237956395961143
6,21,FasTGFb_007_DAPI.1.1.tif,FasTGFb_007_W647.1.1.tif,FasTGFb_007_G488.1.1.tif,FasTGFb_007_R555.1.1.tif,/Volumes/D/YAPSMAD_Nuclear_Localization/251219_YAPSMAD_Early_D14_Male_#3/tifs,/Volumes/D/YAPSMAD_Nuclear_Localization/251219_YAPSMAD_Early_D14_Male_#3/tifs,/Volumes/D/YAPSMAD_Nuclear_Localization/251219_YAPSMAD_Early_D14_Male_#3/tifs,/Volumes/D/YAPSMAD_Nuclear_Localization/251219_YAPSMAD_Early_D14_Male_#3/tifs,368,1.0504829097011805,0.6777328805650518,0.9519431404024071,1.1899595737922937,7.480659244582057,6.000595143996179,0.037699943092024034,0.003233585798348624,0.02032787838201646,0.01630596506520701,0.0024519077243944204,0.002448416182298025,0.0013619705350456988,2.22356512873904,1.6871114335997073,1.9319397187035743,1.2575336078100148
6,22,FasTGFb_007_DAPI.1.1.tif,FasTGFb_007_W647.1.1.tif,FasTGFb_007_G488.1.1.tif,FasTGFb_007_R555.1.1.tif,/Volumes/D/YAPSMAD_Nuclear_Localization/251219_YAPSMAD_Early_D14_Male_#3/tifs,/Volumes/D/YAPSMAD_Nuclear_Localization/251219_YAPSMAD_Early_D14_Male_#3/tifs,/Volumes/D/YAPSMAD_Nuclear_Localization/251219_YAPSMAD_Early_D14_Male_#3/tifs,/Volumes/D/YAPSMAD_Nuclear_Localization/251219_YAPSMAD_Early_D14_Male_#3/tifs,254,1.034248354139558,0.5655358634897522,0.966885754275093,1.439108902355656,5.0070954747498035,4.16581982281059,0.030064778868108988,0.0056657830801403785,0.019712974310038597,0.016400865444136183,0.00141661026433403,0.002670736764679375,0.0016531803308810645,2.058994803558369,1.703535477878021,2.066613379292181,1.365686404955232
6,23,FasTGFb_007_DAPI.1.1.tif,FasTGFb_007_W647.1.1.tif,FasTGFb_007_G488.1.1.tif,FasTGFb_007_R555.1.1.tif,/Volumes/D/YAPSMAD_Nuclear_Localization/251219_YAPSMAD_Early_D14_Male_#3/tifs,/Volumes/D/YAPSMAD_Nuclear_Localization/251219_YAPSMAD_Early_D14_Male_#3/tifs,/Volumes/D/YAPSMAD_Nuclear_Localization/251219_YAPSMAD_Early_D14_Male_#3/tifs,/Volumes/D/YAPSMAD_Nuclear_Localization/251219_YAPSMAD_Early_D14_Male_#3/tifs,212,1.154380323746869,0.8265973528700544,0.8662656313772017,1.987930138129741,6.443915486335754,3.957930908538401,0.03502305420467033,0.009377028953442175,0.03039582776573469,0.01866948541763397,0.005763595317612533,0.009316228071641277,0.002421118882088898,2.2744302791214706,1.6978419342127364,1.6882923856570697,1.277980185511664
6,24,FasTGFb_007_DAPI.1.1.tif,FasTGFb_007_W647.1.1.tif,FasTGFb_007_G488.1.1.tif,FasTGFb_007_R555.1.1.tif,/Volumes/D/YAPSMAD_Nuclear_Localization/251219_YAPSMAD_Early_D14_Male_#3/tifs,/Volumes/D/YAPSMAD_Nuclear_Localization/251219_YAPSMAD_Early_D14_Male_#3/tifs,/Volumes/D/YAPSMAD_Nuclear_Localization/251219_YAPSMAD_Early_D14_Male_#3/tifs,/Volumes/D/YAPSMAD_Nuclear_Localization/251219_YAPSMAD_Early_D14_Male_#3/tifs,246,1.2081419065599703,0.8524842518400109,0.8277173356624737,1.2691539095249027,6.006988672539592,4.865949500352144,0.03494588934960283,0.005159162233841068,0.024418653140404846,0.019780282521756683,0.001717672877044791,0.005667852526143007,0.0031348460658859375,2.222793062886944,1.5583052719604837,2.957378132640138,1.261161572104578
6,25,FasTGFb_007_DAPI.1.1.tif,FasTGFb_007_W647.1.1.tif,FasTGFb_007_G488.1.1.tif,FasTGFb_007_R555.1.1.tif,/Volumes/D/YAPSMAD_Nuclear_Localization/251219_YAPSMAD_Early_D14_Male_#3/tifs,/Volumes/D/YAPSMAD_Nuclear_Localization/251219_YAPSMAD_Early_D14_Male_#3/tifs,/Volumes/D/YAPSMAD_Nuclear_Localization/251219_YAPSMAD_Early_D14_Male_#3/tifs,/Volumes/D/YAPSMAD_Nuclear_Localization/251219_YAPSMAD_Early_D14_Male_#3/tifs,201,1.0147653260355425,0.46305140337035017,0.9854495165958939,0.6057831756770611,3.4739910094067454,2.8201571917161345,0.035607648962432174,0.003013846645159508,0.017283537360232564,0.014030632794607634,0.002485236063120382,0.0038724408427753096,0.001774696261139621,1.9724792968692224,1.9365469506325947,2.302423767450525,1.84558450479752
6,26,FasTGFb_007_DAPI.1.1.tif,FasTGFb_007_W647.1.1.tif,FasTGFb_007_G488.1.1.tif,FasTGFb_007_R555.1.1.tif,/Volumes/D/YAPSMAD_Nuclear_Localization/251219_YAPSMAD_Early_D14_Male_#3/tifs,/Volumes/D/YAPSMAD_Nuclear_Localization/251219_YAPSMAD_Early_D14_Male_#3/tifs,/Volumes/D/YAPSMAD_Nuclear_Localization/251219_YAPSMAD_Early_D14_Male_#3/tifs,/Volumes/D/YAPSMAD_Nuclear_Localization/251219_YAPSMAD_Early_D14_Male_#3/tifs,397,1.1205963237613976,0.5007546203969375,0.8923820101813259,3.426947481231764,8.149675796739757,7.821088006719947,0.03927810604142152,0.00863210952451326,0.020528150621510723,0.019700473568564098,0.0037063138612966197,0.002969116166704923,0.0036150906048540345,1.92856610956111,1.454038944126012,1.886250853416301,1.2056113803623452
6,27,FasTGFb_007_DAPI.1.1.tif,FasTGFb_007_W647.1.1.tif,FasTGFb_007_G488.1.1.tif,FasTGFb_007_R555.1.1.tif,/Volumes/D/YAPSMAD_Nuclear_Localization/251219_YAPSMAD_Early_D14_Male_#3/tifs,/Volumes/D/YAPSMAD_Nuclear_Localization/251219_YAPSMAD_Early_D14_Male_#3/tifs,/Volumes/D/YAPSMAD_Nuclear_Localization/251219_YAPSMAD_Early_D14_Male_#3/tifs,/Volumes/D/YAPSMAD_Nuclear_Localization/251219_YAPSMAD_Early_D14_Male_#3/tifs,286,1.2714273113386776,0.8937094821302194,0.7865176334360056,0.5291218471247703,2.429572018329054,0.9010910198558122,0.020341610080087103,0.0018500763885481478,0.008495007057094595,0.003150667901593749,0.0011224855358828963,0.0010823506403044914,0.00033972598283826556,0.9508737576461959,1.4324397713454502,0.781339077505176,1.0547296285230243
6,28,FasTGFb_007_DAPI.1.1.tif,FasTGFb_007_W647.1.1.tif,FasTGFb_007_G488.1.1.tif,FasTGFb_007_R555.1.1.tif,/Volumes/D/YAPSMAD_Nuclear_Localization/251219_YAPSMAD_Early_D14_Male_#3/tifs,/Volumes/D/YAPSMAD_Nuclear_Localization/251219_YAPSMAD_Early_D14_Male_#3/tifs,/Volumes/D/YAPSMAD_Nuclear_Localization/251219_YAPSMAD_Early_D14_Male_#3/tifs,/Volumes/D/YAPSMAD_Nuclear_Localization/251219_YAPSMAD_Early_D14_Male_#3/tifs,311,1.0929288524220093,0.7478635776969277,0.9149726423489761,2.002685616258532,8.137407511472702,6.479896280914545,0.03710734085673975,0.006439503589255729,0.02616529746454245,0.020835679359853844,0.003228756423142004,0.0052366023627029475,0.003263386005694184,1.585367204807861,1.197278565153111,1.8983107218341584,1.3820765352924163
6,29,FasTGFb_007_DAPI.1.1.tif,FasTGFb_007_W647.1.1.tif,FasTGFb_007_G488.1.1.tif,FasTGFb_007_R555.1.1.tif,/Volumes/D/YAPSMAD_Nuclear_Localization/251219_YAPSMAD_Early_D14_Male_#3/tifs,/Volumes/D/YAPSMAD_Nuclear_Localization/251219_YAPSMAD_Early_D14_Male_#3/tifs,/Volumes/D/YAPSMAD_Nuclear_Localization/251219_YAPSMAD_Early_D14_Male_#3/tifs,/Volumes/D/YAPSMAD_Nuclear_Localization/251219_YAPSMAD_Early_D14_Male_#3/tifs,222,1.1593231256752916,0.8435033856827947,0.8625722870985706,0.626718551851809,3.83382928930223,2.6993362549692392,0.03465048933552729,0.0028230565398730135,0.0172695013031632,0.012159172319681258,0.0016682384442856777,0.0032084602784602716,0.0013893812435617104,1.6850456066453325,1.6294977476271069,1.6255930686921884,1.2819553768309209
6,30,FasTGFb_007_DAPI.1.1.tif,FasTGFb_007_W647.1.1.tif,FasTGFb_007_G488.1.1.tif,FasTGFb_007_R555.1.1.tif,/Volumes/D/YAPSMAD_Nuclear_Localization/251219_YAPSMAD_Early_D14_Male_#3/tifs,/Volumes/D/YAPSMAD_Nuclear_Localization/251219_YAPSMAD_Early_D14_Male_#3/tifs,/Volumes/D/YAPSMAD_Nuclear_Localization/251219_YAPSMAD_Early_D14_Male_#3/tifs,/Volumes/D/YAPSMAD_Nuclear_Localization/251219_YAPSMAD_Early_D14_Male_#3/tifs,249,1.2868681146063763,0.891367406157043,0.7770804083570578,0.4805066008120775,5.2030976023525,3.825146901421249,0.030312016408097553,0.00192974538478746,0.020895974306636547,0.015362035748679715,0.0010761416025235942,0.0027265793238703197,0.002187399679905109,1.6287091759069974,1.423481256083222,1.859610136739398,1.0925945756856819
6,31,FasTGFb_007_DAPI.1.1.tif,FasTGFb_007_W647.1.1.tif,FasTGFb_007_G488.1.1.tif,FasTGFb_007_R555.1.1.tif,/Volumes/D/YAPSMAD_Nuclear_Localization/251219_YAPSMAD_Early_D14_Male_#3/tifs,/Volumes/D/YAPSMAD_Nuclear_Localization/251219_YAPSMAD_Early_D14_Male_#3/tifs,/Volumes/D/YAPSMAD_Nuclear_Localization/251219_YAPSMAD_Early_D14_Male_#3/tifs,/Volumes/D/YAPSMAD_Nuclear_Localization/251219_YAPSMAD_Early_D14_Male_#3/tifs,254,1.2288119310636945,0.8650490373691282,0.8137941817787947,1.3607232992071658,3.6353246681392193,4.070847663097084,0.025588899216519332,0.005357178343335298,0.014312301843067792,0.016026959303531825,0.0018820300904729046,0.0022152323001955647,0.0015036778153191533,1.9666060189602106,1.5381052628127276,1.5617233714301453,1.1303056390411794
6,32,FasTGFb_007_DAPI.1.1.tif,FasTGFb_007_W647.1.1.tif,FasTGFb_007_G488.1.1.tif,FasTGFb_007_R555.1.1.tif,/Volumes/D/YAPSMAD_Nuclear_Localization/251219_YAPSMAD_Early_D14_Male_#3/tifs,/Volumes/D/YAPSMAD_Nuclear_Localization/251219_YAPSMAD_Early_D14_Male_#3/tifs,/Volumes/D/YAPSMAD_Nuclear_Localization/251219_YAPSMAD_Early_D14_Male_#3/tifs,/Volumes/D/YAPSMAD_Nuclear_Localization/251219_YAPSMAD_Early_D14_Male_#3/tifs,263,1.0278674868885056,0.6148755330598463,0.9728880548864677,0.9766842238605022,8.131929511204362,3.284367165528238,0.030798624163429773,0.0037136282276064724,0.030919884073020387,0.012488088081856417,0.0027355469977105055,0.004587324205386753,0.0014912547786744413,2.2351148352918613,1.5437335390086586,1.5979983844646433,1.2739144412419823
6,33,FasTGFb_007_DAPI.1.1.tif,FasTGFb_007_W647.1.1.tif,FasTGFb_007_G488.1.1.tif,FasTGFb_007_R555.1.1.tif,/Volumes/D/YAPSMAD_Nuclear_Localization/251219_YAPSMAD_Early_D14_Male_#3/tifs,/Volumes/D/YAPSMAD_Nuclear_Localization/251219_YAPSMAD_Early_D14_Male_#3/tifs,/Volumes/D/YAPSMAD_Nuclear_Localization/251219_YAPSMAD_Early_D14_Male_#3/tifs,/Volumes/D/YAPSMAD_Nuclear_Localization/251219_YAPSMAD_Early_D14_Male_#3/tifs,367,1.4145536590299952,0.8453097985908217,0.7069367737422786,1.0527657039929181,9.866742990911007,4.411413784138858,0.02763845442162385,0.0028685714005256624,0.026884858285861055,0.012020201046699886,0.001610963273166951,0.002395547348713806,0.0017883925814202964,1.861822325980683,1.4772371241816984,1.1396878735947582,0.9740128790020786
6,34,FasTGFb_007_DAPI.1.1.tif,FasTGFb_007_W647.1.1.tif,FasTGFb_007_G488.1.1.tif,FasTGFb_007_R555.1.1.tif,/Volumes/D/YAPSMAD_Nuclear_Localization/251219_YAPSMAD_Early_D14_Male_#3/tifs,/Volumes/D/YAPSMAD_Nuclear_Localization/251219_YAPSMAD_Early_D14_Male_#3/tifs,/Volumes/D/YAPSMAD_Nuclear_Localization/251219_YAPSMAD_Early_D14_Male_#3/tifs,/Volumes/D/YAPSMAD_Nuclear_Localization/251219_YAPSMAD_Early_D14_Male_#3/tifs,430,1.2678354647728403,0.8644227416828125,0.7887458805067986,1.1355306387413293,11.11522090062499,7.892958027310669,0.032702674452475336,0.002640768927305417,0.025849350931686024,0.018355716342582953,0.001329818622575026,0.003391862650177827,0.0024202424670800274,2.0182212867182647,1.522763796999759,1.6515299658816507,1.1684132993510057
6,35,FasTGFb_007_DAPI.1.1.tif,FasTGFb_007_W647.1.1.tif,FasTGFb_007_G488.1.1.tif,FasTGFb_007_R555.1.1.tif,/Volumes/D/YAPSMAD_Nuclear_Localization/251219_YAPSMAD_Early_D14_Male_#3/tifs,/Volumes/D/YAPSMAD_Nuclear_Localization/251219_YAPSMAD_Early_D14_Male_#3/tifs,/Volumes/D/YAPSMAD_Nuclear_Localization/251219_YAPSMAD_Early_D14_Male_#3/tifs,/Volumes/D/YAPSMAD_Nuclear_Localization/251219_YAPSMAD_Early_D14_Male_#3/tifs,312,1.1689432816962082,0.8297526807798852,0.8554734995772754,1.2425269093364477,7.745784723199904,5.070939221419394,0.026572706380811256,0.003982458042745025,0.02482623308717918,0.01625301032506216,0.001804583562146862,0.0036492620180593495,0.0018539139463667395,2.3252893120458435,1.5749982910875668,2.1921020093158927,1.2543634060490068
6,36,FasTGFb_007_DAPI.1.1.tif,FasTGFb_007_W647.1.1.tif,FasTGFb_007_G488.1.1.tif,FasTGFb_007_R555.1.1.tif,/Volumes/D/YAPSMAD_Nuclear_Localization/251219_YAPSMAD_Early_D14_Male_#3/tifs,/Volumes/D/YAPSMAD_Nuclear_Localization/251219_YAPSMAD_Early_D14_Male_#3/tifs,/Volumes/D/YAPSMAD_Nuclear_Localization/251219_YAPSMAD_Early_D14_Male_#3/tifs,/Volumes/D/YAPSMAD_Nuclear_Localization/251219_YAPSMAD_Early_D14_Male_#3/tifs,181,1.0249977760820321,0.4542786674945754,0.9756118728592914,2.144060446182266,8.010803388431668,2.97769133746624,0.03378861696454208,0.011845637824211414,0.04425858225652855,0.01645133335616707,0.00901683059738939,0.013604892557596119,0.0025536445788934712,3.9543590364235928,2.073210322489399,3.3001188551809837,1.6062865895215896
6,37,FasTGFb_007_DAPI.1.1.tif,FasTGFb_007_W647.1.1.tif,FasTGFb_007_G488.1.1.tif,FasTGFb_007_R555.1.1.tif,/Volumes/D/YAPSMAD_Nuclear_Localization/251219_YAPSMAD_Early_D14_Male_#3/tifs,/Volumes/D/YAPSMAD_Nuclear_Localization/251219_YAPSMAD_Early_D14_Male_#3/tifs,/Volumes/D/YAPSMAD_Nuclear_Localization/251219_YAPSMAD_Early_D14_Male_#3/tifs,/Volumes/D/YAPSMAD_Nuclear_Localization/251219_YAPSMAD_Early_D14_Male_#3/tifs,270,1.3411135004537738,0.8990425365406666,0.7456490443662256,1.2435797869693488,6.782665768638253,4.273029720410705,0.025544393931825955,0.00460585106284944,0.02512098432828983,0.01582603600152113,0.0012349517734487245,0.0025960061423151173,0.0018458736328914058,3.2676115767605522,1.445713964752679,2.8948491508251637,1.133691025996007
6,38,FasTGFb_007_DAPI.1.1.tif,FasTGFb_007_W647.1.1.tif,FasTGFb_007_G488.1.1.tif,FasTGFb_007_R555.1.1.tif,/Volumes/D/YAPSMAD_Nuclear_Localization/251219_YAPSMAD_Early_D14_Male_#3/tifs,/Volumes/D/YAPSMAD_Nuclear_Localization/251219_YAPSMAD_Early_D14_Male_#3/tifs,/Volumes/D/YAPSMAD_Nuclear_Localization/251219_YAPSMAD_Early_D14_Male_#3/tifs,/Volumes/D/YAPSMAD_Nuclear_Localization/251219_YAPSMAD_Early_D14_Male_#3/tifs,264,1.0239740494381702,0.5668514185033621,0.9765872490115113,1.621774648083374,6.255817527882755,5.117402942851186,0.0282710950581752,0.0061430857881945985,0.023696278514707403,0.01938410205625449,0.0027859127226175793,0.002267181846781809,0.001643321579301519,2.248779787212367,1.3114614883489466,2.111858448628101,1.1960324442126815
6,39,FasTGFb_007_DAPI.1.1.tif,FasTGFb_007_W647.1.1.tif,FasTGFb_007_G488.1.1.tif,FasTGFb_007_R555.1.1.tif,/Volumes/D/YAPSMAD_Nuclear_Localization/251219_YAPSMAD_Early_D14_Male_#3/tifs,/Volumes/D/YAPSMAD_Nuclear_Localization/251219_YAPSMAD_Early_D14_Male_#3/tifs,/Volumes/D/YAPSMAD_Nuclear_Localization/251219_YAPSMAD_Early_D14_Male_#3/tifs,/Volumes/D/YAPSMAD_Nuclear_Localization/251219_YAPSMAD_Early_D14_Male_#3/tifs,327,1.251014487532781,0.7598250732988194,0.799351254494402,1.2036011423915625,5.230411268770695,5.661371815949678,0.02737944500822722,0.003680737438506307,0.015995141494711606,0.017313063657338465,0.0017089266774821784,0.0022565199810864185,0.003247772605408686,2.3407986481937413,1.678508965947438,1.9428459723716631,1.3488299211242463
6,40,FasTGFb_007_DAPI.1.1.tif,FasTGFb_007_W647.1.1.tif,FasTGFb_007_G488.1.1.tif,FasTGFb_007_R555.1.1.tif,/Volumes/D/YAPSMAD_Nuclear_Localization/251219_YAPSMAD_Early_D14_Male_#3/tifs,/Volumes/D/YAPSMAD_Nuclear_Localization/251219_YAPSMAD_Early_D14_Male_#3/tifs,/Volumes/D/YAPSMAD_Nuclear_Localization/251219_YAPSMAD_Early_D14_Male_#3/tifs,/Volumes/D/YAPSMAD_Nuclear_Localization/251219_YAPSMAD_Early_D14_Male_#3/tifs,333,1.1030910895618522,0.750937839743627,0.9065434481908471,1.160570698324591,8.897734055295587,3.565865609329194,0.03619549966168341,0.003485197292266039,0.026719922087974735,0.010708305133120702,0.001284212529189737,0.007703161853647254,0.002024835540291407,2.64072529306249,1.935882547007906,2.068366706190278,1.5351016292131767
6,41,FasTGFb_007_DAPI.1.1.tif,FasTGFb_007_W647.1.1.tif,FasTGFb_007_G488.1.1.tif,FasTGFb_007_R555.1.1.tif,/Volumes/D/YAPSMAD_Nuclear_Localization/251219_YAPSMAD_Early_D14_Male_#3/tifs,/Volumes/D/YAPSMAD_Nuclear_Localization/251219_YAPSMAD_Early_D14_Male_#3/tifs,/Volumes/D/YAPSMAD_Nuclear_Localization/251219_YAPSMAD_Early_D14_Male_#3/tifs,/Volumes/D/YAPSMAD_Nuclear_Localization/251219_YAPSMAD_Early_D14_Male_#3/tifs,230,1.0324847163595008,0.5286332986787617,0.9685373392508505,1.0299229519441724,5.03888002410531,2.442832099739462,0.02500051431276876,0.004477925878018141,0.021908174017849176,0.010621009129302009,0.00209711694331322,0.0025048524366649964,0.001248868783336258,3.9775614406486883,1.7655190263746654,3.0309986502221116,1.2472197416237816
6,42,FasTGFb_007_DAPI.1.1.tif,FasTGFb_007_W647.1.1.tif,FasTGFb_007_G488.1.1.tif,FasTGFb_007_R555.1.1.tif,/Volumes/D/YAPSMAD_Nuclear_Localization/251219_YAPSMAD_Early_D14_Male_#3/tifs,/Volumes/D/YAPSMAD_Nuclear_Localization/251219_YAPSMAD_Early_D14_Male_#3/tifs,/Volumes/D/YAPSMAD_Nuclear_Localization/251219_YAPSMAD_Early_D14_Male_#3/tifs,/Volumes/D/YAPSMAD_Nuclear_Localization/251219_YAPSMAD_Early_D14_Male_#3/tifs,273,1.0388530186433074,0.6356008574498918,0.9626000811028612,1.3520866914186627,7.670557743869722,5.385778623633087,0.0386218700401021,0.004952698503365065,0.028097281113075905,0.019728126826494823,0.002612695147229142,0.0063351338511670975,0.004569258202652421,2.4799000457107123,1.4078291630624504,2.039398805398151,1.0361583606658273
6,43,FasTGFb_007_DAPI.1.1.tif,FasTGFb_007_W647.1.1.tif,FasTGFb_007_G488.1.1.tif,FasTGFb_007_R555.1.1.tif,/Volumes/D/YAPSMAD_Nuclear_Localization/251219_YAPSMAD_Early_D14_Male_#3/tifs,/Volumes/D/YAPSMAD_Nuclear_Localization/251219_YAPSMAD_Early_D14_Male_#3/tifs,/Volumes/D/YAPSMAD_Nuclear_Localization/251219_YAPSMAD_Early_D14_Male_#3/tifs,/Volumes/D/YAPSMAD_Nuclear_Localization/251219_YAPSMAD_Early_D14_Male_#3/tifs,278,1.069075212279686,0.6273956764612391,0.9353878833909256,2.1541466650087386,9.433905571233481,3.2017548193689436,0.04058707716687174,0.007748729010822801,0.03393491212673914,0.01151710366679476,0.003325242659731124,0.013659227198524415,0.002476966717780129,2.4351592691357444,2.954338070299677,1.2829320265941375,1.4746790799815892
6,44,FasTGFb_007_DAPI.1.1.tif,FasTGFb_007_W647.1.1.tif,FasTGFb_007_G488.1.1.tif,FasTGFb_007_R555.1.1.tif,/Volumes/D/YAPSMAD_Nuclear_Localization/251219_YAPSMAD_Early_D14_Male_#3/tifs,/Volumes/D/YAPSMAD_Nuclear_Localization/251219_YAPSMAD_Early_D14_Male_#3/tifs,/Volumes/D/YAPSMAD_Nuclear_Localization/251219_YAPSMAD_Early_D14_Male_#3/tifs,/Volumes/D/YAPSMAD_Nuclear_Localization/251219_YAPSMAD_Early_D14_Male_#3/tifs,241,1.1767920086706345,0.7796187262025511,0.8497678371640643,1.1965209660120308,5.9237964898347855,3.4303196892142296,0.025479654105248786,0.004964817286356974,0.024580068422550977,0.014233691656490579,0.001376147779835328,0.006280722840713889,0.0017612499847905847,4.199701954567658,1.838163295497782,3.7909421744200396,1.327410518381927
6,45,FasTGFb_007_DAPI.1.1.tif,FasTGFb_007_W647.1.1.tif,FasTGFb_007_G488.1.1.tif,FasTGFb_007_R555.1.1.tif,/Volumes/D/YAPSMAD_Nuclear_Localization/251219_YAPSMAD_Early_D14_Male_#3/tifs,/Volumes/D/YAPSMAD_Nuclear_Localization/251219_YAPSMAD_Early_D14_Male_#3/tifs,/Volumes/D/YAPSMAD_Nuclear_Localization/251219_YAPSMAD_Early_D14_Male_#3/tifs,/Volumes/D/YAPSMAD_Nuclear_Localization/251219_YAPSMAD_Early_D14_Male_#3/tifs,178,1.0068146802784623,0.3960034626739635,0.9932314452580514,1.1594720494467765,4.702861102297902,3.297154207713902,0.031239932722129514,0.0065138879182403174,0.02642056799043765,0.01852333824558372,0.0038845636811041203,0.003524223248060175,0.0020287672153254197,1.7888932033873899,1.2961892410825804,1.7250685232394747,1.163439555036269
6,46,FasTGFb_007_DAPI.1.1.tif,FasTGFb_007_W647.1.1.tif,FasTGFb_007_G488.1.1.tif,FasTGFb_007_R555.1.1.tif,/Volumes/D/YAPSMAD_Nuclear_Localization/251219_YAPSMAD_Early_D14_Male_#3/tifs,/Volumes/D/YAPSMAD_Nuclear_Localization/251219_YAPSMAD_Early_D14_Male_#3/tifs,/Volumes/D/YAPSMAD_Nuclear_Localization/251219_YAPSMAD_Early_D14_Male_#3/tifs,/Volumes/D/YAPSMAD_Nuclear_Localization/251219_YAPSMAD_Early_D14_Male_#3/tifs,80,1.0122033326473765,0.6943038006625877,0.9879437932540104,0.9814908150583506,1.6629434749484062,1.419058522209525,0.016582742158789188,0.012268635188229382,0.020786793436855078,0.017738231527619063,0.001559444716615032,0.0009068107554172021,0.0010121141978426472,1.7752670521708422,1.030902249779344,1.569897997251597,1.0286092450292927
6,47,FasTGFb_007_DAPI.1.1.tif,FasTGFb_007_W647.1.1.tif,FasTGFb_007_G488.1.1.tif,FasTGFb_007_R555.1.1.tif,/Volumes/D/YAPSMAD_Nuclear_Localization/251219_YAPSMAD_Early_D14_Male_#3/tifs,/Volumes/D/YAPSMAD_Nuclear_Localization/251219_YAPSMAD_Early_D14_Male_#3/tifs,/Volumes/D/YAPSMAD_Nuclear_Localization/251219_YAPSMAD_Early_D14_Male_#3/tifs,/Volumes/D/YAPSMAD_Nuclear_Localization/251219_YAPSMAD_Early_D14_Male_#3/tifs,213,1.2290179771468328,0.8601214732578877,0.8136577483768802,8.952681764028966,4.117738616885617,2.694483892992139,0.03672617326704829,0.04203136978417355,0.019332106182561586,0.01265015912202882,0.00974494007473349,0.009924165772702798,0.003156919009610503,3.535586670850157,3.210886052404449,1.7914209301700676,1.6562395977312505
6,48,FasTGFb_007_DAPI.1.1.tif,FasTGFb_007_W647.1.1.tif,FasTGFb_007_G488.1.1.tif,FasTGFb_007_R555.1.1.tif,/Volumes/D/YAPSMAD_Nuclear_Localization/251219_YAPSMAD_Early_D14_Male_#3/tifs,/Volumes/D/YAPSMAD_Nuclear_Localization/251219_YAPSMAD_Early_D14_Male_#3/tifs,/Volumes/D/YAPSMAD_Nuclear_Localization/251219_YAPSMAD_Early_D14_Male_#3/tifs,/Volumes/D/YAPSMAD_Nuclear_Localization/251219_YAPSMAD_Early_D14_Male_#3/tifs,149,1.1905038509131205,0.8568985071910084,0.8399804832491694,0.16604867624118924,1.819241645745933,1.35271230712533,0.019611632457665548,0.0011144206459140218,0.012209675474804919,0.009078606088089462,0.0002924058774417447,0.0011612504832620297,0.0011585267886793918,2.180407428919195,1.5166337957786762,1.4365052952946054,1.007214304022481
6,49,FasTGFb_007_DAPI.1.1.tif,FasTGFb_007_W647.1.1.tif,FasTGFb_007_G488.1.1.tif,FasTGFb_007_R555.1.1.tif,/Volumes/D/YAPSMAD_Nuclear_Localization/251219_YAPSMAD_Early_D14_Male_#3/tifs,/Volumes/D/YAPSMAD_Nuclear_Localization/251219_YAPSMAD_Early_D14_Male_#3/tifs,/Volumes/D/YAPSMAD_Nuclear_Localization/251219_YAPSMAD_Early_D14_Male_#3/tifs,/Volumes/D/YAPSMAD_Nuclear_Localization/251219_YAPSMAD_Early_D14_Male_#3/tifs,159,1.1551236881260905,0.8054323013263429,0.8657081577318,0.2137483786791563,3.2752575147897005,1.2233310639858246,0.020388068789440505,0.001344329425655071,0.02059910386660189,0.007693906062803928,0.0005365270248260827,0.0016655292750187966,0.0005750285857446181,2.328404215705892,1.300890256398278,1.752278801939295,1.102097478833032
6,50,FasTGFb_007_DAPI.1.1.tif,FasTGFb_007_W647.1.1.tif,FasTGFb_007_G488.1.1.tif,FasTGFb_007_R555.1.1.tif,/Volumes/D/YAPSMAD_Nuclear_Localization/251219_YAPSMAD_Early_D14_Male_#3/tifs,/Volumes/D/YAPSMAD_Nuclear_Localization/251219_YAPSMAD_Early_D14_Male_#3/tifs,/Volumes/D/YAPSMAD_Nuclear_Localization/251219_YAPSMAD_Early_D14_Male_#3/tifs,/Volumes/D/YAPSMAD_Nuclear_Localization/251219_YAPSMAD_Early_D14_Male_#3/tifs,440,1.7313140582978264,0.8491251274393411,0.5775959567862393,1.9937743404880166,13.47775999829173,5.190615747123957,0.0329952766187489,0.004531305319290947,0.030631272723390297,0.011796853970736265,0.003079312386280235,0.008994149560449052,0.002304764918366065,1.3673684103467547,1.356210120420808,1.3467474238927681,1.3220441989966927
6,51,FasTGFb_007_DAPI.1.1.tif,FasTGFb_007_W647.1.1.tif,FasTGFb_007_G488.1.1.tif,FasTGFb_007_R555.1.1.tif,/Volumes/D/YAPSMAD_Nuclear_Localization/251219_YAPSMAD_Early_D14_Male_#3/tifs,/Volumes/D/YAPSMAD_Nuclear_Localization/251219_YAPSMAD_Early_D14_Male_#3/tifs,/Volumes/D/YAPSMAD_Nuclear_Localization/251219_YAPSMAD_Early_D14_Male_#3/tifs,/Volumes/D/YAPSMAD_Nuclear_Localization/251219_YAPSMAD_Early_D14_Male_#3/tifs,336,1.0482034577721495,0.39635270827213887,0.9540132620106013,1.4945296568330377,8.195559654850513,2.057862248038873,0.03789314680034295,0.004448004931050707,0.024391546591817,0.006124590023925218,0.0025626567677363306,0.004906764467874406,0.001309592352140308,1.8239030378475087,1.2752816127521098,1.685664653920864,1.0581648125026242
7,1,Fas_008_DAPI.1.tif,Fas_008_W647.1.tif,Fas_008_G488.1.tif,Fas_008_R555.1.tif,/Volumes/D/YAPSMAD_Nuclear_Localization/251219_YAPSMAD_Early_D14_Male_#3/tifs,/Volumes/D/YAPSMAD_Nuclear_Localization/251219_YAPSMAD_Early_D14_Male_#3/tifs,/Volumes/D/YAPSMAD_Nuclear_Localization/251219_YAPSMAD_Early_D14_Male_#3/tifs,/Volumes/D/YAPSMAD_Nuclear_Localization/251219_YAPSMAD_Early_D14_Male_#3/tifs,269,1.0252429196100548,0.5155740213597506,0.9753785964992026,0.9427481559105217,3.417959900572896,2.93081562127918,0.033256442659988054,0.0035046399847974787,0.012706170634099985,0.010895225357915168,0.0010030093774433956,0.0016402982492772784,0.0021434963845811264,2.103266924619251,1.5074272851136945,2.075689141123051,1.0274649376297003
7,2,Fas_008_DAPI.1.tif,Fas_008_W647.1.tif,Fas_008_G488.1.tif,Fas_008_R555.1.tif,/Volumes/D/YAPSMAD_Nuclear_Localization/251219_YAPSMAD_Early_D14_Male_#3/tifs,/Volumes/D/YAPSMAD_Nuclear_Localization/251219_YAPSMAD_Early_D14_Male_#3/tifs,/Volumes/D/YAPSMAD_Nuclear_Localization/251219_YAPSMAD_Early_D14_Male_#3/tifs,/Volumes/D/YAPSMAD_Nuclear_Localization/251219_YAPSMAD_Early_D14_Male_#3/tifs,124,1.0289445223226092,0.7256253109084202,0.97186969589257,1.1459525572136045,1.755657295230776,0.776989406440407,0.01880354513864844,0.009241552880754875,0.014158526574441742,0.0062660436003258635,0.005929420281997043,0.003925463110201581,0.001037206565869779,2.38632451223931,1.627518030991442,1.2664823991440508,1.0854740244335972
7,3,Fas_008_DAPI.1.tif,Fas_008_W647.1.tif,Fas_008_G488.1.tif,Fas_008_R555.1.tif,/Volumes/D/YAPSMAD_Nuclear_Localization/251219_YAPSMAD_Early_D14_Male_#3/tifs,/Volumes/D/YAPSMAD_Nuclear_Localization/251219_YAPSMAD_Early_D14_Male_#3/tifs,/Volumes/D/YAPSMAD_Nuclear_Localization/251219_YAPSMAD_Early_D14_Male_#3/tifs,/Volumes/D/YAPSMAD_Nuclear_Localization/251219_YAPSMAD_Early_D14_Male_#3/tifs,228,0.9973455924982125,0.47718122638853805,1.0026614721333842,1.8868391225114465,5.289280555676669,2.5735713997855783,0.0392242528931156,0.008275610186453713,0.023198598928406443,0.011287593858708677,0.0028478459096339995,0.006444191006587787,0.001253783929987228,3.299438711679019,2.4365022898205364,2.257943383302179,1.8064661624247866
7,4,Fas_008_DAPI.1.tif,Fas_008_W647.1.tif,Fas_008_G488.1.tif,Fas_008_R555.1.tif,/Volumes/D/YAPSMAD_Nuclear_Localization/251219_YAPSMAD_Early_D14_Male_#3/tifs,/Volumes/D/YAPSMAD_Nuclear_Localization/251219_YAPSMAD_Early_D14_Male_#3/tifs,/Volumes/D/YAPSMAD_Nuclear_Localization/251219_YAPSMAD_Early_D14_Male_#3/tifs,/Volumes/D/YAPSMAD_Nuclear_Localization/251219_YAPSMAD_Early_D14_Male_#3/tifs,229,1.5635221734509204,0.8762240627317853,0.6395815914735988,1.6316777621395886,2.811093332245946,5.541619023308158,0.019454720043719596,0.007125230402356282,0.012275516734698453,0.024199209708769247,0.0009973850351632139,0.0007883017605625518,0.002140008264347565,1.551107954510352,1.1294018080445452,1.607875301705152,1.1245354180796796
7,5,Fas_008_DAPI.1.tif,Fas_008_W647.1.tif,Fas_008_G488.1.tif,Fas_008_R555.1.tif,/Volumes/D/YAPSMAD_Nuclear_Localization/251219_YAPSMAD_Early_D14_Male_#3/tifs,/Volumes/D/YAPSMAD_Nuclear_Localization/251219_YAPSMAD_Early_D14_Male_#3/tifs,/Volumes/D/YAPSMAD_Nuclear_Localization/251219_YAPSMAD_Early_D14_Male_#3/tifs,/Volumes/D/YAPSMAD_Nuclear_Localization/251219_YAPSMAD_Early_D14_Male_#3/tifs,165,1.0485494266246864,0.5904209487226438,0.9536984853628041,0.523048757109791,2.7094835028983653,1.9668421624228358,0.035521338417223006,0.003169992467332067,0.01642111213877797,0.01192025552983537,0.001511247610148206,0.0048189182026540135,0.0021087851911855185,2.5889520400712556,2.4853706843658974,1.6770079992787734,1.559120189390497
7,6,Fas_008_DAPI.1.tif,Fas_008_W647.1.tif,Fas_008_G488.1.tif,Fas_008_R555.1.tif,/Volumes/D/YAPSMAD_Nuclear_Localization/251219_YAPSMAD_Early_D14_Male_#3/tifs,/Volumes/D/YAPSMAD_Nuclear_Localization/251219_YAPSMAD_Early_D14_Male_#3/tifs,/Volumes/D/YAPSMAD_Nuclear_Localization/251219_YAPSMAD_Early_D14_Male_#3/tifs,/Volumes/D/YAPSMAD_Nuclear_Localization/251219_YAPSMAD_Early_D14_Male_#3/tifs,187,1.0408395043700929,0.22908770462056655,0.9607629185877138,1.075394844636321,3.2526131300255656,3.6736248042434454,0.023212154819206757,0.005750774570247706,0.017393653101740993,0.019645052429109335,0.0023655235080008506,0.0017251736262932724,0.0018875139782163343,1.6855168517258239,0.9953913157256142,1.615567821627393,0.9902040931438368
7,7,Fas_008_DAPI.1.tif,Fas_008_W647.1.tif,Fas_008_G488.1.tif,Fas_008_R555.1.tif,/Volumes/D/YAPSMAD_Nuclear_Localization/251219_YAPSMAD_Early_D14_Male_#3/tifs,/Volumes/D/YAPSMAD_Nuclear_Localization/251219_YAPSMAD_Early_D14_Male_#3/tifs,/Volumes/D/YAPSMAD_Nuclear_Localization/251219_YAPSMAD_Early_D14_Male_#3/tifs,/Volumes/D/YAPSMAD_Nuclear_Localization/251219_YAPSMAD_Early_D14_Male_#3/tifs,223,1.0648945505053147,0.7705466033170727,0.9390601158823464,1.1283131348900497,2.9446097780019045,5.105470372363925,0.028232885591451897,0.005059700156457622,0.013204528152474908,0.022894485974726122,0.0014849638706866078,0.0011096045697166542,0.003680625255910264,2.218888397451859,1.3995248245537721,2.0891064470861895,0.8933034635912998
7,8,Fas_008_DAPI.1.tif,Fas_008_W647.1.tif,Fas_008_G488.1.tif,Fas_008_R555.1.tif,/Volumes/D/YAPSMAD_Nuclear_Localization/251219_YAPSMAD_Early_D14_Male_#3/tifs,/Volumes/D/YAPSMAD_Nuclear_Localization/251219_YAPSMAD_Early_D14_Male_#3/tifs,/Volumes/D/YAPSMAD_Nuclear_Localization/251219_YAPSMAD_Early_D14_Male_#3/tifs,/Volumes/D/YAPSMAD_Nuclear_Localization/251219_YAPSMAD_Early_D14_Male_#3/tifs,221,1.1073693603363635,0.7508950723280027,0.9030410591243467,1.6264286467339844,5.19206533767283,2.5582971228286624,0.02713813593113854,0.007359405641330246,0.023493508315261674,0.01157600508067268,0.0038310142006549746,0.006375340774136857,0.0011829430113023487,2.1979625479269997,1.7515307629377195,1.8746066912867334,1.316135959631974
7,9,Fas_008_DAPI.1.tif,Fas_008_W647.1.tif,Fas_008_G488.1.tif,Fas_008_R555.1.tif,/Volumes/D/YAPSMAD_Nuclear_Localization/251219_YAPSMAD_Early_D14_Male_#3/tifs,/Volumes/D/YAPSMAD_Nuclear_Localization/251219_YAPSMAD_Early_D14_Male_#3/tifs,/Volumes/D/YAPSMAD_Nuclear_Localization/251219_YAPSMAD_Early_D14_Male_#3/tifs,/Volumes/D/YAPSMAD_Nuclear_Localization/251219_YAPSMAD_Early_D14_Male_#3/tifs,207,1.243332047825675,0.8727347330907866,0.8042903758081267,1.0350957647897303,2.4498664988204837,3.3909666799008846,0.023050927264606894,0.005000462631834446,0.011835103859036153,0.0163814815454149,0.004024702092921195,0.0033181945167207994,0.005095597420880505,1.4208593712784763,1.4213497449461263,1.307801136868659,1.1543198464128417
7,10,Fas_008_DAPI.1.tif,Fas_008_W647.1.tif,Fas_008_G488.1.tif,Fas_008_R555.1.tif,/Volumes/D/YAPSMAD_Nuclear_Localization/251219_YAPSMAD_Early_D14_Male_#3/tifs,/Volumes/D/YAPSMAD_Nuclear_Localization/251219_YAPSMAD_Early_D14_Male_#3/tifs,/Volumes/D/YAPSMAD_Nuclear_Localization/251219_YAPSMAD_Early_D14_Male_#3/tifs,/Volumes/D/YAPSMAD_Nuclear_Localization/251219_YAPSMAD_Early_D14_Male_#3/tifs,208,1.1273916783761662,0.7688553180993744,0.8870031766070385,0.8640421258751303,3.338796090334654,2.884367142803967,0.02479569056483272,0.004154048682091973,0.016051904280455068,0.013867149725019071,0.0013912060835893328,0.002505761182702337,0.0019515755342051776,1.8802500237409288,1.5516337657684784,1.4803164522299266,1.0900813975591512
7,11,Fas_008_DAPI.1.tif,Fas_008_W647.1.tif,Fas_008_G488.1.tif,Fas_008_R555.1.tif,/Volumes/D/YAPSMAD_Nuclear_Localization/251219_YAPSMAD_Early_D14_Male_#3/tifs,/Volumes/D/YAPSMAD_Nuclear_Localization/251219_YAPSMAD_Early_D14_Male_#3/tifs,/Volumes/D/YAPSMAD_Nuclear_Localization/251219_YAPSMAD_Early_D14_Male_#3/tifs,/Volumes/D/YAPSMAD_Nuclear_Localization/251219_YAPSMAD_Early_D14_Male_#3/tifs,241,1.112377773217324,0.8171579271537267,0.8989751719936886,1.4245212625246495,4.137605888769031,4.8073243629187346,0.020767465554548746,0.005910876607986098,0.017168489165016725,0.01994740399551342,0.00408035633874434,0.0018334771581665714,0.0016954511504621093,2.241065003588555,1.4752295017726198,2.0535009630539878,1.1949971199318958
7,12,Fas_008_DAPI.1.tif,Fas_008_W647.1.tif,Fas_008_G488.1.tif,Fas_008_R555.1.tif,/Volumes/D/YAPSMAD_Nuclear_Localization/251219_YAPSMAD_Early_D14_Male_#3/tifs,/Volumes/D/YAPSMAD_Nuclear_Localization/251219_YAPSMAD_Early_D14_Male_#3/tifs,/Volumes/D/YAPSMAD_Nuclear_Localization/251219_YAPSMAD_Early_D14_Male_#3/tifs,/Volumes/D/YAPSMAD_Nuclear_Localization/251219_YAPSMAD_Early_D14_Male_#3/tifs,180,1.0203592578447136,0.6583865818608164,0.9800469710171317,0.7606469900347292,2.101869252510369,2.9362325705587864,0.018991378663728634,0.004225816611304051,0.011677051402835382,0.016312403169771037,0.001728919827197835,0.0008304331317204676,0.002079499765459309,1.6770642596408747,1.3618758623268203,1.5467055649623453,1.0328628836207223
7,13,Fas_008_DAPI.1.tif,Fas_008_W647.1.tif,Fas_008_G488.1.tif,Fas_008_R555.1.tif,/Volumes/D/YAPSMAD_Nuclear_Localization/251219_YAPSMAD_Early_D14_Male_#3/tifs,/Volumes/D/YAPSMAD_Nuclear_Localization/251219_YAPSMAD_Early_D14_Male_#3/tifs,/Volumes/D/YAPSMAD_Nuclear_Localization/251219_YAPSMAD_Early_D14_Male_#3/tifs,/Volumes/D/YAPSMAD_Nuclear_Localization/251219_YAPSMAD_Early_D14_Male_#3/tifs,209,1.0979129633961102,0.7509988714265172,0.9108190114695051,1.8395971865393221,3.3138170782476664,3.7123827217146754,0.027262542463625163,0.008801900414063743,0.015855584106448165,0.01776259675461567,0.0050281839493120884,0.002035962878199532,0.0019144515407822876,1.8545473828724761,1.5736079440616508,1.9958062878287925,1.2112806580700937
7,14,Fas_008_DAPI.1.tif,Fas_008_W647.1.tif,Fas_008_G488.1.tif,Fas_008_R555.1.tif,/Volumes/D/YAPSMAD_Nuclear_Localization/251219_YAPSMAD_Early_D14_Male_#3/tifs,/Volumes/D/YAPSMAD_Nuclear_Localization/251219_YAPSMAD_Early_D14_Male_#3/tifs,/Volumes/D/YAPSMAD_Nuclear_Localization/251219_YAPSMAD_Early_D14_Male_#3/tifs,/Volumes/D/YAPSMAD_Nuclear_Localization/251219_YAPSMAD_Early_D14_Male_#3/tifs,177,1.0631126162538127,0.7129689240804288,0.9406341197640863,0.897718786727637,3.9893187042325735,2.8381475592032075,0.018431519200278204,0.005071857552133543,0.022538523752726403,0.016034731972899476,0.003101501069978618,0.003194209079200786,0.0008721651173458008,2.899925944630222,1.2293082708621104,1.8806679060746319,0.9514294651971059
7,15,Fas_008_DAPI.1.tif,Fas_008_W647.1.tif,Fas_008_G488.1.tif,Fas_008_R555.1.tif,/Volumes/D/YAPSMAD_Nuclear_Localization/251219_YAPSMAD_Early_D14_Male_#3/tifs,/Volumes/D/YAPSMAD_Nuclear_Localization/251219_YAPSMAD_Early_D14_Male_#3/tifs,/Volumes/D/YAPSMAD_Nuclear_Localization/251219_YAPSMAD_Early_D14_Male_#3/tifs,/Volumes/D/YAPSMAD_Nuclear_Localization/251219_YAPSMAD_Early_D14_Male_#3/tifs,264,1.1131617820496047,0.8164856946164754,0.8983420165205044,2.2784924367442727,5.6419623401016,3.8034180412068963,0.02621546218693821,0.008630653169485882,0.021371069470081817,0.014406886519723092,0.004099002704503921,0.0052553641988229,0.005920667950073643,2.0607827899068196,1.5566043746257916,1.5690876167891927,1.2239927113003928
7,16,Fas_008_DAPI.1.tif,Fas_008_W647.1.tif,Fas_008_G488.1.tif,Fas_008_R555.1.tif,/Volumes/D/YAPSMAD_Nuclear_Localization/251219_YAPSMAD_Early_D14_Male_#3/tifs,/Volumes/D/YAPSMAD_Nuclear_Localization/251219_YAPSMAD_Early_D14_Male_#3/tifs,/Volumes/D/YAPSMAD_Nuclear_Localization/251219_YAPSMAD_Early_D14_Male_#3/tifs,/Volumes/D/YAPSMAD_Nuclear_Localization/251219_YAPSMAD_Early_D14_Male_#3/tifs,226,1.1722237436754133,0.8372304179904742,0.8530794614896473,2.1880674730055034,4.014297725632787,3.754543394781649,0.029901606409884658,0.009681714482325236,0.017762379316959235,0.01661302387071526,0.002282213060439326,0.004115520387506643,0.002818504682518783,2.07544449265231,1.6825249942592877,1.925069041628724,1.317636499420081
7,17,Fas_008_DAPI.1.tif,Fas_008_W647.1.tif,Fas_008_G488.1.tif,Fas_008_R555.1.tif,/Volumes/D/YAPSMAD_Nuclear_Localization/251219_YAPSMAD_Early_D14_Male_#3/tifs,/Volumes/D/YAPSMAD_Nuclear_Localization/251219_YAPSMAD_Early_D14_Male_#3/tifs,/Volumes/D/YAPSMAD_Nuclear_Localization/251219_YAPSMAD_Early_D14_Male_#3/tifs,/Volumes/D/YAPSMAD_Nuclear_Localization/251219_YAPSMAD_Early_D14_Male_#3/tifs,395,1.2577122054529495,0.8249641724750438,0.7950944545694875,1.9290303199086338,15.918623620644212,7.7786526791751385,0.025900934351301644,0.004883621063059833,0.04030031296365623,0.019692791592848452,0.002120794961964719,0.006517832255735808,0.0017745105804728768,2.865945270466959,2.1713608625119787,2.0027604140374864,1.5155692354631527
7,18,Fas_008_DAPI.1.tif,Fas_008_W647.1.tif,Fas_008_G488.1.tif,Fas_008_R555.1.tif,/Volumes/D/YAPSMAD_Nuclear_Localization/251219_YAPSMAD_Early_D14_Male_#3/tifs,/Volumes/D/YAPSMAD_Nuclear_Localization/251219_YAPSMAD_Early_D14_Male_#3/tifs,/Volumes/D/YAPSMAD_Nuclear_Localization/251219_YAPSMAD_Early_D14_Male_#3/tifs,/Volumes/D/YAPSMAD_Nuclear_Localization/251219_YAPSMAD_Early_D14_Male_#3/tifs,369,1.1790599392199277,0.7962311256025791,0.8481333024185398,1.7888761989306659,4.745967855211347,5.65308615192771,0.02734189293269058,0.004847902978131886,0.012861701504637798,0.015320016671890813,0.0026875526347069738,0.0021892715639916785,0.0027137350839332125,2.622916628988233,1.9065572440257144,1.8671706569038333,1.1877867591569042
7,19,Fas_008_DAPI.1.tif,Fas_008_W647.1.tif,Fas_008_G488.1.tif,Fas_008_R555.1.tif,/Volumes/D/YAPSMAD_Nuclear_Localization/251219_YAPSMAD_Early_D14_Male_#3/tifs,/Volumes/D/YAPSMAD_Nuclear_Localization/251219_YAPSMAD_Early_D14_Male_#3/tifs,/Volumes/D/YAPSMAD_Nuclear_Localization/251219_YAPSMAD_Early_D14_Male_#3/tifs,/Volumes/D/YAPSMAD_Nuclear_Localization/251219_YAPSMAD_Early_D14_Male_#3/tifs,179,1.0873574710458513,0.7835780870820439,0.9196607616427849,1.0551156068686396,3.543709484860301,3.3285267669707537,0.02832287587953846,0.005894500597031506,0.01979725969195699,0.018595121603188568,0.001448642280989197,0.00275509737926428,0.0015283449464998642,2.358867616017108,1.615707847270769,1.68580147112391,1.0568322185669459
7,20,Fas_008_DAPI.1.tif,Fas_008_W647.1.tif,Fas_008_G488.1.tif,Fas_008_R555.1.tif,/Volumes/D/YAPSMAD_Nuclear_Localization/251219_YAPSMAD_Early_D14_Male_#3/tifs,/Volumes/D/YAPSMAD_Nuclear_Localization/251219_YAPSMAD_Early_D14_Male_#3/tifs,/Volumes/D/YAPSMAD_Nuclear_Localization/251219_YAPSMAD_Early_D14_Male_#3/tifs,/Volumes/D/YAPSMAD_Nuclear_Localization/251219_YAPSMAD_Early_D14_Male_#3/tifs,189,1.1661446971520149,0.7630328711846357,0.8575265165997177,1.0099183802958578,2.38448158884421,2.2753490759059787,0.021454023419036752,0.005343483493628877,0.012616304702879418,0.012038883999502533,0.002113287503100841,0.0014668331563718081,0.0016465548406447961,2.1674477936003274,1.4504090924780075,1.481892469847146,0.979939936850432
7,21,Fas_008_DAPI.1.tif,Fas_008_W647.1.tif,Fas_008_G488.1.tif,Fas_008_R555.1.tif,/Volumes/D/YAPSMAD_Nuclear_Localization/251219_YAPSMAD_Early_D14_Male_#3/tifs,/Volumes/D/YAPSMAD_Nuclear_Localization/251219_YAPSMAD_Early_D14_Male_#3/tifs,/Volumes/D/YAPSMAD_Nuclear_Localization/251219_YAPSMAD_Early_D14_Male_#3/tifs,/Volumes/D/YAPSMAD_Nuclear_Localization/251219_YAPSMAD_Early_D14_Male_#3/tifs,82,1.039472844340151,0.6594686750873834,0.9620260937502334,0.20198367442935705,1.0267795929685235,0.7829709379002452,0.01712787998613061,0.0024632155418214275,0.012521702353274676,0.00954842607195421,0.0008735529371221415,0.0020296272920111913,0.0006306897436302908,2.6376815955049615,1.684114901130204,2.0406481106577576,1.1791733700871014
7,22,Fas_008_DAPI.1.tif,Fas_008_W647.1.tif,Fas_008_G488.1.tif,Fas_008_R555.1.tif,/Volumes/D/YAPSMAD_Nuclear_Localization/251219_YAPSMAD_Early_D14_Male_#3/tifs,/Volumes/D/YAPSMAD_Nuclear_Localization/251219_YAPSMAD_Early_D14_Male_#3/tifs,/Volumes/D/YAPSMAD_Nuclear_Localization/251219_YAPSMAD_Early_D14_Male_#3/tifs,/Volumes/D/YAPSMAD_Nuclear_Localization/251219_YAPSMAD_Early_D14_Male_#3/tifs,91,1.3801949819119077,0.8485587694954394,0.7245353106665808,0.32642099959775805,0.8949721660465002,0.6961471075192094,0.016988321903397094,0.003587043951623715,0.009834858967543958,0.007649968214496807,0.0009785646279126716,0.0008318595940633798,0.0018144671240705767,1.7746471392773018,1.313231539891495,1.284954888344051,1.0738680332509283
7,23,Fas_008_DAPI.1.tif,Fas_008_W647.1.tif,Fas_008_G488.1.tif,Fas_008_R555.1.tif,/Volumes/D/YAPSMAD_Nuclear_Localization/251219_YAPSMAD_Early_D14_Male_#3/tifs,/Volumes/D/YAPSMAD_Nuclear_Localization/251219_YAPSMAD_Early_D14_Male_#3/tifs,/Volumes/D/YAPSMAD_Nuclear_Localization/251219_YAPSMAD_Early_D14_Male_#3/tifs,/Volumes/D/YAPSMAD_Nuclear_Localization/251219_YAPSMAD_Early_D14_Male_#3/tifs,192,1.0378911575728051,0.6131866765670579,0.9634921664990223,1.0787823523860425,3.541817370802164,2.8070039125159383,0.02139489723291869,0.005618658085343971,0.01844696547292794,0.014619812044353845,0.001894634866252131,0.001311503058437757,0.0015399807434532352,1.7908515644742127,1.3213448832324663,1.2676267169668285,0.9642892548672926
7,24,Fas_008_DAPI.1.tif,Fas_008_W647.1.tif,Fas_008_G488.1.tif,Fas_008_R555.1.tif,/Volumes/D/YAPSMAD_Nuclear_Localization/251219_YAPSMAD_Early_D14_Male_#3/tifs,/Volumes/D/YAPSMAD_Nuclear_Localization/251219_YAPSMAD_Early_D14_Male_#3/tifs,/Volumes/D/YAPSMAD_Nuclear_Localization/251219_YAPSMAD_Early_D14_Male_#3/tifs,/Volumes/D/YAPSMAD_Nuclear_Localization/251219_YAPSMAD_Early_D14_Male_#3/tifs,275,1.092908537828267,0.7680400131889066,0.9149896495338148,0.4125581765547395,2.302616957575083,1.540627178736031,0.020646511004729706,0.0015002115511081435,0.008373152573000302,0.005602280649949204,0.0010195748839946688,0.001964481177733256,0.0006430644148730912,1.58811797733688,1.9230570464950485,1.035115904503192,1.0370540949937366
7,25,Fas_008_DAPI.1.tif,Fas_008_W647.1.tif,Fas_008_G488.1.tif,Fas_008_R555.1.tif,/Volumes/D/YAPSMAD_Nuclear_Localization/251219_YAPSMAD_Early_D14_Male_#3/tifs,/Volumes/D/YAPSMAD_Nuclear_Localization/251219_YAPSMAD_Early_D14_Male_#3/tifs,/Volumes/D/YAPSMAD_Nuclear_Localization/251219_YAPSMAD_Early_D14_Male_#3/tifs,/Volumes/D/YAPSMAD_Nuclear_Localization/251219_YAPSMAD_Early_D14_Male_#3/tifs,458,1.2730682510433615,0.8424048791692594,0.7855038401754467,2.486366114811972,7.5321889743208885,5.254398460965604,0.020836694186398816,0.005428746975571991,0.016445827454849102,0.011472485722632323,0.0011056143753319279,0.0012551267906871,0.0017014290587899987,1.9241711104370145,1.3066113402749973,1.580844304986333,1.0989997379924241
7,26,Fas_008_DAPI.1.tif,Fas_008_W647.1.tif,Fas_008_G488.1.tif,Fas_008_R555.1.tif,/Volumes/D/YAPSMAD_Nuclear_Localization/251219_YAPSMAD_Early_D14_Male_#3/tifs,/Volumes/D/YAPSMAD_Nuclear_Localization/251219_YAPSMAD_Early_D14_Male_#3/tifs,/Volumes/D/YAPSMAD_Nuclear_Localization/251219_YAPSMAD_Early_D14_Male_#3/tifs,/Volumes/D/YAPSMAD_Nuclear_Localization/251219_YAPSMAD_Early_D14_Male_#3/tifs,88,1.0182557561907173,0.7343845583187735,0.9820715413787476,0.23201342835091054,1.8766613360494375,1.4275883240625262,0.01664568557911976,0.002636516231260347,0.02132569700056179,0.016222594591619618,0.0007177288827993051,0.0021461877961743724,0.0017800225027379498,1.6511782019144423,1.25426281904269,1.8336168021018988,1.105605279564976
7,27,Fas_008_DAPI.1.tif,Fas_008_W647.1.tif,Fas_008_G488.1.tif,Fas_008_R555.1.tif,/Volumes/D/YAPSMAD_Nuclear_Localization/251219_YAPSMAD_Early_D14_Male_#3/tifs,/Volumes/D/YAPSMAD_Nuclear_Localization/251219_YAPSMAD_Early_D14_Male_#3/tifs,/Volumes/D/YAPSMAD_Nuclear_Localization/251219_YAPSMAD_Early_D14_Male_#3/tifs,/Volumes/D/YAPSMAD_Nuclear_Localization/251219_YAPSMAD_Early_D14_Male_#3/tifs,351,1.8398025609383744,0.9421708024057852,0.5435365844310811,3.472953415941447,6.989608625881374,7.5043717520311475,0.02244215218769519,0.009894454176471359,0.01991341488855092,0.02137997650151324,0.006769756210361078,0.0032059417361248546,0.005445839927193206,2.3514554013585434,1.592839715506442,2.5683845244969863,1.344567483795067
7,28,Fas_008_DAPI.1.tif,Fas_008_W647.1.tif,Fas_008_G488.1.tif,Fas_008_R555.1.tif,/Volumes/D/YAPSMAD_Nuclear_Localization/251219_YAPSMAD_Early_D14_Male_#3/tifs,/Volumes/D/YAPSMAD_Nuclear_Localization/251219_YAPSMAD_Early_D14_Male_#3/tifs,/Volumes/D/YAPSMAD_Nuclear_Localization/251219_YAPSMAD_Early_D14_Male_#3/tifs,/Volumes/D/YAPSMAD_Nuclear_Localization/251219_YAPSMAD_Early_D14_Male_#3/tifs,85,1.2628853538046245,0.9118205539581979,0.7918375147730992,0.15896849008277059,1.4464484648779035,1.062088966369629,0.01785682558136828,0.0018702175303855362,0.017017040763269452,0.012495164310230929,0.0003815972199442755,0.0009176752943712848,0.0011275041709684715,1.5443871941585465,1.0588869164981138,1.0387790720976335,0.7836963370622092
7,29,Fas_008_DAPI.1.tif,Fas_008_W647.1.tif,Fas_008_G488.1.tif,Fas_008_R555.1.tif,/Volumes/D/YAPSMAD_Nuclear_Localization/251219_YAPSMAD_Early_D14_Male_#3/tifs,/Volumes/D/YAPSMAD_Nuclear_Localization/251219_YAPSMAD_Early_D14_Male_#3/tifs,/Volumes/D/YAPSMAD_Nuclear_Localization/251219_YAPSMAD_Early_D14_Male_#3/tifs,/Volumes/D/YAPSMAD_Nuclear_Localization/251219_YAPSMAD_Early_D14_Male_#3/tifs,230,1.151837243785406,0.8008436787391482,0.8681782130204376,0.38385595637373626,3.645334574393928,0.6119172959588468,0.02280381223105866,0.001668938940755375,0.01584928075823447,0.0026605099824297688,0.001203025663734965,0.005136134646035672,0.00043822748141747486,2.5393538587614195,2.430858571027277,0.8516839800505756,0.9911452824468384
7,30,Fas_008_DAPI.1.tif,Fas_008_W647.1.tif,Fas_008_G488.1.tif,Fas_008_R555.1.tif,/Volumes/D/YAPSMAD_Nuclear_Localization/251219_YAPSMAD_Early_D14_Male_#3/tifs,/Volumes/D/YAPSMAD_Nuclear_Localization/251219_YAPSMAD_Early_D14_Male_#3/tifs,/Volumes/D/YAPSMAD_Nuclear_Localization/251219_YAPSMAD_Early_D14_Male_#3/tifs,/Volumes/D/YAPSMAD_Nuclear_Localization/251219_YAPSMAD_Early_D14_Male_#3/tifs,444,1.2952977407823318,0.874832832361093,0.7720232719590954,2.4878309776540846,8.303898729383945,11.0902419090271,0.029569681977165176,0.005603222922644335,0.018702474615729606,0.024978022317628603,0.0018384260755602603,0.001902908444459379,0.002791923863688979,2.322210353100849,1.3291849893434573,2.1023757763112885,1.0824435949537097
8,1,Fas_009_DAPI.1.tif,Fas_009_W647.1.tif,Fas_009_G488.1.tif,Fas_009_R555.1.tif,/Volumes/D/YAPSMAD_Nuclear_Localization/251219_YAPSMAD_Early_D14_Male_#3/tifs,/Volumes/D/YAPSMAD_Nuclear_Localization/251219_YAPSMAD_Early_D14_Male_#3/tifs,/Volumes/D/YAPSMAD_Nuclear_Localization/251219_YAPSMAD_Early_D14_Male_#3/tifs,/Volumes/D/YAPSMAD_Nuclear_Localization/251219_YAPSMAD_Early_D14_Male_#3/tifs,263,1.0996194626804012,0.7003133094284755,0.9094055115780039,2.713160934392363,2.857526536565274,3.4302739268168807,0.023648002886075256,0.010316201271453851,0.010865119910894578,0.01304286664188928,0.004416125417588606,0.002033727132914779,0.0021347845716403416,1.799200320516677,1.3325677523219197,2.1214088547906402,1.3108060048936312
8,2,Fas_009_DAPI.1.tif,Fas_009_W647.1.tif,Fas_009_G488.1.tif,Fas_009_R555.1.tif,/Volumes/D/YAPSMAD_Nuclear_Localization/251219_YAPSMAD_Early_D14_Male_#3/tifs,/Volumes/D/YAPSMAD_Nuclear_Localization/251219_YAPSMAD_Early_D14_Male_#3/tifs,/Volumes/D/YAPSMAD_Nuclear_Localization/251219_YAPSMAD_Early_D14_Male_#3/tifs,/Volumes/D/YAPSMAD_Nuclear_Localization/251219_YAPSMAD_Early_D14_Male_#3/tifs,146,1.2274863910244265,0.8891614333100684,0.8146729831891882,1.936720848083496,1.5151140773668885,2.7133592776954174,0.02120335163446526,0.013265211288243125,0.010377493680595127,0.018584652586954915,0.00809018856338687,0.0006890160607355788,0.002051773870561471,2.1345263347144323,1.3613490061052582,2.003239005899978,1.0396857597876585
8,3,Fas_009_DAPI.1.tif,Fas_009_W647.1.tif,Fas_009_G488.1.tif,Fas_009_R555.1.tif,/Volumes/D/YAPSMAD_Nuclear_Localization/251219_YAPSMAD_Early_D14_Male_#3/tifs,/Volumes/D/YAPSMAD_Nuclear_Localization/251219_YAPSMAD_Early_D14_Male_#3/tifs,/Volumes/D/YAPSMAD_Nuclear_Localization/251219_YAPSMAD_Early_D14_Male_#3/tifs,/Volumes/D/YAPSMAD_Nuclear_Localization/251219_YAPSMAD_Early_D14_Male_#3/tifs,289,1.2801305603015867,0.8298453872207782,0.7811703204432596,1.254367913119495,2.5533074303530157,4.75228507630527,0.02230884851791145,0.00434037340179756,0.00883497380744988,0.01644389299759609,0.0013836311266551046,0.0006963223920253765,0.0014516926991929042,1.863415964170566,1.2906527828174421,2.0258419408179935,1.2133951042669295
8,4,Fas_009_DAPI.1.tif,Fas_009_W647.1.tif,Fas_009_G488.1.tif,Fas_009_R555.1.tif,/Volumes/D/YAPSMAD_Nuclear_Localization/251219_YAPSMAD_Early_D14_Male_#3/tifs,/Volumes/D/YAPSMAD_Nuclear_Localization/251219_YAPSMAD_Early_D14_Male_#3/tifs,/Volumes/D/YAPSMAD_Nuclear_Localization/251219_YAPSMAD_Early_D14_Male_#3/tifs,/Volumes/D/YAPSMAD_Nuclear_Localization/251219_YAPSMAD_Early_D14_Male_#3/tifs,148,1.3595423529883681,0.8875903540546264,0.735541631198124,1.0091401662211865,1.9657282596454024,3.089494182728231,0.01758829108439386,0.006818514636629638,0.013281947700306773,0.020874960694109667,0.0022968896053121436,0.002412974945173146,0.0041201458815843675,2.316150805378403,1.3556214003832006,1.9904312261692882,1.122712706771754
8,5,Fas_009_DAPI.1.tif,Fas_009_W647.1.tif,Fas_009_G488.1.tif,Fas_009_R555.1.tif,/Volumes/D/YAPSMAD_Nuclear_Localization/251219_YAPSMAD_Early_D14_Male_#3/tifs,/Volumes/D/YAPSMAD_Nuclear_Localization/251219_YAPSMAD_Early_D14_Male_#3/tifs,/Volumes/D/YAPSMAD_Nuclear_Localization/251219_YAPSMAD_Early_D14_Male_#3/tifs,/Volumes/D/YAPSMAD_Nuclear_Localization/251219_YAPSMAD_Early_D14_Male_#3/tifs,157,1.461552925794822,0.9335199894200015,0.6842037550273314,1.776424832874909,2.1973754642531276,3.2417486887425184,0.01975839243976364,0.011314807852706428,0.013996022065306545,0.02064808082001604,0.008301542145270902,0.0012641140608389131,0.0015089159877854025,1.9043633052521514,1.3973220073757104,1.805818351599773,1.2374499727028458
8,6,Fas_009_DAPI.1.tif,Fas_009_W647.1.tif,Fas_009_G488.1.tif,Fas_009_R555.1.tif,/Volumes/D/YAPSMAD_Nuclear_Localization/251219_YAPSMAD_Early_D14_Male_#3/tifs,/Volumes/D/YAPSMAD_Nuclear_Localization/251219_YAPSMAD_Early_D14_Male_#3/tifs,/Volumes/D/YAPSMAD_Nuclear_Localization/251219_YAPSMAD_Early_D14_Male_#3/tifs,/Volumes/D/YAPSMAD_Nuclear_Localization/251219_YAPSMAD_Early_D14_Male_#3/tifs,124,1.198398826668358,0.8807762156226433,0.8344467448955019,1.0766766015440226,1.1294575612992048,2.1235218001529574,0.022549019735907356,0.008682875818903408,0.009108528720154878,0.01712517580768514,0.0034141099769154975,0.000482821214634283,0.001263115430990149,1.8425798447099533,1.333403994916503,1.589866909726534,1.0888623463272884
8,7,Fas_009_DAPI.1.tif,Fas_009_W647.1.tif,Fas_009_G488.1.tif,Fas_009_R555.1.tif,/Volumes/D/YAPSMAD_Nuclear_Localization/251219_YAPSMAD_Early_D14_Male_#3/tifs,/Volumes/D/YAPSMAD_Nuclear_Localization/251219_YAPSMAD_Early_D14_Male_#3/tifs,/Volumes/D/YAPSMAD_Nuclear_Localization/251219_YAPSMAD_Early_D14_Male_#3/tifs,/Volumes/D/YAPSMAD_Nuclear_Localization/251219_YAPSMAD_Early_D14_Male_#3/tifs,168,1.1861613229403487,0.8616385042248846,0.8430556456866445,0.7650721073150635,2.06225682515651,3.0743114557117224,0.02044409217445978,0.00455400063878014,0.012275338244979225,0.018299472950665013,0.004108476670270054,0.0010313823173272582,0.001444377478441765,2.229170355770649,1.4298634440942775,1.9524490397410785,1.1046776882973135
8,8,Fas_009_DAPI.1.tif,Fas_009_W647.1.tif,Fas_009_G488.1.tif,Fas_009_R555.1.tif,/Volumes/D/YAPSMAD_Nuclear_Localization/251219_YAPSMAD_Early_D14_Male_#3/tifs,/Volumes/D/YAPSMAD_Nuclear_Localization/251219_YAPSMAD_Early_D14_Male_#3/tifs,/Volumes/D/YAPSMAD_Nuclear_Localization/251219_YAPSMAD_Early_D14_Male_#3/tifs,/Volumes/D/YAPSMAD_Nuclear_Localization/251219_YAPSMAD_Early_D14_Male_#3/tifs,169,1.0237316887164096,0.5760069417388263,0.9768184486443268,0.9264667888637632,2.3446708018891513,1.4244449716061354,0.02293602555174623,0.005482052005111025,0.01387379172715474,0.008428668471042221,0.0017060650664977072,0.0028460028610967393,0.0010879960603890392,1.4706842277340912,1.61150282200789,1.233141304099908,1.1795005413492434
8,9,Fas_009_DAPI.1.tif,Fas_009_W647.1.tif,Fas_009_G488.1.tif,Fas_009_R555.1.tif,/Volumes/D/YAPSMAD_Nuclear_Localization/251219_YAPSMAD_Early_D14_Male_#3/tifs,/Volumes/D/YAPSMAD_Nuclear_Localization/251219_YAPSMAD_Early_D14_Male_#3/tifs,/Volumes/D/YAPSMAD_Nuclear_Localization/251219_YAPSMAD_Early_D14_Male_#3/tifs,/Volumes/D/YAPSMAD_Nuclear_Localization/251219_YAPSMAD_Early_D14_Male_#3/tifs,230,1.073369034017528,0.7211976286750665,0.9316460306825567,0.720271616242826,2.4592508147470653,3.25033952947706,0.026429886496423378,0.0031316157227948955,0.01069239484672637,0.014131910997726347,0.0015176309233290418,0.0012024019026518973,0.0021632884673560395,2.0348922565245084,1.551973023451423,1.7123601816614853,1.0433621386698095
8,10,Fas_009_DAPI.1.tif,Fas_009_W647.1.tif,Fas_009_G488.1.tif,Fas_009_R555.1.tif,/Volumes/D/YAPSMAD_Nuclear_Localization/251219_YAPSMAD_Early_D14_Male_#3/tifs,/Volumes/D/YAPSMAD_Nuclear_Localization/251219_YAPSMAD_Early_D14_Male_#3/tifs,/Volumes/D/YAPSMAD_Nuclear_Localization/251219_YAPSMAD_Early_D14_Male_#3/tifs,/Volumes/D/YAPSMAD_Nuclear_Localization/251219_YAPSMAD_Early_D14_Male_#3/tifs,154,1.0676990820408618,0.7600518976371439,0.9365934810850846,0.6443274661432952,1.6257267259061337,2.149614728987217,0.022071878020591164,0.004183944585346072,0.01055666705133853,0.013958537201215695,0.0016583530010879299,0.0011883015684825981,0.00204955205856504,1.2228652751001678,1.395645404115206,1.4678352201337792,1.233287993451072
8,11,Fas_009_DAPI.1.tif,Fas_009_W647.1.tif,Fas_009_G488.1.tif,Fas_009_R555.1.tif,/Volumes/D/YAPSMAD_Nuclear_Localization/251219_YAPSMAD_Early_D14_Male_#3/tifs,/Volumes/D/YAPSMAD_Nuclear_Localization/251219_YAPSMAD_Early_D14_Male_#3/tifs,/Volumes/D/YAPSMAD_Nuclear_Localization/251219_YAPSMAD_Early_D14_Male_#3/tifs,/Volumes/D/YAPSMAD_Nuclear_Localization/251219_YAPSMAD_Early_D14_Male_#3/tifs,273,1.0508299562239674,0.6664941949175213,0.9516287521849692,1.3657892933115363,3.982497939839959,2.950453981757164,0.027070455034792204,0.0050028911842913415,0.014587904541538311,0.010807523742700234,0.002198540150154628,0.002769342619315478,0.0008140338301689162,1.6184487481715795,1.8778039655872145,1.636384433534985,1.3903895526121461
8,12,Fas_009_DAPI.1.tif,Fas_009_W647.1.tif,Fas_009_G488.1.tif,Fas_009_R555.1.tif,/Volumes/D/YAPSMAD_Nuclear_Localization/251219_YAPSMAD_Early_D14_Male_#3/tifs,/Volumes/D/YAPSMAD_Nuclear_Localization/251219_YAPSMAD_Early_D14_Male_#3/tifs,/Volumes/D/YAPSMAD_Nuclear_Localization/251219_YAPSMAD_Early_D14_Male_#3/tifs,/Volumes/D/YAPSMAD_Nuclear_Localization/251219_YAPSMAD_Early_D14_Male_#3/tifs,248,1.0377811850803016,0.5130362359553875,0.9635942666686734,0.7428549665492028,2.7769589088857174,2.409597952850163,0.032147559694074575,0.0029953829296338825,0.011197414955184344,0.009716120777621625,0.0008697579735077725,0.0015034896275239694,0.0018279309671321937,1.8950405310764182,1.4505028492488152,1.7158936531981874,1.0209486353046202
8,13,Fas_009_DAPI.1.tif,Fas_009_W647.1.tif,Fas_009_G488.1.tif,Fas_009_R555.1.tif,/Volumes/D/YAPSMAD_Nuclear_Localization/251219_YAPSMAD_Early_D14_Male_#3/tifs,/Volumes/D/YAPSMAD_Nuclear_Localization/251219_YAPSMAD_Early_D14_Male_#3/tifs,/Volumes/D/YAPSMAD_Nuclear_Localization/251219_YAPSMAD_Early_D14_Male_#3/tifs,/Volumes/D/YAPSMAD_Nuclear_Localization/251219_YAPSMAD_Early_D14_Male_#3/tifs,182,1.0589660059571184,0.29186112757178884,0.9443173759824106,1.2076905672438443,3.5535973347723484,2.7861448349431157,0.01792155369440769,0.00663566245738376,0.01952526008116675,0.015308488104083053,0.0011478906266825708,0.002220038603143422,0.0014056893779006594,2.281322591016897,1.4381674597906784,1.6575632582481787,1.2831760435081574
8,14,Fas_009_DAPI.1.tif,Fas_009_W647.1.tif,Fas_009_G488.1.tif,Fas_009_R555.1.tif,/Volumes/D/YAPSMAD_Nuclear_Localization/251219_YAPSMAD_Early_D14_Male_#3/tifs,/Volumes/D/YAPSMAD_Nuclear_Localization/251219_YAPSMAD_Early_D14_Male_#3/tifs,/Volumes/D/YAPSMAD_Nuclear_Localization/251219_YAPSMAD_Early_D14_Male_#3/tifs,/Volumes/D/YAPSMAD_Nuclear_Localization/251219_YAPSMAD_Early_D14_Male_#3/tifs,206,1.1281836565773866,0.8014687839004243,0.8863805056649533,2.8840009432751685,2.7564049968495965,1.6967879990115762,0.021716921594789596,0.014000004579005673,0.013380606780823284,0.008236834946658137,0.008867509562185169,0.0027696278157736546,0.0019308093976716052,1.9090394861871869,1.304325906213977,1.4158145583569186,1.0158786460870453
8,15,Fas_009_DAPI.1.tif,Fas_009_W647.1.tif,Fas_009_G488.1.tif,Fas_009_R555.1.tif,/Volumes/D/YAPSMAD_Nuclear_Localization/251219_YAPSMAD_Early_D14_Male_#3/tifs,/Volumes/D/YAPSMAD_Nuclear_Localization/251219_YAPSMAD_Early_D14_Male_#3/tifs,/Volumes/D/YAPSMAD_Nuclear_Localization/251219_YAPSMAD_Early_D14_Male_#3/tifs,/Volumes/D/YAPSMAD_Nuclear_Localization/251219_YAPSMAD_Early_D14_Male_#3/tifs,218,1.300948963713867,0.9004379508334631,0.768669661833054,3.005661108996719,6.616220352239907,3.461234472692013,0.02477862180099575,0.013787436279801463,0.030349634643302325,0.015877222351798222,0.005658053569007708,0.010701215528759092,0.005414999844582566,2.507375359130918,1.9227453788614022,2.033459166555085,1.5655734370956287
8,16,Fas_009_DAPI.1.tif,Fas_009_W647.1.tif,Fas_009_G488.1.tif,Fas_009_R555.1.tif,/Volumes/D/YAPSMAD_Nuclear_Localization/251219_YAPSMAD_Early_D14_Male_#3/tifs,/Volumes/D/YAPSMAD_Nuclear_Localization/251219_YAPSMAD_Early_D14_Male_#3/tifs,/Volumes/D/YAPSMAD_Nuclear_Localization/251219_YAPSMAD_Early_D14_Male_#3/tifs,/Volumes/D/YAPSMAD_Nuclear_Localization/251219_YAPSMAD_Early_D14_Male_#3/tifs,305,1.1463342498982187,0.6987202524269105,0.8723459148924395,1.7144579477608204,4.054169567301869,5.389684937894344,0.029081094280251713,0.005621173599215805,0.01329235923705531,0.017671098157030638,0.002984220577625305,0.002648667980126024,0.0027554834154345717,1.9936530117359155,1.8483967911289174,1.8923795679279423,1.294227715193146
8,17,Fas_009_DAPI.1.tif,Fas_009_W647.1.tif,Fas_009_G488.1.tif,Fas_009_R555.1.tif,/Volumes/D/YAPSMAD_Nuclear_Localization/251219_YAPSMAD_Early_D14_Male_#3/tifs,/Volumes/D/YAPSMAD_Nuclear_Localization/251219_YAPSMAD_Early_D14_Male_#3/tifs,/Volumes/D/YAPSMAD_Nuclear_Localization/251219_YAPSMAD_Early_D14_Male_#3/tifs,/Volumes/D/YAPSMAD_Nuclear_Localization/251219_YAPSMAD_Early_D14_Male_#3/tifs,191,1.2654940827208436,0.8654204520733603,0.7902051962581881,1.3851987689267844,2.204394619446248,3.0956893553957343,0.01921310599561761,0.0072523495755329025,0.01154133308610601,0.016207797672228977,0.003020887401895105,0.0015502219408560017,0.0008928618038897014,1.344321823537772,0.9135385120065784,1.751313382349358,1.1676750069276882
8,18,Fas_009_DAPI.1.tif,Fas_009_W647.1.tif,Fas_009_G488.1.tif,Fas_009_R555.1.tif,/Volumes/D/YAPSMAD_Nuclear_Localization/251219_YAPSMAD_Early_D14_Male_#3/tifs,/Volumes/D/YAPSMAD_Nuclear_Localization/251219_YAPSMAD_Early_D14_Male_#3/tifs,/Volumes/D/YAPSMAD_Nuclear_Localization/251219_YAPSMAD_Early_D14_Male_#3/tifs,/Volumes/D/YAPSMAD_Nuclear_Localization/251219_YAPSMAD_Early_D14_Male_#3/tifs,413,1.6252108095971387,0.8952668330536983,0.6153047925197362,2.492134015308693,8.157137444242835,5.269886359572411,0.02052737479086866,0.00603422279735761,0.019750938121653353,0.012760015398480413,0.0031810268262318347,0.00656306208313175,0.0029292784671024635,2.1199886973943394,1.3522344134889122,1.8847033629124132,1.525865264382586
8,19,Fas_009_DAPI.1.tif,Fas_009_W647.1.tif,Fas_009_G488.1.tif,Fas_009_R555.1.tif,/Volumes/D/YAPSMAD_Nuclear_Localization/251219_YAPSMAD_Early_D14_Male_#3/tifs,/Volumes/D/YAPSMAD_Nuclear_Localization/251219_YAPSMAD_Early_D14_Male_#3/tifs,/Volumes/D/YAPSMAD_Nuclear_Localization/251219_YAPSMAD_Early_D14_Male_#3/tifs,/Volumes/D/YAPSMAD_Nuclear_Localization/251219_YAPSMAD_Early_D14_Male_#3/tifs,173,1.076865610400006,0.8046482043354265,0.9286209814319782,1.146089896792546,2.362096616998315,1.9206531047821045,0.021094142534700086,0.0066247970912863925,0.01365373767051049,0.01110204106810465,0.002564437139333762,0.0027957923155391457,0.0011129968343061712,1.9326942709465933,1.2797326390858335,1.6005778491347298,1.2566063543254509
8,20,Fas_009_DAPI.1.tif,Fas_009_W647.1.tif,Fas_009_G488.1.tif,Fas_009_R555.1.tif,/Volumes/D/YAPSMAD_Nuclear_Localization/251219_YAPSMAD_Early_D14_Male_#3/tifs,/Volumes/D/YAPSMAD_Nuclear_Localization/251219_YAPSMAD_Early_D14_Male_#3/tifs,/Volumes/D/YAPSMAD_Nuclear_Localization/251219_YAPSMAD_Early_D14_Male_#3/tifs,/Volumes/D/YAPSMAD_Nuclear_Localization/251219_YAPSMAD_Early_D14_Male_#3/tifs,336,1.237480808643679,0.828706141887135,0.8080933401270554,4.325230832211673,8.130189999938011,6.795239231549203,0.02493387769209221,0.01287271081015379,0.024196994047434556,0.02022392628437263,0.005659881348716,0.004519651840378042,0.002782029043343067,2.4066162639207316,1.8031201166545963,2.2313485886496687,1.3666490974059766
8,21,Fas_009_DAPI.1.tif,Fas_009_W647.1.tif,Fas_009_G488.1.tif,Fas_009_R555.1.tif,/Volumes/D/YAPSMAD_Nuclear_Localization/251219_YAPSMAD_Early_D14_Male_#3/tifs,/Volumes/D/YAPSMAD_Nuclear_Localization/251219_YAPSMAD_Early_D14_Male_#3/tifs,/Volumes/D/YAPSMAD_Nuclear_Localization/251219_YAPSMAD_Early_D14_Male_#3/tifs,/Volumes/D/YAPSMAD_Nuclear_Localization/251219_YAPSMAD_Early_D14_Male_#3/tifs,152,0.9666931265167619,0.3769747605829123,1.0344544432660354,0.6572976356837898,2.181429784744978,2.3299305830150843,0.021037874510511756,0.004324326550551249,0.014351511741743275,0.015328490677730818,0.001865299195286961,0.0013651427888756583,0.0012661077842669158,1.571314323352307,1.0165526803491134,1.4534138196408821,0.957082205410038
8,22,Fas_009_DAPI.1.tif,Fas_009_W647.1.tif,Fas_009_G488.1.tif,Fas_009_R555.1.tif,/Volumes/D/YAPSMAD_Nuclear_Localization/251219_YAPSMAD_Early_D14_Male_#3/tifs,/Volumes/D/YAPSMAD_Nuclear_Localization/251219_YAPSMAD_Early_D14_Male_#3/tifs,/Volumes/D/YAPSMAD_Nuclear_Localization/251219_YAPSMAD_Early_D14_Male_#3/tifs,/Volumes/D/YAPSMAD_Nuclear_Localization/251219_YAPSMAD_Early_D14_Male_#3/tifs,303,1.2973698463260797,0.8634884705361979,0.7707902282697736,2.2187533653341234,6.650080135092139,6.30293739028275,0.02553811345384656,0.007322618367439351,0.021947459191723234,0.020801773565289606,0.004800890795305581,0.006731442703169518,0.004421285085264983,2.6202034154146903,1.329551963712501,2.2383369611596837,1.1085690723958874
9,1,LPATGFb_010_DAPI.1.1.tif,LPATGFb_010_W647.1.1.tif,LPATGFb_010_G488.1.1.tif,LPATGFb_010_R555.1.1.tif,/Volumes/D/YAPSMAD_Nuclear_Localization/251219_YAPSMAD_Early_D14_Male_#3/tifs,/Volumes/D/YAPSMAD_Nuclear_Localization/251219_YAPSMAD_Early_D14_Male_#3/tifs,/Volumes/D/YAPSMAD_Nuclear_Localization/251219_YAPSMAD_Early_D14_Male_#3/tifs,/Volumes/D/YAPSMAD_Nuclear_Localization/251219_YAPSMAD_Early_D14_Male_#3/tifs,785,1.4309851301674368,0.8817036909874439,0.6988192811500368,8.858930442016572,16.87553223501891,7.057709711836651,0.03061261092235518,0.01128526170957525,0.021497493293017717,0.008990713008709109,0.003927560501821693,0.008087232857797153,0.002326825087197885,1.9506790546565154,1.4295341380871935,2.406018690495915,1.7894995487693068
9,2,LPATGFb_010_DAPI.1.1.tif,LPATGFb_010_W647.1.1.tif,LPATGFb_010_G488.1.1.tif,LPATGFb_010_R555.1.1.tif,/Volumes/D/YAPSMAD_Nuclear_Localization/251219_YAPSMAD_Early_D14_Male_#3/tifs,/Volumes/D/YAPSMAD_Nuclear_Localization/251219_YAPSMAD_Early_D14_Male_#3/tifs,/Volumes/D/YAPSMAD_Nuclear_Localization/251219_YAPSMAD_Early_D14_Male_#3/tifs,/Volumes/D/YAPSMAD_Nuclear_Localization/251219_YAPSMAD_Early_D14_Male_#3/tifs,606,1.107610667266697,0.6749948978161134,0.9028443202589834,10.757015410577878,17.592431561090052,10.721217723563313,0.0389085166746437,0.01775085051250475,0.029030415117310318,0.01769177842172164,0.005574609113159693,0.0050238704479238245,0.0034618621363811286,1.6087817758370826,1.4695223455202286,2.1966826285486616,1.6623862299509118
9,3,LPATGFb_010_DAPI.1.1.tif,LPATGFb_010_W647.1.1.tif,LPATGFb_010_G488.1.1.tif,LPATGFb_010_R555.1.1.tif,/Volumes/D/YAPSMAD_Nuclear_Localization/251219_YAPSMAD_Early_D14_Male_#3/tifs,/Volumes/D/YAPSMAD_Nuclear_Localization/251219_YAPSMAD_Early_D14_Male_#3/tifs,/Volumes/D/YAPSMAD_Nuclear_Localization/251219_YAPSMAD_Early_D14_Male_#3/tifs,/Volumes/D/YAPSMAD_Nuclear_Localization/251219_YAPSMAD_Early_D14_Male_#3/tifs,317,1.2244669046751702,0.8589818102035452,0.8166819341395615,8.18887619767338,17.231326770037413,8.164324449375272,0.03531447909654879,0.025832417027360822,0.054357497697278906,0.025754966717272152,0.013312413889354231,0.004881086131530035,0.0022162428141222056,2.306669208970068,1.3685248861416792,2.48467755224025,1.309174567903051
9,4,LPATGFb_010_DAPI.1.1.tif,LPATGFb_010_W647.1.1.tif,LPATGFb_010_G488.1.1.tif,LPATGFb_010_R555.1.1.tif,/Volumes/D/YAPSMAD_Nuclear_Localization/251219_YAPSMAD_Early_D14_Male_#3/tifs,/Volumes/D/YAPSMAD_Nuclear_Localization/251219_YAPSMAD_Early_D14_Male_#3/tifs,/Volumes/D/YAPSMAD_Nuclear_Localization/251219_YAPSMAD_Early_D14_Male_#3/tifs,/Volumes/D/YAPSMAD_Nuclear_Localization/251219_YAPSMAD_Early_D14_Male_#3/tifs,335,1.1978741202859922,0.8438901759441592,0.8348122587048213,4.189501822460443,18.99655145406723,11.08982988446951,0.035417920729117605,0.012505975589434157,0.05670612374348427,0.033103969804386596,0.00471764587968566,0.0018791848573643428,0.003231747028479253,1.9731711394200262,1.2935566521765178,2.2160143301555055,1.388636295753381
9,5,LPATGFb_010_DAPI.1.1.tif,LPATGFb_010_W647.1.1.tif,LPATGFb_010_G488.1.1.tif,LPATGFb_010_R555.1.1.tif,/Volumes/D/YAPSMAD_Nuclear_Localization/251219_YAPSMAD_Early_D14_Male_#3/tifs,/Volumes/D/YAPSMAD_Nuclear_Localization/251219_YAPSMAD_Early_D14_Male_#3/tifs,/Volumes/D/YAPSMAD_Nuclear_Localization/251219_YAPSMAD_Early_D14_Male_#3/tifs,/Volumes/D/YAPSMAD_Nuclear_Localization/251219_YAPSMAD_Early_D14_Male_#3/tifs,271,1.0879984377220013,0.7263288271083274,0.9191189668376287,2.5258259316906333,14.789089784026146,4.798535151407123,0.03658133725604778,0.009320390891847356,0.05457228702592674,0.017706771776410047,0.004005286874415768,0.0074348930677045405,0.003539831634554556,3.5866715905608397,2.1051841137465854,3.039471118016515,2.1273471492375338
9,6,LPATGFb_010_DAPI.1.1.tif,LPATGFb_010_W647.1.1.tif,LPATGFb_010_G488.1.1.tif,LPATGFb_010_R555.1.1.tif,/Volumes/D/YAPSMAD_Nuclear_Localization/251219_YAPSMAD_Early_D14_Male_#3/tifs,/Volumes/D/YAPSMAD_Nuclear_Localization/251219_YAPSMAD_Early_D14_Male_#3/tifs,/Volumes/D/YAPSMAD_Nuclear_Localization/251219_YAPSMAD_Early_D14_Male_#3/tifs,/Volumes/D/YAPSMAD_Nuclear_Localization/251219_YAPSMAD_Early_D14_Male_#3/tifs,551,1.2117424637485936,0.602915076854179,0.8252578661858919,9.69617767445743,32.385091960430145,16.919295095838606,0.03742938373447438,0.017597418646928188,0.05877512152528157,0.030706524674843205,0.006427277927997985,0.0027401908183984566,0.003506358823501992,2.0369546191607406,1.417389398612139,2.038568531656106,1.385679773643622
9,7,LPATGFb_010_DAPI.1.1.tif,LPATGFb_010_W647.1.1.tif,LPATGFb_010_G488.1.1.tif,LPATGFb_010_R555.1.1.tif,/Volumes/D/YAPSMAD_Nuclear_Localization/251219_YAPSMAD_Early_D14_Male_#3/tifs,/Volumes/D/YAPSMAD_Nuclear_Localization/251219_YAPSMAD_Early_D14_Male_#3/tifs,/Volumes/D/YAPSMAD_Nuclear_Localization/251219_YAPSMAD_Early_D14_Male_#3/tifs,/Volumes/D/YAPSMAD_Nuclear_Localization/251219_YAPSMAD_Early_D14_Male_#3/tifs,509,1.2157650080194187,0.7115138299296471,0.8225273744546097,11.44766922830604,29.365682465024292,12.154039862332866,0.036410394605900544,0.02249050928940283,0.05769289285859389,0.023878270849376947,0.010204814318165388,0.008749764676246668,0.006312655786835238,2.284371146915031,1.414754391055532,2.6560486264257306,1.5975872402000537
9,8,LPATGFb_010_DAPI.1.1.tif,LPATGFb_010_W647.1.1.tif,LPATGFb_010_G488.1.1.tif,LPATGFb_010_R555.1.1.tif,/Volumes/D/YAPSMAD_Nuclear_Localization/251219_YAPSMAD_Early_D14_Male_#3/tifs,/Volumes/D/YAPSMAD_Nuclear_Localization/251219_YAPSMAD_Early_D14_Male_#3/tifs,/Volumes/D/YAPSMAD_Nuclear_Localization/251219_YAPSMAD_Early_D14_Male_#3/tifs,/Volumes/D/YAPSMAD_Nuclear_Localization/251219_YAPSMAD_Early_D14_Male_#3/tifs,573,1.2601132060275957,0.7821688831193906,0.7935794936650323,8.106645361986011,25.70377662219107,9.610009977361187,0.03058014509884111,0.014147723144827245,0.04485824890434742,0.016771396121049192,0.006703291503470443,0.008308161986629143,0.004069084730682934,2.0569987980515845,1.2808517743462762,2.038255803028026,1.347229771420802
9,9,LPATGFb_010_DAPI.1.1.tif,LPATGFb_010_W647.1.1.tif,LPATGFb_010_G488.1.1.tif,LPATGFb_010_R555.1.1.tif,/Volumes/D/YAPSMAD_Nuclear_Localization/251219_YAPSMAD_Early_D14_Male_#3/tifs,/Volumes/D/YAPSMAD_Nuclear_Localization/251219_YAPSMAD_Early_D14_Male_#3/tifs,/Volumes/D/YAPSMAD_Nuclear_Localization/251219_YAPSMAD_Early_D14_Male_#3/tifs,/Volumes/D/YAPSMAD_Nuclear_Localization/251219_YAPSMAD_Early_D14_Male_#3/tifs,336,1.1010646783546385,0.7485012790380746,0.9082118604461428,6.3763485425151885,19.449179846793413,9.347310621291399,0.03224099623427416,0.01897722780510473,0.0578844638297423,0.027819376849081544,0.0054753596272486766,0.003313546453534369,0.002119011288692698,1.8596426754886621,1.1214405444507378,1.8920336366782804,1.1848881863129903
9,10,LPATGFb_010_DAPI.1.1.tif,LPATGFb_010_W647.1.1.tif,LPATGFb_010_G488.1.1.tif,LPATGFb_010_R555.1.1.tif,/Volumes/D/YAPSMAD_Nuclear_Localization/251219_YAPSMAD_Early_D14_Male_#3/tifs,/Volumes/D/YAPSMAD_Nuclear_Localization/251219_YAPSMAD_Early_D14_Male_#3/tifs,/Volumes/D/YAPSMAD_Nuclear_Localization/251219_YAPSMAD_Early_D14_Male_#3/tifs,/Volumes/D/YAPSMAD_Nuclear_Localization/251219_YAPSMAD_Early_D14_Male_#3/tifs,307,1.0874105822890474,0.7743615383270227,0.9196158436263842,5.119630770292133,18.028793778270483,10.022598652169108,0.03877854273208578,0.01667632172733594,0.05872571263280288,0.03264690114713065,0.007621347048254194,0.003462617761300387,0.005105909453402921,1.8736007311004004,1.2111960161776765,2.547760124709092,1.5232606785750775
9,11,LPATGFb_010_DAPI.1.1.tif,LPATGFb_010_W647.1.1.tif,LPATGFb_010_G488.1.1.tif,LPATGFb_010_R555.1.1.tif,/Volumes/D/YAPSMAD_Nuclear_Localization/251219_YAPSMAD_Early_D14_Male_#3/tifs,/Volumes/D/YAPSMAD_Nuclear_Localization/251219_YAPSMAD_Early_D14_Male_#3/tifs,/Volumes/D/YAPSMAD_Nuclear_Localization/251219_YAPSMAD_Early_D14_Male_#3/tifs,/Volumes/D/YAPSMAD_Nuclear_Localization/251219_YAPSMAD_Early_D14_Male_#3/tifs,273,1.2136941316174747,0.8055748221349927,0.82393081909963,2.7425955852959305,15.585046140477061,10.40810258127749,0.03371288057675947,0.010046137675076668,0.05708808110064858,0.038124917880137325,0.0042700820178313455,0.006000851695763762,0.006010147860296026,1.8699686341744892,1.4848488050783415,2.1769303690352855,1.7224952189754963
9,12,LPATGFb_010_DAPI.1.1.tif,LPATGFb_010_W647.1.1.tif,LPATGFb_010_G488.1.1.tif,LPATGFb_010_R555.1.1.tif,/Volumes/D/YAPSMAD_Nuclear_Localization/251219_YAPSMAD_Early_D14_Male_#3/tifs,/Volumes/D/YAPSMAD_Nuclear_Localization/251219_YAPSMAD_Early_D14_Male_#3/tifs,/Volumes/D/YAPSMAD_Nuclear_Localization/251219_YAPSMAD_Early_D14_Male_#3/tifs,/Volumes/D/YAPSMAD_Nuclear_Localization/251219_YAPSMAD_Early_D14_Male_#3/tifs,609,1.3461185750398974,0.6893181989559226,0.742876607263488,6.171664061956108,34.51317610219121,15.019546877592802,0.037951517662060966,0.010134095339829405,0.05667188194120067,0.024662638551055504,0.003063465814810259,0.0031382729581437697,0.0023600150757783676,1.578973477744403,1.2509089195942646,1.5083272672810326,1.0973021099160505
9,13,LPATGFb_010_DAPI.1.1.tif,LPATGFb_010_W647.1.1.tif,LPATGFb_010_G488.1.1.tif,LPATGFb_010_R555.1.1.tif,/Volumes/D/YAPSMAD_Nuclear_Localization/251219_YAPSMAD_Early_D14_Male_#3/tifs,/Volumes/D/YAPSMAD_Nuclear_Localization/251219_YAPSMAD_Early_D14_Male_#3/tifs,/Volumes/D/YAPSMAD_Nuclear_Localization/251219_YAPSMAD_Early_D14_Male_#3/tifs,/Volumes/D/YAPSMAD_Nuclear_Localization/251219_YAPSMAD_Early_D14_Male_#3/tifs,171,1.089460529819889,0.8046030230789232,0.9178854787564643,0.07832455937750638,2.5485923714004457,0.3882658120710403,0.03759082368090313,0.0004580383589327858,0.014904048955558162,0.0022705603045090074,8.105408940407311e-05,0.004294521966898607,0.0003219068465110613,1.370206244610854,1.6116205234273122,1.1301865586702868,1.2375831130337258
9,14,LPATGFb_010_DAPI.1.1.tif,LPATGFb_010_W647.1.1.tif,LPATGFb_010_G488.1.1.tif,LPATGFb_010_R555.1.1.tif,/Volumes/D/YAPSMAD_Nuclear_Localization/251219_YAPSMAD_Early_D14_Male_#3/tifs,/Volumes/D/YAPSMAD_Nuclear_Localization/251219_YAPSMAD_Early_D14_Male_#3/tifs,/Volumes/D/YAPSMAD_Nuclear_Localization/251219_YAPSMAD_Early_D14_Male_#3/tifs,/Volumes/D/YAPSMAD_Nuclear_Localization/251219_YAPSMAD_Early_D14_Male_#3/tifs,484,1.155722960317212,0.8277404735043612,0.8652592657028545,8.830991117283702,27.698435941711068,13.66611740551889,0.04142011052443961,0.018245849415875415,0.05722817343328733,0.02823577976346878,0.004155115977401365,0.004797929404336336,0.003148508560812288,2.101157960231854,1.3900281735715523,1.8945420005633902,1.3075294653026965
9,15,LPATGFb_010_DAPI.1.1.tif,LPATGFb_010_W647.1.1.tif,LPATGFb_010_G488.1.1.tif,LPATGFb_010_R555.1.1.tif,/Volumes/D/YAPSMAD_Nuclear_Localization/251219_YAPSMAD_Early_D14_Male_#3/tifs,/Volumes/D/YAPSMAD_Nuclear_Localization/251219_YAPSMAD_Early_D14_Male_#3/tifs,/Volumes/D/YAPSMAD_Nuclear_Localization/251219_YAPSMAD_Early_D14_Male_#3/tifs,/Volumes/D/YAPSMAD_Nuclear_Localization/251219_YAPSMAD_Early_D14_Male_#3/tifs,302,1.0773175778826614,0.5423519092182436,0.9282313966930534,2.56905474094674,13.620065607130527,9.140291459392756,0.03504057535716635,0.008506803777969337,0.04509955499049843,0.030265865759578663,0.002980519312408331,0.012422726389718626,0.006299053450923418,2.116414311091619,1.9345942023239617,2.072552726938072,1.7634737583379034
9,16,LPATGFb_010_DAPI.1.1.tif,LPATGFb_010_W647.1.1.tif,LPATGFb_010_G488.1.1.tif,LPATGFb_010_R555.1.1.tif,/Volumes/D/YAPSMAD_Nuclear_Localization/251219_YAPSMAD_Early_D14_Male_#3/tifs,/Volumes/D/YAPSMAD_Nuclear_Localization/251219_YAPSMAD_Early_D14_Male_#3/tifs,/Volumes/D/YAPSMAD_Nuclear_Localization/251219_YAPSMAD_Early_D14_Male_#3/tifs,/Volumes/D/YAPSMAD_Nuclear_Localization/251219_YAPSMAD_Early_D14_Male_#3/tifs,399,1.1222276595993135,0.6946024652632302,0.8910847914379919,5.8612955352291465,22.62169837206602,9.318959380500019,0.046990138863710534,0.01468996374744147,0.05669598589490231,0.023355787921052678,0.006476448538877297,0.008548549680350931,0.00676889985363093,2.1670229794743694,1.5300874198180017,2.9117172754563754,1.8726298098498477
9,17,LPATGFb_010_DAPI.1.1.tif,LPATGFb_010_W647.1.1.tif,LPATGFb_010_G488.1.1.tif,LPATGFb_010_R555.1.1.tif,/Volumes/D/YAPSMAD_Nuclear_Localization/251219_YAPSMAD_Early_D14_Male_#3/tifs,/Volumes/D/YAPSMAD_Nuclear_Localization/251219_YAPSMAD_Early_D14_Male_#3/tifs,/Volumes/D/YAPSMAD_Nuclear_Localization/251219_YAPSMAD_Early_D14_Male_#3/tifs,/Volumes/D/YAPSMAD_Nuclear_Localization/251219_YAPSMAD_Early_D14_Male_#3/tifs,379,1.0940319397867098,0.7287954131432478,0.9140500963755755,5.459784886566922,22.3130388148129,12.26533917337656,0.04034626306499057,0.014405764872208238,0.0588734533372372,0.03236237248912021,0.009065120950576691,0.0038518649517935715,0.003896171181369385,2.3511071040093805,1.4811180942650273,2.9723244607425867,1.6590343765241748
9,18,LPATGFb_010_DAPI.1.1.tif,LPATGFb_010_W647.1.1.tif,LPATGFb_010_G488.1.1.tif,LPATGFb_010_R555.1.1.tif,/Volumes/D/YAPSMAD_Nuclear_Localization/251219_YAPSMAD_Early_D14_Male_#3/tifs,/Volumes/D/YAPSMAD_Nuclear_Localization/251219_YAPSMAD_Early_D14_Male_#3/tifs,/Volumes/D/YAPSMAD_Nuclear_Localization/251219_YAPSMAD_Early_D14_Male_#3/tifs,/Volumes/D/YAPSMAD_Nuclear_Localization/251219_YAPSMAD_Early_D14_Male_#3/tifs,213,1.0911071983800076,0.7488733727177194,0.9165002315856071,3.7428855057805777,12.782009646296501,5.753292141947895,0.045361633493429476,0.01757223242150506,0.060009434959138505,0.027010761229802324,0.0063895772053192135,0.00699667482634459,0.007873306311625076,1.7271866511517062,1.400424295687261,4.237715991719147,2.8047434469320387
9,19,LPATGFb_010_DAPI.1.1.tif,LPATGFb_010_W647.1.1.tif,LPATGFb_010_G488.1.1.tif,LPATGFb_010_R555.1.1.tif,/Volumes/D/YAPSMAD_Nuclear_Localization/251219_YAPSMAD_Early_D14_Male_#3/tifs,/Volumes/D/YAPSMAD_Nuclear_Localization/251219_YAPSMAD_Early_D14_Male_#3/tifs,/Volumes/D/YAPSMAD_Nuclear_Localization/251219_YAPSMAD_Early_D14_Male_#3/tifs,/Volumes/D/YAPSMAD_Nuclear_Localization/251219_YAPSMAD_Early_D14_Male_#3/tifs,462,1.4451733712672619,0.908387346571185,0.6919585012302762,2.7462119865231216,22.84510561078787,7.310597434639931,0.02925316339310307,0.005944181789011085,0.04944828054283088,0.0158238039710821,0.003219632217531325,0.0034898464798353685,0.0017616591348925614,1.793042539734839,1.4818263852334321,2.018362210256172,1.6402927836798136
9,20,LPATGFb_010_DAPI.1.1.tif,LPATGFb_010_W647.1.1.tif,LPATGFb_010_G488.1.1.tif,LPATGFb_010_R555.1.1.tif,/Volumes/D/YAPSMAD_Nuclear_Localization/251219_YAPSMAD_Early_D14_Male_#3/tifs,/Volumes/D/YAPSMAD_Nuclear_Localization/251219_YAPSMAD_Early_D14_Male_#3/tifs,/Volumes/D/YAPSMAD_Nuclear_Localization/251219_YAPSMAD_Early_D14_Male_#3/tifs,/Volumes/D/YAPSMAD_Nuclear_Localization/251219_YAPSMAD_Early_D14_Male_#3/tifs,121,1.0290516412475552,0.7174240355141797,0.9717685293107984,0.7547875286545604,4.7604791354388,1.6746624084189534,0.016670292412692852,0.006237913459955045,0.039342802772221484,0.01384018519354507,0.002659440551448112,0.005976508099639732,0.0011095718398086215,1.5666866565403228,1.1795690358725621,1.6770328386788482,1.2708639806297422
9,21,LPATGFb_010_DAPI.1.1.tif,LPATGFb_010_W647.1.1.tif,LPATGFb_010_G488.1.1.tif,LPATGFb_010_R555.1.1.tif,/Volumes/D/YAPSMAD_Nuclear_Localization/251219_YAPSMAD_Early_D14_Male_#3/tifs,/Volumes/D/YAPSMAD_Nuclear_Localization/251219_YAPSMAD_Early_D14_Male_#3/tifs,/Volumes/D/YAPSMAD_Nuclear_Localization/251219_YAPSMAD_Early_D14_Male_#3/tifs,/Volumes/D/YAPSMAD_Nuclear_Localization/251219_YAPSMAD_Early_D14_Male_#3/tifs,516,1.3036471696204892,0.8799903682969115,0.7670787183092759,3.5006332884076983,31.16939047165215,10.751155930105597,0.045277332715589064,0.006784173039549803,0.060405795487697964,0.020835573507956583,0.004575402768617331,0.005408385491923131,0.0052277866772337585,1.7329840283791664,1.396807720940454,2.276761412943473,2.0718118513218915
10,1,LPATGFb_011_DAPI.1.1.tif,LPATGFb_011_W647.1.1.tif,LPATGFb_011_G488.1.1.tif,LPATGFb_011_R555.1.1.tif,/Volumes/D/YAPSMAD_Nuclear_Localization/251219_YAPSMAD_Early_D14_Male_#3/tifs,/Volumes/D/YAPSMAD_Nuclear_Localization/251219_YAPSMAD_Early_D14_Male_#3/tifs,/Volumes/D/YAPSMAD_Nuclear_Localization/251219_YAPSMAD_Early_D14_Male_#3/tifs,/Volumes/D/YAPSMAD_Nuclear_Localization/251219_YAPSMAD_Early_D14_Male_#3/tifs,396,1.1058919733932238,0.7399670795430573,0.9042474527884365,2.9922179433051497,5.424033002927899,7.127321326173842,0.029656332981010728,0.007556105917437246,0.013697053037696716,0.01799828617720667,0.002940953372107332,0.00288973392384657,0.002766425342245589,2.008273578327899,1.88746905058707,2.948775552904168,1.9407443867827123
10,2,LPATGFb_011_DAPI.1.1.tif,LPATGFb_011_W647.1.1.tif,LPATGFb_011_G488.1.1.tif,LPATGFb_011_R555.1.1.tif,/Volumes/D/YAPSMAD_Nuclear_Localization/251219_YAPSMAD_Early_D14_Male_#3/tifs,/Volumes/D/YAPSMAD_Nuclear_Localization/251219_YAPSMAD_Early_D14_Male_#3/tifs,/Volumes/D/YAPSMAD_Nuclear_Localization/251219_YAPSMAD_Early_D14_Male_#3/tifs,/Volumes/D/YAPSMAD_Nuclear_Localization/251219_YAPSMAD_Early_D14_Male_#3/tifs,305,1.22521588676617,0.8328733312061833,0.816182691394409,7.471335928887129,4.644693711772561,5.443106779828668,0.034673500699220136,0.024496183373400423,0.01522850397302479,0.017846251737143173,0.008681251890223918,0.0053618746837781305,0.0052422962463372375,2.329466896191514,2.1745024770115826,3.037743402854274,2.5015233305958593
10,3,LPATGFb_011_DAPI.1.1.tif,LPATGFb_011_W647.1.1.tif,LPATGFb_011_G488.1.1.tif,LPATGFb_011_R555.1.1.tif,/Volumes/D/YAPSMAD_Nuclear_Localization/251219_YAPSMAD_Early_D14_Male_#3/tifs,/Volumes/D/YAPSMAD_Nuclear_Localization/251219_YAPSMAD_Early_D14_Male_#3/tifs,/Volumes/D/YAPSMAD_Nuclear_Localization/251219_YAPSMAD_Early_D14_Male_#3/tifs,/Volumes/D/YAPSMAD_Nuclear_Localization/251219_YAPSMAD_Early_D14_Male_#3/tifs,261,1.0866163758223102,0.6868676409457616,0.9202879896258123,4.011032296810299,4.7855192217975855,7.368642745539546,0.03719295970596002,0.01536793983452222,0.01833532268887964,0.028232347684059564,0.005581467185704915,0.003044996631292532,0.002685754365859052,2.1299891571003178,1.7942104733851645,2.8324990601646705,1.5445958338849437
10,4,LPATGFb_011_DAPI.1.1.tif,LPATGFb_011_W647.1.1.tif,LPATGFb_011_G488.1.1.tif,LPATGFb_011_R555.1.1.tif,/Volumes/D/YAPSMAD_Nuclear_Localization/251219_YAPSMAD_Early_D14_Male_#3/tifs,/Volumes/D/YAPSMAD_Nuclear_Localization/251219_YAPSMAD_Early_D14_Male_#3/tifs,/Volumes/D/YAPSMAD_Nuclear_Localization/251219_YAPSMAD_Early_D14_Male_#3/tifs,/Volumes/D/YAPSMAD_Nuclear_Localization/251219_YAPSMAD_Early_D14_Male_#3/tifs,449,1.1160819850525467,0.7726400694593274,0.8959915251682148,7.446021267212927,3.8266117740422487,2.301670914515853,0.026075425524604744,0.016583566296688033,0.008522520654882513,0.005126215845246889,0.005559852165863505,0.001095499613565945,0.00022230854470043244,1.299248584826552,1.1998316932404423,1.2936116507925495,1.0732770663595965
10,5,LPATGFb_011_DAPI.1.1.tif,LPATGFb_011_W647.1.1.tif,LPATGFb_011_G488.1.1.tif,LPATGFb_011_R555.1.1.tif,/Volumes/D/YAPSMAD_Nuclear_Localization/251219_YAPSMAD_Early_D14_Male_#3/tifs,/Volumes/D/YAPSMAD_Nuclear_Localization/251219_YAPSMAD_Early_D14_Male_#3/tifs,/Volumes/D/YAPSMAD_Nuclear_Localization/251219_YAPSMAD_Early_D14_Male_#3/tifs,/Volumes/D/YAPSMAD_Nuclear_Localization/251219_YAPSMAD_Early_D14_Male_#3/tifs,494,1.164194730581691,0.8032462619707325,0.8589628296121465,8.280979692935944,10.226855926215649,14.614465617574751,0.04280934044299459,0.016763116787319725,0.02070213750246083,0.02958393849711488,0.003452740055909572,0.004533581530854422,0.0065984131956059,2.214440591961507,1.4912413750977098,2.7898623738598474,1.480118132014819
10,6,LPATGFb_011_DAPI.1.1.tif,LPATGFb_011_W647.1.1.tif,LPATGFb_011_G488.1.1.tif,LPATGFb_011_R555.1.1.tif,/Volumes/D/YAPSMAD_Nuclear_Localization/251219_YAPSMAD_Early_D14_Male_#3/tifs,/Volumes/D/YAPSMAD_Nuclear_Localization/251219_YAPSMAD_Early_D14_Male_#3/tifs,/Volumes/D/YAPSMAD_Nuclear_Localization/251219_YAPSMAD_Early_D14_Male_#3/tifs,/Volumes/D/YAPSMAD_Nuclear_Localization/251219_YAPSMAD_Early_D14_Male_#3/tifs,628,1.5559573066500452,0.8596545235510831,0.6426911559372965,8.349279077490792,9.05337612889707,7.6996414822060615,0.03667114724577138,0.01329503037817005,0.014416204026906163,0.012260575608608378,0.005469424372836425,0.004196461906970975,0.003786506487180566,1.7914906591270003,1.6872038844859203,2.2056896172746825,1.8830189725457542
10,7,LPATGFb_011_DAPI.1.1.tif,LPATGFb_011_W647.1.1.tif,LPATGFb_011_G488.1.1.tif,LPATGFb_011_R555.1.1.tif,/Volumes/D/YAPSMAD_Nuclear_Localization/251219_YAPSMAD_Early_D14_Male_#3/tifs,/Volumes/D/YAPSMAD_Nuclear_Localization/251219_YAPSMAD_Early_D14_Male_#3/tifs,/Volumes/D/YAPSMAD_Nuclear_Localization/251219_YAPSMAD_Early_D14_Male_#3/tifs,/Volumes/D/YAPSMAD_Nuclear_Localization/251219_YAPSMAD_Early_D14_Male_#3/tifs,474,1.0572169014527288,0.5114332434389822,0.9458796947210106,12.481132275424898,11.496910084970295,7.738445168826729,0.03445976458387724,0.026331502690769826,0.02425508456744788,0.01632583368950787,0.014486608589080277,0.00760057882975983,0.004702277739894237,1.9398744591571193,1.609117570010503,2.4164106228883546,1.8594712997951743
10,8,LPATGFb_011_DAPI.1.1.tif,LPATGFb_011_W647.1.1.tif,LPATGFb_011_G488.1.1.tif,LPATGFb_011_R555.1.1.tif,/Volumes/D/YAPSMAD_Nuclear_Localization/251219_YAPSMAD_Early_D14_Male_#3/tifs,/Volumes/D/YAPSMAD_Nuclear_Localization/251219_YAPSMAD_Early_D14_Male_#3/tifs,/Volumes/D/YAPSMAD_Nuclear_Localization/251219_YAPSMAD_Early_D14_Male_#3/tifs,/Volumes/D/YAPSMAD_Nuclear_Localization/251219_YAPSMAD_Early_D14_Male_#3/tifs,584,1.1615138844939217,0.8067705490664681,0.8609453690996607,12.608972379937768,9.174944752827287,7.441123127937317,0.03904671347476797,0.021590706130030425,0.015710521837033024,0.012741649191673489,0.005864860342601928,0.003127801562329802,0.0021218574419404647,1.9437104582215663,1.5592488014225978,1.8204459637844685,1.4480014423566383
10,9,LPATGFb_011_DAPI.1.1.tif,LPATGFb_011_W647.1.1.tif,LPATGFb_011_G488.1.1.tif,LPATGFb_011_R555.1.1.tif,/Volumes/D/YAPSMAD_Nuclear_Localization/251219_YAPSMAD_Early_D14_Male_#3/tifs,/Volumes/D/YAPSMAD_Nuclear_Localization/251219_YAPSMAD_Early_D14_Male_#3/tifs,/Volumes/D/YAPSMAD_Nuclear_Localization/251219_YAPSMAD_Early_D14_Male_#3/tifs,/Volumes/D/YAPSMAD_Nuclear_Localization/251219_YAPSMAD_Early_D14_Male_#3/tifs,427,1.1634574265899649,0.8182075975483286,0.8595071698763826,12.93354698177427,7.1360037131235,5.0407874109223485,0.025362102589646322,0.03028933719385075,0.016711952489750586,0.011805122742206905,0.009209514257423666,0.00320483162580625,0.00135034843720713,1.72486636740612,1.49604833133918,1.404121992775395,1.0694905319596553
10,10,LPATGFb_011_DAPI.1.1.tif,LPATGFb_011_W647.1.1.tif,LPATGFb_011_G488.1.1.tif,LPATGFb_011_R555.1.1.tif,/Volumes/D/YAPSMAD_Nuclear_Localization/251219_YAPSMAD_Early_D14_Male_#3/tifs,/Volumes/D/YAPSMAD_Nuclear_Localization/251219_YAPSMAD_Early_D14_Male_#3/tifs,/Volumes/D/YAPSMAD_Nuclear_Localization/251219_YAPSMAD_Early_D14_Male_#3/tifs,/Volumes/D/YAPSMAD_Nuclear_Localization/251219_YAPSMAD_Early_D14_Male_#3/tifs,295,1.0662421276019918,0.7226374840343903,0.937873278604202,5.111345112323761,4.57032123208046,4.354558665771037,0.037037680727445475,0.017326593601097496,0.015492614346035456,0.014761215816173009,0.007253063032072426,0.0033759489245803556,0.003252230343823947,1.9255710452397479,1.4359718733711444,2.8395959749946877,1.8017736069190844
10,11,LPATGFb_011_DAPI.1.1.tif,LPATGFb_011_W647.1.1.tif,LPATGFb_011_G488.1.1.tif,LPATGFb_011_R555.1.1.tif,/Volumes/D/YAPSMAD_Nuclear_Localization/251219_YAPSMAD_Early_D14_Male_#3/tifs,/Volumes/D/YAPSMAD_Nuclear_Localization/251219_YAPSMAD_Early_D14_Male_#3/tifs,/Volumes/D/YAPSMAD_Nuclear_Localization/251219_YAPSMAD_Early_D14_Male_#3/tifs,/Volumes/D/YAPSMAD_Nuclear_Localization/251219_YAPSMAD_Early_D14_Male_#3/tifs,334,1.1460497416854345,0.7993711261044333,0.8725624758043687,2.9808499687351286,3.8146792203187943,2.5207751921843737,0.030434941624787576,0.008924700505194996,0.011421195270415551,0.007547231114324472,0.004780752167287794,0.003640720766891083,0.0021794392423044326,1.493649119983344,1.6750798814294263,1.293729206642561,1.5054664203308339
10,12,LPATGFb_011_DAPI.1.1.tif,LPATGFb_011_W647.1.1.tif,LPATGFb_011_G488.1.1.tif,LPATGFb_011_R555.1.1.tif,/Volumes/D/YAPSMAD_Nuclear_Localization/251219_YAPSMAD_Early_D14_Male_#3/tifs,/Volumes/D/YAPSMAD_Nuclear_Localization/251219_YAPSMAD_Early_D14_Male_#3/tifs,/Volumes/D/YAPSMAD_Nuclear_Localization/251219_YAPSMAD_Early_D14_Male_#3/tifs,/Volumes/D/YAPSMAD_Nuclear_Localization/251219_YAPSMAD_Early_D14_Male_#3/tifs,354,1.110460631177407,0.7575739816545549,0.900527197384488,8.210238841362298,11.612497157417238,11.098924254998565,0.03651923599447739,0.02319276508859406,0.03280366428648937,0.031352893375702164,0.00825466191076208,0.006445400632580122,0.005961828526546693,2.443542064148485,1.58002072362839,2.728872102662638,1.66571867830435
10,13,LPATGFb_011_DAPI.1.1.tif,LPATGFb_011_W647.1.1.tif,LPATGFb_011_G488.1.1.tif,LPATGFb_011_R555.1.1.tif,/Volumes/D/YAPSMAD_Nuclear_Localization/251219_YAPSMAD_Early_D14_Male_#3/tifs,/Volumes/D/YAPSMAD_Nuclear_Localization/251219_YAPSMAD_Early_D14_Male_#3/tifs,/Volumes/D/YAPSMAD_Nuclear_Localization/251219_YAPSMAD_Early_D14_Male_#3/tifs,/Volumes/D/YAPSMAD_Nuclear_Localization/251219_YAPSMAD_Early_D14_Male_#3/tifs,321,1.1052029519380369,0.7518074305342944,0.9048111916878638,13.293263113126159,5.599130266346037,4.235645120032132,0.03840966760021318,0.04141203462033071,0.017442773415408216,0.01319515613717175,0.008911448097998528,0.003902886226814021,0.0015326239417951186,1.4834710693343711,1.5650573023585892,1.4573208576513892,1.2910246013649278
10,14,LPATGFb_011_DAPI.1.1.tif,LPATGFb_011_W647.1.1.tif,LPATGFb_011_G488.1.1.tif,LPATGFb_011_R555.1.1.tif,/Volumes/D/YAPSMAD_Nuclear_Localization/251219_YAPSMAD_Early_D14_Male_#3/tifs,/Volumes/D/YAPSMAD_Nuclear_Localization/251219_YAPSMAD_Early_D14_Male_#3/tifs,/Volumes/D/YAPSMAD_Nuclear_Localization/251219_YAPSMAD_Early_D14_Male_#3/tifs,/Volumes/D/YAPSMAD_Nuclear_Localization/251219_YAPSMAD_Early_D14_Male_#3/tifs,373,1.1116303087913217,0.7310479654906273,0.8995796463010283,3.809277524938807,3.533287602942437,2.579110441263765,0.024658865842159247,0.010212540281337284,0.009472620919416721,0.006914505204460496,0.0039656300609668795,0.0012473554752584419,0.0011298069129821303,1.2658503153145508,1.2871992245785637,1.3890549126523657,1.5416917820006524
10,15,LPATGFb_011_DAPI.1.1.tif,LPATGFb_011_W647.1.1.tif,LPATGFb_011_G488.1.1.tif,LPATGFb_011_R555.1.1.tif,/Volumes/D/YAPSMAD_Nuclear_Localization/251219_YAPSMAD_Early_D14_Male_#3/tifs,/Volumes/D/YAPSMAD_Nuclear_Localization/251219_YAPSMAD_Early_D14_Male_#3/tifs,/Volumes/D/YAPSMAD_Nuclear_Localization/251219_YAPSMAD_Early_D14_Male_#3/tifs,/Volumes/D/YAPSMAD_Nuclear_Localization/251219_YAPSMAD_Early_D14_Male_#3/tifs,348,1.1186033753862497,0.6139612264342874,0.893971913552204,7.775112558156252,8.621973022818565,7.693095329217613,0.029463768203410953,0.022342277465966242,0.02477578454832921,0.02210659577361383,0.007338505293758691,0.004029852479305471,0.0019849697364269997,2.064000726347942,1.5829189247410127,2.1408315346149305,1.575379092602924
10,16,LPATGFb_011_DAPI.1.1.tif,LPATGFb_011_W647.1.1.tif,LPATGFb_011_G488.1.1.tif,LPATGFb_011_R555.1.1.tif,/Volumes/D/YAPSMAD_Nuclear_Localization/251219_YAPSMAD_Early_D14_Male_#3/tifs,/Volumes/D/YAPSMAD_Nuclear_Localization/251219_YAPSMAD_Early_D14_Male_#3/tifs,/Volumes/D/YAPSMAD_Nuclear_Localization/251219_YAPSMAD_Early_D14_Male_#3/tifs,/Volumes/D/YAPSMAD_Nuclear_Localization/251219_YAPSMAD_Early_D14_Male_#3/tifs,350,1.024074360511807,0.6063605676365291,0.9764915894390956,6.126176876947284,8.582482696510851,6.561776177026331,0.03371384969247239,0.01750336250556367,0.024521379132888148,0.01874793193436095,0.0062145500165206756,0.00534870281738644,0.002582611263351054,2.9368810623601194,2.004053574257351,3.1125755248309437,1.817330883028744
10,17,LPATGFb_011_DAPI.1.1.tif,LPATGFb_011_W647.1.1.tif,LPATGFb_011_G488.1.1.tif,LPATGFb_011_R555.1.1.tif,/Volumes/D/YAPSMAD_Nuclear_Localization/251219_YAPSMAD_Early_D14_Male_#3/tifs,/Volumes/D/YAPSMAD_Nuclear_Localization/251219_YAPSMAD_Early_D14_Male_#3/tifs,/Volumes/D/YAPSMAD_Nuclear_Localization/251219_YAPSMAD_Early_D14_Male_#3/tifs,/Volumes/D/YAPSMAD_Nuclear_Localization/251219_YAPSMAD_Early_D14_Male_#3/tifs,327,1.1427854601335832,0.8185238369187773,0.8750548855277765,7.402899247594178,4.370962120592594,3.676279874984175,0.02849769339945156,0.02263883561955406,0.013366856637897842,0.011242446100869037,0.005751789843463722,0.004487779260171352,0.0032237223262252773,1.6707520444064332,1.4917520029312399,1.823962416285014,1.4154434382077044
10,18,LPATGFb_011_DAPI.1.1.tif,LPATGFb_011_W647.1.1.tif,LPATGFb_011_G488.1.1.tif,LPATGFb_011_R555.1.1.tif,/Volumes/D/YAPSMAD_Nuclear_Localization/251219_YAPSMAD_Early_D14_Male_#3/tifs,/Volumes/D/YAPSMAD_Nuclear_Localization/251219_YAPSMAD_Early_D14_Male_#3/tifs,/Volumes/D/YAPSMAD_Nuclear_Localization/251219_YAPSMAD_Early_D14_Male_#3/tifs,/Volumes/D/YAPSMAD_Nuclear_Localization/251219_YAPSMAD_Early_D14_Male_#3/tifs,378,1.3176216782111554,0.8862761167295987,0.7589431902468632,11.188815165311098,7.747661592438817,9.14665450155735,0.025525477616283945,0.02960004011987063,0.02049645923925613,0.02419749868136865,0.008742670463644698,0.0030838406197887676,0.0031942373618067455,1.676116485778744,1.6689929827470578,2.013622633086298,1.8139479394297324
10,19,LPATGFb_011_DAPI.1.1.tif,LPATGFb_011_W647.1.1.tif,LPATGFb_011_G488.1.1.tif,LPATGFb_011_R555.1.1.tif,/Volumes/D/YAPSMAD_Nuclear_Localization/251219_YAPSMAD_Early_D14_Male_#3/tifs,/Volumes/D/YAPSMAD_Nuclear_Localization/251219_YAPSMAD_Early_D14_Male_#3/tifs,/Volumes/D/YAPSMAD_Nuclear_Localization/251219_YAPSMAD_Early_D14_Male_#3/tifs,/Volumes/D/YAPSMAD_Nuclear_Localization/251219_YAPSMAD_Early_D14_Male_#3/tifs,300,1.1825671585736994,0.856969847465272,0.8456179361568821,5.537132861092687,3.6185397435911,3.5947051481343806,0.01990330876161655,0.018457109536975623,0.012061799145303666,0.011982350493781269,0.003048633534781414,0.0020506117009679347,0.0017928625889142929,1.6619153242263023,1.5106041420679035,1.9138142268188434,1.4756749895051167
10,20,LPATGFb_011_DAPI.1.1.tif,LPATGFb_011_W647.1.1.tif,LPATGFb_011_G488.1.1.tif,LPATGFb_011_R555.1.1.tif,/Volumes/D/YAPSMAD_Nuclear_Localization/251219_YAPSMAD_Early_D14_Male_#3/tifs,/Volumes/D/YAPSMAD_Nuclear_Localization/251219_YAPSMAD_Early_D14_Male_#3/tifs,/Volumes/D/YAPSMAD_Nuclear_Localization/251219_YAPSMAD_Early_D14_Male_#3/tifs,/Volumes/D/YAPSMAD_Nuclear_Localization/251219_YAPSMAD_Early_D14_Male_#3/tifs,299,1.1283668919229821,0.8018352196207749,0.8862365664555992,6.602670356631279,7.806286748498678,5.526222667656839,0.036928159957222116,0.022082509553950767,0.02610798243645043,0.018482350059052972,0.01200177629523151,0.006663256037286522,0.0053750894128457745,2.173633449155018,1.8296640453815822,2.687762296094494,2.0281241242794947
10,21,LPATGFb_011_DAPI.1.1.tif,LPATGFb_011_W647.1.1.tif,LPATGFb_011_G488.1.1.tif,LPATGFb_011_R555.1.1.tif,/Volumes/D/YAPSMAD_Nuclear_Localization/251219_YAPSMAD_Early_D14_Male_#3/tifs,/Volumes/D/YAPSMAD_Nuclear_Localization/251219_YAPSMAD_Early_D14_Male_#3/tifs,/Volumes/D/YAPSMAD_Nuclear_Localization/251219_YAPSMAD_Early_D14_Male_#3/tifs,/Volumes/D/YAPSMAD_Nuclear_Localization/251219_YAPSMAD_Early_D14_Male_#3/tifs,291,1.1593872875772222,0.844807771533079,0.8625245512995966,6.6171358888968825,6.189623886719346,3.329350755084306,0.02936826863316531,0.022739298587274512,0.02127018517772971,0.01144106788688765,0.009189117772752426,0.0035700827214280007,0.0023288780692599154,1.8881045355409727,1.7255807699240322,2.0619402984034725,1.6684779010894752
10,22,LPATGFb_011_DAPI.1.1.tif,LPATGFb_011_W647.1.1.tif,LPATGFb_011_G488.1.1.tif,LPATGFb_011_R555.1.1.tif,/Volumes/D/YAPSMAD_Nuclear_Localization/251219_YAPSMAD_Early_D14_Male_#3/tifs,/Volumes/D/YAPSMAD_Nuclear_Localization/251219_YAPSMAD_Early_D14_Male_#3/tifs,/Volumes/D/YAPSMAD_Nuclear_Localization/251219_YAPSMAD_Early_D14_Male_#3/tifs,/Volumes/D/YAPSMAD_Nuclear_Localization/251219_YAPSMAD_Early_D14_Male_#3/tifs,402,1.1096356939847205,0.3512589039402858,0.9011966769102236,8.448584773112088,14.289936712011695,8.858197941444814,0.04017533461299183,0.021016380032617136,0.035547106248785314,0.022035318262300534,0.009497910108467695,0.015610240319876754,0.008635756872879092,2.4367833209415837,1.981953834876645,2.69874410756287,2.2486102690476346
10,23,LPATGFb_011_DAPI.1.1.tif,LPATGFb_011_W647.1.1.tif,LPATGFb_011_G488.1.1.tif,LPATGFb_011_R555.1.1.tif,/Volumes/D/YAPSMAD_Nuclear_Localization/251219_YAPSMAD_Early_D14_Male_#3/tifs,/Volumes/D/YAPSMAD_Nuclear_Localization/251219_YAPSMAD_Early_D14_Male_#3/tifs,/Volumes/D/YAPSMAD_Nuclear_Localization/251219_YAPSMAD_Early_D14_Male_#3/tifs,/Volumes/D/YAPSMAD_Nuclear_Localization/251219_YAPSMAD_Early_D14_Male_#3/tifs,320,1.179508435426777,0.8223685226960726,0.8478108082696109,4.2405279921367764,11.126039503142238,8.142504044808447,0.03667806326993741,0.013251649975427427,0.03476887344731949,0.025445325140026398,0.005412844734784491,0.007202285793400408,0.005335952945267835,2.571649433442827,1.7525912750701957,2.837744696659257,1.7451013670054516
10,24,LPATGFb_011_DAPI.1.1.tif,LPATGFb_011_W647.1.1.tif,LPATGFb_011_G488.1.1.tif,LPATGFb_011_R555.1.1.tif,/Volumes/D/YAPSMAD_Nuclear_Localization/251219_YAPSMAD_Early_D14_Male_#3/tifs,/Volumes/D/YAPSMAD_Nuclear_Localization/251219_YAPSMAD_Early_D14_Male_#3/tifs,/Volumes/D/YAPSMAD_Nuclear_Localization/251219_YAPSMAD_Early_D14_Male_#3/tifs,/Volumes/D/YAPSMAD_Nuclear_Localization/251219_YAPSMAD_Early_D14_Male_#3/tifs,239,1.0419686074556838,0.7143696668906571,0.9597218120052923,2.935591686749831,7.925444422289729,4.363393628038466,0.040340384752898785,0.012282810404811008,0.033160855323387986,0.018256877104763456,0.005791955704796265,0.010160968062061298,0.0041865258314530964,3.5939592318408833,2.3082649793414736,2.976680950090566,2.046030219159032
10,25,LPATGFb_011_DAPI.1.1.tif,LPATGFb_011_W647.1.1.tif,LPATGFb_011_G488.1.1.tif,LPATGFb_011_R555.1.1.tif,/Volumes/D/YAPSMAD_Nuclear_Localization/251219_YAPSMAD_Early_D14_Male_#3/tifs,/Volumes/D/YAPSMAD_Nuclear_Localization/251219_YAPSMAD_Early_D14_Male_#3/tifs,/Volumes/D/YAPSMAD_Nuclear_Localization/251219_YAPSMAD_Early_D14_Male_#3/tifs,/Volumes/D/YAPSMAD_Nuclear_Localization/251219_YAPSMAD_Early_D14_Male_#3/tifs,205,0.9949650269909466,0.5352076750264394,1.0050604522495434,3.7581750378012657,6.106919984333217,5.009292751550674,0.038807191113691505,0.018332561160006176,0.029789853582113255,0.024435574397808166,0.005977260877469227,0.010442982964335728,0.003840433768583033,2.861063281463594,2.1272824724692847,2.9440845245075375,2.024603384487703
10,26,LPATGFb_011_DAPI.1.1.tif,LPATGFb_011_W647.1.1.tif,LPATGFb_011_G488.1.1.tif,LPATGFb_011_R555.1.1.tif,/Volumes/D/YAPSMAD_Nuclear_Localization/251219_YAPSMAD_Early_D14_Male_#3/tifs,/Volumes/D/YAPSMAD_Nuclear_Localization/251219_YAPSMAD_Early_D14_Male_#3/tifs,/Volumes/D/YAPSMAD_Nuclear_Localization/251219_YAPSMAD_Early_D14_Male_#3/tifs,/Volumes/D/YAPSMAD_Nuclear_Localization/251219_YAPSMAD_Early_D14_Male_#3/tifs,265,0.9913172903828221,0.5922192710976933,1.0087587593814942,4.955703084124252,10.440161740407348,5.469016594812274,0.03925645383391178,0.018700766355185857,0.03939683675625414,0.020637798470989715,0.01084096506618691,0.009255238859281669,0.005172016968204271,2.6626683864377467,1.7786598781980685,3.7045846020957915,2.5665426435442713
10,27,LPATGFb_011_DAPI.1.1.tif,LPATGFb_011_W647.1.1.tif,LPATGFb_011_G488.1.1.tif,LPATGFb_011_R555.1.1.tif,/Volumes/D/YAPSMAD_Nuclear_Localization/251219_YAPSMAD_Early_D14_Male_#3/tifs,/Volumes/D/YAPSMAD_Nuclear_Localization/251219_YAPSMAD_Early_D14_Male_#3/tifs,/Volumes/D/YAPSMAD_Nuclear_Localization/251219_YAPSMAD_Early_D14_Male_#3/tifs,/Volumes/D/YAPSMAD_Nuclear_Localization/251219_YAPSMAD_Early_D14_Male_#3/tifs,326,1.1858211986810872,0.807651637604986,0.8432974558999584,2.203845309326425,7.83714051079005,4.693095336202532,0.0307115431349336,0.006760261685050384,0.024040308315306902,0.014395997963811448,0.0029595911190114124,0.00543020383932929,0.002933043687384433,2.2913231581446376,1.6319540678525952,2.1270086081075177,1.4521749863333195
10,28,LPATGFb_011_DAPI.1.1.tif,LPATGFb_011_W647.1.1.tif,LPATGFb_011_G488.1.1.tif,LPATGFb_011_R555.1.1.tif,/Volumes/D/YAPSMAD_Nuclear_Localization/251219_YAPSMAD_Early_D14_Male_#3/tifs,/Volumes/D/YAPSMAD_Nuclear_Localization/251219_YAPSMAD_Early_D14_Male_#3/tifs,/Volumes/D/YAPSMAD_Nuclear_Localization/251219_YAPSMAD_Early_D14_Male_#3/tifs,/Volumes/D/YAPSMAD_Nuclear_Localization/251219_YAPSMAD_Early_D14_Male_#3/tifs,854,1.3131424377820435,0.8682040608727625,0.7615320099539582,3.728511524386704,12.752407195046544,5.18725881096907,0.02388144142389193,0.0043659385531460235,0.01493256111832148,0.00607407354914411,0.003111179106574634,0.0031929183653654465,0.0010027816471061262,1.5347296572993931,1.4144523855679936,1.3531212822333585,1.2125188776621398
10,29,LPATGFb_011_DAPI.1.1.tif,LPATGFb_011_W647.1.1.tif,LPATGFb_011_G488.1.1.tif,LPATGFb_011_R555.1.1.tif,/Volumes/D/YAPSMAD_Nuclear_Localization/251219_YAPSMAD_Early_D14_Male_#3/tifs,/Volumes/D/YAPSMAD_Nuclear_Localization/251219_YAPSMAD_Early_D14_Male_#3/tifs,/Volumes/D/YAPSMAD_Nuclear_Localization/251219_YAPSMAD_Early_D14_Male_#3/tifs,/Volumes/D/YAPSMAD_Nuclear_Localization/251219_YAPSMAD_Early_D14_Male_#3/tifs,309,1.0529123253092676,0.7280593556260757,0.9497466939673957,2.6601816199254245,7.739314898848534,4.434348092414439,0.029718599487156352,0.008609002006231147,0.0250463265334904,0.014350641075774882,0.0021419150464240143,0.004295260178238537,0.001452653593914211,2.3242482618126936,1.7075961018369605,2.775154828789268,1.612780451285515
10,30,LPATGFb_011_DAPI.1.1.tif,LPATGFb_011_W647.1.1.tif,LPATGFb_011_G488.1.1.tif,LPATGFb_011_R555.1.1.tif,/Volumes/D/YAPSMAD_Nuclear_Localization/251219_YAPSMAD_Early_D14_Male_#3/tifs,/Volumes/D/YAPSMAD_Nuclear_Localization/251219_YAPSMAD_Early_D14_Male_#3/tifs,/Volumes/D/YAPSMAD_Nuclear_Localization/251219_YAPSMAD_Early_D14_Male_#3/tifs,/Volumes/D/YAPSMAD_Nuclear_Localization/251219_YAPSMAD_Early_D14_Male_#3/tifs,332,1.1064136530846287,0.7726297344840848,0.9038210954935774,5.827084791846573,8.362890109419823,5.9659113781526685,0.028531521390450287,0.017551460216405343,0.025189428040421152,0.017969612584797193,0.005858704027943225,0.00402042184404331,0.0016942992991642231,1.730486181464104,1.4979961743460928,1.9967526834792242,1.4303027949857492
10,31,LPATGFb_011_DAPI.1.1.tif,LPATGFb_011_W647.1.1.tif,LPATGFb_011_G488.1.1.tif,LPATGFb_011_R555.1.1.tif,/Volumes/D/YAPSMAD_Nuclear_Localization/251219_YAPSMAD_Early_D14_Male_#3/tifs,/Volumes/D/YAPSMAD_Nuclear_Localization/251219_YAPSMAD_Early_D14_Male_#3/tifs,/Volumes/D/YAPSMAD_Nuclear_Localization/251219_YAPSMAD_Early_D14_Male_#3/tifs,/Volumes/D/YAPSMAD_Nuclear_Localization/251219_YAPSMAD_Early_D14_Male_#3/tifs,347,1.156449078662269,0.8164752848269283,0.8647159814046956,4.490028268657625,16.00585944764316,5.210467749973759,0.03932738059900851,0.012939562733883645,0.04612639610271804,0.015015757204535329,0.007282255398528434,0.009845816816641038,0.0041450240477349815,2.0045088693651283,1.6771688458968532,2.1105801994917766,1.4952400951992546
10,32,LPATGFb_011_DAPI.1.1.tif,LPATGFb_011_W647.1.1.tif,LPATGFb_011_G488.1.1.tif,LPATGFb_011_R555.1.1.tif,/Volumes/D/YAPSMAD_Nuclear_Localization/251219_YAPSMAD_Early_D14_Male_#3/tifs,/Volumes/D/YAPSMAD_Nuclear_Localization/251219_YAPSMAD_Early_D14_Male_#3/tifs,/Volumes/D/YAPSMAD_Nuclear_Localization/251219_YAPSMAD_Early_D14_Male_#3/tifs,/Volumes/D/YAPSMAD_Nuclear_Localization/251219_YAPSMAD_Early_D14_Male_#3/tifs,270,1.0833393125916806,0.7788286585694627,0.9230718283523679,1.738674021558836,12.857465472072363,5.314564774744213,0.03985509579587314,0.006439533413180875,0.0476202424891569,0.01968357323979338,0.002072202058074497,0.006326265866452496,0.0036901749546075463,2.3250882936262034,2.1431518687751523,2.43000975481803,2.1176031975733687
10,33,LPATGFb_011_DAPI.1.1.tif,LPATGFb_011_W647.1.1.tif,LPATGFb_011_G488.1.1.tif,LPATGFb_011_R555.1.1.tif,/Volumes/D/YAPSMAD_Nuclear_Localization/251219_YAPSMAD_Early_D14_Male_#3/tifs,/Volumes/D/YAPSMAD_Nuclear_Localization/251219_YAPSMAD_Early_D14_Male_#3/tifs,/Volumes/D/YAPSMAD_Nuclear_Localization/251219_YAPSMAD_Early_D14_Male_#3/tifs,/Volumes/D/YAPSMAD_Nuclear_Localization/251219_YAPSMAD_Early_D14_Male_#3/tifs,260,1.3546013915824704,0.8811491659400422,0.7382245479843937,3.094529668800533,6.860929294023663,3.033157870406285,0.03279234230733262,0.011902037187694357,0.026388189592398702,0.011665991809254941,0.009880359883270639,0.008418644657007628,0.003937694986021335,1.690694565961975,1.9887213469413956,1.2869575242863802,2.237801908867445
10,34,LPATGFb_011_DAPI.1.1.tif,LPATGFb_011_W647.1.1.tif,LPATGFb_011_G488.1.1.tif,LPATGFb_011_R555.1.1.tif,/Volumes/D/YAPSMAD_Nuclear_Localization/251219_YAPSMAD_Early_D14_Male_#3/tifs,/Volumes/D/YAPSMAD_Nuclear_Localization/251219_YAPSMAD_Early_D14_Male_#3/tifs,/Volumes/D/YAPSMAD_Nuclear_Localization/251219_YAPSMAD_Early_D14_Male_#3/tifs,/Volumes/D/YAPSMAD_Nuclear_Localization/251219_YAPSMAD_Early_D14_Male_#3/tifs,275,1.267536272580755,0.8932787344938107,0.7889320579078652,3.3102464559488,9.988006385043263,4.035187328234315,0.022493463057008656,0.012037259839813817,0.03632002321833914,0.0146734084663066,0.004966507279121083,0.004621131663666845,0.001989043272334937,2.7064921985196615,1.5436669113461263,2.356205410486559,1.485207733158004
10,35,LPATGFb_011_DAPI.1.1.tif,LPATGFb_011_W647.1.1.tif,LPATGFb_011_G488.1.1.tif,LPATGFb_011_R555.1.1.tif,/Volumes/D/YAPSMAD_Nuclear_Localization/251219_YAPSMAD_Early_D14_Male_#3/tifs,/Volumes/D/YAPSMAD_Nuclear_Localization/251219_YAPSMAD_Early_D14_Male_#3/tifs,/Volumes/D/YAPSMAD_Nuclear_Localization/251219_YAPSMAD_Early_D14_Male_#3/tifs,/Volumes/D/YAPSMAD_Nuclear_Localization/251219_YAPSMAD_Early_D14_Male_#3/tifs,246,1.3859637924535346,0.9206552869096082,0.7215195703126751,4.264988192357123,8.262714568525553,2.982116454280913,0.021732010742331425,0.01733735037543546,0.03358827060376241,0.01212242461089802,0.005727510438677266,0.005709508688427493,0.0019377279277161766,2.15709520435628,2.0006652313680435,1.7486492491090135,1.6515497216350083
10,36,LPATGFb_011_DAPI.1.1.tif,LPATGFb_011_W647.1.1.tif,LPATGFb_011_G488.1.1.tif,LPATGFb_011_R555.1.1.tif,/Volumes/D/YAPSMAD_Nuclear_Localization/251219_YAPSMAD_Early_D14_Male_#3/tifs,/Volumes/D/YAPSMAD_Nuclear_Localization/251219_YAPSMAD_Early_D14_Male_#3/tifs,/Volumes/D/YAPSMAD_Nuclear_Localization/251219_YAPSMAD_Early_D14_Male_#3/tifs,/Volumes/D/YAPSMAD_Nuclear_Localization/251219_YAPSMAD_Early_D14_Male_#3/tifs,272,1.1743232810733497,0.8132126527772005,0.8515542662885679,5.176119651179761,11.484992748126388,5.8377508437260985,0.02214033600038794,0.01902985165874912,0.04222423804458231,0.021462319278404775,0.010403608271581951,0.009871456547459148,0.006997131325497968,2.2642629841013138,1.720899835980948,1.941120392526524,1.4549597595915986
10,37,LPATGFb_011_DAPI.1.1.tif,LPATGFb_011_W647.1.1.tif,LPATGFb_011_G488.1.1.tif,LPATGFb_011_R555.1.1.tif,/Volumes/D/YAPSMAD_Nuclear_Localization/251219_YAPSMAD_Early_D14_Male_#3/tifs,/Volumes/D/YAPSMAD_Nuclear_Localization/251219_YAPSMAD_Early_D14_Male_#3/tifs,/Volumes/D/YAPSMAD_Nuclear_Localization/251219_YAPSMAD_Early_D14_Male_#3/tifs,/Volumes/D/YAPSMAD_Nuclear_Localization/251219_YAPSMAD_Early_D14_Male_#3/tifs,717,1.4003313390870435,0.8917532470312749,0.7141167037309595,7.223865188425407,14.162539168260992,5.864042196422815,0.02955472498815221,0.010075125785809493,0.01975249535322314,0.008178580469208947,0.003842369527190116,0.0076142281488614785,0.0019905075508054784,1.5641652371304018,1.3850216060657812,1.9291765588325436,1.7975644864845128
10,38,LPATGFb_011_DAPI.1.1.tif,LPATGFb_011_W647.1.1.tif,LPATGFb_011_G488.1.1.tif,LPATGFb_011_R555.1.1.tif,/Volumes/D/YAPSMAD_Nuclear_Localization/251219_YAPSMAD_Early_D14_Male_#3/tifs,/Volumes/D/YAPSMAD_Nuclear_Localization/251219_YAPSMAD_Early_D14_Male_#3/tifs,/Volumes/D/YAPSMAD_Nuclear_Localization/251219_YAPSMAD_Early_D14_Male_#3/tifs,/Volumes/D/YAPSMAD_Nuclear_Localization/251219_YAPSMAD_Early_D14_Male_#3/tifs,566,1.0644712515369328,0.6657769117227516,0.9394335437017709,9.972076046746224,15.10530255176127,9.424704423174262,0.03916395118940529,0.017618508916512763,0.02668781369569129,0.016651421242357353,0.00557509275986234,0.005548638312673226,0.0034445061990966554,1.4513780563857244,1.4063520988245872,2.011378441829497,1.6127733856953068
10,39,LPATGFb_011_DAPI.1.1.tif,LPATGFb_011_W647.1.1.tif,LPATGFb_011_G488.1.1.tif,LPATGFb_011_R555.1.1.tif,/Volumes/D/YAPSMAD_Nuclear_Localization/251219_YAPSMAD_Early_D14_Male_#3/tifs,/Volumes/D/YAPSMAD_Nuclear_Localization/251219_YAPSMAD_Early_D14_Male_#3/tifs,/Volumes/D/YAPSMAD_Nuclear_Localization/251219_YAPSMAD_Early_D14_Male_#3/tifs,/Volumes/D/YAPSMAD_Nuclear_Localization/251219_YAPSMAD_Early_D14_Male_#3/tifs,616,1.1866117837384216,0.6988478803745104,0.8427356054475533,17.294895896688104,20.709041008725762,12.61106285918504,0.023299287971375243,0.028076129702415752,0.03361857306611325,0.020472504641534155,0.01133204494179507,0.00869722729008604,0.005314261958584446,3.3262596076834283,2.1329268593170734,3.4942652206190337,1.8587529471016353
10,40,LPATGFb_011_DAPI.1.1.tif,LPATGFb_011_W647.1.1.tif,LPATGFb_011_G488.1.1.tif,LPATGFb_011_R555.1.1.tif,/Volumes/D/YAPSMAD_Nuclear_Localization/251219_YAPSMAD_Early_D14_Male_#3/tifs,/Volumes/D/YAPSMAD_Nuclear_Localization/251219_YAPSMAD_Early_D14_Male_#3/tifs,/Volumes/D/YAPSMAD_Nuclear_Localization/251219_YAPSMAD_Early_D14_Male_#3/tifs,/Volumes/D/YAPSMAD_Nuclear_Localization/251219_YAPSMAD_Early_D14_Male_#3/tifs,321,1.0891960941400523,0.7769956679855272,0.9181083235425346,3.1325399028137326,7.643274607136846,2.9344472819939256,0.03015163709986897,0.00975869128602409,0.023810824321298583,0.009141580317738086,0.007281040916147574,0.004571422672836587,0.0018491747737042672,1.7808534435817571,1.4909386074600168,1.7214692371490967,1.1943353843016182
10,41,LPATGFb_011_DAPI.1.1.tif,LPATGFb_011_W647.1.1.tif,LPATGFb_011_G488.1.1.tif,LPATGFb_011_R555.1.1.tif,/Volumes/D/YAPSMAD_Nuclear_Localization/251219_YAPSMAD_Early_D14_Male_#3/tifs,/Volumes/D/YAPSMAD_Nuclear_Localization/251219_YAPSMAD_Early_D14_Male_#3/tifs,/Volumes/D/YAPSMAD_Nuclear_Localization/251219_YAPSMAD_Early_D14_Male_#3/tifs,/Volumes/D/YAPSMAD_Nuclear_Localization/251219_YAPSMAD_Early_D14_Male_#3/tifs,370,1.149672219718434,0.8127169353569371,0.8698131370391031,2.3328450759872794,6.364782220683992,3.167376262601465,0.01959340903354255,0.006304986691857512,0.017202114109956736,0.008560476385409365,0.0026835828010908593,0.0018012842552937352,0.0010500476212919085,1.446612034832455,1.332338852819937,1.642152843971629,1.2806537668803786
10,42,LPATGFb_011_DAPI.1.1.tif,LPATGFb_011_W647.1.1.tif,LPATGFb_011_G488.1.1.tif,LPATGFb_011_R555.1.1.tif,/Volumes/D/YAPSMAD_Nuclear_Localization/251219_YAPSMAD_Early_D14_Male_#3/tifs,/Volumes/D/YAPSMAD_Nuclear_Localization/251219_YAPSMAD_Early_D14_Male_#3/tifs,/Volumes/D/YAPSMAD_Nuclear_Localization/251219_YAPSMAD_Early_D14_Male_#3/tifs,/Volumes/D/YAPSMAD_Nuclear_Localization/251219_YAPSMAD_Early_D14_Male_#3/tifs,316,1.1064302095536604,0.7375163378614902,0.9038075708393799,3.772182837128639,9.196612495929003,4.332387305796146,0.029381101877322492,0.011937287459267846,0.029103204101041148,0.013710086410747299,0.0028389090166142652,0.00530667192631539,0.002789400116285489,2.6038369090533022,1.8438099063281594,2.8255452492171678,1.6870606006911988
10,43,LPATGFb_011_DAPI.1.1.tif,LPATGFb_011_W647.1.1.tif,LPATGFb_011_G488.1.1.tif,LPATGFb_011_R555.1.1.tif,/Volumes/D/YAPSMAD_Nuclear_Localization/251219_YAPSMAD_Early_D14_Male_#3/tifs,/Volumes/D/YAPSMAD_Nuclear_Localization/251219_YAPSMAD_Early_D14_Male_#3/tifs,/Volumes/D/YAPSMAD_Nuclear_Localization/251219_YAPSMAD_Early_D14_Male_#3/tifs,/Volumes/D/YAPSMAD_Nuclear_Localization/251219_YAPSMAD_Early_D14_Male_#3/tifs,194,1.1109389580838986,0.7750645510109769,0.9001394655605187,0.9275044039823115,4.539833712391555,2.0190432807430625,0.022627005958449596,0.0047809505359912964,0.023401204703049253,0.010407439591459086,0.002019869969405393,0.0035053679959217215,0.0008010094492086936,2.1746188948136087,2.051300633617291,1.3655938373802379,1.2841667633171447
10,44,LPATGFb_011_DAPI.1.1.tif,LPATGFb_011_W647.1.1.tif,LPATGFb_011_G488.1.1.tif,LPATGFb_011_R555.1.1.tif,/Volumes/D/YAPSMAD_Nuclear_Localization/251219_YAPSMAD_Early_D14_Male_#3/tifs,/Volumes/D/YAPSMAD_Nuclear_Localization/251219_YAPSMAD_Early_D14_Male_#3/tifs,/Volumes/D/YAPSMAD_Nuclear_Localization/251219_YAPSMAD_Early_D14_Male_#3/tifs,/Volumes/D/YAPSMAD_Nuclear_Localization/251219_YAPSMAD_Early_D14_Male_#3/tifs,287,1.2234599627228249,0.8704395935606662,0.8173540863360071,5.701350430259481,14.844205416738987,6.238132329657674,0.034232525732562934,0.019865332509614916,0.0517219700931672,0.02173565271657726,0.011512437832553,0.005898594982539904,0.0021915256828971075,2.0817877940735734,1.421256159631858,1.9981393091277138,1.2684460621112923
10,45,LPATGFb_011_DAPI.1.1.tif,LPATGFb_011_W647.1.1.tif,LPATGFb_011_G488.1.1.tif,LPATGFb_011_R555.1.1.tif,/Volumes/D/YAPSMAD_Nuclear_Localization/251219_YAPSMAD_Early_D14_Male_#3/tifs,/Volumes/D/YAPSMAD_Nuclear_Localization/251219_YAPSMAD_Early_D14_Male_#3/tifs,/Volumes/D/YAPSMAD_Nuclear_Localization/251219_YAPSMAD_Early_D14_Male_#3/tifs,/Volumes/D/YAPSMAD_Nuclear_Localization/251219_YAPSMAD_Early_D14_Male_#3/tifs,329,1.4165196893505017,0.9111266788203718,0.7059555949120037,1.0417639550287277,9.651483970228583,2.782574236392975,0.02686079489321966,0.0031664557903608743,0.0293358175386887,0.008457672451042477,0.0023954956135203926,0.010367519095146919,0.002128216445356537,1.4141789227709,1.1855122726184728,1.2567290140564282,1.0081781265695557
10,46,LPATGFb_011_DAPI.1.1.tif,LPATGFb_011_W647.1.1.tif,LPATGFb_011_G488.1.1.tif,LPATGFb_011_R555.1.1.tif,/Volumes/D/YAPSMAD_Nuclear_Localization/251219_YAPSMAD_Early_D14_Male_#3/tifs,/Volumes/D/YAPSMAD_Nuclear_Localization/251219_YAPSMAD_Early_D14_Male_#3/tifs,/Volumes/D/YAPSMAD_Nuclear_Localization/251219_YAPSMAD_Early_D14_Male_#3/tifs,/Volumes/D/YAPSMAD_Nuclear_Localization/251219_YAPSMAD_Early_D14_Male_#3/tifs,320,1.216481170732546,0.8468071519550179,0.8220431388985787,1.201724286423996,3.669535396620631,1.3691157733555883,0.020119592748233116,0.0037553883950749876,0.011467298114439473,0.004278486791736214,0.002453288139450329,0.0018496478498036242,0.00046655272105713096,1.5459957877188095,1.493377844247178,1.6120090165743748,1.4294694816387503
10,47,LPATGFb_011_DAPI.1.1.tif,LPATGFb_011_W647.1.1.tif,LPATGFb_011_G488.1.1.tif,LPATGFb_011_R555.1.1.tif,/Volumes/D/YAPSMAD_Nuclear_Localization/251219_YAPSMAD_Early_D14_Male_#3/tifs,/Volumes/D/YAPSMAD_Nuclear_Localization/251219_YAPSMAD_Early_D14_Male_#3/tifs,/Volumes/D/YAPSMAD_Nuclear_Localization/251219_YAPSMAD_Early_D14_Male_#3/tifs,/Volumes/D/YAPSMAD_Nuclear_Localization/251219_YAPSMAD_Early_D14_Male_#3/tifs,173,0.9648411813951953,0.46070315308147763,1.0364400061717554,5.406820807605982,10.115877032279968,4.673853682354093,0.048028433035973005,0.03125329946593053,0.05847327764323681,0.027016495273723077,0.011987854983875283,0.007668970550431789,0.007600466629444171,2.2340397396564735,1.8085146233972236,3.0346421458656763,2.1277803169511014
10,48,LPATGFb_011_DAPI.1.1.tif,LPATGFb_011_W647.1.1.tif,LPATGFb_011_G488.1.1.tif,LPATGFb_011_R555.1.1.tif,/Volumes/D/YAPSMAD_Nuclear_Localization/251219_YAPSMAD_Early_D14_Male_#3/tifs,/Volumes/D/YAPSMAD_Nuclear_Localization/251219_YAPSMAD_Early_D14_Male_#3/tifs,/Volumes/D/YAPSMAD_Nuclear_Localization/251219_YAPSMAD_Early_D14_Male_#3/tifs,/Volumes/D/YAPSMAD_Nuclear_Localization/251219_YAPSMAD_Early_D14_Male_#3/tifs,292,1.0178181815539478,0.6033102424124447,0.9824937480221232,5.8508278308436275,10.109040981158614,4.537041305564344,0.03252146974818347,0.020037081612478178,0.03462000336013224,0.015537812690288848,0.003565617471506362,0.002160001140036369,0.00116996962227581,2.703381210716209,1.310697488216182,3.3994983698968584,1.2983297797722162
10,49,LPATGFb_011_DAPI.1.1.tif,LPATGFb_011_W647.1.1.tif,LPATGFb_011_G488.1.1.tif,LPATGFb_011_R555.1.1.tif,/Volumes/D/YAPSMAD_Nuclear_Localization/251219_YAPSMAD_Early_D14_Male_#3/tifs,/Volumes/D/YAPSMAD_Nuclear_Localization/251219_YAPSMAD_Early_D14_Male_#3/tifs,/Volumes/D/YAPSMAD_Nuclear_Localization/251219_YAPSMAD_Early_D14_Male_#3/tifs,/Volumes/D/YAPSMAD_Nuclear_Localization/251219_YAPSMAD_Early_D14_Male_#3/tifs,195,1.0805004170113648,0.7077134700826889,0.9254970976929128,0.3690852215513587,5.251300856471062,2.287251110188663,0.02321758000896527,0.0018927447259044037,0.02692974798190288,0.011729492872762374,0.0004044392562264782,0.0030862286197993246,0.0013743251822387085,1.0899723453049825,1.1327275597860507,1.1291175619099758,1.188838716594761
10,50,LPATGFb_011_DAPI.1.1.tif,LPATGFb_011_W647.1.1.tif,LPATGFb_011_G488.1.1.tif,LPATGFb_011_R555.1.1.tif,/Volumes/D/YAPSMAD_Nuclear_Localization/251219_YAPSMAD_Early_D14_Male_#3/tifs,/Volumes/D/YAPSMAD_Nuclear_Localization/251219_YAPSMAD_Early_D14_Male_#3/tifs,/Volumes/D/YAPSMAD_Nuclear_Localization/251219_YAPSMAD_Early_D14_Male_#3/tifs,/Volumes/D/YAPSMAD_Nuclear_Localization/251219_YAPSMAD_Early_D14_Male_#3/tifs,419,1.0854166830052148,0.6519584363661571,0.9213051684734384,3.6392615041695535,14.368688512593508,6.15979251684621,0.03248048519275567,0.008685588315440461,0.03429281267922078,0.014701175457866849,0.004768851343629429,0.011261062571506029,0.004714466372271109,2.878961567403354,1.82450161007354,2.907254503123298,1.759757436574382
10,51,LPATGFb_011_DAPI.1.1.tif,LPATGFb_011_W647.1.1.tif,LPATGFb_011_G488.1.1.tif,LPATGFb_011_R555.1.1.tif,/Volumes/D/YAPSMAD_Nuclear_Localization/251219_YAPSMAD_Early_D14_Male_#3/tifs,/Volumes/D/YAPSMAD_Nuclear_Localization/251219_YAPSMAD_Early_D14_Male_#3/tifs,/Volumes/D/YAPSMAD_Nuclear_Localization/251219_YAPSMAD_Early_D14_Male_#3/tifs,/Volumes/D/YAPSMAD_Nuclear_Localization/251219_YAPSMAD_Early_D14_Male_#3/tifs,272,1.0839984434656702,0.7153803295748778,0.9225105497410887,2.8696422036737204,14.883421089500189,4.956054039299488,0.03678394798600279,0.010550155160565148,0.05471845988786834,0.018220786909189296,0.004438719562139477,0.007596614632326332,0.0033140616318647212,2.2343028684706643,1.8455249526367086,1.976215034154583,1.7368557761290657
10,52,LPATGFb_011_DAPI.1.1.tif,LPATGFb_011_W647.1.1.tif,LPATGFb_011_G488.1.1.tif,LPATGFb_011_R555.1.1.tif,/Volumes/D/YAPSMAD_Nuclear_Localization/251219_YAPSMAD_Early_D14_Male_#3/tifs,/Volumes/D/YAPSMAD_Nuclear_Localization/251219_YAPSMAD_Early_D14_Male_#3/tifs,/Volumes/D/YAPSMAD_Nuclear_Localization/251219_YAPSMAD_Early_D14_Male_#3/tifs,/Volumes/D/YAPSMAD_Nuclear_Localization/251219_YAPSMAD_Early_D14_Male_#3/tifs,356,1.0752264430419527,0.6161632198812381,0.9300366508573511,4.143907873891294,16.7417410351336,11.011871561408043,0.024949315281354644,0.011640190656998017,0.04702736245824045,0.030932223487101243,0.004372693238648589,0.00407354995128845,0.00266005632882989,2.2460636646053818,1.3930787809383074,2.191194251919044,1.2890975854082003
10,53,LPATGFb_011_DAPI.1.1.tif,LPATGFb_011_W647.1.1.tif,LPATGFb_011_G488.1.1.tif,LPATGFb_011_R555.1.1.tif,/Volumes/D/YAPSMAD_Nuclear_Localization/251219_YAPSMAD_Early_D14_Male_#3/tifs,/Volumes/D/YAPSMAD_Nuclear_Localization/251219_YAPSMAD_Early_D14_Male_#3/tifs,/Volumes/D/YAPSMAD_Nuclear_Localization/251219_YAPSMAD_Early_D14_Male_#3/tifs,/Volumes/D/YAPSMAD_Nuclear_Localization/251219_YAPSMAD_Early_D14_Male_#3/tifs,331,1.1209945466516484,0.751576245481107,0.8920649997691311,2.7786679198034108,10.195651201531291,5.484351900406182,0.01903841891002439,0.008394767129315441,0.030802571605834717,0.016569038974036804,0.0019158404601816456,0.004850624753031545,0.0031886728486859024,1.5120099677422838,1.2438450885578733,1.716723215705855,1.2740032895333224
10,54,LPATGFb_011_DAPI.1.1.tif,LPATGFb_011_W647.1.1.tif,LPATGFb_011_G488.1.1.tif,LPATGFb_011_R555.1.1.tif,/Volumes/D/YAPSMAD_Nuclear_Localization/251219_YAPSMAD_Early_D14_Male_#3/tifs,/Volumes/D/YAPSMAD_Nuclear_Localization/251219_YAPSMAD_Early_D14_Male_#3/tifs,/Volumes/D/YAPSMAD_Nuclear_Localization/251219_YAPSMAD_Early_D14_Male_#3/tifs,/Volumes/D/YAPSMAD_Nuclear_Localization/251219_YAPSMAD_Early_D14_Male_#3/tifs,180,0.9956278504975903,0.5217314061768216,1.0043913491373555,0.5992217927705497,5.1885710172355175,1.6562752961181104,0.0271266414783895,0.003329009959836387,0.028825394540197318,0.009201529422878392,0.0017812692602975234,0.005686482116998777,0.0011020433896887251,2.3310837824748813,1.8652060556726255,2.0768520634165992,1.7932837304375493
10,55,LPATGFb_011_DAPI.1.1.tif,LPATGFb_011_W647.1.1.tif,LPATGFb_011_G488.1.1.tif,LPATGFb_011_R555.1.1.tif,/Volumes/D/YAPSMAD_Nuclear_Localization/251219_YAPSMAD_Early_D14_Male_#3/tifs,/Volumes/D/YAPSMAD_Nuclear_Localization/251219_YAPSMAD_Early_D14_Male_#3/tifs,/Volumes/D/YAPSMAD_Nuclear_Localization/251219_YAPSMAD_Early_D14_Male_#3/tifs,/Volumes/D/YAPSMAD_Nuclear_Localization/251219_YAPSMAD_Early_D14_Male_#3/tifs,226,1.0695104858392972,0.7074574818195609,0.9350071955725157,3.9006027528084815,11.74627299234271,7.293614124879241,0.04173241212832189,0.017259304215966734,0.05197465925815359,0.03227262887114708,0.006578451610950232,0.0070985266322006,0.00534635881846822,2.043559630509696,1.5743559962106675,2.658118381514947,1.8582406361622255
10,56,LPATGFb_011_DAPI.1.1.tif,LPATGFb_011_W647.1.1.tif,LPATGFb_011_G488.1.1.tif,LPATGFb_011_R555.1.1.tif,/Volumes/D/YAPSMAD_Nuclear_Localization/251219_YAPSMAD_Early_D14_Male_#3/tifs,/Volumes/D/YAPSMAD_Nuclear_Localization/251219_YAPSMAD_Early_D14_Male_#3/tifs,/Volumes/D/YAPSMAD_Nuclear_Localization/251219_YAPSMAD_Early_D14_Male_#3/tifs,/Volumes/D/YAPSMAD_Nuclear_Localization/251219_YAPSMAD_Early_D14_Male_#3/tifs,583,1.238498914329009,0.7762337631596377,0.8074290485282964,7.509163102367893,25.9320515897125,9.4891585316509,0.03135051113740249,0.012880211153289696,0.04448036293261149,0.016276429728389195,0.006173116277247879,0.007753212224182304,0.0040977752100559645,2.05410617345577,1.3007293380548606,2.1095303995212475,1.3875870123891063
10,57,LPATGFb_011_DAPI.1.1.tif,LPATGFb_011_W647.1.1.tif,LPATGFb_011_G488.1.1.tif,LPATGFb_011_R555.1.1.tif,/Volumes/D/YAPSMAD_Nuclear_Localization/251219_YAPSMAD_Early_D14_Male_#3/tifs,/Volumes/D/YAPSMAD_Nuclear_Localization/251219_YAPSMAD_Early_D14_Male_#3/tifs,/Volumes/D/YAPSMAD_Nuclear_Localization/251219_YAPSMAD_Early_D14_Male_#3/tifs,/Volumes/D/YAPSMAD_Nuclear_Localization/251219_YAPSMAD_Early_D14_Male_#3/tifs,433,1.1164405071578807,0.7493729399156001,0.8957037957586268,3.086457656696439,13.999969543889165,5.7606165101751685,0.024342897475006675,0.007128077729091083,0.03233249317295419,0.01330396422673249,0.0034362138871876385,0.007428669781924057,0.0015502400687823516,2.577930499983849,1.9166954967962102,3.066830992682554,1.3144174586966393
11,1,LPA_012_DAPI.1.tif,LPA_012_W647.1.tif,LPA_012_G488.1.tif,LPA_012_R555.1.tif,/Volumes/D/YAPSMAD_Nuclear_Localization/251219_YAPSMAD_Early_D14_Male_#3/tifs,/Volumes/D/YAPSMAD_Nuclear_Localization/251219_YAPSMAD_Early_D14_Male_#3/tifs,/Volumes/D/YAPSMAD_Nuclear_Localization/251219_YAPSMAD_Early_D14_Male_#3/tifs,/Volumes/D/YAPSMAD_Nuclear_Localization/251219_YAPSMAD_Early_D14_Male_#3/tifs,305,1.1261623501008755,0.6119983739272779,0.887971436720847,2.865369685459882,14.91938654705882,6.999496480450034,0.038877436338511644,0.009394654706425842,0.048916021465766624,0.022949168788360768,0.0028097323254662092,0.008320548952402742,0.00380281349398441,2.16036948444718,1.846927883856927,2.5070046036658895,2.0022159053369752
11,2,LPA_012_DAPI.1.tif,LPA_012_W647.1.tif,LPA_012_G488.1.tif,LPA_012_R555.1.tif,/Volumes/D/YAPSMAD_Nuclear_Localization/251219_YAPSMAD_Early_D14_Male_#3/tifs,/Volumes/D/YAPSMAD_Nuclear_Localization/251219_YAPSMAD_Early_D14_Male_#3/tifs,/Volumes/D/YAPSMAD_Nuclear_Localization/251219_YAPSMAD_Early_D14_Male_#3/tifs,/Volumes/D/YAPSMAD_Nuclear_Localization/251219_YAPSMAD_Early_D14_Male_#3/tifs,275,1.358875801686115,0.8650022066762012,0.7359024266670904,3.30278480052948,9.950072484090924,5.790966689586639,0.023677396628667007,0.012010126547379927,0.03618208176033064,0.021058060689405963,0.0071172156832655575,0.007794362764115668,0.0027009580477368794,3.344010677557726,2.2080190277854466,2.2638628222624573,1.487763281248685
11,3,LPA_012_DAPI.1.tif,LPA_012_W647.1.tif,LPA_012_G488.1.tif,LPA_012_R555.1.tif,/Volumes/D/YAPSMAD_Nuclear_Localization/251219_YAPSMAD_Early_D14_Male_#3/tifs,/Volumes/D/YAPSMAD_Nuclear_Localization/251219_YAPSMAD_Early_D14_Male_#3/tifs,/Volumes/D/YAPSMAD_Nuclear_Localization/251219_YAPSMAD_Early_D14_Male_#3/tifs,/Volumes/D/YAPSMAD_Nuclear_Localization/251219_YAPSMAD_Early_D14_Male_#3/tifs,549,1.1122591112107412,0.6640012935241388,0.8990710796798577,2.5841306522488594,20.739436940290034,9.181445088237524,0.04334918579395406,0.004706977508650017,0.03777675216810571,0.01672394369442172,0.0020236984136040013,0.010379425136636622,0.003576169056267593,2.497421129899859,1.4429357772577414,2.1918617615216838,1.4633737128016884
11,4,LPA_012_DAPI.1.tif,LPA_012_W647.1.tif,LPA_012_G488.1.tif,LPA_012_R555.1.tif,/Volumes/D/YAPSMAD_Nuclear_Localization/251219_YAPSMAD_Early_D14_Male_#3/tifs,/Volumes/D/YAPSMAD_Nuclear_Localization/251219_YAPSMAD_Early_D14_Male_#3/tifs,/Volumes/D/YAPSMAD_Nuclear_Localization/251219_YAPSMAD_Early_D14_Male_#3/tifs,/Volumes/D/YAPSMAD_Nuclear_Localization/251219_YAPSMAD_Early_D14_Male_#3/tifs,306,1.349695429710689,0.9122430710307431,0.7409078952088864,2.9714809202123433,14.57651638891548,3.3796292426995933,0.04377469307517791,0.009710721961478246,0.04763567447358,0.0110445400088222,0.004863788268406742,0.011623205457420328,0.0019485508364021488,2.208631576724504,1.7380617688989104,1.183537718191722,1.0439565688992687
11,5,LPA_012_DAPI.1.tif,LPA_012_W647.1.tif,LPA_012_G488.1.tif,LPA_012_R555.1.tif,/Volumes/D/YAPSMAD_Nuclear_Localization/251219_YAPSMAD_Early_D14_Male_#3/tifs,/Volumes/D/YAPSMAD_Nuclear_Localization/251219_YAPSMAD_Early_D14_Male_#3/tifs,/Volumes/D/YAPSMAD_Nuclear_Localization/251219_YAPSMAD_Early_D14_Male_#3/tifs,/Volumes/D/YAPSMAD_Nuclear_Localization/251219_YAPSMAD_Early_D14_Male_#3/tifs,423,1.1398884319759441,0.6895669212091159,0.8772788388303459,3.0570993025321513,16.32672618702054,12.608896071091294,0.04475168105386568,0.007227185112369152,0.038597461435036735,0.029808264943478237,0.002390544877763905,0.007648266065595002,0.004369754106728491,2.658419367981505,2.010716378454127,2.719275264917724,1.6449690125163936
11,6,LPA_012_DAPI.1.tif,LPA_012_W647.1.tif,LPA_012_G488.1.tif,LPA_012_R555.1.tif,/Volumes/D/YAPSMAD_Nuclear_Localization/251219_YAPSMAD_Early_D14_Male_#3/tifs,/Volumes/D/YAPSMAD_Nuclear_Localization/251219_YAPSMAD_Early_D14_Male_#3/tifs,/Volumes/D/YAPSMAD_Nuclear_Localization/251219_YAPSMAD_Early_D14_Male_#3/tifs,/Volumes/D/YAPSMAD_Nuclear_Localization/251219_YAPSMAD_Early_D14_Male_#3/tifs,271,1.178656577313473,0.7956548402042916,0.8484235520742716,2.8359350305981934,13.315083533059806,4.021698358701542,0.04242965307024847,0.010464704909956433,0.04913314956848637,0.014840215345762148,0.004408041507236802,0.013919408082018568,0.002779183581131553,2.5701489011560814,1.9971605903209713,1.957996256271321,1.5088493620747156
11,7,LPA_012_DAPI.1.tif,LPA_012_W647.1.tif,LPA_012_G488.1.tif,LPA_012_R555.1.tif,/Volumes/D/YAPSMAD_Nuclear_Localization/251219_YAPSMAD_Early_D14_Male_#3/tifs,/Volumes/D/YAPSMAD_Nuclear_Localization/251219_YAPSMAD_Early_D14_Male_#3/tifs,/Volumes/D/YAPSMAD_Nuclear_Localization/251219_YAPSMAD_Early_D14_Male_#3/tifs,/Volumes/D/YAPSMAD_Nuclear_Localization/251219_YAPSMAD_Early_D14_Male_#3/tifs,395,1.3720951510269617,0.8945432079171546,0.7288124291172792,5.800320488400757,18.360906436108053,8.839902389794588,0.044974286646782595,0.014684355666837361,0.04648330743318494,0.022379499720998956,0.007060797058839299,0.014042336047578256,0.0071211396745650395,2.7538285332860326,1.923098219321596,2.203687700450198,1.5574580227291415
11,8,LPA_012_DAPI.1.tif,LPA_012_W647.1.tif,LPA_012_G488.1.tif,LPA_012_R555.1.tif,/Volumes/D/YAPSMAD_Nuclear_Localization/251219_YAPSMAD_Early_D14_Male_#3/tifs,/Volumes/D/YAPSMAD_Nuclear_Localization/251219_YAPSMAD_Early_D14_Male_#3/tifs,/Volumes/D/YAPSMAD_Nuclear_Localization/251219_YAPSMAD_Early_D14_Male_#3/tifs,/Volumes/D/YAPSMAD_Nuclear_Localization/251219_YAPSMAD_Early_D14_Male_#3/tifs,259,1.1166020026445773,0.7530534450851426,0.895574249044498,2.2102235665079206,9.298893724568188,6.240589026361704,0.037514806268413095,0.008533681723968806,0.03590306457362235,0.024094938325720863,0.004080321975484508,0.011289364150259154,0.003894351892724506,2.907014103202979,2.3225278685704187,2.1364128014352515,1.6445735108480906
11,9,LPA_012_DAPI.1.tif,LPA_012_W647.1.tif,LPA_012_G488.1.tif,LPA_012_R555.1.tif,/Volumes/D/YAPSMAD_Nuclear_Localization/251219_YAPSMAD_Early_D14_Male_#3/tifs,/Volumes/D/YAPSMAD_Nuclear_Localization/251219_YAPSMAD_Early_D14_Male_#3/tifs,/Volumes/D/YAPSMAD_Nuclear_Localization/251219_YAPSMAD_Early_D14_Male_#3/tifs,/Volumes/D/YAPSMAD_Nuclear_Localization/251219_YAPSMAD_Early_D14_Male_#3/tifs,302,1.1662131185809348,0.8068033035574356,0.8574762057357189,3.1492332722991705,12.60384526103735,6.073472233489156,0.035791753754266444,0.010427924742712485,0.04173458695707732,0.02011083521022899,0.005913342643244429,0.011616933132321598,0.003421107593724267,2.086956632785674,1.6821760816558118,1.6257366163731526,1.3788232267964797
11,10,LPA_012_DAPI.1.tif,LPA_012_W647.1.tif,LPA_012_G488.1.tif,LPA_012_R555.1.tif,/Volumes/D/YAPSMAD_Nuclear_Localization/251219_YAPSMAD_Early_D14_Male_#3/tifs,/Volumes/D/YAPSMAD_Nuclear_Localization/251219_YAPSMAD_Early_D14_Male_#3/tifs,/Volumes/D/YAPSMAD_Nuclear_Localization/251219_YAPSMAD_Early_D14_Male_#3/tifs,/Volumes/D/YAPSMAD_Nuclear_Localization/251219_YAPSMAD_Early_D14_Male_#3/tifs,257,1.1035286929557313,0.7871876817241864,0.9061839591334627,1.8009308241307735,10.623682009987533,3.9758907770738006,0.030733273230522058,0.007007512934360987,0.0413372840855546,0.015470392128691831,0.0018234670581376612,0.007971864237045687,0.0014480735969758859,2.363846767286334,1.7876181523592773,1.8769273880254536,1.3752619195624116
11,11,LPA_012_DAPI.1.tif,LPA_012_W647.1.tif,LPA_012_G488.1.tif,LPA_012_R555.1.tif,/Volumes/D/YAPSMAD_Nuclear_Localization/251219_YAPSMAD_Early_D14_Male_#3/tifs,/Volumes/D/YAPSMAD_Nuclear_Localization/251219_YAPSMAD_Early_D14_Male_#3/tifs,/Volumes/D/YAPSMAD_Nuclear_Localization/251219_YAPSMAD_Early_D14_Male_#3/tifs,/Volumes/D/YAPSMAD_Nuclear_Localization/251219_YAPSMAD_Early_D14_Male_#3/tifs,338,1.2550592406857481,0.8423504834053829,0.7967751382425685,5.487022235989571,15.352101910859346,6.0898756785318255,0.03652486170383071,0.01623379359760228,0.04542041985461345,0.018017383664295342,0.007991472273192765,0.010626333263340256,0.0032814150869015166,2.53653345969044,1.8298973985334406,2.0987155688916803,1.4325049597487778
11,12,LPA_012_DAPI.1.tif,LPA_012_W647.1.tif,LPA_012_G488.1.tif,LPA_012_R555.1.tif,/Volumes/D/YAPSMAD_Nuclear_Localization/251219_YAPSMAD_Early_D14_Male_#3/tifs,/Volumes/D/YAPSMAD_Nuclear_Localization/251219_YAPSMAD_Early_D14_Male_#3/tifs,/Volumes/D/YAPSMAD_Nuclear_Localization/251219_YAPSMAD_Early_D14_Male_#3/tifs,/Volumes/D/YAPSMAD_Nuclear_Localization/251219_YAPSMAD_Early_D14_Male_#3/tifs,239,1.0239691574658425,0.5847817324780072,0.9765919146186374,1.5848325616680086,6.9117876179516315,4.944548740983009,0.029360082000494003,0.006631098584384973,0.028919613464232767,0.020688488455995854,0.001511981925720563,0.00520234079732693,0.002356964518209684,2.528893491122123,1.8273984713955809,2.0745777542327173,1.3896335965083673
11,13,LPA_012_DAPI.1.tif,LPA_012_W647.1.tif,LPA_012_G488.1.tif,LPA_012_R555.1.tif,/Volumes/D/YAPSMAD_Nuclear_Localization/251219_YAPSMAD_Early_D14_Male_#3/tifs,/Volumes/D/YAPSMAD_Nuclear_Localization/251219_YAPSMAD_Early_D14_Male_#3/tifs,/Volumes/D/YAPSMAD_Nuclear_Localization/251219_YAPSMAD_Early_D14_Male_#3/tifs,/Volumes/D/YAPSMAD_Nuclear_Localization/251219_YAPSMAD_Early_D14_Male_#3/tifs,319,1.0880153629926421,0.7264790800288018,0.9191046689354172,3.0044098901562393,13.10801861435175,8.938231512904167,0.03932446066500345,0.009418212821806392,0.04109096744310893,0.028019534523210557,0.0029671174506364084,0.006535323802855771,0.0024853447986855435,2.497908685661835,1.8428236796606625,1.827203050596675,1.3407263229873543
11,14,LPA_012_DAPI.1.tif,LPA_012_W647.1.tif,LPA_012_G488.1.tif,LPA_012_R555.1.tif,/Volumes/D/YAPSMAD_Nuclear_Localization/251219_YAPSMAD_Early_D14_Male_#3/tifs,/Volumes/D/YAPSMAD_Nuclear_Localization/251219_YAPSMAD_Early_D14_Male_#3/tifs,/Volumes/D/YAPSMAD_Nuclear_Localization/251219_YAPSMAD_Early_D14_Male_#3/tifs,/Volumes/D/YAPSMAD_Nuclear_Localization/251219_YAPSMAD_Early_D14_Male_#3/tifs,294,1.2067011822180604,0.8604870933553872,0.8287055774337445,2.46990161947906,14.754467057064176,4.611474820412695,0.03901602151062416,0.008401025916595443,0.05018526209885774,0.015685288504805085,0.0025968624434070777,0.004562811926538179,0.0015553757829497225,2.2893516359045862,1.6338611181963028,2.130938546634567,1.5490807366348047
11,15,LPA_012_DAPI.1.tif,LPA_012_W647.1.tif,LPA_012_G488.1.tif,LPA_012_R555.1.tif,/Volumes/D/YAPSMAD_Nuclear_Localization/251219_YAPSMAD_Early_D14_Male_#3/tifs,/Volumes/D/YAPSMAD_Nuclear_Localization/251219_YAPSMAD_Early_D14_Male_#3/tifs,/Volumes/D/YAPSMAD_Nuclear_Localization/251219_YAPSMAD_Early_D14_Male_#3/tifs,/Volumes/D/YAPSMAD_Nuclear_Localization/251219_YAPSMAD_Early_D14_Male_#3/tifs,281,1.0092771319915408,0.45000152716808844,0.9908081420875604,2.5281605552881956,10.329472789540887,3.274158879183233,0.027231815300908378,0.00899701265227116,0.03675968964249426,0.011651810957947447,0.0013975802098775026,0.005315940925566347,0.001179975725029495,2.6991854943385927,1.6928883329751605,2.049722396907113,1.3547010358568408
11,16,LPA_012_DAPI.1.tif,LPA_012_W647.1.tif,LPA_012_G488.1.tif,LPA_012_R555.1.tif,/Volumes/D/YAPSMAD_Nuclear_Localization/251219_YAPSMAD_Early_D14_Male_#3/tifs,/Volumes/D/YAPSMAD_Nuclear_Localization/251219_YAPSMAD_Early_D14_Male_#3/tifs,/Volumes/D/YAPSMAD_Nuclear_Localization/251219_YAPSMAD_Early_D14_Male_#3/tifs,/Volumes/D/YAPSMAD_Nuclear_Localization/251219_YAPSMAD_Early_D14_Male_#3/tifs,285,1.1121894560111525,0.6201290753564757,0.8991273875104716,4.247974415309727,12.456473618745804,5.794918795116246,0.04091168644331526,0.014905173387051674,0.04370692497805545,0.020333048403916653,0.006840089171517934,0.007933929386378461,0.0025834323461501633,2.4834384788171504,1.6987067957682396,2.1886811992715707,1.4954542841597314
11,17,LPA_012_DAPI.1.tif,LPA_012_W647.1.tif,LPA_012_G488.1.tif,LPA_012_R555.1.tif,/Volumes/D/YAPSMAD_Nuclear_Localization/251219_YAPSMAD_Early_D14_Male_#3/tifs,/Volumes/D/YAPSMAD_Nuclear_Localization/251219_YAPSMAD_Early_D14_Male_#3/tifs,/Volumes/D/YAPSMAD_Nuclear_Localization/251219_YAPSMAD_Early_D14_Male_#3/tifs,/Volumes/D/YAPSMAD_Nuclear_Localization/251219_YAPSMAD_Early_D14_Male_#3/tifs,308,1.0757743439336702,0.727671099031834,0.9295629753944546,2.3225452296901494,15.185168246738613,5.240299108438194,0.038660317350953044,0.0075407312652277575,0.0493024943075929,0.01701395814427985,0.004882804465743407,0.008955323457318266,0.003990092292063583,2.232112073067567,1.7468019545463715,1.909522806587607,1.4379205816885225
11,18,LPA_012_DAPI.1.tif,LPA_012_W647.1.tif,LPA_012_G488.1.tif,LPA_012_R555.1.tif,/Volumes/D/YAPSMAD_Nuclear_Localization/251219_YAPSMAD_Early_D14_Male_#3/tifs,/Volumes/D/YAPSMAD_Nuclear_Localization/251219_YAPSMAD_Early_D14_Male_#3/tifs,/Volumes/D/YAPSMAD_Nuclear_Localization/251219_YAPSMAD_Early_D14_Male_#3/tifs,/Volumes/D/YAPSMAD_Nuclear_Localization/251219_YAPSMAD_Early_D14_Male_#3/tifs,134,1.139235544878166,0.8451760884094177,0.8777816005617554,0.6023346425499767,5.408651869744062,3.2775005996227264,0.021256045354947226,0.004495034645895349,0.04036307365480644,0.024458959698677063,0.0007875261590101567,0.005874108590278937,0.0016841724344640043,2.2758594272122235,1.8231597951149634,1.8792920737136272,1.5198434737437523
11,19,LPA_012_DAPI.1.tif,LPA_012_W647.1.tif,LPA_012_G488.1.tif,LPA_012_R555.1.tif,/Volumes/D/YAPSMAD_Nuclear_Localization/251219_YAPSMAD_Early_D14_Male_#3/tifs,/Volumes/D/YAPSMAD_Nuclear_Localization/251219_YAPSMAD_Early_D14_Male_#3/tifs,/Volumes/D/YAPSMAD_Nuclear_Localization/251219_YAPSMAD_Early_D14_Male_#3/tifs,/Volumes/D/YAPSMAD_Nuclear_Localization/251219_YAPSMAD_Early_D14_Male_#3/tifs,249,1.138983430078807,0.7228603210534449,0.8779758981487635,2.16981768514961,13.985076665878296,4.022354490123689,0.04398716400268985,0.008714127249596828,0.05616496652963171,0.016154034096882285,0.0037564783351747713,0.007278268657360513,0.002184708185581313,2.3765332374023007,1.6573629151442044,1.9430417521545778,1.4498127991125513
11,20,LPA_012_DAPI.1.tif,LPA_012_W647.1.tif,LPA_012_G488.1.tif,LPA_012_R555.1.tif,/Volumes/D/YAPSMAD_Nuclear_Localization/251219_YAPSMAD_Early_D14_Male_#3/tifs,/Volumes/D/YAPSMAD_Nuclear_Localization/251219_YAPSMAD_Early_D14_Male_#3/tifs,/Volumes/D/YAPSMAD_Nuclear_Localization/251219_YAPSMAD_Early_D14_Male_#3/tifs,/Volumes/D/YAPSMAD_Nuclear_Localization/251219_YAPSMAD_Early_D14_Male_#3/tifs,329,1.4255165294969152,0.8746872284634492,0.7015001084223934,2.9419394568540156,13.387167163193226,6.7045090813189745,0.03199121182767454,0.008942065218401263,0.04069047769967546,0.020378447055680773,0.002117616085562125,0.008075096387289316,0.0030355541125975734,2.613636938828508,1.6430719867146582,2.231197100133508,1.4697462051857866
11,21,LPA_012_DAPI.1.tif,LPA_012_W647.1.tif,LPA_012_G488.1.tif,LPA_012_R555.1.tif,/Volumes/D/YAPSMAD_Nuclear_Localization/251219_YAPSMAD_Early_D14_Male_#3/tifs,/Volumes/D/YAPSMAD_Nuclear_Localization/251219_YAPSMAD_Early_D14_Male_#3/tifs,/Volumes/D/YAPSMAD_Nuclear_Localization/251219_YAPSMAD_Early_D14_Male_#3/tifs,/Volumes/D/YAPSMAD_Nuclear_Localization/251219_YAPSMAD_Early_D14_Male_#3/tifs,273,1.067885089703039,0.7315547205488397,0.936430342217891,4.854840952437371,14.271137556061149,3.9991302667185664,0.03819556764903523,0.017783300192078282,0.05227522914308113,0.014648828815818925,0.004926797911956763,0.009046180977221544,0.002447668216971006,3.064837857768631,2.546114959396882,1.9176163161163522,1.5373000588887782
11,22,LPA_012_DAPI.1.tif,LPA_012_W647.1.tif,LPA_012_G488.1.tif,LPA_012_R555.1.tif,/Volumes/D/YAPSMAD_Nuclear_Localization/251219_YAPSMAD_Early_D14_Male_#3/tifs,/Volumes/D/YAPSMAD_Nuclear_Localization/251219_YAPSMAD_Early_D14_Male_#3/tifs,/Volumes/D/YAPSMAD_Nuclear_Localization/251219_YAPSMAD_Early_D14_Male_#3/tifs,/Volumes/D/YAPSMAD_Nuclear_Localization/251219_YAPSMAD_Early_D14_Male_#3/tifs,357,1.1568817968948761,0.8191698825403831,0.8643925444103675,4.127595979720354,14.122102678753436,9.267490702681243,0.033262017736060114,0.011561893500617239,0.03955771058474352,0.02595935771059172,0.005061401194596682,0.009733828879612836,0.004534201843848254,3.1019765652133007,2.091525809243958,2.824951416388711,1.6158589610009237
11,23,LPA_012_DAPI.1.tif,LPA_012_W647.1.tif,LPA_012_G488.1.tif,LPA_012_R555.1.tif,/Volumes/D/YAPSMAD_Nuclear_Localization/251219_YAPSMAD_Early_D14_Male_#3/tifs,/Volumes/D/YAPSMAD_Nuclear_Localization/251219_YAPSMAD_Early_D14_Male_#3/tifs,/Volumes/D/YAPSMAD_Nuclear_Localization/251219_YAPSMAD_Early_D14_Male_#3/tifs,/Volumes/D/YAPSMAD_Nuclear_Localization/251219_YAPSMAD_Early_D14_Male_#3/tifs,284,1.1161056160675293,0.8079671821677534,0.8959725545718386,2.0662394440732896,10.386587331071496,5.859632298350334,0.03506507126050411,0.007275491000258062,0.03657249060236442,0.020632508092782866,0.002426423643925992,0.007167977539145779,0.0026169491256916593,2.819743421655558,1.8310926162445063,2.113359474777698,1.3691170513375586
11,24,LPA_012_DAPI.1.tif,LPA_012_W647.1.tif,LPA_012_G488.1.tif,LPA_012_R555.1.tif,/Volumes/D/YAPSMAD_Nuclear_Localization/251219_YAPSMAD_Early_D14_Male_#3/tifs,/Volumes/D/YAPSMAD_Nuclear_Localization/251219_YAPSMAD_Early_D14_Male_#3/tifs,/Volumes/D/YAPSMAD_Nuclear_Localization/251219_YAPSMAD_Early_D14_Male_#3/tifs,/Volumes/D/YAPSMAD_Nuclear_Localization/251219_YAPSMAD_Early_D14_Male_#3/tifs,314,1.3293960009853747,0.8968279281202527,0.7522213089694719,2.340230441885069,16.082078254781663,8.103456208482385,0.042411187841634085,0.00745296319071678,0.051216809728604026,0.025807185377332436,0.0029294777216075044,0.0082405357239134,0.002969094526272367,1.9535555286734911,1.4985626379141153,1.7054807292925231,1.307247705197818
11,25,LPA_012_DAPI.1.tif,LPA_012_W647.1.tif,LPA_012_G488.1.tif,LPA_012_R555.1.tif,/Volumes/D/YAPSMAD_Nuclear_Localization/251219_YAPSMAD_Early_D14_Male_#3/tifs,/Volumes/D/YAPSMAD_Nuclear_Localization/251219_YAPSMAD_Early_D14_Male_#3/tifs,/Volumes/D/YAPSMAD_Nuclear_Localization/251219_YAPSMAD_Early_D14_Male_#3/tifs,/Volumes/D/YAPSMAD_Nuclear_Localization/251219_YAPSMAD_Early_D14_Male_#3/tifs,298,1.1940905671125521,0.8119799605006339,0.8374574153266403,3.2855268637649715,13.451132975518703,9.228885354474187,0.03670009827841348,0.011025257932097219,0.04513803011919028,0.030969413941188545,0.007044132352534218,0.005797996410637683,0.0027493678029999486,2.4592327183163736,1.542594234767219,2.295204698447404,1.3144285887379392
11,26,LPA_012_DAPI.1.tif,LPA_012_W647.1.tif,LPA_012_G488.1.tif,LPA_012_R555.1.tif,/Volumes/D/YAPSMAD_Nuclear_Localization/251219_YAPSMAD_Early_D14_Male_#3/tifs,/Volumes/D/YAPSMAD_Nuclear_Localization/251219_YAPSMAD_Early_D14_Male_#3/tifs,/Volumes/D/YAPSMAD_Nuclear_Localization/251219_YAPSMAD_Early_D14_Male_#3/tifs,/Volumes/D/YAPSMAD_Nuclear_Localization/251219_YAPSMAD_Early_D14_Male_#3/tifs,268,1.058234604812026,0.6521605755850092,0.9449700429874242,2.1589227446820587,14.407537959516048,9.161135299131274,0.04068607526636724,0.00805568188314201,0.05375946999819421,0.03418334066840028,0.004266399984367605,0.0038603987680258167,0.0025477127028576286,2.1099757245324944,1.3608953516481688,2.077228235477784,1.3985960156669777
11,27,LPA_012_DAPI.1.tif,LPA_012_W647.1.tif,LPA_012_G488.1.tif,LPA_012_R555.1.tif,/Volumes/D/YAPSMAD_Nuclear_Localization/251219_YAPSMAD_Early_D14_Male_#3/tifs,/Volumes/D/YAPSMAD_Nuclear_Localization/251219_YAPSMAD_Early_D14_Male_#3/tifs,/Volumes/D/YAPSMAD_Nuclear_Localization/251219_YAPSMAD_Early_D14_Male_#3/tifs,/Volumes/D/YAPSMAD_Nuclear_Localization/251219_YAPSMAD_Early_D14_Male_#3/tifs,359,1.0587937923277462,0.6643325964550753,0.944470969934109,3.2067292681895196,17.74657818302512,8.218951741233468,0.032661277577696074,0.008932393504706183,0.04943336541232624,0.022894015992293782,0.003253856065721054,0.007091850325640342,0.0023574042760922034,3.095147762213573,1.6628963827689132,2.4304716025328386,1.5525146875765192
11,28,LPA_012_DAPI.1.tif,LPA_012_W647.1.tif,LPA_012_G488.1.tif,LPA_012_R555.1.tif,/Volumes/D/YAPSMAD_Nuclear_Localization/251219_YAPSMAD_Early_D14_Male_#3/tifs,/Volumes/D/YAPSMAD_Nuclear_Localization/251219_YAPSMAD_Early_D14_Male_#3/tifs,/Volumes/D/YAPSMAD_Nuclear_Localization/251219_YAPSMAD_Early_D14_Male_#3/tifs,/Volumes/D/YAPSMAD_Nuclear_Localization/251219_YAPSMAD_Early_D14_Male_#3/tifs,272,1.0257897285309283,0.6104777019919398,0.9748586598075389,2.2828565204981714,11.522423135116696,6.653452377766371,0.03715807440183947,0.008392854854772688,0.042361849761458445,0.024461221977082247,0.0043871179628639165,0.006601108923004226,0.0025555697802949117,2.32159310520156,1.798803462089335,2.0451346067506786,1.551677757873164
11,29,LPA_012_DAPI.1.tif,LPA_012_W647.1.tif,LPA_012_G488.1.tif,LPA_012_R555.1.tif,/Volumes/D/YAPSMAD_Nuclear_Localization/251219_YAPSMAD_Early_D14_Male_#3/tifs,/Volumes/D/YAPSMAD_Nuclear_Localization/251219_YAPSMAD_Early_D14_Male_#3/tifs,/Volumes/D/YAPSMAD_Nuclear_Localization/251219_YAPSMAD_Early_D14_Male_#3/tifs,/Volumes/D/YAPSMAD_Nuclear_Localization/251219_YAPSMAD_Early_D14_Male_#3/tifs,167,1.0252377715260474,0.7072897164848578,0.9753834942225338,0.08198672463186085,2.223392103333026,0.5821011743973941,0.04630930422286609,0.0004909384708494662,0.01331372516965884,0.003485635774834695,0.00012272126542056368,0.00665116349741351,0.0011605035276617659,1.8100579265119818,2.058389435116288,1.3763982981558898,1.4924401957988538
11,30,LPA_012_DAPI.1.tif,LPA_012_W647.1.tif,LPA_012_G488.1.tif,LPA_012_R555.1.tif,/Volumes/D/YAPSMAD_Nuclear_Localization/251219_YAPSMAD_Early_D14_Male_#3/tifs,/Volumes/D/YAPSMAD_Nuclear_Localization/251219_YAPSMAD_Early_D14_Male_#3/tifs,/Volumes/D/YAPSMAD_Nuclear_Localization/251219_YAPSMAD_Early_D14_Male_#3/tifs,/Volumes/D/YAPSMAD_Nuclear_Localization/251219_YAPSMAD_Early_D14_Male_#3/tifs,313,1.1854606867146826,0.8020011171634026,0.8435539121683928,5.691752519458532,14.481818858534098,6.3757381942123175,0.03437345753462551,0.01818451284172055,0.046267791880300634,0.020369770588537756,0.007434689224390752,0.007189515391672674,0.002643745716631973,3.0455728515626403,1.8351584914339056,2.7332767560956857,1.5034527337718662
11,31,LPA_012_DAPI.1.tif,LPA_012_W647.1.tif,LPA_012_G488.1.tif,LPA_012_R555.1.tif,/Volumes/D/YAPSMAD_Nuclear_Localization/251219_YAPSMAD_Early_D14_Male_#3/tifs,/Volumes/D/YAPSMAD_Nuclear_Localization/251219_YAPSMAD_Early_D14_Male_#3/tifs,/Volumes/D/YAPSMAD_Nuclear_Localization/251219_YAPSMAD_Early_D14_Male_#3/tifs,/Volumes/D/YAPSMAD_Nuclear_Localization/251219_YAPSMAD_Early_D14_Male_#3/tifs,529,1.626511403018482,0.9239839871433344,0.6148127816037433,4.404806627193466,15.205890000797808,6.092347646597773,0.03825064691132206,0.00832666659204814,0.02874459357428697,0.011516725229863465,0.004683840404237847,0.00985743803786436,0.004692917283735736,2.3755432327960513,1.7835374965616535,2.2674901585455682,1.5917309655033938
11,32,LPA_012_DAPI.1.tif,LPA_012_W647.1.tif,LPA_012_G488.1.tif,LPA_012_R555.1.tif,/Volumes/D/YAPSMAD_Nuclear_Localization/251219_YAPSMAD_Early_D14_Male_#3/tifs,/Volumes/D/YAPSMAD_Nuclear_Localization/251219_YAPSMAD_Early_D14_Male_#3/tifs,/Volumes/D/YAPSMAD_Nuclear_Localization/251219_YAPSMAD_Early_D14_Male_#3/tifs,/Volumes/D/YAPSMAD_Nuclear_Localization/251219_YAPSMAD_Early_D14_Male_#3/tifs,249,1.0424521945060405,0.6696899661213982,0.9592766030617296,4.05145344696939,12.451804369688034,6.892546001821756,0.040369366306856454,0.016270897377387107,0.05000724646461058,0.02768090763783838,0.008806127014735191,0.007012871070370218,0.004232890750007807,1.8881306509707412,1.3661949378755913,1.7639043912366013,1.3858603827368032
11,33,LPA_012_DAPI.1.tif,LPA_012_W647.1.tif,LPA_012_G488.1.tif,LPA_012_R555.1.tif,/Volumes/D/YAPSMAD_Nuclear_Localization/251219_YAPSMAD_Early_D14_Male_#3/tifs,/Volumes/D/YAPSMAD_Nuclear_Localization/251219_YAPSMAD_Early_D14_Male_#3/tifs,/Volumes/D/YAPSMAD_Nuclear_Localization/251219_YAPSMAD_Early_D14_Male_#3/tifs,/Volumes/D/YAPSMAD_Nuclear_Localization/251219_YAPSMAD_Early_D14_Male_#3/tifs,129,0.9771123999642481,0.4171093336453191,1.0234237126011188,0.5999237119685858,2.8600442577153444,0.605142296757549,0.038983015798378824,0.0046505714106091925,0.0221708857187236,0.00469102555626007,0.005189870460402365,0.007593957117860087,0.0023455662326300726,1.1279825529514382,1.0408810637124255,0.5258299936135454,0.4560868422322857
11,34,LPA_012_DAPI.1.tif,LPA_012_W647.1.tif,LPA_012_G488.1.tif,LPA_012_R555.1.tif,/Volumes/D/YAPSMAD_Nuclear_Localization/251219_YAPSMAD_Early_D14_Male_#3/tifs,/Volumes/D/YAPSMAD_Nuclear_Localization/251219_YAPSMAD_Early_D14_Male_#3/tifs,/Volumes/D/YAPSMAD_Nuclear_Localization/251219_YAPSMAD_Early_D14_Male_#3/tifs,/Volumes/D/YAPSMAD_Nuclear_Localization/251219_YAPSMAD_Early_D14_Male_#3/tifs,209,1.0312064969773986,0.5649331427884459,0.969737877846126,0.4597695926204324,8.855970107018948,4.058793036267161,0.02649185238361501,0.0021998545101456096,0.04237306271300932,0.019420062374484025,0.001686888502242314,0.006263409973954838,0.00214453943069384,1.9294515358367201,1.4381569266483996,1.6968929416739216,1.2535369023132414
11,35,LPA_012_DAPI.1.tif,LPA_012_W647.1.tif,LPA_012_G488.1.tif,LPA_012_R555.1.tif,/Volumes/D/YAPSMAD_Nuclear_Localization/251219_YAPSMAD_Early_D14_Male_#3/tifs,/Volumes/D/YAPSMAD_Nuclear_Localization/251219_YAPSMAD_Early_D14_Male_#3/tifs,/Volumes/D/YAPSMAD_Nuclear_Localization/251219_YAPSMAD_Early_D14_Male_#3/tifs,/Volumes/D/YAPSMAD_Nuclear_Localization/251219_YAPSMAD_Early_D14_Male_#3/tifs,323,1.0712734080066457,0.6956365172101802,0.9334685174914717,1.9083696042653173,14.94549477379769,5.450843102298677,0.03847474974490725,0.005908265028685193,0.04627088165262443,0.01687567523931479,0.0026722607929011593,0.010742472359649362,0.00249732324118374,1.8767794426591722,1.6206539108590474,1.5602723598610966,1.2064237467479924
11,36,LPA_012_DAPI.1.tif,LPA_012_W647.1.tif,LPA_012_G488.1.tif,LPA_012_R555.1.tif,/Volumes/D/YAPSMAD_Nuclear_Localization/251219_YAPSMAD_Early_D14_Male_#3/tifs,/Volumes/D/YAPSMAD_Nuclear_Localization/251219_YAPSMAD_Early_D14_Male_#3/tifs,/Volumes/D/YAPSMAD_Nuclear_Localization/251219_YAPSMAD_Early_D14_Male_#3/tifs,/Volumes/D/YAPSMAD_Nuclear_Localization/251219_YAPSMAD_Early_D14_Male_#3/tifs,236,1.059009018703282,0.6482416270211234,0.9442790215558916,1.4878309527412057,11.853696499019861,3.5157397091388702,0.044583241186909754,0.006304368443818668,0.05022752753821975,0.014897202157368094,0.0028788463886861276,0.010826701617224786,0.003287138008107708,2.4144046282698874,1.9235369267405495,2.548620768873709,2.0060956105413474
11,37,LPA_012_DAPI.1.tif,LPA_012_W647.1.tif,LPA_012_G488.1.tif,LPA_012_R555.1.tif,/Volumes/D/YAPSMAD_Nuclear_Localization/251219_YAPSMAD_Early_D14_Male_#3/tifs,/Volumes/D/YAPSMAD_Nuclear_Localization/251219_YAPSMAD_Early_D14_Male_#3/tifs,/Volumes/D/YAPSMAD_Nuclear_Localization/251219_YAPSMAD_Early_D14_Male_#3/tifs,/Volumes/D/YAPSMAD_Nuclear_Localization/251219_YAPSMAD_Early_D14_Male_#3/tifs,222,1.102381210064578,0.7663714518459063,0.9071272177629185,1.3287403916474432,11.200411988422275,3.2361028627492487,0.044769558019365545,0.005985317079492987,0.05045230625415439,0.014577039922293913,0.0020318602251968385,0.012634140589532548,0.0034700639291501767,2.6352325755700217,1.9930786001922345,2.4869892563941605,1.9658851739218444
11,38,LPA_012_DAPI.1.tif,LPA_012_W647.1.tif,LPA_012_G488.1.tif,LPA_012_R555.1.tif,/Volumes/D/YAPSMAD_Nuclear_Localization/251219_YAPSMAD_Early_D14_Male_#3/tifs,/Volumes/D/YAPSMAD_Nuclear_Localization/251219_YAPSMAD_Early_D14_Male_#3/tifs,/Volumes/D/YAPSMAD_Nuclear_Localization/251219_YAPSMAD_Early_D14_Male_#3/tifs,/Volumes/D/YAPSMAD_Nuclear_Localization/251219_YAPSMAD_Early_D14_Male_#3/tifs,925,1.3812580862787076,0.751525550896994,0.7239776620559975,16.221774731297046,34.947539426386356,22.351674783043563,0.0336577731516917,0.017537053763564375,0.03778112370420147,0.024163972738425472,0.009154258662285615,0.0076619375937571725,0.0031276471734713036,2.4751231011976826,1.61900856015898,2.1204476183776175,1.4091967833407784
11,39,LPA_012_DAPI.1.tif,LPA_012_W647.1.tif,LPA_012_G488.1.tif,LPA_012_R555.1.tif,/Volumes/D/YAPSMAD_Nuclear_Localization/251219_YAPSMAD_Early_D14_Male_#3/tifs,/Volumes/D/YAPSMAD_Nuclear_Localization/251219_YAPSMAD_Early_D14_Male_#3/tifs,/Volumes/D/YAPSMAD_Nuclear_Localization/251219_YAPSMAD_Early_D14_Male_#3/tifs,/Volumes/D/YAPSMAD_Nuclear_Localization/251219_YAPSMAD_Early_D14_Male_#3/tifs,303,1.073762074325293,0.699987701565078,0.9313050105893877,0.9617151245474815,12.536552974954247,4.1505302814766765,0.039429916935687016,0.003173977308737563,0.04137476229357837,0.013698119740847116,0.0021651733060548766,0.006804612696411261,0.001341049885722425,2.1951183103295553,1.9060622512753513,1.825975941348902,1.5698156515454622
11,40,LPA_012_DAPI.1.tif,LPA_012_W647.1.tif,LPA_012_G488.1.tif,LPA_012_R555.1.tif,/Volumes/D/YAPSMAD_Nuclear_Localization/251219_YAPSMAD_Early_D14_Male_#3/tifs,/Volumes/D/YAPSMAD_Nuclear_Localization/251219_YAPSMAD_Early_D14_Male_#3/tifs,/Volumes/D/YAPSMAD_Nuclear_Localization/251219_YAPSMAD_Early_D14_Male_#3/tifs,/Volumes/D/YAPSMAD_Nuclear_Localization/251219_YAPSMAD_Early_D14_Male_#3/tifs,301,1.250305203168936,0.8390955217444762,0.799804717652514,2.8165102871134877,17.055176626890898,4.028107153251767,0.0388208274602692,0.009357177033599628,0.0566617163684083,0.01338241579153411,0.006492820253530922,0.005712911453263418,0.0013788431257003486,2.9296305223976287,2.0856167475858416,2.2195709373020898,1.4141492399223048
11,41,LPA_012_DAPI.1.tif,LPA_012_W647.1.tif,LPA_012_G488.1.tif,LPA_012_R555.1.tif,/Volumes/D/YAPSMAD_Nuclear_Localization/251219_YAPSMAD_Early_D14_Male_#3/tifs,/Volumes/D/YAPSMAD_Nuclear_Localization/251219_YAPSMAD_Early_D14_Male_#3/tifs,/Volumes/D/YAPSMAD_Nuclear_Localization/251219_YAPSMAD_Early_D14_Male_#3/tifs,/Volumes/D/YAPSMAD_Nuclear_Localization/251219_YAPSMAD_Early_D14_Male_#3/tifs,215,1.0251225477289805,0.6592311917059225,0.9754931273488852,0.6768139228224754,7.4437170922756195,2.2266270238906145,0.03146722594839196,0.003147971734058025,0.034621939964072646,0.010356404762281928,0.0023690894648393393,0.006831615134564354,0.001740145514259818,1.6888820083488014,1.3793033767832688,1.3327062022314142,1.2244665685213536
11,42,LPA_012_DAPI.1.tif,LPA_012_W647.1.tif,LPA_012_G488.1.tif,LPA_012_R555.1.tif,/Volumes/D/YAPSMAD_Nuclear_Localization/251219_YAPSMAD_Early_D14_Male_#3/tifs,/Volumes/D/YAPSMAD_Nuclear_Localization/251219_YAPSMAD_Early_D14_Male_#3/tifs,/Volumes/D/YAPSMAD_Nuclear_Localization/251219_YAPSMAD_Early_D14_Male_#3/tifs,/Volumes/D/YAPSMAD_Nuclear_Localization/251219_YAPSMAD_Early_D14_Male_#3/tifs,540,1.1219548217813706,0.6918924734836227,0.8913014861082034,4.2054780391044915,23.43053331784904,6.816403511911631,0.03986727480811102,0.007787922294637947,0.04338987651453526,0.01262296946650302,0.003983017920067483,0.005771707128430464,0.001493391261387109,2.714752752700281,1.8573035687266541,2.0058460701882495,1.3281221569952864
11,43,LPA_012_DAPI.1.tif,LPA_012_W647.1.tif,LPA_012_G488.1.tif,LPA_012_R555.1.tif,/Volumes/D/YAPSMAD_Nuclear_Localization/251219_YAPSMAD_Early_D14_Male_#3/tifs,/Volumes/D/YAPSMAD_Nuclear_Localization/251219_YAPSMAD_Early_D14_Male_#3/tifs,/Volumes/D/YAPSMAD_Nuclear_Localization/251219_YAPSMAD_Early_D14_Male_#3/tifs,/Volumes/D/YAPSMAD_Nuclear_Localization/251219_YAPSMAD_Early_D14_Male_#3/tifs,305,1.0392589998792734,0.6240371793277764,0.9622240462831365,1.571938673965633,12.383993266150355,3.9209430324845016,0.03975455490108885,0.0051538972916906,0.040603256610329035,0.012855550926178693,0.0038894478089471006,0.0100347401760362,0.0025265464532776985,2.342484286482517,1.9734453427671859,1.9351190992817116,1.2832593253734674
11,44,LPA_012_DAPI.1.tif,LPA_012_W647.1.tif,LPA_012_G488.1.tif,LPA_012_R555.1.tif,/Volumes/D/YAPSMAD_Nuclear_Localization/251219_YAPSMAD_Early_D14_Male_#3/tifs,/Volumes/D/YAPSMAD_Nuclear_Localization/251219_YAPSMAD_Early_D14_Male_#3/tifs,/Volumes/D/YAPSMAD_Nuclear_Localization/251219_YAPSMAD_Early_D14_Male_#3/tifs,/Volumes/D/YAPSMAD_Nuclear_Localization/251219_YAPSMAD_Early_D14_Male_#3/tifs,178,1.0214275591091622,0.45965070135001684,0.979021949311951,0.8521553503815085,4.260456267744303,2.1684138467535377,0.019034944066589468,0.004787389608884879,0.023935147571597207,0.012182100262660324,0.0017529685403505,0.00214575158317179,0.0009716604353553459,2.007661531102321,1.5816409773143971,1.6153968381608395,1.3558851631169102
11,45,LPA_012_DAPI.1.tif,LPA_012_W647.1.tif,LPA_012_G488.1.tif,LPA_012_R555.1.tif,/Volumes/D/YAPSMAD_Nuclear_Localization/251219_YAPSMAD_Early_D14_Male_#3/tifs,/Volumes/D/YAPSMAD_Nuclear_Localization/251219_YAPSMAD_Early_D14_Male_#3/tifs,/Volumes/D/YAPSMAD_Nuclear_Localization/251219_YAPSMAD_Early_D14_Male_#3/tifs,/Volumes/D/YAPSMAD_Nuclear_Localization/251219_YAPSMAD_Early_D14_Male_#3/tifs,402,1.1066585585404844,0.7391084745998314,0.9036210783196301,2.4970168981235474,16.347783611156046,7.697962968610227,0.04309565328126449,0.006211484821202855,0.040666128385960315,0.019149161613458275,0.0017518583786466889,0.0075488089156786975,0.0030903860498923377,1.960493825184983,1.8954492544964059,1.8702746680974427,1.6389388185286196
11,46,LPA_012_DAPI.1.tif,LPA_012_W647.1.tif,LPA_012_G488.1.tif,LPA_012_R555.1.tif,/Volumes/D/YAPSMAD_Nuclear_Localization/251219_YAPSMAD_Early_D14_Male_#3/tifs,/Volumes/D/YAPSMAD_Nuclear_Localization/251219_YAPSMAD_Early_D14_Male_#3/tifs,/Volumes/D/YAPSMAD_Nuclear_Localization/251219_YAPSMAD_Early_D14_Male_#3/tifs,/Volumes/D/YAPSMAD_Nuclear_Localization/251219_YAPSMAD_Early_D14_Male_#3/tifs,340,1.0541941946445073,0.5273456427544072,0.9485918297408359,2.446677381871268,15.059418646618724,7.673884223215282,0.030740062536343055,0.0071961099466802,0.04429240778417272,0.022570247715339064,0.002418613405986623,0.007200372755308582,0.0036101001120683244,2.2497205195326053,1.743396635253907,2.1550930211122292,1.6381874298616959
11,47,LPA_012_DAPI.1.tif,LPA_012_W647.1.tif,LPA_012_G488.1.tif,LPA_012_R555.1.tif,/Volumes/D/YAPSMAD_Nuclear_Localization/251219_YAPSMAD_Early_D14_Male_#3/tifs,/Volumes/D/YAPSMAD_Nuclear_Localization/251219_YAPSMAD_Early_D14_Male_#3/tifs,/Volumes/D/YAPSMAD_Nuclear_Localization/251219_YAPSMAD_Early_D14_Male_#3/tifs,/Volumes/D/YAPSMAD_Nuclear_Localization/251219_YAPSMAD_Early_D14_Male_#3/tifs,518,1.3528265476584156,0.821461275358565,0.7391930633907821,8.798168962588534,22.959380521439016,9.06561385258101,0.03896087835071803,0.01698488216715933,0.04432312841976644,0.01750118504359268,0.01779797952934775,0.011873291107049098,0.006376865734431379,2.211487276292921,1.8974584544879993,1.8686437023391236,1.2794657520090098
11,48,LPA_012_DAPI.1.tif,LPA_012_W647.1.tif,LPA_012_G488.1.tif,LPA_012_R555.1.tif,/Volumes/D/YAPSMAD_Nuclear_Localization/251219_YAPSMAD_Early_D14_Male_#3/tifs,/Volumes/D/YAPSMAD_Nuclear_Localization/251219_YAPSMAD_Early_D14_Male_#3/tifs,/Volumes/D/YAPSMAD_Nuclear_Localization/251219_YAPSMAD_Early_D14_Male_#3/tifs,/Volumes/D/YAPSMAD_Nuclear_Localization/251219_YAPSMAD_Early_D14_Male_#3/tifs,230,1.18515054315722,0.8334466202166352,0.8437746628677381,1.8370031523518264,12.354070318862796,4.592080594971776,0.03933935068223787,0.007986970227616637,0.053713349212446936,0.019965567804225114,0.005070904947584867,0.007925489335907011,0.0039431566608257515,2.8800284586066476,2.0037414633789554,2.2786860024050015,1.755640532689798
11,49,LPA_012_DAPI.1.tif,LPA_012_W647.1.tif,LPA_012_G488.1.tif,LPA_012_R555.1.tif,/Volumes/D/YAPSMAD_Nuclear_Localization/251219_YAPSMAD_Early_D14_Male_#3/tifs,/Volumes/D/YAPSMAD_Nuclear_Localization/251219_YAPSMAD_Early_D14_Male_#3/tifs,/Volumes/D/YAPSMAD_Nuclear_Localization/251219_YAPSMAD_Early_D14_Male_#3/tifs,/Volumes/D/YAPSMAD_Nuclear_Localization/251219_YAPSMAD_Early_D14_Male_#3/tifs,316,1.562499226734376,0.844401409097966,0.6400003167297563,3.6258183079771698,16.67124437727034,5.945510074496269,0.027437363161787957,0.011474108569548006,0.05275710245971627,0.018814905299038828,0.0034763405193120947,0.006070696732426021,0.0020970025635749,1.8587516453201824,1.4991137231760154,1.4841731590474745,1.1921756964359722
12,1,LPA_013_DAPI.1.tif,LPA_013_W647.1.tif,LPA_013_G488.1.tif,LPA_013_R555.1.tif,/Volumes/D/YAPSMAD_Nuclear_Localization/251219_YAPSMAD_Early_D14_Male_#3/tifs,/Volumes/D/YAPSMAD_Nuclear_Localization/251219_YAPSMAD_Early_D14_Male_#3/tifs,/Volumes/D/YAPSMAD_Nuclear_Localization/251219_YAPSMAD_Early_D14_Male_#3/tifs,/Volumes/D/YAPSMAD_Nuclear_Localization/251219_YAPSMAD_Early_D14_Male_#3/tifs,336,1.3448656932893672,0.8817525828221289,0.7435686738012698,3.931258138269186,12.097611982375383,9.973601929843426,0.03144734548515685,0.011700173030563053,0.0360047975665934,0.029683339076914957,0.00261423857780907,0.006063637437257775,0.0030382918982609884,2.334979437281592,1.7052832057009983,1.938690426675691,1.3675572664491835
12,2,LPA_013_DAPI.1.tif,LPA_013_W647.1.tif,LPA_013_G488.1.tif,LPA_013_R555.1.tif,/Volumes/D/YAPSMAD_Nuclear_Localization/251219_YAPSMAD_Early_D14_Male_#3/tifs,/Volumes/D/YAPSMAD_Nuclear_Localization/251219_YAPSMAD_Early_D14_Male_#3/tifs,/Volumes/D/YAPSMAD_Nuclear_Localization/251219_YAPSMAD_Early_D14_Male_#3/tifs,/Volumes/D/YAPSMAD_Nuclear_Localization/251219_YAPSMAD_Early_D14_Male_#3/tifs,576,1.5719708456428003,0.8812347078671494,0.636144113468648,8.521461885189638,26.077698932029307,10.638025525957346,0.04316115009957381,0.014794204661787566,0.04527378286810643,0.01846879431589817,0.01041365408483413,0.00919508178237647,0.0030694043798804404,2.721192581976272,1.6245944833216468,1.9697937376191579,1.2185583060097982
12,3,LPA_013_DAPI.1.tif,LPA_013_W647.1.tif,LPA_013_G488.1.tif,LPA_013_R555.1.tif,/Volumes/D/YAPSMAD_Nuclear_Localization/251219_YAPSMAD_Early_D14_Male_#3/tifs,/Volumes/D/YAPSMAD_Nuclear_Localization/251219_YAPSMAD_Early_D14_Male_#3/tifs,/Volumes/D/YAPSMAD_Nuclear_Localization/251219_YAPSMAD_Early_D14_Male_#3/tifs,/Volumes/D/YAPSMAD_Nuclear_Localization/251219_YAPSMAD_Early_D14_Male_#3/tifs,321,1.200821265322091,0.8596594732072027,0.8327634002482246,4.489692559465766,15.969100495800376,11.732051614671946,0.04045195218372939,0.013986581182136342,0.04974797662243108,0.036548447397731915,0.005341074508786045,0.005132458927161766,0.003883758095940442,2.1791016309495173,1.3174313444740797,1.8043999812164853,1.202504073330654
12,4,LPA_013_DAPI.1.tif,LPA_013_W647.1.tif,LPA_013_G488.1.tif,LPA_013_R555.1.tif,/Volumes/D/YAPSMAD_Nuclear_Localization/251219_YAPSMAD_Early_D14_Male_#3/tifs,/Volumes/D/YAPSMAD_Nuclear_Localization/251219_YAPSMAD_Early_D14_Male_#3/tifs,/Volumes/D/YAPSMAD_Nuclear_Localization/251219_YAPSMAD_Early_D14_Male_#3/tifs,/Volumes/D/YAPSMAD_Nuclear_Localization/251219_YAPSMAD_Early_D14_Male_#3/tifs,237,1.0416661511562508,0.6338432083103714,0.9600004750946344,2.431860859738663,12.019012765958905,5.227389970328659,0.045367840626414566,0.010261016285817142,0.05071313403358188,0.022056497765099825,0.008069062794645511,0.013479150863909986,0.0032269165721492375,2.2388427522712666,1.6130783579769845,1.920069578910346,1.3532482425551497
12,5,LPA_013_DAPI.1.tif,LPA_013_W647.1.tif,LPA_013_G488.1.tif,LPA_013_R555.1.tif,/Volumes/D/YAPSMAD_Nuclear_Localization/251219_YAPSMAD_Early_D14_Male_#3/tifs,/Volumes/D/YAPSMAD_Nuclear_Localization/251219_YAPSMAD_Early_D14_Male_#3/tifs,/Volumes/D/YAPSMAD_Nuclear_Localization/251219_YAPSMAD_Early_D14_Male_#3/tifs,/Volumes/D/YAPSMAD_Nuclear_Localization/251219_YAPSMAD_Early_D14_Male_#3/tifs,306,1.1713268829383414,0.6626783931568038,0.8537326467667523,2.842343830037862,14.79041734430939,6.954497616738081,0.03750807206675995,0.009288705326921118,0.04833469720362546,0.022727116394568894,0.002740083904152392,0.008940490316706504,0.004285124445549126,2.15374638421805,1.8068906971229723,2.4860722319693274,1.9853201567646692
12,6,LPA_013_DAPI.1.tif,LPA_013_W647.1.tif,LPA_013_G488.1.tif,LPA_013_R555.1.tif,/Volumes/D/YAPSMAD_Nuclear_Localization/251219_YAPSMAD_Early_D14_Male_#3/tifs,/Volumes/D/YAPSMAD_Nuclear_Localization/251219_YAPSMAD_Early_D14_Male_#3/tifs,/Volumes/D/YAPSMAD_Nuclear_Localization/251219_YAPSMAD_Early_D14_Male_#3/tifs,/Volumes/D/YAPSMAD_Nuclear_Localization/251219_YAPSMAD_Early_D14_Male_#3/tifs,552,1.127236426898791,0.6695556373935395,0.8871253413546624,2.3477073630783707,20.2162508899346,8.375265190843493,0.04180109535472171,0.004253093049055019,0.03662364291654819,0.015172581867470095,0.0018476817542943539,0.009872639700024052,0.0033316518099085536,2.4711542627911167,1.4597622141510271,2.1429074897806357,1.4242468360090597
12,7,LPA_013_DAPI.1.tif,LPA_013_W647.1.tif,LPA_013_G488.1.tif,LPA_013_R555.1.tif,/Volumes/D/YAPSMAD_Nuclear_Localization/251219_YAPSMAD_Early_D14_Male_#3/tifs,/Volumes/D/YAPSMAD_Nuclear_Localization/251219_YAPSMAD_Early_D14_Male_#3/tifs,/Volumes/D/YAPSMAD_Nuclear_Localization/251219_YAPSMAD_Early_D14_Male_#3/tifs,/Volumes/D/YAPSMAD_Nuclear_Localization/251219_YAPSMAD_Early_D14_Male_#3/tifs,308,1.3192130155763648,0.909741967650299,0.7580276939301569,2.7561303458642215,14.13437094539404,3.246570570394397,0.04175571886846771,0.00894847514890981,0.04589081475777285,0.010540813540241547,0.0042350211413972666,0.012094273766566061,0.0022160934744910664,2.168109166220143,1.7072615668719253,1.1924235247279067,1.0554970026521768
12,8,LPA_013_DAPI.1.tif,LPA_013_W647.1.tif,LPA_013_G488.1.tif,LPA_013_R555.1.tif,/Volumes/D/YAPSMAD_Nuclear_Localization/251219_YAPSMAD_Early_D14_Male_#3/tifs,/Volumes/D/YAPSMAD_Nuclear_Localization/251219_YAPSMAD_Early_D14_Male_#3/tifs,/Volumes/D/YAPSMAD_Nuclear_Localization/251219_YAPSMAD_Early_D14_Male_#3/tifs,/Volumes/D/YAPSMAD_Nuclear_Localization/251219_YAPSMAD_Early_D14_Male_#3/tifs,414,1.1400103110648232,0.6745619905206601,0.877185048498336,2.5924773344304413,15.024231338873506,11.329594944603741,0.042997859584860465,0.006262022546933433,0.0362904138620133,0.027366171363777152,0.002171784287281558,0.007638536289055532,0.0037624838528277555,2.660460456371292,2.018272820416078,2.693633515941912,1.666690102730419
12,9,LPA_013_DAPI.1.tif,LPA_013_W647.1.tif,LPA_013_G488.1.tif,LPA_013_R555.1.tif,/Volumes/D/YAPSMAD_Nuclear_Localization/251219_YAPSMAD_Early_D14_Male_#3/tifs,/Volumes/D/YAPSMAD_Nuclear_Localization/251219_YAPSMAD_Early_D14_Male_#3/tifs,/Volumes/D/YAPSMAD_Nuclear_Localization/251219_YAPSMAD_Early_D14_Male_#3/tifs,/Volumes/D/YAPSMAD_Nuclear_Localization/251219_YAPSMAD_Early_D14_Male_#3/tifs,269,1.1350004685031545,0.7969158146111955,0.8810569050414632,2.6247196425683796,13.090913258492947,3.767559350002557,0.04063937004627902,0.009757322091332267,0.048665105050159654,0.014005796840158204,0.00425349751687455,0.013083801809502651,0.0023908963255491237,2.592446153902812,2.003904041361425,1.9472058256947538,1.4899032135897514
12,10,LPA_013_DAPI.1.tif,LPA_013_W647.1.tif,LPA_013_G488.1.tif,LPA_013_R555.1.tif,/Volumes/D/YAPSMAD_Nuclear_Localization/251219_YAPSMAD_Early_D14_Male_#3/tifs,/Volumes/D/YAPSMAD_Nuclear_Localization/251219_YAPSMAD_Early_D14_Male_#3/tifs,/Volumes/D/YAPSMAD_Nuclear_Localization/251219_YAPSMAD_Early_D14_Male_#3/tifs,/Volumes/D/YAPSMAD_Nuclear_Localization/251219_YAPSMAD_Early_D14_Male_#3/tifs,394,1.3755776260295685,0.8934088981185258,0.7269673343600201,5.171206268016249,17.64446479268372,8.13565274560824,0.044192722227972776,0.013124889005117383,0.04478290556518711,0.020648864836569136,0.006160481637776455,0.014148511557633418,0.006513889840022585,2.7323566475509913,1.9286942964289469,2.1924449792614262,1.5625956271378214
12,11,LPA_013_DAPI.1.tif,LPA_013_W647.1.tif,LPA_013_G488.1.tif,LPA_013_R555.1.tif,/Volumes/D/YAPSMAD_Nuclear_Localization/251219_YAPSMAD_Early_D14_Male_#3/tifs,/Volumes/D/YAPSMAD_Nuclear_Localization/251219_YAPSMAD_Early_D14_Male_#3/tifs,/Volumes/D/YAPSMAD_Nuclear_Localization/251219_YAPSMAD_Early_D14_Male_#3/tifs,/Volumes/D/YAPSMAD_Nuclear_Localization/251219_YAPSMAD_Early_D14_Male_#3/tifs,252,1.0944061324408918,0.7505760349163185,0.9137375699546433,1.8411993868649006,8.746379819698632,5.434973702766001,0.03569721019205948,0.007306346773273415,0.034707856427375526,0.021567355963357147,0.003168969964085276,0.010270359114762704,0.0032473798637420886,2.9977588256841634,2.364884217726336,2.1000905153495295,1.6086545081603036
12,12,LPA_013_DAPI.1.tif,LPA_013_W647.1.tif,LPA_013_G488.1.tif,LPA_013_R555.1.tif,/Volumes/D/YAPSMAD_Nuclear_Localization/251219_YAPSMAD_Early_D14_Male_#3/tifs,/Volumes/D/YAPSMAD_Nuclear_Localization/251219_YAPSMAD_Early_D14_Male_#3/tifs,/Volumes/D/YAPSMAD_Nuclear_Localization/251219_YAPSMAD_Early_D14_Male_#3/tifs,/Volumes/D/YAPSMAD_Nuclear_Localization/251219_YAPSMAD_Early_D14_Male_#3/tifs,304,1.1501050862465683,0.7963364983710367,0.8694857643518085,2.922240058891475,12.465430681593716,5.761348922736943,0.0366230580165345,0.009612631772669326,0.04100470618945301,0.018951805666897838,0.005493946691774139,0.012728660117230171,0.003260506081123023,1.9902128291335273,1.6286486861478433,1.7397842096077547,1.3671238293199217
12,13,LPA_013_DAPI.1.tif,LPA_013_W647.1.tif,LPA_013_G488.1.tif,LPA_013_R555.1.tif,/Volumes/D/YAPSMAD_Nuclear_Localization/251219_YAPSMAD_Early_D14_Male_#3/tifs,/Volumes/D/YAPSMAD_Nuclear_Localization/251219_YAPSMAD_Early_D14_Male_#3/tifs,/Volumes/D/YAPSMAD_Nuclear_Localization/251219_YAPSMAD_Early_D14_Male_#3/tifs,/Volumes/D/YAPSMAD_Nuclear_Localization/251219_YAPSMAD_Early_D14_Male_#3/tifs,214,1.1056003510174077,0.8045416142391124,0.9044859646433442,0.9201648095622659,6.949217992834747,2.317036719992757,0.024425273352067605,0.004299835558702177,0.032472981274928724,0.010827274392489518,0.0012707251734972037,0.005847767073583329,0.000808704341867469,1.966487237423857,1.7533348104406266,1.6538419830969326,1.36952476950267
12,14,LPA_013_DAPI.1.tif,LPA_013_W647.1.tif,LPA_013_G488.1.tif,LPA_013_R555.1.tif,/Volumes/D/YAPSMAD_Nuclear_Localization/251219_YAPSMAD_Early_D14_Male_#3/tifs,/Volumes/D/YAPSMAD_Nuclear_Localization/251219_YAPSMAD_Early_D14_Male_#3/tifs,/Volumes/D/YAPSMAD_Nuclear_Localization/251219_YAPSMAD_Early_D14_Male_#3/tifs,/Volumes/D/YAPSMAD_Nuclear_Localization/251219_YAPSMAD_Early_D14_Male_#3/tifs,343,1.197391482826316,0.8400873549307915,0.8351487498805368,4.8708171620965,14.885420020669699,5.779171474277973,0.0359742340547611,0.014200633125645774,0.043397726007783376,0.016848896426466396,0.0067413167513179495,0.011108595463363876,0.0032051413756374143,2.5166284768873854,1.7680936447192157,2.1071262284890113,1.445300157982809
12,15,LPA_013_DAPI.1.tif,LPA_013_W647.1.tif,LPA_013_G488.1.tif,LPA_013_R555.1.tif,/Volumes/D/YAPSMAD_Nuclear_Localization/251219_YAPSMAD_Early_D14_Male_#3/tifs,/Volumes/D/YAPSMAD_Nuclear_Localization/251219_YAPSMAD_Early_D14_Male_#3/tifs,/Volumes/D/YAPSMAD_Nuclear_Localization/251219_YAPSMAD_Early_D14_Male_#3/tifs,/Volumes/D/YAPSMAD_Nuclear_Localization/251219_YAPSMAD_Early_D14_Male_#3/tifs,236,1.0369857145522723,0.6256889441401017,0.9643334387029225,1.4000000266823918,6.345540568232536,4.444693700410426,0.027664800786208046,0.00593220350289149,0.026887883763697187,0.018833447883095024,0.0012681936605513696,0.004436043700110974,0.0020447041797375487,2.473244990891082,1.822359484204919,2.0237056965860853,1.397617157758346
12,16,LPA_013_DAPI.1.tif,LPA_013_W647.1.tif,LPA_013_G488.1.tif,LPA_013_R555.1.tif,/Volumes/D/YAPSMAD_Nuclear_Localization/251219_YAPSMAD_Early_D14_Male_#3/tifs,/Volumes/D/YAPSMAD_Nuclear_Localization/251219_YAPSMAD_Early_D14_Male_#3/tifs,/Volumes/D/YAPSMAD_Nuclear_Localization/251219_YAPSMAD_Early_D14_Male_#3/tifs,/Volumes/D/YAPSMAD_Nuclear_Localization/251219_YAPSMAD_Early_D14_Male_#3/tifs,322,1.066706573853314,0.7384394332258098,0.9374649266364351,3.468314671423286,12.732402531430125,8.318532126024365,0.03716841841590886,0.010771163575848714,0.03954162276841654,0.025833950701939022,0.003590901052211878,0.006053382587479274,0.0025511505979494173,2.478871505778008,1.8648075665627226,1.8337713694201248,1.361072444558069
12,17,LPA_013_DAPI.1.tif,LPA_013_W647.1.tif,LPA_013_G488.1.tif,LPA_013_R555.1.tif,/Volumes/D/YAPSMAD_Nuclear_Localization/251219_YAPSMAD_Early_D14_Male_#3/tifs,/Volumes/D/YAPSMAD_Nuclear_Localization/251219_YAPSMAD_Early_D14_Male_#3/tifs,/Volumes/D/YAPSMAD_Nuclear_Localization/251219_YAPSMAD_Early_D14_Male_#3/tifs,/Volumes/D/YAPSMAD_Nuclear_Localization/251219_YAPSMAD_Early_D14_Male_#3/tifs,291,1.1767333872498282,0.8618402204566302,0.8498101701160397,2.111757103353739,13.726604098454118,3.9849088611081243,0.03670691423873414,0.007256897262383982,0.04717046081942996,0.013693844883533073,0.0026299819951478764,0.004149981444695952,0.001403948343474152,2.310124042723882,1.615266405051262,2.1094226964446308,1.497109072636692
12,18,LPA_013_DAPI.1.tif,LPA_013_W647.1.tif,LPA_013_G488.1.tif,LPA_013_R555.1.tif,/Volumes/D/YAPSMAD_Nuclear_Localization/251219_YAPSMAD_Early_D14_Male_#3/tifs,/Volumes/D/YAPSMAD_Nuclear_Localization/251219_YAPSMAD_Early_D14_Male_#3/tifs,/Volumes/D/YAPSMAD_Nuclear_Localization/251219_YAPSMAD_Early_D14_Male_#3/tifs,/Volumes/D/YAPSMAD_Nuclear_Localization/251219_YAPSMAD_Early_D14_Male_#3/tifs,276,1.0768221341077997,0.5366172813109658,0.9286584741578974,2.092301853466779,9.024292388930917,2.865888481028378,0.025649254881790366,0.007580803816908619,0.03269671155409752,0.010383653916769486,0.0013053076462846615,0.004561189034773303,0.000895159357652214,2.588125661565731,1.6942970532219963,2.0486349819462975,1.377106171085911
12,19,LPA_013_DAPI.1.tif,LPA_013_W647.1.tif,LPA_013_G488.1.tif,LPA_013_R555.1.tif,/Volumes/D/YAPSMAD_Nuclear_Localization/251219_YAPSMAD_Early_D14_Male_#3/tifs,/Volumes/D/YAPSMAD_Nuclear_Localization/251219_YAPSMAD_Early_D14_Male_#3/tifs,/Volumes/D/YAPSMAD_Nuclear_Localization/251219_YAPSMAD_Early_D14_Male_#3/tifs,/Volumes/D/YAPSMAD_Nuclear_Localization/251219_YAPSMAD_Early_D14_Male_#3/tifs,287,1.0756352198278105,0.6490668282476897,0.9296832063197797,3.314229065552354,11.500007674098015,5.1361410319805145,0.038028672613359286,0.011547836465339212,0.0400697131501673,0.01789596178390423,0.005041879799536683,0.007436128993457466,0.0026229348986404905,2.495586331671651,1.7680760989287054,2.243832896086376,1.5622917516502326
12,20,LPA_013_DAPI.1.tif,LPA_013_W647.1.tif,LPA_013_G488.1.tif,LPA_013_R555.1.tif,/Volumes/D/YAPSMAD_Nuclear_Localization/251219_YAPSMAD_Early_D14_Male_#3/tifs,/Volumes/D/YAPSMAD_Nuclear_Localization/251219_YAPSMAD_Early_D14_Male_#3/tifs,/Volumes/D/YAPSMAD_Nuclear_Localization/251219_YAPSMAD_Early_D14_Male_#3/tifs,/Volumes/D/YAPSMAD_Nuclear_Localization/251219_YAPSMAD_Early_D14_Male_#3/tifs,320,1.0733734899398972,0.727691886135749,0.9316421631169541,2.012665009358898,14.84484626352787,4.850415845401585,0.0377578296844149,0.006289578154246555,0.0463901445735246,0.015157549516879953,0.004058071084586622,0.010022434516490153,0.003321977116673038,2.2161214804931655,1.800023634099105,1.8990375196097777,1.4725378175832686
12,21,LPA_013_DAPI.1.tif,LPA_013_W647.1.tif,LPA_013_G488.1.tif,LPA_013_R555.1.tif,/Volumes/D/YAPSMAD_Nuclear_Localization/251219_YAPSMAD_Early_D14_Male_#3/tifs,/Volumes/D/YAPSMAD_Nuclear_Localization/251219_YAPSMAD_Early_D14_Male_#3/tifs,/Volumes/D/YAPSMAD_Nuclear_Localization/251219_YAPSMAD_Early_D14_Male_#3/tifs,/Volumes/D/YAPSMAD_Nuclear_Localization/251219_YAPSMAD_Early_D14_Male_#3/tifs,286,1.3066113477751107,0.8864030522664047,0.765338523733774,1.39594112127088,11.549004338681698,7.3713435884565115,0.030839710398674846,0.004880913011436644,0.04038113405133461,0.025773928630966822,0.0015149012149364076,0.007503522878344388,0.0029326282971419066,2.1578405664155818,1.9983999985073317,1.905443402202261,1.7406437572395823
12,22,LPA_013_DAPI.1.tif,LPA_013_W647.1.tif,LPA_013_G488.1.tif,LPA_013_R555.1.tif,/Volumes/D/YAPSMAD_Nuclear_Localization/251219_YAPSMAD_Early_D14_Male_#3/tifs,/Volumes/D/YAPSMAD_Nuclear_Localization/251219_YAPSMAD_Early_D14_Male_#3/tifs,/Volumes/D/YAPSMAD_Nuclear_Localization/251219_YAPSMAD_Early_D14_Male_#3/tifs,/Volumes/D/YAPSMAD_Nuclear_Localization/251219_YAPSMAD_Early_D14_Male_#3/tifs,236,1.1131317031841006,0.732045769116971,0.8983662913737085,1.7042191457003355,12.841245140880346,3.2941787084564567,0.04174726156091665,0.007221267566526845,0.05441205568169638,0.013958384357866341,0.0034579807748937367,0.006459680555058791,0.0017491236478534393,2.446134628653379,1.6921203290835811,1.9383831577806285,1.4360741828879602
12,23,LPA_013_DAPI.1.tif,LPA_013_W647.1.tif,LPA_013_G488.1.tif,LPA_013_R555.1.tif,/Volumes/D/YAPSMAD_Nuclear_Localization/251219_YAPSMAD_Early_D14_Male_#3/tifs,/Volumes/D/YAPSMAD_Nuclear_Localization/251219_YAPSMAD_Early_D14_Male_#3/tifs,/Volumes/D/YAPSMAD_Nuclear_Localization/251219_YAPSMAD_Early_D14_Male_#3/tifs,/Volumes/D/YAPSMAD_Nuclear_Localization/251219_YAPSMAD_Early_D14_Male_#3/tifs,293,1.3961834041748105,0.8834072341374398,0.7162382800209779,1.953872007317841,10.621835641562939,4.810772900469601,0.027955621862370814,0.006668505144429492,0.03625199877666532,0.016419020138121507,0.0016995159610187292,0.00576887621179501,0.0017555709789917673,2.5141976312280225,1.6440729073601077,2.035963743034684,1.4116456141625513
12,24,LPA_013_DAPI.1.tif,LPA_013_W647.1.tif,LPA_013_G488.1.tif,LPA_013_R555.1.tif,/Volumes/D/YAPSMAD_Nuclear_Localization/251219_YAPSMAD_Early_D14_Male_#3/tifs,/Volumes/D/YAPSMAD_Nuclear_Localization/251219_YAPSMAD_Early_D14_Male_#3/tifs,/Volumes/D/YAPSMAD_Nuclear_Localization/251219_YAPSMAD_Early_D14_Male_#3/tifs,/Volumes/D/YAPSMAD_Nuclear_Localization/251219_YAPSMAD_Early_D14_Male_#3/tifs,225,1.0648255208759658,0.7375456670180459,0.9391209924958992,2.2290837154723704,8.766094449907541,1.9815976438112557,0.026981002618041303,0.009907038735432758,0.03896041977736685,0.008807100639161137,0.0030227278216554236,0.0076115497475228175,0.0010823370799921542,2.7997422834973156,2.106381993062828,1.797918266642425,1.4024488136896767
12,25,LPA_013_DAPI.1.tif,LPA_013_W647.1.tif,LPA_013_G488.1.tif,LPA_013_R555.1.tif,/Volumes/D/YAPSMAD_Nuclear_Localization/251219_YAPSMAD_Early_D14_Male_#3/tifs,/Volumes/D/YAPSMAD_Nuclear_Localization/251219_YAPSMAD_Early_D14_Male_#3/tifs,/Volumes/D/YAPSMAD_Nuclear_Localization/251219_YAPSMAD_Early_D14_Male_#3/tifs,/Volumes/D/YAPSMAD_Nuclear_Localization/251219_YAPSMAD_Early_D14_Male_#3/tifs,342,1.1880631836184807,0.8291135105552089,0.8417060757276418,3.2886091764084995,12.687541040591896,7.852170646190643,0.031584078369781984,0.00961581630528801,0.03709807321810496,0.022959563292955096,0.003850017751648866,0.00909086162179859,0.0037244306704991665,3.026406767484842,2.0628286192925187,2.6505667606257717,1.5646846466415372
12,26,LPA_013_DAPI.1.tif,LPA_013_W647.1.tif,LPA_013_G488.1.tif,LPA_013_R555.1.tif,/Volumes/D/YAPSMAD_Nuclear_Localization/251219_YAPSMAD_Early_D14_Male_#3/tifs,/Volumes/D/YAPSMAD_Nuclear_Localization/251219_YAPSMAD_Early_D14_Male_#3/tifs,/Volumes/D/YAPSMAD_Nuclear_Localization/251219_YAPSMAD_Early_D14_Male_#3/tifs,/Volumes/D/YAPSMAD_Nuclear_Localization/251219_YAPSMAD_Early_D14_Male_#3/tifs,294,1.1769432339664847,0.8173479818812636,0.8496586505959527,1.7775845299474895,10.296116604469717,5.534416743088514,0.03404391593724287,0.006046205884175134,0.03502080477710788,0.018824546745199025,0.0018801799989489466,0.007511708496871957,0.002353506060350223,2.880955162097459,1.85364883198378,2.1504060309276127,1.3772605647552787
12,27,LPA_013_DAPI.1.tif,LPA_013_W647.1.tif,LPA_013_G488.1.tif,LPA_013_R555.1.tif,/Volumes/D/YAPSMAD_Nuclear_Localization/251219_YAPSMAD_Early_D14_Male_#3/tifs,/Volumes/D/YAPSMAD_Nuclear_Localization/251219_YAPSMAD_Early_D14_Male_#3/tifs,/Volumes/D/YAPSMAD_Nuclear_Localization/251219_YAPSMAD_Early_D14_Male_#3/tifs,/Volumes/D/YAPSMAD_Nuclear_Localization/251219_YAPSMAD_Early_D14_Male_#3/tifs,317,1.3080066409437319,0.8964719190904211,0.7645221122719195,2.061631220392883,15.095353628508747,7.056275295093656,0.03911854844681378,0.006503568518589535,0.04761941207731466,0.0222595435176456,0.0023348829712615906,0.007722331512395364,0.00239244039901885,1.960352205997968,1.5142717103051049,1.6712374532022825,1.3122280866877751
12,28,LPA_013_DAPI.1.tif,LPA_013_W647.1.tif,LPA_013_G488.1.tif,LPA_013_R555.1.tif,/Volumes/D/YAPSMAD_Nuclear_Localization/251219_YAPSMAD_Early_D14_Male_#3/tifs,/Volumes/D/YAPSMAD_Nuclear_Localization/251219_YAPSMAD_Early_D14_Male_#3/tifs,/Volumes/D/YAPSMAD_Nuclear_Localization/251219_YAPSMAD_Early_D14_Male_#3/tifs,/Volumes/D/YAPSMAD_Nuclear_Localization/251219_YAPSMAD_Early_D14_Male_#3/tifs,295,1.1557528574358285,0.8196249573571593,0.8652368830985335,2.7587396365124732,12.525429159402847,8.375570338219404,0.0341845541687335,0.009351659784788045,0.04245908189628084,0.02839176385837086,0.0066873229739309375,0.005927644607872604,0.002493531508039206,2.2528426036722276,1.5829037586221295,2.2632473046791683,1.3320274065167783
12,29,LPA_013_DAPI.1.tif,LPA_013_W647.1.tif,LPA_013_G488.1.tif,LPA_013_R555.1.tif,/Volumes/D/YAPSMAD_Nuclear_Localization/251219_YAPSMAD_Early_D14_Male_#3/tifs,/Volumes/D/YAPSMAD_Nuclear_Localization/251219_YAPSMAD_Early_D14_Male_#3/tifs,/Volumes/D/YAPSMAD_Nuclear_Localization/251219_YAPSMAD_Early_D14_Male_#3/tifs,/Volumes/D/YAPSMAD_Nuclear_Localization/251219_YAPSMAD_Early_D14_Male_#3/tifs,386,1.2258988348068665,0.8380211007122653,0.8157279961503059,5.4022889013867825,22.979842832311988,9.561333667486906,0.04943504067345334,0.013995567102038297,0.059533271586300486,0.024770294475354677,0.009541013122751182,0.0050519033919323615,0.002195191424347695,1.7121048637112426,1.527311937645027,1.6260733648411811,1.3966558407687912
12,30,LPA_013_DAPI.1.tif,LPA_013_W647.1.tif,LPA_013_G488.1.tif,LPA_013_R555.1.tif,/Volumes/D/YAPSMAD_Nuclear_Localization/251219_YAPSMAD_Early_D14_Male_#3/tifs,/Volumes/D/YAPSMAD_Nuclear_Localization/251219_YAPSMAD_Early_D14_Male_#3/tifs,/Volumes/D/YAPSMAD_Nuclear_Localization/251219_YAPSMAD_Early_D14_Male_#3/tifs,/Volumes/D/YAPSMAD_Nuclear_Localization/251219_YAPSMAD_Early_D14_Male_#3/tifs,277,1.0440430277434858,0.6015915291792193,0.957814930445274,2.5726100837346166,14.324483085423708,8.256092172116041,0.039512768939191256,0.009287401024312695,0.05171293532643938,0.029805386902945995,0.005107015870916768,0.004620901224294118,0.002656690752104465,2.226918659504294,1.3804541005521653,2.2334957126939963,1.421815989156102
12,31,LPA_013_DAPI.1.tif,LPA_013_W647.1.tif,LPA_013_G488.1.tif,LPA_013_R555.1.tif,/Volumes/D/YAPSMAD_Nuclear_Localization/251219_YAPSMAD_Early_D14_Male_#3/tifs,/Volumes/D/YAPSMAD_Nuclear_Localization/251219_YAPSMAD_Early_D14_Male_#3/tifs,/Volumes/D/YAPSMAD_Nuclear_Localization/251219_YAPSMAD_Early_D14_Male_#3/tifs,/Volumes/D/YAPSMAD_Nuclear_Localization/251219_YAPSMAD_Early_D14_Male_#3/tifs,377,1.082057456409252,0.6828858559711065,0.9241653426782389,3.4564126497134566,17.41571683064103,7.668009525164962,0.030498656377552044,0.009168203314889805,0.046195535359790534,0.02033954781210865,0.005698055953048049,0.007567226520119452,0.002716258364368695,2.915268006869603,1.5595191085260145,2.389574087472268,1.4786983358459518
12,32,LPA_013_DAPI.1.tif,LPA_013_W647.1.tif,LPA_013_G488.1.tif,LPA_013_R555.1.tif,/Volumes/D/YAPSMAD_Nuclear_Localization/251219_YAPSMAD_Early_D14_Male_#3/tifs,/Volumes/D/YAPSMAD_Nuclear_Localization/251219_YAPSMAD_Early_D14_Male_#3/tifs,/Volumes/D/YAPSMAD_Nuclear_Localization/251219_YAPSMAD_Early_D14_Male_#3/tifs,/Volumes/D/YAPSMAD_Nuclear_Localization/251219_YAPSMAD_Early_D14_Male_#3/tifs,275,1.0312977239622652,0.6358814669082574,0.969652096349036,1.895231576403603,10.689448364078999,5.794125318527222,0.034665057554163714,0.006891751186922193,0.03887072132392363,0.02106954661282626,0.004054992604862072,0.00629635206290452,0.002143025640354837,2.2862415716496085,1.7658040846974161,2.0047175173978307,1.5551285923889473
12,33,LPA_013_DAPI.1.tif,LPA_013_W647.1.tif,LPA_013_G488.1.tif,LPA_013_R555.1.tif,/Volumes/D/YAPSMAD_Nuclear_Localization/251219_YAPSMAD_Early_D14_Male_#3/tifs,/Volumes/D/YAPSMAD_Nuclear_Localization/251219_YAPSMAD_Early_D14_Male_#3/tifs,/Volumes/D/YAPSMAD_Nuclear_Localization/251219_YAPSMAD_Early_D14_Male_#3/tifs,/Volumes/D/YAPSMAD_Nuclear_Localization/251219_YAPSMAD_Early_D14_Male_#3/tifs,174,1.0555440598393586,0.698634255267167,0.9473787386498942,0.08198672463186085,2.1102617094293237,0.5806515654549003,0.0441793410064674,0.00047118807259690146,0.012127940858789217,0.003337077962384484,9.247371813525868e-05,0.005802850316999617,0.0011576420139502868,1.642336841480491,1.8576711268210484,1.4282353398258263,1.4841900530423222
12,34,LPA_013_DAPI.1.tif,LPA_013_W647.1.tif,LPA_013_G488.1.tif,LPA_013_R555.1.tif,/Volumes/D/YAPSMAD_Nuclear_Localization/251219_YAPSMAD_Early_D14_Male_#3/tifs,/Volumes/D/YAPSMAD_Nuclear_Localization/251219_YAPSMAD_Early_D14_Male_#3/tifs,/Volumes/D/YAPSMAD_Nuclear_Localization/251219_YAPSMAD_Early_D14_Male_#3/tifs,/Volumes/D/YAPSMAD_Nuclear_Localization/251219_YAPSMAD_Early_D14_Male_#3/tifs,542,1.5874991368944218,0.9212445716584363,0.6299216023236842,3.682200391544029,13.288700747303665,5.020279295975342,0.03496483798960148,0.00679372765967533,0.024517898057755838,0.009262507926153768,0.004034558362969798,0.00862518801292261,0.00369981568645208,2.288986306609609,1.778098443746387,2.1253463967749564,1.5435977393590696
12,35,LPA_013_DAPI.1.tif,LPA_013_W647.1.tif,LPA_013_G488.1.tif,LPA_013_R555.1.tif,/Volumes/D/YAPSMAD_Nuclear_Localization/251219_YAPSMAD_Early_D14_Male_#3/tifs,/Volumes/D/YAPSMAD_Nuclear_Localization/251219_YAPSMAD_Early_D14_Male_#3/tifs,/Volumes/D/YAPSMAD_Nuclear_Localization/251219_YAPSMAD_Early_D14_Male_#3/tifs,/Volumes/D/YAPSMAD_Nuclear_Localization/251219_YAPSMAD_Early_D14_Male_#3/tifs,295,1.1472001331340802,0.8162746759262595,0.8716874860082708,3.8448920676019043,11.498100243508816,4.4514534482732415,0.03068485856371916,0.013033532432548829,0.038976610994945135,0.015089672706010988,0.005403711398000557,0.007761755747131948,0.002144295369216441,2.8625664672784525,1.7489206587172437,2.4318362758461216,1.420693961724409
12,36,LPA_013_DAPI.1.tif,LPA_013_W647.1.tif,LPA_013_G488.1.tif,LPA_013_R555.1.tif,/Volumes/D/YAPSMAD_Nuclear_Localization/251219_YAPSMAD_Early_D14_Male_#3/tifs,/Volumes/D/YAPSMAD_Nuclear_Localization/251219_YAPSMAD_Early_D14_Male_#3/tifs,/Volumes/D/YAPSMAD_Nuclear_Localization/251219_YAPSMAD_Early_D14_Male_#3/tifs,/Volumes/D/YAPSMAD_Nuclear_Localization/251219_YAPSMAD_Early_D14_Male_#3/tifs,245,1.0504887097955704,0.710278270876335,0.9519378844105847,3.3551385109312832,11.375448243692517,5.994079535827041,0.037796410283415904,0.01369444290176034,0.046430400994663334,0.024465630758477717,0.008788544026367744,0.007109728043765767,0.003873968325917462,1.9043312490703224,1.354996136771921,1.7963258152412527,1.3644718316533417
12,37,LPA_013_DAPI.1.tif,LPA_013_W647.1.tif,LPA_013_G488.1.tif,LPA_013_R555.1.tif,/Volumes/D/YAPSMAD_Nuclear_Localization/251219_YAPSMAD_Early_D14_Male_#3/tifs,/Volumes/D/YAPSMAD_Nuclear_Localization/251219_YAPSMAD_Early_D14_Male_#3/tifs,/Volumes/D/YAPSMAD_Nuclear_Localization/251219_YAPSMAD_Early_D14_Male_#3/tifs,/Volumes/D/YAPSMAD_Nuclear_Localization/251219_YAPSMAD_Early_D14_Male_#3/tifs,133,0.9641385385297899,0.4374910879905326,1.0371953407493648,0.49535363516770303,2.4873884236440063,0.5004501459188759,0.03805978664834248,0.0037244634223135564,0.018702168598827115,0.0037627830520216236,0.0039127525505565485,0.006497312511398303,0.0017439149615639782,1.177487381388911,1.0793290087249625,0.5784757028662515,0.49565839118252947
12,38,LPA_013_DAPI.1.tif,LPA_013_W647.1.tif,LPA_013_G488.1.tif,LPA_013_R555.1.tif,/Volumes/D/YAPSMAD_Nuclear_Localization/251219_YAPSMAD_Early_D14_Male_#3/tifs,/Volumes/D/YAPSMAD_Nuclear_Localization/251219_YAPSMAD_Early_D14_Male_#3/tifs,/Volumes/D/YAPSMAD_Nuclear_Localization/251219_YAPSMAD_Early_D14_Male_#3/tifs,/Volumes/D/YAPSMAD_Nuclear_Localization/251219_YAPSMAD_Early_D14_Male_#3/tifs,332,1.0685847818437042,0.7044112025056127,0.9358171826802829,0.7400015280582011,14.741649504750967,7.1249256590381265,0.039019709051844764,0.0022289202652355455,0.0444025587492499,0.021460619454934115,0.002015023645683018,0.006785049875497368,0.002868887889778853,1.7740502297360266,1.4579312535716613,1.7556733713739874,1.4125137482312566
12,39,LPA_013_DAPI.1.tif,LPA_013_W647.1.tif,LPA_013_G488.1.tif,LPA_013_R555.1.tif,/Volumes/D/YAPSMAD_Nuclear_Localization/251219_YAPSMAD_Early_D14_Male_#3/tifs,/Volumes/D/YAPSMAD_Nuclear_Localization/251219_YAPSMAD_Early_D14_Male_#3/tifs,/Volumes/D/YAPSMAD_Nuclear_Localization/251219_YAPSMAD_Early_D14_Male_#3/tifs,/Volumes/D/YAPSMAD_Nuclear_Localization/251219_YAPSMAD_Early_D14_Male_#3/tifs,315,1.0518682474018115,0.5782916906065779,0.9506894066534192,2.701350453775376,18.968810614198446,7.7206531055271626,0.0412075941140453,0.008575715726271036,0.060218446394280783,0.02451000985881639,0.006663992124987167,0.004564052746432101,0.004649515129856222,1.9005929028429405,1.4305564619536952,2.531680046950715,2.091930017163959
12,40,LPA_013_DAPI.1.tif,LPA_013_W647.1.tif,LPA_013_G488.1.tif,LPA_013_R555.1.tif,/Volumes/D/YAPSMAD_Nuclear_Localization/251219_YAPSMAD_Early_D14_Male_#3/tifs,/Volumes/D/YAPSMAD_Nuclear_Localization/251219_YAPSMAD_Early_D14_Male_#3/tifs,/Volumes/D/YAPSMAD_Nuclear_Localization/251219_YAPSMAD_Early_D14_Male_#3/tifs,/Volumes/D/YAPSMAD_Nuclear_Localization/251219_YAPSMAD_Early_D14_Male_#3/tifs,327,1.0503960757821622,0.6574785168479464,0.9520218354351375,1.5817197146825492,13.800503528676927,4.791531270369887,0.036163601944570516,0.004837063347653056,0.042203374705434026,0.014653000826819227,0.0022856532190580034,0.009697733072844772,0.002110047610646275,2.130879420526479,1.6047943272892151,1.6242925793496357,1.2395462637542158
12,41,LPA_013_DAPI.1.tif,LPA_013_W647.1.tif,LPA_013_G488.1.tif,LPA_013_R555.1.tif,/Volumes/D/YAPSMAD_Nuclear_Localization/251219_YAPSMAD_Early_D14_Male_#3/tifs,/Volumes/D/YAPSMAD_Nuclear_Localization/251219_YAPSMAD_Early_D14_Male_#3/tifs,/Volumes/D/YAPSMAD_Nuclear_Localization/251219_YAPSMAD_Early_D14_Male_#3/tifs,/Volumes/D/YAPSMAD_Nuclear_Localization/251219_YAPSMAD_Early_D14_Male_#3/tifs,208,1.0932442071615016,0.7085253176279209,0.9147087114199298,0.6345464293844998,7.848920436576009,1.8145266119390726,0.03547392478839566,0.0030507039874254796,0.03773519440661543,0.008723685634322464,0.0017217740677852012,0.008176513765831745,0.0014123138401479197,2.516205399993615,2.041625477631467,2.3278156726108827,1.8589732026918726
12,42,LPA_013_DAPI.1.tif,LPA_013_W647.1.tif,LPA_013_G488.1.tif,LPA_013_R555.1.tif,/Volumes/D/YAPSMAD_Nuclear_Localization/251219_YAPSMAD_Early_D14_Male_#3/tifs,/Volumes/D/YAPSMAD_Nuclear_Localization/251219_YAPSMAD_Early_D14_Male_#3/tifs,/Volumes/D/YAPSMAD_Nuclear_Localization/251219_YAPSMAD_Early_D14_Male_#3/tifs,/Volumes/D/YAPSMAD_Nuclear_Localization/251219_YAPSMAD_Early_D14_Male_#3/tifs,194,1.1213224679694678,0.7742561265131377,0.8918041228682745,0.6001831123139709,8.036972639150918,1.668116295710206,0.038171387042312585,0.0030937273830617057,0.04142769401624184,0.008598537606753638,0.0011827245121122695,0.009498958981016851,0.0016256536742427052,2.834787238981446,2.196447194627907,2.295567732646998,1.8662469612908634
12,43,LPA_013_DAPI.1.tif,LPA_013_W647.1.tif,LPA_013_G488.1.tif,LPA_013_R555.1.tif,/Volumes/D/YAPSMAD_Nuclear_Localization/251219_YAPSMAD_Early_D14_Male_#3/tifs,/Volumes/D/YAPSMAD_Nuclear_Localization/251219_YAPSMAD_Early_D14_Male_#3/tifs,/Volumes/D/YAPSMAD_Nuclear_Localization/251219_YAPSMAD_Early_D14_Male_#3/tifs,/Volumes/D/YAPSMAD_Nuclear_Localization/251219_YAPSMAD_Early_D14_Male_#3/tifs,922,1.4061451527618287,0.7704082556160651,0.7111641341122475,12.691996735055,31.02037078142166,18.475364414975047,0.02985409435507015,0.013765723139972885,0.0336446537759454,0.0200383561984545,0.007145497077488544,0.007253238195325423,0.0026596651428310394,2.4534222352900623,1.6647212420413766,2.06394468966841,1.3938466406955574
12,44,LPA_013_DAPI.1.tif,LPA_013_W647.1.tif,LPA_013_G488.1.tif,LPA_013_R555.1.tif,/Volumes/D/YAPSMAD_Nuclear_Localization/251219_YAPSMAD_Early_D14_Male_#3/tifs,/Volumes/D/YAPSMAD_Nuclear_Localization/251219_YAPSMAD_Early_D14_Male_#3/tifs,/Volumes/D/YAPSMAD_Nuclear_Localization/251219_YAPSMAD_Early_D14_Male_#3/tifs,/Volumes/D/YAPSMAD_Nuclear_Localization/251219_YAPSMAD_Early_D14_Male_#3/tifs,328,1.0927622749363795,0.7256167072919518,0.9151121181029239,0.5034561699721962,8.989776497706771,2.3157854988239706,0.03177402868140035,0.001534927347476208,0.02740785517593528,0.007060321642756008,0.0017137808299396758,0.00420410102794434,0.0006698902619869172,2.068251095326366,1.7848400412219814,1.6252015422898758,1.4210020792409792
12,45,LPA_013_DAPI.1.tif,LPA_013_W647.1.tif,LPA_013_G488.1.tif,LPA_013_R555.1.tif,/Volumes/D/YAPSMAD_Nuclear_Localization/251219_YAPSMAD_Early_D14_Male_#3/tifs,/Volumes/D/YAPSMAD_Nuclear_Localization/251219_YAPSMAD_Early_D14_Male_#3/tifs,/Volumes/D/YAPSMAD_Nuclear_Localization/251219_YAPSMAD_Early_D14_Male_#3/tifs,/Volumes/D/YAPSMAD_Nuclear_Localization/251219_YAPSMAD_Early_D14_Male_#3/tifs,288,1.2229040340675084,0.8513424703064594,0.8177256531519436,1.7731441366486251,14.597009247168899,2.737941598985344,0.032243214075505316,0.006156750474474393,0.05068405988600312,0.009506741663143557,0.004777183140475036,0.006834943737454614,0.0009388737731790652,3.061144128483477,2.1633990082804373,1.9493624834746799,1.3340306411005105
13,1,FasTGFb_014_DAPI.1.1.tif,FasTGFb_014_W647.1.1.tif,FasTGFb_014_G488.1.1.tif,FasTGFb_014_R555.1.1.tif,/Volumes/D/YAPSMAD_Nuclear_Localization/251219_YAPSMAD_Early_D14_Male_#3/tifs,/Volumes/D/YAPSMAD_Nuclear_Localization/251219_YAPSMAD_Early_D14_Male_#3/tifs,/Volumes/D/YAPSMAD_Nuclear_Localization/251219_YAPSMAD_Early_D14_Male_#3/tifs,/Volumes/D/YAPSMAD_Nuclear_Localization/251219_YAPSMAD_Early_D14_Male_#3/tifs,203,1.0047676380943056,0.5903677475486181,0.9952549844227186,0.5963530989829451,10.133699521422386,2.0511940442956984,0.031546637214022906,0.002937699994989877,0.04991970207597234,0.01010440415909211,0.0013491199119820532,0.0052964159356828095,0.00131102781283532,2.9926023543538305,1.7292571348535468,1.989018298980798,1.2185038249671856
13,2,FasTGFb_014_DAPI.1.1.tif,FasTGFb_014_W647.1.1.tif,FasTGFb_014_G488.1.1.tif,FasTGFb_014_R555.1.1.tif,/Volumes/D/YAPSMAD_Nuclear_Localization/251219_YAPSMAD_Early_D14_Male_#3/tifs,/Volumes/D/YAPSMAD_Nuclear_Localization/251219_YAPSMAD_Early_D14_Male_#3/tifs,/Volumes/D/YAPSMAD_Nuclear_Localization/251219_YAPSMAD_Early_D14_Male_#3/tifs,/Volumes/D/YAPSMAD_Nuclear_Localization/251219_YAPSMAD_Early_D14_Male_#3/tifs,158,1.040668725533498,0.4905822003580037,0.960920584489892,0.3331197069492191,5.2367284670472145,2.136110493913293,0.017917761697044857,0.002108352575627969,0.03314385105726085,0.013519686670337297,0.0004350089862271038,0.0028594628954473206,0.0013987664122931765,2.604775337825497,1.4954149910978263,2.1028243478731854,1.1372530408810044
13,3,FasTGFb_014_DAPI.1.1.tif,FasTGFb_014_W647.1.1.tif,FasTGFb_014_G488.1.1.tif,FasTGFb_014_R555.1.1.tif,/Volumes/D/YAPSMAD_Nuclear_Localization/251219_YAPSMAD_Early_D14_Male_#3/tifs,/Volumes/D/YAPSMAD_Nuclear_Localization/251219_YAPSMAD_Early_D14_Male_#3/tifs,/Volumes/D/YAPSMAD_Nuclear_Localization/251219_YAPSMAD_Early_D14_Male_#3/tifs,/Volumes/D/YAPSMAD_Nuclear_Localization/251219_YAPSMAD_Early_D14_Male_#3/tifs,299,1.108155511476825,0.6639266109947802,0.9024004209186423,0.9266804053913802,13.597451716661453,4.583413477055728,0.04199767645049753,0.0030992655698708366,0.04547642714602493,0.015329142063731533,0.0017912779260363522,0.005490748281119617,0.002126364476003806,2.9413966044515787,2.067393943971112,2.103903899858447,1.3456234092349606
13,4,FasTGFb_014_DAPI.1.1.tif,FasTGFb_014_W647.1.1.tif,FasTGFb_014_G488.1.1.tif,FasTGFb_014_R555.1.1.tif,/Volumes/D/YAPSMAD_Nuclear_Localization/251219_YAPSMAD_Early_D14_Male_#3/tifs,/Volumes/D/YAPSMAD_Nuclear_Localization/251219_YAPSMAD_Early_D14_Male_#3/tifs,/Volumes/D/YAPSMAD_Nuclear_Localization/251219_YAPSMAD_Early_D14_Male_#3/tifs,/Volumes/D/YAPSMAD_Nuclear_Localization/251219_YAPSMAD_Early_D14_Male_#3/tifs,377,1.5045457511385836,0.8724173878243641,0.6646524369519755,1.947982023935765,14.32904553040862,5.927550207823515,0.03226562686244752,0.005167061071447652,0.03800807832999634,0.015722944848338236,0.0024448646402190147,0.0057128046999287765,0.0024145138743545073,2.655389501460494,1.814166838729758,1.8054209942984996,1.2955057095345603
13,5,FasTGFb_014_DAPI.1.1.tif,FasTGFb_014_W647.1.1.tif,FasTGFb_014_G488.1.1.tif,FasTGFb_014_R555.1.1.tif,/Volumes/D/YAPSMAD_Nuclear_Localization/251219_YAPSMAD_Early_D14_Male_#3/tifs,/Volumes/D/YAPSMAD_Nuclear_Localization/251219_YAPSMAD_Early_D14_Male_#3/tifs,/Volumes/D/YAPSMAD_Nuclear_Localization/251219_YAPSMAD_Early_D14_Male_#3/tifs,/Volumes/D/YAPSMAD_Nuclear_Localization/251219_YAPSMAD_Early_D14_Male_#3/tifs,209,1.14634326410092,0.812898416898936,0.8723390552517467,1.2012207459192723,7.348241407889873,2.903181522153318,0.03326452179905473,0.00574746768382427,0.03515904979851614,0.013890820680159417,0.0012642061293588046,0.011213453966035668,0.0026882328537092665,2.5577665009744615,1.691438920102759,2.5687825716682435,1.4756122202854538
13,6,FasTGFb_014_DAPI.1.1.tif,FasTGFb_014_W647.1.1.tif,FasTGFb_014_G488.1.1.tif,FasTGFb_014_R555.1.1.tif,/Volumes/D/YAPSMAD_Nuclear_Localization/251219_YAPSMAD_Early_D14_Male_#3/tifs,/Volumes/D/YAPSMAD_Nuclear_Localization/251219_YAPSMAD_Early_D14_Male_#3/tifs,/Volumes/D/YAPSMAD_Nuclear_Localization/251219_YAPSMAD_Early_D14_Male_#3/tifs,/Volumes/D/YAPSMAD_Nuclear_Localization/251219_YAPSMAD_Early_D14_Male_#3/tifs,165,1.0223687899544596,0.4752268062954794,0.9781206251851097,0.699534603394568,7.684992752969265,2.211261171847582,0.0378735397462592,0.004239603656936776,0.04657571365435918,0.013401582859682314,0.005302426582592518,0.01116495099911643,0.001829358102729313,2.5855771041987894,2.0229418149893372,1.996831112529039,1.335363823784412
13,7,FasTGFb_014_DAPI.1.1.tif,FasTGFb_014_W647.1.1.tif,FasTGFb_014_G488.1.1.tif,FasTGFb_014_R555.1.1.tif,/Volumes/D/YAPSMAD_Nuclear_Localization/251219_YAPSMAD_Early_D14_Male_#3/tifs,/Volumes/D/YAPSMAD_Nuclear_Localization/251219_YAPSMAD_Early_D14_Male_#3/tifs,/Volumes/D/YAPSMAD_Nuclear_Localization/251219_YAPSMAD_Early_D14_Male_#3/tifs,/Volumes/D/YAPSMAD_Nuclear_Localization/251219_YAPSMAD_Early_D14_Male_#3/tifs,277,1.1531261099348415,0.8304509423167135,0.8672078373600489,1.2960403009783477,12.573266182094812,4.520485257729888,0.02935466746587831,0.004678845851907392,0.04539085264294156,0.016319441363645805,0.002193991645860549,0.003978329265307415,0.002472535359461334,2.6709218556128174,1.5539348917826428,2.385583033427054,1.278416489719444
13,8,FasTGFb_014_DAPI.1.1.tif,FasTGFb_014_W647.1.1.tif,FasTGFb_014_G488.1.1.tif,FasTGFb_014_R555.1.1.tif,/Volumes/D/YAPSMAD_Nuclear_Localization/251219_YAPSMAD_Early_D14_Male_#3/tifs,/Volumes/D/YAPSMAD_Nuclear_Localization/251219_YAPSMAD_Early_D14_Male_#3/tifs,/Volumes/D/YAPSMAD_Nuclear_Localization/251219_YAPSMAD_Early_D14_Male_#3/tifs,/Volumes/D/YAPSMAD_Nuclear_Localization/251219_YAPSMAD_Early_D14_Male_#3/tifs,239,1.1216863738300213,0.8175084105547824,0.8915147971223716,0.5642786361277103,7.952376602217555,1.7418021138291806,0.03914379654647042,0.0023609984775218008,0.033273542268692696,0.00728787495326017,0.0025597192977965164,0.014324712308915135,0.0027477181120110702,1.6852296692240343,2.05317303796323,1.0189135779064462,0.9170855276005843
13,9,FasTGFb_014_DAPI.1.1.tif,FasTGFb_014_W647.1.1.tif,FasTGFb_014_G488.1.1.tif,FasTGFb_014_R555.1.1.tif,/Volumes/D/YAPSMAD_Nuclear_Localization/251219_YAPSMAD_Early_D14_Male_#3/tifs,/Volumes/D/YAPSMAD_Nuclear_Localization/251219_YAPSMAD_Early_D14_Male_#3/tifs,/Volumes/D/YAPSMAD_Nuclear_Localization/251219_YAPSMAD_Early_D14_Male_#3/tifs,/Volumes/D/YAPSMAD_Nuclear_Localization/251219_YAPSMAD_Early_D14_Male_#3/tifs,205,1.154138903013294,0.827448862840559,0.8664468352891849,0.5029678831342608,8.553002213127911,1.6584725885186344,0.04376972291800307,0.0024535018689476134,0.0417219620152581,0.008090110187895778,0.003165687205143695,0.012693751097996565,0.0023325934596926854,2.256101833251954,2.60192243359217,1.1605620527211034,1.185585499178139
13,10,FasTGFb_014_DAPI.1.1.tif,FasTGFb_014_W647.1.1.tif,FasTGFb_014_G488.1.1.tif,FasTGFb_014_R555.1.1.tif,/Volumes/D/YAPSMAD_Nuclear_Localization/251219_YAPSMAD_Early_D14_Male_#3/tifs,/Volumes/D/YAPSMAD_Nuclear_Localization/251219_YAPSMAD_Early_D14_Male_#3/tifs,/Volumes/D/YAPSMAD_Nuclear_Localization/251219_YAPSMAD_Early_D14_Male_#3/tifs,/Volumes/D/YAPSMAD_Nuclear_Localization/251219_YAPSMAD_Early_D14_Male_#3/tifs,231,1.091320342817212,0.708949961031172,0.916321231049839,1.7116655500140041,9.263294434174895,3.875196480192244,0.025217284359747454,0.0074098075758182,0.04010084170638483,0.016775742338494562,0.0025587570655277326,0.005240557508059991,0.0023553719618060716,2.3745023402541063,1.8321187938605388,1.8608639329059493,1.2422098031664353
13,11,FasTGFb_014_DAPI.1.1.tif,FasTGFb_014_W647.1.1.tif,FasTGFb_014_G488.1.1.tif,FasTGFb_014_R555.1.1.tif,/Volumes/D/YAPSMAD_Nuclear_Localization/251219_YAPSMAD_Early_D14_Male_#3/tifs,/Volumes/D/YAPSMAD_Nuclear_Localization/251219_YAPSMAD_Early_D14_Male_#3/tifs,/Volumes/D/YAPSMAD_Nuclear_Localization/251219_YAPSMAD_Early_D14_Male_#3/tifs,/Volumes/D/YAPSMAD_Nuclear_Localization/251219_YAPSMAD_Early_D14_Male_#3/tifs,221,1.1308874588867626,0.794628262776341,0.8842612871349663,1.532509368378669,9.411306913942099,3.3102006781846285,0.026326024542432026,0.006934431531125199,0.04258509915810904,0.014978283611695151,0.0016310153097350046,0.004640612903536085,0.0007091194834795073,2.1739879143450986,1.805207835957676,1.6183610795349164,1.311134396740574
13,12,FasTGFb_014_DAPI.1.1.tif,FasTGFb_014_W647.1.1.tif,FasTGFb_014_G488.1.1.tif,FasTGFb_014_R555.1.1.tif,/Volumes/D/YAPSMAD_Nuclear_Localization/251219_YAPSMAD_Early_D14_Male_#3/tifs,/Volumes/D/YAPSMAD_Nuclear_Localization/251219_YAPSMAD_Early_D14_Male_#3/tifs,/Volumes/D/YAPSMAD_Nuclear_Localization/251219_YAPSMAD_Early_D14_Male_#3/tifs,/Volumes/D/YAPSMAD_Nuclear_Localization/251219_YAPSMAD_Early_D14_Male_#3/tifs,171,1.048029316313253,0.7848362637737418,0.9541717816804877,0.6641031613107771,8.83971925266087,4.967559337615967,0.027196485064488057,0.0038836442181916786,0.05169426463544369,0.029050054605941327,0.0011058888761803795,0.009208298131469134,0.002057416572041125,1.8577680981978453,1.8011022356750503,1.554042332279794,1.4769195918992866
13,13,FasTGFb_014_DAPI.1.1.tif,FasTGFb_014_W647.1.1.tif,FasTGFb_014_G488.1.1.tif,FasTGFb_014_R555.1.1.tif,/Volumes/D/YAPSMAD_Nuclear_Localization/251219_YAPSMAD_Early_D14_Male_#3/tifs,/Volumes/D/YAPSMAD_Nuclear_Localization/251219_YAPSMAD_Early_D14_Male_#3/tifs,/Volumes/D/YAPSMAD_Nuclear_Localization/251219_YAPSMAD_Early_D14_Male_#3/tifs,/Volumes/D/YAPSMAD_Nuclear_Localization/251219_YAPSMAD_Early_D14_Male_#3/tifs,220,1.2041934821392881,0.8443648267504387,0.8304313341934622,0.8257419785950333,10.205569546669722,3.3180590765550733,0.028906344448808918,0.003753372629977424,0.04638895248486237,0.015082086711613969,0.0009907725179714886,0.005548380196081132,0.0017005484289875736,2.929243816546125,1.515543987106911,2.1502996966582084,1.0351989832014172
13,14,FasTGFb_014_DAPI.1.1.tif,FasTGFb_014_W647.1.1.tif,FasTGFb_014_G488.1.1.tif,FasTGFb_014_R555.1.1.tif,/Volumes/D/YAPSMAD_Nuclear_Localization/251219_YAPSMAD_Early_D14_Male_#3/tifs,/Volumes/D/YAPSMAD_Nuclear_Localization/251219_YAPSMAD_Early_D14_Male_#3/tifs,/Volumes/D/YAPSMAD_Nuclear_Localization/251219_YAPSMAD_Early_D14_Male_#3/tifs,/Volumes/D/YAPSMAD_Nuclear_Localization/251219_YAPSMAD_Early_D14_Male_#3/tifs,467,1.1742404394372044,0.49354704910787056,0.8516143426973822,4.837750872829929,21.92652782611549,9.242664275690913,0.0369021310939651,0.01035920957779428,0.0469518797133094,0.019791572324819942,0.004552756361542324,0.010915293800189046,0.0038329662337909616,2.9775198706044548,2.1190126031425134,2.0096391180615187,1.2808117396426606
13,15,FasTGFb_014_DAPI.1.1.tif,FasTGFb_014_W647.1.1.tif,FasTGFb_014_G488.1.1.tif,FasTGFb_014_R555.1.1.tif,/Volumes/D/YAPSMAD_Nuclear_Localization/251219_YAPSMAD_Early_D14_Male_#3/tifs,/Volumes/D/YAPSMAD_Nuclear_Localization/251219_YAPSMAD_Early_D14_Male_#3/tifs,/Volumes/D/YAPSMAD_Nuclear_Localization/251219_YAPSMAD_Early_D14_Male_#3/tifs,/Volumes/D/YAPSMAD_Nuclear_Localization/251219_YAPSMAD_Early_D14_Male_#3/tifs,503,1.7885467674776592,0.7541179809947908,0.5591131404465727,2.9174334809649736,18.919401850551367,6.728496289812028,0.03088201548733839,0.00580006656255462,0.03761312495139437,0.013376732186505027,0.0025650169119571646,0.00870900587244396,0.00214289131227375,3.1501577278198725,2.4263852056900754,1.8674189717202998,1.3881387560410992
13,16,FasTGFb_014_DAPI.1.1.tif,FasTGFb_014_W647.1.1.tif,FasTGFb_014_G488.1.1.tif,FasTGFb_014_R555.1.1.tif,/Volumes/D/YAPSMAD_Nuclear_Localization/251219_YAPSMAD_Early_D14_Male_#3/tifs,/Volumes/D/YAPSMAD_Nuclear_Localization/251219_YAPSMAD_Early_D14_Male_#3/tifs,/Volumes/D/YAPSMAD_Nuclear_Localization/251219_YAPSMAD_Early_D14_Male_#3/tifs,/Volumes/D/YAPSMAD_Nuclear_Localization/251219_YAPSMAD_Early_D14_Male_#3/tifs,247,1.2304272353366712,0.8820620897129534,0.812725833174831,1.9466850059106946,8.586511041037738,4.242084403522313,0.0281840312758438,0.007881315813403622,0.03476320259529449,0.017174430783491144,0.003268803007944663,0.008590496885747242,0.0016619118918910001,2.1599973703680697,1.8591992695838,1.58893842348764,1.208706307561576
13,17,FasTGFb_014_DAPI.1.1.tif,FasTGFb_014_W647.1.1.tif,FasTGFb_014_G488.1.1.tif,FasTGFb_014_R555.1.1.tif,/Volumes/D/YAPSMAD_Nuclear_Localization/251219_YAPSMAD_Early_D14_Male_#3/tifs,/Volumes/D/YAPSMAD_Nuclear_Localization/251219_YAPSMAD_Early_D14_Male_#3/tifs,/Volumes/D/YAPSMAD_Nuclear_Localization/251219_YAPSMAD_Early_D14_Male_#3/tifs,/Volumes/D/YAPSMAD_Nuclear_Localization/251219_YAPSMAD_Early_D14_Male_#3/tifs,204,1.2251280804606595,0.837119611557318,0.8162411881245842,0.834439623169601,8.448798378929496,2.939665854908526,0.0287551032653188,0.004090390309654907,0.041415678328085764,0.014410126739747677,0.0015469824388898872,0.007185146376746571,0.0015533194075308294,2.382145171291625,1.7618791355204069,1.681390836820226,1.2440247539120928
13,18,FasTGFb_014_DAPI.1.1.tif,FasTGFb_014_W647.1.1.tif,FasTGFb_014_G488.1.1.tif,FasTGFb_014_R555.1.1.tif,/Volumes/D/YAPSMAD_Nuclear_Localization/251219_YAPSMAD_Early_D14_Male_#3/tifs,/Volumes/D/YAPSMAD_Nuclear_Localization/251219_YAPSMAD_Early_D14_Male_#3/tifs,/Volumes/D/YAPSMAD_Nuclear_Localization/251219_YAPSMAD_Early_D14_Male_#3/tifs,/Volumes/D/YAPSMAD_Nuclear_Localization/251219_YAPSMAD_Early_D14_Male_#3/tifs,207,1.1085208181149133,0.7832589965164318,0.9021030400678829,0.7714961571618915,10.841901246458292,4.177935482934117,0.04175111653445208,0.0037270345756613113,0.0523763345239531,0.020183263202580275,0.0024091157489036564,0.007870033118412802,0.003411334739959216,2.3398023090082853,1.8009777299124716,1.6509705405578516,1.27375522787225
13,19,FasTGFb_014_DAPI.1.1.tif,FasTGFb_014_W647.1.1.tif,FasTGFb_014_G488.1.1.tif,FasTGFb_014_R555.1.1.tif,/Volumes/D/YAPSMAD_Nuclear_Localization/251219_YAPSMAD_Early_D14_Male_#3/tifs,/Volumes/D/YAPSMAD_Nuclear_Localization/251219_YAPSMAD_Early_D14_Male_#3/tifs,/Volumes/D/YAPSMAD_Nuclear_Localization/251219_YAPSMAD_Early_D14_Male_#3/tifs,/Volumes/D/YAPSMAD_Nuclear_Localization/251219_YAPSMAD_Early_D14_Male_#3/tifs,243,1.144314579574875,0.8385125337813765,0.873885571196262,2.763088449370116,11.064499869942665,2.450278506614268,0.02624049419038948,0.011370734359547802,0.045532921275484216,0.01008345064450316,0.00601579003753448,0.008239855912182972,0.0012028603425319796,2.4687613927903347,2.078602427320404,1.5770936015748178,1.2962328081448262
13,20,FasTGFb_014_DAPI.1.1.tif,FasTGFb_014_W647.1.1.tif,FasTGFb_014_G488.1.1.tif,FasTGFb_014_R555.1.1.tif,/Volumes/D/YAPSMAD_Nuclear_Localization/251219_YAPSMAD_Early_D14_Male_#3/tifs,/Volumes/D/YAPSMAD_Nuclear_Localization/251219_YAPSMAD_Early_D14_Male_#3/tifs,/Volumes/D/YAPSMAD_Nuclear_Localization/251219_YAPSMAD_Early_D14_Male_#3/tifs,/Volumes/D/YAPSMAD_Nuclear_Localization/251219_YAPSMAD_Early_D14_Male_#3/tifs,369,1.12368050184055,0.4029912553281569,0.8899326795846634,1.3558556684292853,18.021774630993605,4.519005152396858,0.032604559988469936,0.003674405605499418,0.048839497644969115,0.012246626429259777,0.001104093089292082,0.0054972395730029265,0.0013021351212737229,3.0106179526210024,1.8047100187505436,1.9521022669395145,1.0971834132116098
13,21,FasTGFb_014_DAPI.1.1.tif,FasTGFb_014_W647.1.1.tif,FasTGFb_014_G488.1.1.tif,FasTGFb_014_R555.1.1.tif,/Volumes/D/YAPSMAD_Nuclear_Localization/251219_YAPSMAD_Early_D14_Male_#3/tifs,/Volumes/D/YAPSMAD_Nuclear_Localization/251219_YAPSMAD_Early_D14_Male_#3/tifs,/Volumes/D/YAPSMAD_Nuclear_Localization/251219_YAPSMAD_Early_D14_Male_#3/tifs,/Volumes/D/YAPSMAD_Nuclear_Localization/251219_YAPSMAD_Early_D14_Male_#3/tifs,727,2.292223087153605,0.7089577311055603,0.436257712263845,7.555718402378261,35.24811175093055,9.02201884612441,0.028907933713102192,0.010393010182088392,0.048484335283260724,0.012409929637034953,0.0038533790387903955,0.009427499153058037,0.001973937008555501,2.4458391558078327,1.9444534685319674,2.0469090576746964,1.664546614142617
13,22,FasTGFb_014_DAPI.1.1.tif,FasTGFb_014_W647.1.1.tif,FasTGFb_014_G488.1.1.tif,FasTGFb_014_R555.1.1.tif,/Volumes/D/YAPSMAD_Nuclear_Localization/251219_YAPSMAD_Early_D14_Male_#3/tifs,/Volumes/D/YAPSMAD_Nuclear_Localization/251219_YAPSMAD_Early_D14_Male_#3/tifs,/Volumes/D/YAPSMAD_Nuclear_Localization/251219_YAPSMAD_Early_D14_Male_#3/tifs,/Volumes/D/YAPSMAD_Nuclear_Localization/251219_YAPSMAD_Early_D14_Male_#3/tifs,253,1.0990847542952356,0.8190625628297798,0.9098479403812934,3.370260188821703,14.027603548020124,3.2488899352028966,0.031338472559812515,0.013321186517081831,0.055445073312332505,0.012841462194477852,0.0055231762006437025,0.005217758630072484,0.0016364929325497787,1.7362982243081835,1.1893624256451465,1.358030642983521,1.1663815579920334
13,23,FasTGFb_014_DAPI.1.1.tif,FasTGFb_014_W647.1.1.tif,FasTGFb_014_G488.1.1.tif,FasTGFb_014_R555.1.1.tif,/Volumes/D/YAPSMAD_Nuclear_Localization/251219_YAPSMAD_Early_D14_Male_#3/tifs,/Volumes/D/YAPSMAD_Nuclear_Localization/251219_YAPSMAD_Early_D14_Male_#3/tifs,/Volumes/D/YAPSMAD_Nuclear_Localization/251219_YAPSMAD_Early_D14_Male_#3/tifs,/Volumes/D/YAPSMAD_Nuclear_Localization/251219_YAPSMAD_Early_D14_Male_#3/tifs,256,1.3040431592294435,0.8885477886038726,0.7668457849132063,0.9478904481511563,11.190112128853798,5.55783935636282,0.02731543745903764,0.0037026970630904543,0.04371137550333515,0.021710309985792264,0.0014567427806704589,0.004652715288611454,0.0020156013237586316,2.557860949510285,1.5776104165208167,1.8955075613035663,1.1618621585543958
13,24,FasTGFb_014_DAPI.1.1.tif,FasTGFb_014_W647.1.1.tif,FasTGFb_014_G488.1.1.tif,FasTGFb_014_R555.1.1.tif,/Volumes/D/YAPSMAD_Nuclear_Localization/251219_YAPSMAD_Early_D14_Male_#3/tifs,/Volumes/D/YAPSMAD_Nuclear_Localization/251219_YAPSMAD_Early_D14_Male_#3/tifs,/Volumes/D/YAPSMAD_Nuclear_Localization/251219_YAPSMAD_Early_D14_Male_#3/tifs,/Volumes/D/YAPSMAD_Nuclear_Localization/251219_YAPSMAD_Early_D14_Male_#3/tifs,255,1.1879521642390982,0.7717238565090285,0.8417847368799698,0.8370946904178709,10.520439465530217,2.586266912985593,0.025960263774237213,0.0032827242761485132,0.041256625355020456,0.010142223188178796,0.0016049716184878922,0.007974359362731508,0.0021466380183996843,2.3652722845275616,1.5724431560953918,1.9406956134975086,1.2369471801361234
13,25,FasTGFb_014_DAPI.1.1.tif,FasTGFb_014_W647.1.1.tif,FasTGFb_014_G488.1.1.tif,FasTGFb_014_R555.1.1.tif,/Volumes/D/YAPSMAD_Nuclear_Localization/251219_YAPSMAD_Early_D14_Male_#3/tifs,/Volumes/D/YAPSMAD_Nuclear_Localization/251219_YAPSMAD_Early_D14_Male_#3/tifs,/Volumes/D/YAPSMAD_Nuclear_Localization/251219_YAPSMAD_Early_D14_Male_#3/tifs,/Volumes/D/YAPSMAD_Nuclear_Localization/251219_YAPSMAD_Early_D14_Male_#3/tifs,212,1.0492375955973465,0.6941561933276267,0.9530729781281666,1.1797970766201615,6.6160677606239915,1.5395590369589627,0.03293249604538224,0.0055650805500951014,0.031207866795396187,0.00726207092905171,0.0019305231732236752,0.007844558858162197,0.001689785366594094,2.2362482308789176,2.101309553524837,1.71858914060552,1.3535632946860559
13,26,FasTGFb_014_DAPI.1.1.tif,FasTGFb_014_W647.1.1.tif,FasTGFb_014_G488.1.1.tif,FasTGFb_014_R555.1.1.tif,/Volumes/D/YAPSMAD_Nuclear_Localization/251219_YAPSMAD_Early_D14_Male_#3/tifs,/Volumes/D/YAPSMAD_Nuclear_Localization/251219_YAPSMAD_Early_D14_Male_#3/tifs,/Volumes/D/YAPSMAD_Nuclear_Localization/251219_YAPSMAD_Early_D14_Male_#3/tifs,/Volumes/D/YAPSMAD_Nuclear_Localization/251219_YAPSMAD_Early_D14_Male_#3/tifs,281,1.3298606600131027,0.8553829480558939,0.7519584796125538,1.0038300231099129,11.621454156935215,4.304585366509855,0.024609435628105313,0.0035723488366900813,0.041357488102972295,0.015318809133487028,0.0013516452259075679,0.0061419674870646,0.0015337377537655902,2.9980512399817085,1.8734084431995583,2.212532152425692,1.226700334964064
13,27,FasTGFb_014_DAPI.1.1.tif,FasTGFb_014_W647.1.1.tif,FasTGFb_014_G488.1.1.tif,FasTGFb_014_R555.1.1.tif,/Volumes/D/YAPSMAD_Nuclear_Localization/251219_YAPSMAD_Early_D14_Male_#3/tifs,/Volumes/D/YAPSMAD_Nuclear_Localization/251219_YAPSMAD_Early_D14_Male_#3/tifs,/Volumes/D/YAPSMAD_Nuclear_Localization/251219_YAPSMAD_Early_D14_Male_#3/tifs,/Volumes/D/YAPSMAD_Nuclear_Localization/251219_YAPSMAD_Early_D14_Male_#3/tifs,199,1.0931485366134508,0.7402989982386803,0.9147887652102404,1.363988726399839,6.640863658860326,1.8295109723694623,0.03405645005311349,0.006854214705526829,0.03337117416512726,0.009193522474218403,0.0028513019425561166,0.011127867104833083,0.0018813841191088181,3.7028330763975585,2.1355835117621202,2.888659235447889,1.428374282796149
13,28,FasTGFb_014_DAPI.1.1.tif,FasTGFb_014_W647.1.1.tif,FasTGFb_014_G488.1.1.tif,FasTGFb_014_R555.1.1.tif,/Volumes/D/YAPSMAD_Nuclear_Localization/251219_YAPSMAD_Early_D14_Male_#3/tifs,/Volumes/D/YAPSMAD_Nuclear_Localization/251219_YAPSMAD_Early_D14_Male_#3/tifs,/Volumes/D/YAPSMAD_Nuclear_Localization/251219_YAPSMAD_Early_D14_Male_#3/tifs,/Volumes/D/YAPSMAD_Nuclear_Localization/251219_YAPSMAD_Early_D14_Male_#3/tifs,319,1.1515026107338457,0.8368433486157242,0.8684305104290698,1.2760662399232388,13.670954439789057,6.051392432302237,0.020186633750399266,0.00400020764866219,0.042855656551062875,0.018969882232922373,0.002210359503189177,0.005368551950598226,0.0016069099771276313,3.683471728367784,1.6817198118764825,3.1363943807899877,1.1499934515026773
13,29,FasTGFb_014_DAPI.1.1.tif,FasTGFb_014_W647.1.1.tif,FasTGFb_014_G488.1.1.tif,FasTGFb_014_R555.1.1.tif,/Volumes/D/YAPSMAD_Nuclear_Localization/251219_YAPSMAD_Early_D14_Male_#3/tifs,/Volumes/D/YAPSMAD_Nuclear_Localization/251219_YAPSMAD_Early_D14_Male_#3/tifs,/Volumes/D/YAPSMAD_Nuclear_Localization/251219_YAPSMAD_Early_D14_Male_#3/tifs,/Volumes/D/YAPSMAD_Nuclear_Localization/251219_YAPSMAD_Early_D14_Male_#3/tifs,352,1.951588163527086,0.8731179374559866,0.5124031897143247,1.1167010073550045,11.44026857893914,4.288777031935751,0.030954399797007103,0.003172446043622172,0.03250076300834983,0.012184025658908386,0.001178890191255489,0.009273597905505753,0.0025555874831308333,3.1006552421055957,2.1796201133089963,2.7140507744411995,1.4518675923391269
13,30,FasTGFb_014_DAPI.1.1.tif,FasTGFb_014_W647.1.1.tif,FasTGFb_014_G488.1.1.tif,FasTGFb_014_R555.1.1.tif,/Volumes/D/YAPSMAD_Nuclear_Localization/251219_YAPSMAD_Early_D14_Male_#3/tifs,/Volumes/D/YAPSMAD_Nuclear_Localization/251219_YAPSMAD_Early_D14_Male_#3/tifs,/Volumes/D/YAPSMAD_Nuclear_Localization/251219_YAPSMAD_Early_D14_Male_#3/tifs,/Volumes/D/YAPSMAD_Nuclear_Localization/251219_YAPSMAD_Early_D14_Male_#3/tifs,157,0.9985241074067924,0.5048617173115776,1.0014780740717824,0.8672007413115352,1.2772564413025975,1.1057602991349995,0.04282993624568175,0.005523571600710415,0.008135391345876417,0.007043059230159233,0.0029073759612180394,0.003635253815881884,0.0005293345621944048,1.6100252169899973,1.6258732626297998,3.1025373234539444,1.4285861523017525
13,31,FasTGFb_014_DAPI.1.1.tif,FasTGFb_014_W647.1.1.tif,FasTGFb_014_G488.1.1.tif,FasTGFb_014_R555.1.1.tif,/Volumes/D/YAPSMAD_Nuclear_Localization/251219_YAPSMAD_Early_D14_Male_#3/tifs,/Volumes/D/YAPSMAD_Nuclear_Localization/251219_YAPSMAD_Early_D14_Male_#3/tifs,/Volumes/D/YAPSMAD_Nuclear_Localization/251219_YAPSMAD_Early_D14_Male_#3/tifs,/Volumes/D/YAPSMAD_Nuclear_Localization/251219_YAPSMAD_Early_D14_Male_#3/tifs,226,1.0828700382050283,0.7652672915408668,0.9234718523172051,0.9145952665712684,9.487037470564246,2.518364260904491,0.025994824237330297,0.004046881710492338,0.04197804190515153,0.01114320469426766,0.00222698417405904,0.0055636660707191225,0.0011856620401549508,3.1137360875671676,1.8880299609219549,2.993383596870449,1.4812436290115347
14,1,FasTGFb_015_DAPI.1.1.tif,FasTGFb_015_W647.1.1.tif,FasTGFb_015_G488.1.1.tif,FasTGFb_015_R555.1.1.tif,/Volumes/D/YAPSMAD_Nuclear_Localization/251219_YAPSMAD_Early_D14_Male_#3/tifs,/Volumes/D/YAPSMAD_Nuclear_Localization/251219_YAPSMAD_Early_D14_Male_#3/tifs,/Volumes/D/YAPSMAD_Nuclear_Localization/251219_YAPSMAD_Early_D14_Male_#3/tifs,/Volumes/D/YAPSMAD_Nuclear_Localization/251219_YAPSMAD_Early_D14_Male_#3/tifs,262,1.05263490601185,0.4889642891977893,0.9499969973337958,1.3349202929530293,8.50524148158729,3.806500372476876,0.02405491635871639,0.005095115621958127,0.03246275374651638,0.014528627375865938,0.0016793070229839317,0.002014257667702924,0.0007765286782201159,2.2236875034222807,1.4153540502588824,1.7800555799838262,1.152580753339407
14,2,FasTGFb_015_DAPI.1.1.tif,FasTGFb_015_W647.1.1.tif,FasTGFb_015_G488.1.1.tif,FasTGFb_015_R555.1.1.tif,/Volumes/D/YAPSMAD_Nuclear_Localization/251219_YAPSMAD_Early_D14_Male_#3/tifs,/Volumes/D/YAPSMAD_Nuclear_Localization/251219_YAPSMAD_Early_D14_Male_#3/tifs,/Volumes/D/YAPSMAD_Nuclear_Localization/251219_YAPSMAD_Early_D14_Male_#3/tifs,/Volumes/D/YAPSMAD_Nuclear_Localization/251219_YAPSMAD_Early_D14_Male_#3/tifs,388,2.3593488535119804,0.9476661553289987,0.4238457566423304,1.422354479553178,8.566277600824833,5.411230683326721,0.022708256292089668,0.003665862060704067,0.02207803505367225,0.013946470833316292,0.0021185778862581064,0.0033485357213204016,0.0018955967803365996,1.9554100781801562,1.5593932758932192,1.3707585548479124,1.0690804557572404
14,3,FasTGFb_015_DAPI.1.1.tif,FasTGFb_015_W647.1.1.tif,FasTGFb_015_G488.1.1.tif,FasTGFb_015_R555.1.1.tif,/Volumes/D/YAPSMAD_Nuclear_Localization/251219_YAPSMAD_Early_D14_Male_#3/tifs,/Volumes/D/YAPSMAD_Nuclear_Localization/251219_YAPSMAD_Early_D14_Male_#3/tifs,/Volumes/D/YAPSMAD_Nuclear_Localization/251219_YAPSMAD_Early_D14_Male_#3/tifs,/Volumes/D/YAPSMAD_Nuclear_Localization/251219_YAPSMAD_Early_D14_Male_#3/tifs,214,1.072260791354145,0.7412775101369509,0.9326089399735601,0.8654917273670435,8.479804672300816,4.34196996409446,0.03098579706345624,0.004044353866201138,0.039625255478041195,0.02028957927146944,0.0023077364023178617,0.004385619554667014,0.0038197100010873212,2.0891350170911847,1.374326497123269,1.4949833319984236,0.9791129112291115
14,4,FasTGFb_015_DAPI.1.1.tif,FasTGFb_015_W647.1.1.tif,FasTGFb_015_G488.1.1.tif,FasTGFb_015_R555.1.1.tif,/Volumes/D/YAPSMAD_Nuclear_Localization/251219_YAPSMAD_Early_D14_Male_#3/tifs,/Volumes/D/YAPSMAD_Nuclear_Localization/251219_YAPSMAD_Early_D14_Male_#3/tifs,/Volumes/D/YAPSMAD_Nuclear_Localization/251219_YAPSMAD_Early_D14_Male_#3/tifs,/Volumes/D/YAPSMAD_Nuclear_Localization/251219_YAPSMAD_Early_D14_Male_#3/tifs,186,1.3670604308374144,0.8544458103746477,0.7314965581934328,1.3516746943350881,5.335347525775433,3.9271534495055676,0.01906212807823253,0.007267068249113377,0.02868466411707222,0.021113728223148213,0.003174096747301026,0.003154756828110471,0.0020182085409381806,2.2078796960541553,1.3793723526728736,1.5049592973398398,1.026212589297169
14,5,FasTGFb_015_DAPI.1.1.tif,FasTGFb_015_W647.1.1.tif,FasTGFb_015_G488.1.1.tif,FasTGFb_015_R555.1.1.tif,/Volumes/D/YAPSMAD_Nuclear_Localization/251219_YAPSMAD_Early_D14_Male_#3/tifs,/Volumes/D/YAPSMAD_Nuclear_Localization/251219_YAPSMAD_Early_D14_Male_#3/tifs,/Volumes/D/YAPSMAD_Nuclear_Localization/251219_YAPSMAD_Early_D14_Male_#3/tifs,/Volumes/D/YAPSMAD_Nuclear_Localization/251219_YAPSMAD_Early_D14_Male_#3/tifs,240,1.3308997185497962,0.896408539584908,0.7513714114310894,0.682902270462364,6.564690642058849,2.5619440311565995,0.028702856057013074,0.0028454261269265165,0.027352877675245205,0.010674766796485831,0.0012089866016144115,0.007389424424717965,0.0017443584472982088,4.093205833293184,3.343365986346033,1.458682674280603,1.1069716800137217
14,6,FasTGFb_015_DAPI.1.1.tif,FasTGFb_015_W647.1.1.tif,FasTGFb_015_G488.1.1.tif,FasTGFb_015_R555.1.1.tif,/Volumes/D/YAPSMAD_Nuclear_Localization/251219_YAPSMAD_Early_D14_Male_#3/tifs,/Volumes/D/YAPSMAD_Nuclear_Localization/251219_YAPSMAD_Early_D14_Male_#3/tifs,/Volumes/D/YAPSMAD_Nuclear_Localization/251219_YAPSMAD_Early_D14_Male_#3/tifs,/Volumes/D/YAPSMAD_Nuclear_Localization/251219_YAPSMAD_Early_D14_Male_#3/tifs,200,1.4180343704481146,0.8916861897417274,0.7052015246174808,0.40878919837996364,6.237018385902047,2.4960403041914105,0.019452811628580095,0.002043945991899818,0.031185091929510234,0.012480201520957053,0.0009036636655086708,0.003723018719898677,0.000997052797894747,2.1529323622769154,1.575763495958392,1.7839266144360224,1.1705665446965332
14,7,FasTGFb_015_DAPI.1.1.tif,FasTGFb_015_W647.1.1.tif,FasTGFb_015_G488.1.1.tif,FasTGFb_015_R555.1.1.tif,/Volumes/D/YAPSMAD_Nuclear_Localization/251219_YAPSMAD_Early_D14_Male_#3/tifs,/Volumes/D/YAPSMAD_Nuclear_Localization/251219_YAPSMAD_Early_D14_Male_#3/tifs,/Volumes/D/YAPSMAD_Nuclear_Localization/251219_YAPSMAD_Early_D14_Male_#3/tifs,/Volumes/D/YAPSMAD_Nuclear_Localization/251219_YAPSMAD_Early_D14_Male_#3/tifs,349,1.0525195782925407,0.5576864014846256,0.9501010913471641,3.112611623480916,10.51023119688034,7.18988330103457,0.029788671328251203,0.008918657946936722,0.03011527563576029,0.020601384816717964,0.0034386554946808754,0.004284514087050816,0.001447799450844594,2.6820480313009383,1.4442710091591238,2.0581112569046356,1.0425415721253708
14,8,FasTGFb_015_DAPI.1.1.tif,FasTGFb_015_W647.1.1.tif,FasTGFb_015_G488.1.1.tif,FasTGFb_015_R555.1.1.tif,/Volumes/D/YAPSMAD_Nuclear_Localization/251219_YAPSMAD_Early_D14_Male_#3/tifs,/Volumes/D/YAPSMAD_Nuclear_Localization/251219_YAPSMAD_Early_D14_Male_#3/tifs,/Volumes/D/YAPSMAD_Nuclear_Localization/251219_YAPSMAD_Early_D14_Male_#3/tifs,/Volumes/D/YAPSMAD_Nuclear_Localization/251219_YAPSMAD_Early_D14_Male_#3/tifs,246,1.0897684688836384,0.7198692346793996,0.9176261091719808,1.6011444521136582,12.124574657529593,4.774609010666609,0.023557572860301027,0.006508717285014871,0.04928688885174631,0.019408979718156947,0.003006567443807482,0.004029652019403713,0.001612801549784523,1.8705469970350392,1.3933532757130391,1.5119807427363743,1.1685732741764403
14,9,FasTGFb_015_DAPI.1.1.tif,FasTGFb_015_W647.1.1.tif,FasTGFb_015_G488.1.1.tif,FasTGFb_015_R555.1.1.tif,/Volumes/D/YAPSMAD_Nuclear_Localization/251219_YAPSMAD_Early_D14_Male_#3/tifs,/Volumes/D/YAPSMAD_Nuclear_Localization/251219_YAPSMAD_Early_D14_Male_#3/tifs,/Volumes/D/YAPSMAD_Nuclear_Localization/251219_YAPSMAD_Early_D14_Male_#3/tifs,/Volumes/D/YAPSMAD_Nuclear_Localization/251219_YAPSMAD_Early_D14_Male_#3/tifs,92,0.9402753010493109,0.5795160085023677,1.0635183109500363,0.407080190256238,2.2113527227193117,1.4907148983329535,0.01762682417124186,0.004424784676698239,0.02403644263825339,0.016203422807966886,0.002016793938545759,0.002560704616455666,0.0013981821053237365,2.6488905246148837,1.4585056920619746,1.6156752203924587,1.0189586468829803
14,10,FasTGFb_015_DAPI.1.1.tif,FasTGFb_015_W647.1.1.tif,FasTGFb_015_G488.1.1.tif,FasTGFb_015_R555.1.1.tif,/Volumes/D/YAPSMAD_Nuclear_Localization/251219_YAPSMAD_Early_D14_Male_#3/tifs,/Volumes/D/YAPSMAD_Nuclear_Localization/251219_YAPSMAD_Early_D14_Male_#3/tifs,/Volumes/D/YAPSMAD_Nuclear_Localization/251219_YAPSMAD_Early_D14_Male_#3/tifs,/Volumes/D/YAPSMAD_Nuclear_Localization/251219_YAPSMAD_Early_D14_Male_#3/tifs,404,1.322551585930796,0.8126331456582764,0.7561141740238525,2.859723848523572,13.580224318429828,8.137438075616956,0.022021525899077406,0.007078524377533594,0.0336144166297768,0.020142173454497415,0.0034574740601261223,0.0044959178508720485,0.0011509725530076077,2.730252448935344,1.5265927104861365,2.01363542720861,1.1395925809219682
14,11,FasTGFb_015_DAPI.1.1.tif,FasTGFb_015_W647.1.1.tif,FasTGFb_015_G488.1.1.tif,FasTGFb_015_R555.1.1.tif,/Volumes/D/YAPSMAD_Nuclear_Localization/251219_YAPSMAD_Early_D14_Male_#3/tifs,/Volumes/D/YAPSMAD_Nuclear_Localization/251219_YAPSMAD_Early_D14_Male_#3/tifs,/Volumes/D/YAPSMAD_Nuclear_Localization/251219_YAPSMAD_Early_D14_Male_#3/tifs,/Volumes/D/YAPSMAD_Nuclear_Localization/251219_YAPSMAD_Early_D14_Male_#3/tifs,241,1.2234339278948647,0.817248307698431,0.8173714797338321,1.856199000729248,7.908766337670386,3.510276976041496,0.024116156128123095,0.007702070542445012,0.0328164578326572,0.014565464630877576,0.0037174230634548023,0.007260895020448353,0.001636032394132141,2.6102989945597015,2.1643849230502847,1.4478476341241675,1.2514991095589942
14,12,FasTGFb_015_DAPI.1.1.tif,FasTGFb_015_W647.1.1.tif,FasTGFb_015_G488.1.1.tif,FasTGFb_015_R555.1.1.tif,/Volumes/D/YAPSMAD_Nuclear_Localization/251219_YAPSMAD_Early_D14_Male_#3/tifs,/Volumes/D/YAPSMAD_Nuclear_Localization/251219_YAPSMAD_Early_D14_Male_#3/tifs,/Volumes/D/YAPSMAD_Nuclear_Localization/251219_YAPSMAD_Early_D14_Male_#3/tifs,/Volumes/D/YAPSMAD_Nuclear_Localization/251219_YAPSMAD_Early_D14_Male_#3/tifs,570,1.2980973050075741,0.7898240696825743,0.7703582744855674,9.445639787940308,21.329579608514905,7.122118013910949,0.024693969678003014,0.01657129787357949,0.037420315102657725,0.012494943884054296,0.010563158097267647,0.004269237824242028,0.0014095747462388728,2.2465106142480886,1.4366762127705572,1.8054900375472018,1.0904750827943814
14,13,FasTGFb_015_DAPI.1.1.tif,FasTGFb_015_W647.1.1.tif,FasTGFb_015_G488.1.1.tif,FasTGFb_015_R555.1.1.tif,/Volumes/D/YAPSMAD_Nuclear_Localization/251219_YAPSMAD_Early_D14_Male_#3/tifs,/Volumes/D/YAPSMAD_Nuclear_Localization/251219_YAPSMAD_Early_D14_Male_#3/tifs,/Volumes/D/YAPSMAD_Nuclear_Localization/251219_YAPSMAD_Early_D14_Male_#3/tifs,/Volumes/D/YAPSMAD_Nuclear_Localization/251219_YAPSMAD_Early_D14_Male_#3/tifs,180,1.159528734192799,0.8273161253478445,0.8624193351242354,0.5698176629375666,6.9517357014119625,2.2511940393596888,0.022285292928831444,0.003165653682986481,0.038620753896733126,0.012506633551998271,0.001247091909614413,0.003177576661213031,0.0017979556985912857,2.383226267922222,1.4310851083758842,1.6194497178477505,1.0247192398736067
14,14,FasTGFb_015_DAPI.1.1.tif,FasTGFb_015_W647.1.1.tif,FasTGFb_015_G488.1.1.tif,FasTGFb_015_R555.1.1.tif,/Volumes/D/YAPSMAD_Nuclear_Localization/251219_YAPSMAD_Early_D14_Male_#3/tifs,/Volumes/D/YAPSMAD_Nuclear_Localization/251219_YAPSMAD_Early_D14_Male_#3/tifs,/Volumes/D/YAPSMAD_Nuclear_Localization/251219_YAPSMAD_Early_D14_Male_#3/tifs,/Volumes/D/YAPSMAD_Nuclear_Localization/251219_YAPSMAD_Early_D14_Male_#3/tifs,298,1.1118741541327868,0.7163234117622943,0.8993823593102191,1.3911192608065903,10.449454504996538,4.7728389743715525,0.02167149791931546,0.00466818543894829,0.03506528357381389,0.016016238169032054,0.003242799162279014,0.0032236862106421495,0.001822169654010368,2.163797332554803,1.5236008457647408,1.6843166010707735,1.1678023807491553
14,15,FasTGFb_015_DAPI.1.1.tif,FasTGFb_015_W647.1.1.tif,FasTGFb_015_G488.1.1.tif,FasTGFb_015_R555.1.1.tif,/Volumes/D/YAPSMAD_Nuclear_Localization/251219_YAPSMAD_Early_D14_Male_#3/tifs,/Volumes/D/YAPSMAD_Nuclear_Localization/251219_YAPSMAD_Early_D14_Male_#3/tifs,/Volumes/D/YAPSMAD_Nuclear_Localization/251219_YAPSMAD_Early_D14_Male_#3/tifs,/Volumes/D/YAPSMAD_Nuclear_Localization/251219_YAPSMAD_Early_D14_Male_#3/tifs,323,1.1210546288622876,0.7865540927520945,0.8920171901121884,1.1139543862082064,9.824521262198687,3.2682078685611486,0.0242878750324157,0.003448775189499091,0.030416474495971166,0.010118290614740398,0.002535088373168799,0.0026819130007809705,0.0013635073277517983,2.3016476690440566,1.4053537542880907,1.4629198405386636,0.9479226816690115
14,16,FasTGFb_015_DAPI.1.1.tif,FasTGFb_015_W647.1.1.tif,FasTGFb_015_G488.1.1.tif,FasTGFb_015_R555.1.1.tif,/Volumes/D/YAPSMAD_Nuclear_Localization/251219_YAPSMAD_Early_D14_Male_#3/tifs,/Volumes/D/YAPSMAD_Nuclear_Localization/251219_YAPSMAD_Early_D14_Male_#3/tifs,/Volumes/D/YAPSMAD_Nuclear_Localization/251219_YAPSMAD_Early_D14_Male_#3/tifs,/Volumes/D/YAPSMAD_Nuclear_Localization/251219_YAPSMAD_Early_D14_Male_#3/tifs,177,1.0021755581133047,0.5418095409490354,0.9978291646651207,0.6712138634175062,5.735622204840183,2.537041299045086,0.022148599600850864,0.0037921687198729163,0.03240464522508578,0.014333566661271672,0.0008979159196051055,0.003283490388589255,0.0013365056818752583,2.57568047359197,1.6208532569435854,2.094276358941228,1.2679842302701858
14,17,FasTGFb_015_DAPI.1.1.tif,FasTGFb_015_W647.1.1.tif,FasTGFb_015_G488.1.1.tif,FasTGFb_015_R555.1.1.tif,/Volumes/D/YAPSMAD_Nuclear_Localization/251219_YAPSMAD_Early_D14_Male_#3/tifs,/Volumes/D/YAPSMAD_Nuclear_Localization/251219_YAPSMAD_Early_D14_Male_#3/tifs,/Volumes/D/YAPSMAD_Nuclear_Localization/251219_YAPSMAD_Early_D14_Male_#3/tifs,/Volumes/D/YAPSMAD_Nuclear_Localization/251219_YAPSMAD_Early_D14_Male_#3/tifs,698,1.6896709262043688,0.9083993151766031,0.5918312166537499,3.6871595934499055,24.315434544347227,11.219028071500361,0.03537793300731006,0.005282463600931097,0.034835866109379984,0.016073106119628023,0.0019514521560343371,0.006296555736225249,0.002123756682002721,2.451980398227377,1.629745853924612,1.856629503194416,1.143396853760459
14,18,FasTGFb_015_DAPI.1.1.tif,FasTGFb_015_W647.1.1.tif,FasTGFb_015_G488.1.1.tif,FasTGFb_015_R555.1.1.tif,/Volumes/D/YAPSMAD_Nuclear_Localization/251219_YAPSMAD_Early_D14_Male_#3/tifs,/Volumes/D/YAPSMAD_Nuclear_Localization/251219_YAPSMAD_Early_D14_Male_#3/tifs,/Volumes/D/YAPSMAD_Nuclear_Localization/251219_YAPSMAD_Early_D14_Male_#3/tifs,/Volumes/D/YAPSMAD_Nuclear_Localization/251219_YAPSMAD_Early_D14_Male_#3/tifs,251,1.098766316235477,0.7671395827496499,0.9101116272167281,1.1249103613663465,13.05404745042324,4.650110661052167,0.03483756280233304,0.004481714587116918,0.05200815717300096,0.018526337295028554,0.00557765858590201,0.00548264112192957,0.003318367098367101,2.6093146234534874,1.789347042279981,1.9990171578319231,1.2135084075447742
14,19,FasTGFb_015_DAPI.1.1.tif,FasTGFb_015_W647.1.1.tif,FasTGFb_015_G488.1.1.tif,FasTGFb_015_R555.1.1.tif,/Volumes/D/YAPSMAD_Nuclear_Localization/251219_YAPSMAD_Early_D14_Male_#3/tifs,/Volumes/D/YAPSMAD_Nuclear_Localization/251219_YAPSMAD_Early_D14_Male_#3/tifs,/Volumes/D/YAPSMAD_Nuclear_Localization/251219_YAPSMAD_Early_D14_Male_#3/tifs,/Volumes/D/YAPSMAD_Nuclear_Localization/251219_YAPSMAD_Early_D14_Male_#3/tifs,185,1.1541466330738261,0.8277280364716362,0.8664410321387942,0.8522469035815448,6.220126671716571,1.844312222674489,0.025232153773509167,0.004606740019359701,0.03362230633360309,0.009969255257699941,0.0021470316868718127,0.005224548377476164,0.0007655425718164401,3.1995729553647765,1.8353263864479925,2.029074404516851,1.1092351633300122
14,20,FasTGFb_015_DAPI.1.1.tif,FasTGFb_015_W647.1.1.tif,FasTGFb_015_G488.1.1.tif,FasTGFb_015_R555.1.1.tif,/Volumes/D/YAPSMAD_Nuclear_Localization/251219_YAPSMAD_Early_D14_Male_#3/tifs,/Volumes/D/YAPSMAD_Nuclear_Localization/251219_YAPSMAD_Early_D14_Male_#3/tifs,/Volumes/D/YAPSMAD_Nuclear_Localization/251219_YAPSMAD_Early_D14_Male_#3/tifs,/Volumes/D/YAPSMAD_Nuclear_Localization/251219_YAPSMAD_Early_D14_Male_#3/tifs,209,1.1505466065047438,0.7956600161977185,0.869152100702734,0.8075532270595431,6.08601510990411,1.5152208949439228,0.019788688186859114,0.0038638910385624075,0.029119689521072297,0.007249860741358482,0.0021348921672642964,0.006756332350966985,0.0006072225117302012,2.2835216591922034,1.8039783571714672,1.6875332697860075,1.132988797685739
14,21,FasTGFb_015_DAPI.1.1.tif,FasTGFb_015_W647.1.1.tif,FasTGFb_015_G488.1.1.tif,FasTGFb_015_R555.1.1.tif,/Volumes/D/YAPSMAD_Nuclear_Localization/251219_YAPSMAD_Early_D14_Male_#3/tifs,/Volumes/D/YAPSMAD_Nuclear_Localization/251219_YAPSMAD_Early_D14_Male_#3/tifs,/Volumes/D/YAPSMAD_Nuclear_Localization/251219_YAPSMAD_Early_D14_Male_#3/tifs,/Volumes/D/YAPSMAD_Nuclear_Localization/251219_YAPSMAD_Early_D14_Male_#3/tifs,203,1.252577537614577,0.8673037732826346,0.7983537705014345,0.6475928947329521,5.620935397222638,2.06393532641232,0.018496039341859925,0.0031901127819357247,0.02768933693213122,0.010167169095627192,0.001273192449855775,0.0025976101306839717,0.0006696154103379721,2.919583051804633,1.7012829821150814,1.8284210180608913,1.167190823374024
14,22,FasTGFb_015_DAPI.1.1.tif,FasTGFb_015_W647.1.1.tif,FasTGFb_015_G488.1.1.tif,FasTGFb_015_R555.1.1.tif,/Volumes/D/YAPSMAD_Nuclear_Localization/251219_YAPSMAD_Early_D14_Male_#3/tifs,/Volumes/D/YAPSMAD_Nuclear_Localization/251219_YAPSMAD_Early_D14_Male_#3/tifs,/Volumes/D/YAPSMAD_Nuclear_Localization/251219_YAPSMAD_Early_D14_Male_#3/tifs,/Volumes/D/YAPSMAD_Nuclear_Localization/251219_YAPSMAD_Early_D14_Male_#3/tifs,233,1.1698910941036937,0.8047178487714803,0.8547804193399259,0.4663920057937503,9.469947343692183,3.622293465770781,0.0262877584231194,0.0020016824282993576,0.04064355083129693,0.015546323887428245,0.0013025422155612414,0.006288278066449705,0.0016973130813136628,2.416861771828289,1.8184993185086775,1.5184455034306477,1.0747517846781742
14,23,FasTGFb_015_DAPI.1.1.tif,FasTGFb_015_W647.1.1.tif,FasTGFb_015_G488.1.1.tif,FasTGFb_015_R555.1.1.tif,/Volumes/D/YAPSMAD_Nuclear_Localization/251219_YAPSMAD_Early_D14_Male_#3/tifs,/Volumes/D/YAPSMAD_Nuclear_Localization/251219_YAPSMAD_Early_D14_Male_#3/tifs,/Volumes/D/YAPSMAD_Nuclear_Localization/251219_YAPSMAD_Early_D14_Male_#3/tifs,/Volumes/D/YAPSMAD_Nuclear_Localization/251219_YAPSMAD_Early_D14_Male_#3/tifs,222,1.2075812763305185,0.8504997104188331,0.8281016107161776,1.2177310003899038,9.967727171257138,3.8133974466472864,0.023689700349292776,0.005485274776531098,0.04489967194259972,0.01717746597588868,0.00211531707624269,0.006813476964673976,0.0030459164433778644,2.7898405402644024,1.667328125472184,2.247298205242119,1.4043134387155463
14,24,FasTGFb_015_DAPI.1.1.tif,FasTGFb_015_W647.1.1.tif,FasTGFb_015_G488.1.1.tif,FasTGFb_015_R555.1.1.tif,/Volumes/D/YAPSMAD_Nuclear_Localization/251219_YAPSMAD_Early_D14_Male_#3/tifs,/Volumes/D/YAPSMAD_Nuclear_Localization/251219_YAPSMAD_Early_D14_Male_#3/tifs,/Volumes/D/YAPSMAD_Nuclear_Localization/251219_YAPSMAD_Early_D14_Male_#3/tifs,/Volumes/D/YAPSMAD_Nuclear_Localization/251219_YAPSMAD_Early_D14_Male_#3/tifs,291,1.1471994802843215,0.8021381379166455,0.8716879820693088,1.5492637786082923,10.351064322516322,5.196261581964791,0.018985474443773635,0.005323930510681417,0.03557066777497018,0.017856569010188283,0.0025117229282920605,0.00395448470846104,0.0011263274367580033,1.9123420472501973,1.1489441007371104,1.7774724239972417,1.0821112391196328
14,25,FasTGFb_015_DAPI.1.1.tif,FasTGFb_015_W647.1.1.tif,FasTGFb_015_G488.1.1.tif,FasTGFb_015_R555.1.1.tif,/Volumes/D/YAPSMAD_Nuclear_Localization/251219_YAPSMAD_Early_D14_Male_#3/tifs,/Volumes/D/YAPSMAD_Nuclear_Localization/251219_YAPSMAD_Early_D14_Male_#3/tifs,/Volumes/D/YAPSMAD_Nuclear_Localization/251219_YAPSMAD_Early_D14_Male_#3/tifs,/Volumes/D/YAPSMAD_Nuclear_Localization/251219_YAPSMAD_Early_D14_Male_#3/tifs,204,1.5877699335645126,0.9440433569879227,0.6298141681994315,0.721248195739463,6.403891062363982,2.2082093711942434,0.02122477596790037,0.0035355303712718772,0.0313916228547254,0.010824555741148252,0.0009770849902035503,0.004140337678931797,0.0013002829699161177,1.8583313437914086,1.539798934952416,1.445206216776221,1.1713512931534291
14,26,FasTGFb_015_DAPI.1.1.tif,FasTGFb_015_W647.1.1.tif,FasTGFb_015_G488.1.1.tif,FasTGFb_015_R555.1.1.tif,/Volumes/D/YAPSMAD_Nuclear_Localization/251219_YAPSMAD_Early_D14_Male_#3/tifs,/Volumes/D/YAPSMAD_Nuclear_Localization/251219_YAPSMAD_Early_D14_Male_#3/tifs,/Volumes/D/YAPSMAD_Nuclear_Localization/251219_YAPSMAD_Early_D14_Male_#3/tifs,/Volumes/D/YAPSMAD_Nuclear_Localization/251219_YAPSMAD_Early_D14_Male_#3/tifs,327,1.251014487532781,0.8501393969749564,0.799351254494402,0.9049820746295154,8.814847074449062,3.613504283130169,0.0214292664844144,0.0027675292802125852,0.026956718882107225,0.011050471813853728,0.0008975127320793728,0.006351325429274955,0.0011351088198756556,3.0834654519382876,1.8168053283277874,2.22841318008103,1.1795972887286728
14,27,FasTGFb_015_DAPI.1.1.tif,FasTGFb_015_W647.1.1.tif,FasTGFb_015_G488.1.1.tif,FasTGFb_015_R555.1.1.tif,/Volumes/D/YAPSMAD_Nuclear_Localization/251219_YAPSMAD_Early_D14_Male_#3/tifs,/Volumes/D/YAPSMAD_Nuclear_Localization/251219_YAPSMAD_Early_D14_Male_#3/tifs,/Volumes/D/YAPSMAD_Nuclear_Localization/251219_YAPSMAD_Early_D14_Male_#3/tifs,/Volumes/D/YAPSMAD_Nuclear_Localization/251219_YAPSMAD_Early_D14_Male_#3/tifs,176,1.1322448991703329,0.786526808624202,0.8832011526241036,0.3327382314018905,4.238193342462182,1.3861906020902097,0.018075785467358815,0.001890558132965287,0.024080643991262397,0.007876082966421645,0.0005116172149492674,0.00331277935997966,0.0009681580750906084,2.883206768745171,1.6818522509621077,2.134624709327455,1.1527990866653315
14,28,FasTGFb_015_DAPI.1.1.tif,FasTGFb_015_W647.1.1.tif,FasTGFb_015_G488.1.1.tif,FasTGFb_015_R555.1.1.tif,/Volumes/D/YAPSMAD_Nuclear_Localization/251219_YAPSMAD_Early_D14_Male_#3/tifs,/Volumes/D/YAPSMAD_Nuclear_Localization/251219_YAPSMAD_Early_D14_Male_#3/tifs,/Volumes/D/YAPSMAD_Nuclear_Localization/251219_YAPSMAD_Early_D14_Male_#3/tifs,/Volumes/D/YAPSMAD_Nuclear_Localization/251219_YAPSMAD_Early_D14_Male_#3/tifs,109,0.953654935101551,0.49099149558892513,1.0485973104029644,0.42462806426919997,3.3178912196308374,1.748546589165926,0.018826553324630502,0.00389567031439633,0.030439368987438875,0.01604171182721033,0.0010387215620637617,0.004165303527410231,0.0012834205497228325,2.691169441307832,1.5029946466794937,1.9275615079256696,1.1584438722816117
14,29,FasTGFb_015_DAPI.1.1.tif,FasTGFb_015_W647.1.1.tif,FasTGFb_015_G488.1.1.tif,FasTGFb_015_R555.1.1.tif,/Volumes/D/YAPSMAD_Nuclear_Localization/251219_YAPSMAD_Early_D14_Male_#3/tifs,/Volumes/D/YAPSMAD_Nuclear_Localization/251219_YAPSMAD_Early_D14_Male_#3/tifs,/Volumes/D/YAPSMAD_Nuclear_Localization/251219_YAPSMAD_Early_D14_Male_#3/tifs,/Volumes/D/YAPSMAD_Nuclear_Localization/251219_YAPSMAD_Early_D14_Male_#3/tifs,191,1.5808465146621935,0.9318109311362469,0.6325724798233731,1.9187457272782922,5.440344864502549,4.377492966130376,0.019368412402209812,0.010045789148053886,0.028483480965981932,0.02291881134099673,0.003903974899754139,0.003354959757831968,0.0025239536159282518,1.884716066265029,1.307366602002488,1.4244847679130912,0.9774703021018168
14,30,FasTGFb_015_DAPI.1.1.tif,FasTGFb_015_W647.1.1.tif,FasTGFb_015_G488.1.1.tif,FasTGFb_015_R555.1.1.tif,/Volumes/D/YAPSMAD_Nuclear_Localization/251219_YAPSMAD_Early_D14_Male_#3/tifs,/Volumes/D/YAPSMAD_Nuclear_Localization/251219_YAPSMAD_Early_D14_Male_#3/tifs,/Volumes/D/YAPSMAD_Nuclear_Localization/251219_YAPSMAD_Early_D14_Male_#3/tifs,/Volumes/D/YAPSMAD_Nuclear_Localization/251219_YAPSMAD_Early_D14_Male_#3/tifs,132,1.6588379600898358,0.9231795995346955,0.602831635192291,0.28653391310945153,4.458396274596453,1.5208972450345755,0.016625398064427303,0.0021707114629503903,0.03377572935300343,0.01152194882601951,0.0004118506573266111,0.0036180356186162306,0.00098271636333197,1.9555730664156883,1.222993322887396,1.570723692088507,1.108008256790127
15,1,LPATGFb_016_DAPI.1.1.tif,LPATGFb_016_W647.1.1.tif,LPATGFb_016_G488.1.1.tif,LPATGFb_016_R555.1.1.tif,/Volumes/D/YAPSMAD_Nuclear_Localization/251219_YAPSMAD_Early_D14_Male_#3/tifs,/Volumes/D/YAPSMAD_Nuclear_Localization/251219_YAPSMAD_Early_D14_Male_#3/tifs,/Volumes/D/YAPSMAD_Nuclear_Localization/251219_YAPSMAD_Early_D14_Male_#3/tifs,/Volumes/D/YAPSMAD_Nuclear_Localization/251219_YAPSMAD_Early_D14_Male_#3/tifs,320,1.111996840623564,0.7608041232908699,0.899283130552097,5.538460392970592,16.829449895769358,12.781124593690038,0.026704337421688252,0.0173076887280331,0.05259203092427924,0.03994101435528137,0.009127921342054078,0.004675134677945698,0.0041781464506982086,1.8085282437772976,1.403666223344882,1.645403058903489,1.36246617067821
15,2,LPATGFb_016_DAPI.1.1.tif,LPATGFb_016_W647.1.1.tif,LPATGFb_016_G488.1.1.tif,LPATGFb_016_R555.1.1.tif,/Volumes/D/YAPSMAD_Nuclear_Localization/251219_YAPSMAD_Early_D14_Male_#3/tifs,/Volumes/D/YAPSMAD_Nuclear_Localization/251219_YAPSMAD_Early_D14_Male_#3/tifs,/Volumes/D/YAPSMAD_Nuclear_Localization/251219_YAPSMAD_Early_D14_Male_#3/tifs,/Volumes/D/YAPSMAD_Nuclear_Localization/251219_YAPSMAD_Early_D14_Male_#3/tifs,317,1.0642955857570084,0.696427439012252,0.9395886005566053,2.715526090702042,16.32121766731143,7.302586441859603,0.0274092949815212,0.008566328361836094,0.05148649106407391,0.023036550289777927,0.004947666232631574,0.006124178855707576,0.001725804342874112,2.6361080415893388,1.7043929150708672,2.336379772463606,1.4563106548522908
15,3,LPATGFb_016_DAPI.1.1.tif,LPATGFb_016_W647.1.1.tif,LPATGFb_016_G488.1.1.tif,LPATGFb_016_R555.1.1.tif,/Volumes/D/YAPSMAD_Nuclear_Localization/251219_YAPSMAD_Early_D14_Male_#3/tifs,/Volumes/D/YAPSMAD_Nuclear_Localization/251219_YAPSMAD_Early_D14_Male_#3/tifs,/Volumes/D/YAPSMAD_Nuclear_Localization/251219_YAPSMAD_Early_D14_Male_#3/tifs,/Volumes/D/YAPSMAD_Nuclear_Localization/251219_YAPSMAD_Early_D14_Male_#3/tifs,365,1.3210213882899295,0.8881455457221341,0.756990014593561,2.8086671703495085,15.853330284357071,8.437338859774172,0.03218420356869289,0.007694978548902763,0.04343378160097828,0.02311599687609362,0.002646079289184293,0.007671948754818895,0.0031992694078990837,2.6559077897091683,1.7776377559840766,2.36463324766595,1.5788709955611069
15,4,LPATGFb_016_DAPI.1.1.tif,LPATGFb_016_W647.1.1.tif,LPATGFb_016_G488.1.1.tif,LPATGFb_016_R555.1.1.tif,/Volumes/D/YAPSMAD_Nuclear_Localization/251219_YAPSMAD_Early_D14_Male_#3/tifs,/Volumes/D/YAPSMAD_Nuclear_Localization/251219_YAPSMAD_Early_D14_Male_#3/tifs,/Volumes/D/YAPSMAD_Nuclear_Localization/251219_YAPSMAD_Early_D14_Male_#3/tifs,/Volumes/D/YAPSMAD_Nuclear_Localization/251219_YAPSMAD_Early_D14_Male_#3/tifs,317,1.207509822469827,0.8127026426549411,0.8281506132634278,5.132372051477432,17.436499562114477,12.044159609824419,0.029094815154321937,0.01619044811191619,0.05500473047985639,0.03799419435275842,0.0052756297219310085,0.004416234275063895,0.004195527161197329,2.0139126553499307,1.3342613178529383,1.9306883462487234,1.320854250624685
15,5,LPATGFb_016_DAPI.1.1.tif,LPATGFb_016_W647.1.1.tif,LPATGFb_016_G488.1.1.tif,LPATGFb_016_R555.1.1.tif,/Volumes/D/YAPSMAD_Nuclear_Localization/251219_YAPSMAD_Early_D14_Male_#3/tifs,/Volumes/D/YAPSMAD_Nuclear_Localization/251219_YAPSMAD_Early_D14_Male_#3/tifs,/Volumes/D/YAPSMAD_Nuclear_Localization/251219_YAPSMAD_Early_D14_Male_#3/tifs,/Volumes/D/YAPSMAD_Nuclear_Localization/251219_YAPSMAD_Early_D14_Male_#3/tifs,468,1.1785912195517296,0.7947168213233956,0.8484706006721687,3.4285191488452256,23.521858567371964,10.153078562580049,0.04310458495369197,0.0073258956171906526,0.0502603815542136,0.021694612313205235,0.005298066288914237,0.010138101846489798,0.004738063072351279,2.4481199151281015,1.9822569088916058,2.4849076981235325,1.9632265636518644
15,6,LPATGFb_016_DAPI.1.1.tif,LPATGFb_016_W647.1.1.tif,LPATGFb_016_G488.1.1.tif,LPATGFb_016_R555.1.1.tif,/Volumes/D/YAPSMAD_Nuclear_Localization/251219_YAPSMAD_Early_D14_Male_#3/tifs,/Volumes/D/YAPSMAD_Nuclear_Localization/251219_YAPSMAD_Early_D14_Male_#3/tifs,/Volumes/D/YAPSMAD_Nuclear_Localization/251219_YAPSMAD_Early_D14_Male_#3/tifs,/Volumes/D/YAPSMAD_Nuclear_Localization/251219_YAPSMAD_Early_D14_Male_#3/tifs,334,1.0731318149075821,0.5898453436172207,0.93185197392188,4.787289267638698,17.970794282853603,8.925215551629663,0.030966768746715997,0.014333201400115863,0.0538047733019569,0.02672220225038821,0.009424248636260268,0.007063832586260628,0.004054429282597369,2.573310920749519,1.6671290306029856,2.71610977684668,1.672741706518437
15,7,LPATGFb_016_DAPI.1.1.tif,LPATGFb_016_W647.1.1.tif,LPATGFb_016_G488.1.1.tif,LPATGFb_016_R555.1.1.tif,/Volumes/D/YAPSMAD_Nuclear_Localization/251219_YAPSMAD_Early_D14_Male_#3/tifs,/Volumes/D/YAPSMAD_Nuclear_Localization/251219_YAPSMAD_Early_D14_Male_#3/tifs,/Volumes/D/YAPSMAD_Nuclear_Localization/251219_YAPSMAD_Early_D14_Male_#3/tifs,/Volumes/D/YAPSMAD_Nuclear_Localization/251219_YAPSMAD_Early_D14_Male_#3/tifs,340,1.2880388866579902,0.8687106214799112,0.7763740756264353,5.222949614748359,15.548500806093216,7.8431220492348075,0.032661308085217194,0.01536161651396576,0.04573088472380358,0.0230680060271612,0.005459200521803449,0.008823129859221405,0.004562210244997897,2.208858789991999,1.75299844975403,2.4913452675583825,1.6116213019275794
15,8,LPATGFb_016_DAPI.1.1.tif,LPATGFb_016_W647.1.1.tif,LPATGFb_016_G488.1.1.tif,LPATGFb_016_R555.1.1.tif,/Volumes/D/YAPSMAD_Nuclear_Localization/251219_YAPSMAD_Early_D14_Male_#3/tifs,/Volumes/D/YAPSMAD_Nuclear_Localization/251219_YAPSMAD_Early_D14_Male_#3/tifs,/Volumes/D/YAPSMAD_Nuclear_Localization/251219_YAPSMAD_Early_D14_Male_#3/tifs,/Volumes/D/YAPSMAD_Nuclear_Localization/251219_YAPSMAD_Early_D14_Male_#3/tifs,293,1.0338832828702051,0.5922617362749454,0.9672271682581612,2.9122911819722503,15.630197640508413,8.43479058984667,0.036082170630325226,0.009939560348028158,0.05334538443859527,0.02878768119401594,0.003951353572809109,0.005422751321919369,0.00494983206978936,2.1838099290423245,1.7500107166915955,2.455142790301911,1.8944020952574676
15,9,LPATGFb_016_DAPI.1.1.tif,LPATGFb_016_W647.1.1.tif,LPATGFb_016_G488.1.1.tif,LPATGFb_016_R555.1.1.tif,/Volumes/D/YAPSMAD_Nuclear_Localization/251219_YAPSMAD_Early_D14_Male_#3/tifs,/Volumes/D/YAPSMAD_Nuclear_Localization/251219_YAPSMAD_Early_D14_Male_#3/tifs,/Volumes/D/YAPSMAD_Nuclear_Localization/251219_YAPSMAD_Early_D14_Male_#3/tifs,/Volumes/D/YAPSMAD_Nuclear_Localization/251219_YAPSMAD_Early_D14_Male_#3/tifs,371,1.0492559963191772,0.6473695337365459,0.9530562641605398,4.28311593644321,14.669321734458208,9.473289134912193,0.02781341309003994,0.011544786890682507,0.039539950766733716,0.02553447206175793,0.006111272321819926,0.006424850283748608,0.004680966216297176,2.3727433308980133,1.6098619037917148,3.0384968162849804,1.7553680657096065
15,10,LPATGFb_016_DAPI.1.1.tif,LPATGFb_016_W647.1.1.tif,LPATGFb_016_G488.1.1.tif,LPATGFb_016_R555.1.1.tif,/Volumes/D/YAPSMAD_Nuclear_Localization/251219_YAPSMAD_Early_D14_Male_#3/tifs,/Volumes/D/YAPSMAD_Nuclear_Localization/251219_YAPSMAD_Early_D14_Male_#3/tifs,/Volumes/D/YAPSMAD_Nuclear_Localization/251219_YAPSMAD_Early_D14_Male_#3/tifs,/Volumes/D/YAPSMAD_Nuclear_Localization/251219_YAPSMAD_Early_D14_Male_#3/tifs,312,1.1090426627761103,0.7626351270541476,0.9016785679793786,6.1264210236258805,17.025680910795927,12.551918836310506,0.03299122800728163,0.01963596481931372,0.0545694900987049,0.0402305090907388,0.01142000455246736,0.00548550754978417,0.004749972772536356,2.6080688923638533,1.6234755463010864,2.765409478659724,1.5993700684727692
15,11,LPATGFb_016_DAPI.1.1.tif,LPATGFb_016_W647.1.1.tif,LPATGFb_016_G488.1.1.tif,LPATGFb_016_R555.1.1.tif,/Volumes/D/YAPSMAD_Nuclear_Localization/251219_YAPSMAD_Early_D14_Male_#3/tifs,/Volumes/D/YAPSMAD_Nuclear_Localization/251219_YAPSMAD_Early_D14_Male_#3/tifs,/Volumes/D/YAPSMAD_Nuclear_Localization/251219_YAPSMAD_Early_D14_Male_#3/tifs,/Volumes/D/YAPSMAD_Nuclear_Localization/251219_YAPSMAD_Early_D14_Male_#3/tifs,413,1.1427706265879825,0.7599640909549543,0.8750662440333643,2.57732513663359,15.470756076276302,6.701564094983041,0.0205919947362444,0.006240496698870677,0.037459457811807026,0.01622654744547952,0.0025233336121640608,0.00920161118816739,0.007417536294368081,3.2164305692310804,1.728249431568208,3.9680627387160636,1.5038883453648062
15,12,LPATGFb_016_DAPI.1.1.tif,LPATGFb_016_W647.1.1.tif,LPATGFb_016_G488.1.1.tif,LPATGFb_016_R555.1.1.tif,/Volumes/D/YAPSMAD_Nuclear_Localization/251219_YAPSMAD_Early_D14_Male_#3/tifs,/Volumes/D/YAPSMAD_Nuclear_Localization/251219_YAPSMAD_Early_D14_Male_#3/tifs,/Volumes/D/YAPSMAD_Nuclear_Localization/251219_YAPSMAD_Early_D14_Male_#3/tifs,/Volumes/D/YAPSMAD_Nuclear_Localization/251219_YAPSMAD_Early_D14_Male_#3/tifs,717,2.2342260973735657,0.8576031961097473,0.44758227521178157,13.424734922591597,38.16639964841306,21.503486754372716,0.037990367712876456,0.018723479668886468,0.05323068291270999,0.029990915975415224,0.008606950801085287,0.009476960531113066,0.0055348915267373466,2.858965035179889,1.8556134197225274,2.5557593813293664,1.7108426503188332
15,13,LPATGFb_016_DAPI.1.1.tif,LPATGFb_016_W647.1.1.tif,LPATGFb_016_G488.1.1.tif,LPATGFb_016_R555.1.1.tif,/Volumes/D/YAPSMAD_Nuclear_Localization/251219_YAPSMAD_Early_D14_Male_#3/tifs,/Volumes/D/YAPSMAD_Nuclear_Localization/251219_YAPSMAD_Early_D14_Male_#3/tifs,/Volumes/D/YAPSMAD_Nuclear_Localization/251219_YAPSMAD_Early_D14_Male_#3/tifs,/Volumes/D/YAPSMAD_Nuclear_Localization/251219_YAPSMAD_Early_D14_Male_#3/tifs,263,1.1084890855092382,0.7296384962556841,0.902128864480972,3.5912871337495744,15.303776603192091,7.70640118047595,0.036986418465017816,0.013655084158743629,0.058189264650920496,0.029301905629186123,0.005979139622390591,0.004546577864035614,0.0029518175454282002,2.1021010296205715,1.560204137257661,2.152539379429725,1.6076399458580333
15,14,LPATGFb_016_DAPI.1.1.tif,LPATGFb_016_W647.1.1.tif,LPATGFb_016_G488.1.1.tif,LPATGFb_016_R555.1.1.tif,/Volumes/D/YAPSMAD_Nuclear_Localization/251219_YAPSMAD_Early_D14_Male_#3/tifs,/Volumes/D/YAPSMAD_Nuclear_Localization/251219_YAPSMAD_Early_D14_Male_#3/tifs,/Volumes/D/YAPSMAD_Nuclear_Localization/251219_YAPSMAD_Early_D14_Male_#3/tifs,/Volumes/D/YAPSMAD_Nuclear_Localization/251219_YAPSMAD_Early_D14_Male_#3/tifs,301,1.141127962726801,0.7900599415004773,0.876325909681885,2.215198007179424,14.650659952312708,6.499778775498271,0.03183802525107548,0.007359461817871841,0.04867328887811531,0.021593949420260036,0.006835135500047288,0.010478410696054203,0.004309320159186385,2.3236600919249977,1.6153665831967847,2.4661121681150178,1.5872213580928751
15,15,LPATGFb_016_DAPI.1.1.tif,LPATGFb_016_W647.1.1.tif,LPATGFb_016_G488.1.1.tif,LPATGFb_016_R555.1.1.tif,/Volumes/D/YAPSMAD_Nuclear_Localization/251219_YAPSMAD_Early_D14_Male_#3/tifs,/Volumes/D/YAPSMAD_Nuclear_Localization/251219_YAPSMAD_Early_D14_Male_#3/tifs,/Volumes/D/YAPSMAD_Nuclear_Localization/251219_YAPSMAD_Early_D14_Male_#3/tifs,/Volumes/D/YAPSMAD_Nuclear_Localization/251219_YAPSMAD_Early_D14_Male_#3/tifs,329,1.0973326247018427,0.7271536332500229,0.911300710002777,4.609918383648619,17.417227433994412,8.04200812522322,0.033184708633932844,0.014011909980694891,0.052939901015180583,0.024443793693687595,0.007156875587917725,0.007110517584460268,0.004675399384306736,2.171622113526453,1.7510861935127042,1.697438003675541,1.3289172526531003
15,16,LPATGFb_016_DAPI.1.1.tif,LPATGFb_016_W647.1.1.tif,LPATGFb_016_G488.1.1.tif,LPATGFb_016_R555.1.1.tif,/Volumes/D/YAPSMAD_Nuclear_Localization/251219_YAPSMAD_Early_D14_Male_#3/tifs,/Volumes/D/YAPSMAD_Nuclear_Localization/251219_YAPSMAD_Early_D14_Male_#3/tifs,/Volumes/D/YAPSMAD_Nuclear_Localization/251219_YAPSMAD_Early_D14_Male_#3/tifs,/Volumes/D/YAPSMAD_Nuclear_Localization/251219_YAPSMAD_Early_D14_Male_#3/tifs,308,1.1351686565550543,0.7998285060971109,0.8809263665143323,2.102601684862748,16.61896695010364,5.82760361302644,0.03381726232829032,0.006826628846956974,0.0539576849029339,0.018920790951384547,0.004486169900612555,0.008934002742058364,0.004349540301946295,1.885349723901556,1.553125583528733,1.5434302077942437,1.3425246553550987
15,17,LPATGFb_016_DAPI.1.1.tif,LPATGFb_016_W647.1.1.tif,LPATGFb_016_G488.1.1.tif,LPATGFb_016_R555.1.1.tif,/Volumes/D/YAPSMAD_Nuclear_Localization/251219_YAPSMAD_Early_D14_Male_#3/tifs,/Volumes/D/YAPSMAD_Nuclear_Localization/251219_YAPSMAD_Early_D14_Male_#3/tifs,/Volumes/D/YAPSMAD_Nuclear_Localization/251219_YAPSMAD_Early_D14_Male_#3/tifs,/Volumes/D/YAPSMAD_Nuclear_Localization/251219_YAPSMAD_Early_D14_Male_#3/tifs,872,1.1493596589187922,0.7489659108814958,0.870049677000761,5.926222728332505,49.750316662713885,17.61977579444647,0.04616212847091497,0.006796126982032689,0.05705311543889207,0.020206164901888153,0.0030406972213863808,0.006310452811287151,0.002784086136512353,2.445338178131618,1.6426321593717674,2.341426474616038,1.552050607377764
15,18,LPATGFb_016_DAPI.1.1.tif,LPATGFb_016_W647.1.1.tif,LPATGFb_016_G488.1.1.tif,LPATGFb_016_R555.1.1.tif,/Volumes/D/YAPSMAD_Nuclear_Localization/251219_YAPSMAD_Early_D14_Male_#3/tifs,/Volumes/D/YAPSMAD_Nuclear_Localization/251219_YAPSMAD_Early_D14_Male_#3/tifs,/Volumes/D/YAPSMAD_Nuclear_Localization/251219_YAPSMAD_Early_D14_Male_#3/tifs,/Volumes/D/YAPSMAD_Nuclear_Localization/251219_YAPSMAD_Early_D14_Male_#3/tifs,241,1.0992637596292256,0.7616368087097612,0.9096997797301107,2.697154223918915,14.732143133878708,3.355458937585354,0.03890904954623014,0.01119151130256811,0.06112922462190335,0.01392306613105956,0.005308421780335572,0.0018550841112669123,0.0013308277993141612,2.3594651095004697,1.4193837770315971,1.644285252992385,1.179604755491055
15,19,LPATGFb_016_DAPI.1.1.tif,LPATGFb_016_W647.1.1.tif,LPATGFb_016_G488.1.1.tif,LPATGFb_016_R555.1.1.tif,/Volumes/D/YAPSMAD_Nuclear_Localization/251219_YAPSMAD_Early_D14_Male_#3/tifs,/Volumes/D/YAPSMAD_Nuclear_Localization/251219_YAPSMAD_Early_D14_Male_#3/tifs,/Volumes/D/YAPSMAD_Nuclear_Localization/251219_YAPSMAD_Early_D14_Male_#3/tifs,/Volumes/D/YAPSMAD_Nuclear_Localization/251219_YAPSMAD_Early_D14_Male_#3/tifs,488,1.1785086002199905,0.7826457497002492,0.8485300826937805,5.277103892061859,28.167757721617818,11.367528862319887,0.04307746947895674,0.010813737483733318,0.057720815003315204,0.02329411652114731,0.003721198001510326,0.00703467805694741,0.003451637473253637,2.42384577346327,1.6274910171349701,2.346670428346807,1.662236071090058
15,20,LPATGFb_016_DAPI.1.1.tif,LPATGFb_016_W647.1.1.tif,LPATGFb_016_G488.1.1.tif,LPATGFb_016_R555.1.1.tif,/Volumes/D/YAPSMAD_Nuclear_Localization/251219_YAPSMAD_Early_D14_Male_#3/tifs,/Volumes/D/YAPSMAD_Nuclear_Localization/251219_YAPSMAD_Early_D14_Male_#3/tifs,/Volumes/D/YAPSMAD_Nuclear_Localization/251219_YAPSMAD_Early_D14_Male_#3/tifs,/Volumes/D/YAPSMAD_Nuclear_Localization/251219_YAPSMAD_Early_D14_Male_#3/tifs,242,1.555131678321693,0.8942631994869238,0.6430323643584996,3.4464790066704154,10.24357979837805,3.8274815340992063,0.03345553166317669,0.014241648787894278,0.04232884214205806,0.01581603939710416,0.009393878458995631,0.021986921984700668,0.007638752015205227,2.0520067112667304,1.9180294889507317,2.2195543321145452,2.173282893888736
15,21,LPATGFb_016_DAPI.1.1.tif,LPATGFb_016_W647.1.1.tif,LPATGFb_016_G488.1.1.tif,LPATGFb_016_R555.1.1.tif,/Volumes/D/YAPSMAD_Nuclear_Localization/251219_YAPSMAD_Early_D14_Male_#3/tifs,/Volumes/D/YAPSMAD_Nuclear_Localization/251219_YAPSMAD_Early_D14_Male_#3/tifs,/Volumes/D/YAPSMAD_Nuclear_Localization/251219_YAPSMAD_Early_D14_Male_#3/tifs,/Volumes/D/YAPSMAD_Nuclear_Localization/251219_YAPSMAD_Early_D14_Male_#3/tifs,145,1.013361070555502,0.7302781752475233,0.9868150939050996,0.13229571981355548,3.089356844779104,2.05204854067415,0.039896870051221604,0.0009123842745762447,0.021305909274338647,0.014152058901201034,0.00022014823800587676,0.009620718498532122,0.0014520779740277282,1.371917500597537,1.4261425966756254,1.0673900050870073,1.0763242719293542
15,22,LPATGFb_016_DAPI.1.1.tif,LPATGFb_016_W647.1.1.tif,LPATGFb_016_G488.1.1.tif,LPATGFb_016_R555.1.1.tif,/Volumes/D/YAPSMAD_Nuclear_Localization/251219_YAPSMAD_Early_D14_Male_#3/tifs,/Volumes/D/YAPSMAD_Nuclear_Localization/251219_YAPSMAD_Early_D14_Male_#3/tifs,/Volumes/D/YAPSMAD_Nuclear_Localization/251219_YAPSMAD_Early_D14_Male_#3/tifs,/Volumes/D/YAPSMAD_Nuclear_Localization/251219_YAPSMAD_Early_D14_Male_#3/tifs,287,1.0672708450358146,0.7198226332659338,0.9369692844616615,2.1228504185564816,16.742488730698824,7.005645872093737,0.03871596664618636,0.007396691353855337,0.058336197667940154,0.024409915930640198,0.0027754522401542063,0.005983497167918052,0.004842110876602147,1.932985700853539,1.6800035144969867,1.8133799168708586,1.7665475063281995
15,23,LPATGFb_016_DAPI.1.1.tif,LPATGFb_016_W647.1.1.tif,LPATGFb_016_G488.1.1.tif,LPATGFb_016_R555.1.1.tif,/Volumes/D/YAPSMAD_Nuclear_Localization/251219_YAPSMAD_Early_D14_Male_#3/tifs,/Volumes/D/YAPSMAD_Nuclear_Localization/251219_YAPSMAD_Early_D14_Male_#3/tifs,/Volumes/D/YAPSMAD_Nuclear_Localization/251219_YAPSMAD_Early_D14_Male_#3/tifs,/Volumes/D/YAPSMAD_Nuclear_Localization/251219_YAPSMAD_Early_D14_Male_#3/tifs,370,1.0697890510494292,0.6292425241331187,0.9347637265674308,4.351369543001056,18.313420347869396,15.908781576901674,0.023744399128230037,0.011760458224327178,0.04949573066991729,0.04299670696459912,0.004073943407216544,0.005238491661272633,0.0034145978341359367,2.327461565513534,1.8523533905784293,1.9496818014329038,1.4894974103811172
15,24,LPATGFb_016_DAPI.1.1.tif,LPATGFb_016_W647.1.1.tif,LPATGFb_016_G488.1.1.tif,LPATGFb_016_R555.1.1.tif,/Volumes/D/YAPSMAD_Nuclear_Localization/251219_YAPSMAD_Early_D14_Male_#3/tifs,/Volumes/D/YAPSMAD_Nuclear_Localization/251219_YAPSMAD_Early_D14_Male_#3/tifs,/Volumes/D/YAPSMAD_Nuclear_Localization/251219_YAPSMAD_Early_D14_Male_#3/tifs,/Volumes/D/YAPSMAD_Nuclear_Localization/251219_YAPSMAD_Early_D14_Male_#3/tifs,696,1.315269188452081,0.8720934248025771,0.7603006356264483,7.878111004130915,37.90371558628976,20.890211406629533,0.04031249431989573,0.011319125005935222,0.054459361474554255,0.030014671561249328,0.00873811429783863,0.01078694096112313,0.006385833636452177,2.0472948106424314,1.6229981330831718,2.2161993500772703,1.6183786564187703
15,25,LPATGFb_016_DAPI.1.1.tif,LPATGFb_016_W647.1.1.tif,LPATGFb_016_G488.1.1.tif,LPATGFb_016_R555.1.1.tif,/Volumes/D/YAPSMAD_Nuclear_Localization/251219_YAPSMAD_Early_D14_Male_#3/tifs,/Volumes/D/YAPSMAD_Nuclear_Localization/251219_YAPSMAD_Early_D14_Male_#3/tifs,/Volumes/D/YAPSMAD_Nuclear_Localization/251219_YAPSMAD_Early_D14_Male_#3/tifs,/Volumes/D/YAPSMAD_Nuclear_Localization/251219_YAPSMAD_Early_D14_Male_#3/tifs,312,1.226860941419664,0.8583568269705394,0.8150883007513863,1.8773327507078648,14.482948012650013,6.620370821096003,0.03423537630946017,0.006017092149704695,0.04641970516875004,0.021219137247102574,0.0021181900362725646,0.01082605813612821,0.004799735751116574,2.441242695124234,1.8407037404479096,2.5366473202745055,1.9082043769141976
15,26,LPATGFb_016_DAPI.1.1.tif,LPATGFb_016_W647.1.1.tif,LPATGFb_016_G488.1.1.tif,LPATGFb_016_R555.1.1.tif,/Volumes/D/YAPSMAD_Nuclear_Localization/251219_YAPSMAD_Early_D14_Male_#3/tifs,/Volumes/D/YAPSMAD_Nuclear_Localization/251219_YAPSMAD_Early_D14_Male_#3/tifs,/Volumes/D/YAPSMAD_Nuclear_Localization/251219_YAPSMAD_Early_D14_Male_#3/tifs,/Volumes/D/YAPSMAD_Nuclear_Localization/251219_YAPSMAD_Early_D14_Male_#3/tifs,273,1.355156527205709,0.8699304359130192,0.737922136612491,4.754283994436264,15.897932421416044,6.189639168791473,0.02358575288083527,0.01741495968657972,0.05823418469383167,0.022672670947954113,0.00843384263479182,0.004463762417938809,0.003086763110035291,2.9568410738805873,1.8019053464136605,2.578622600989211,1.5985251928346238
15,27,LPATGFb_016_DAPI.1.1.tif,LPATGFb_016_W647.1.1.tif,LPATGFb_016_G488.1.1.tif,LPATGFb_016_R555.1.1.tif,/Volumes/D/YAPSMAD_Nuclear_Localization/251219_YAPSMAD_Early_D14_Male_#3/tifs,/Volumes/D/YAPSMAD_Nuclear_Localization/251219_YAPSMAD_Early_D14_Male_#3/tifs,/Volumes/D/YAPSMAD_Nuclear_Localization/251219_YAPSMAD_Early_D14_Male_#3/tifs,/Volumes/D/YAPSMAD_Nuclear_Localization/251219_YAPSMAD_Early_D14_Male_#3/tifs,269,1.2448769458545732,0.8717223446210409,0.8032922477438347,3.3048600391484797,13.050751511007547,5.944243570789695,0.023874923766878015,0.012285725052596579,0.04851580487363401,0.02209755974271262,0.005226105573633815,0.00494314059644874,0.0025675367065465062,2.2152741752630596,1.3276499219042022,1.9178944519061862,1.1799192759115122
15,28,LPATGFb_016_DAPI.1.1.tif,LPATGFb_016_W647.1.1.tif,LPATGFb_016_G488.1.1.tif,LPATGFb_016_R555.1.1.tif,/Volumes/D/YAPSMAD_Nuclear_Localization/251219_YAPSMAD_Early_D14_Male_#3/tifs,/Volumes/D/YAPSMAD_Nuclear_Localization/251219_YAPSMAD_Early_D14_Male_#3/tifs,/Volumes/D/YAPSMAD_Nuclear_Localization/251219_YAPSMAD_Early_D14_Male_#3/tifs,/Volumes/D/YAPSMAD_Nuclear_Localization/251219_YAPSMAD_Early_D14_Male_#3/tifs,158,1.0676636097625682,0.7032792707622744,0.9366245986621051,0.870252548949793,6.665384914726019,1.7129778172820807,0.017311456972803875,0.00550792752499869,0.04218598047294949,0.010841631754949878,0.0021725305552728336,0.0036768318011802157,0.000691795491751315,1.57680417847525,1.3615839662341618,1.3662081084865967,1.190330273619236
15,29,LPATGFb_016_DAPI.1.1.tif,LPATGFb_016_W647.1.1.tif,LPATGFb_016_G488.1.1.tif,LPATGFb_016_R555.1.1.tif,/Volumes/D/YAPSMAD_Nuclear_Localization/251219_YAPSMAD_Early_D14_Male_#3/tifs,/Volumes/D/YAPSMAD_Nuclear_Localization/251219_YAPSMAD_Early_D14_Male_#3/tifs,/Volumes/D/YAPSMAD_Nuclear_Localization/251219_YAPSMAD_Early_D14_Male_#3/tifs,/Volumes/D/YAPSMAD_Nuclear_Localization/251219_YAPSMAD_Early_D14_Male_#3/tifs,174,1.2783814383140086,0.8739047684434238,0.7822391424259479,1.4271305594593287,8.017471561208367,2.654184803366661,0.01996081767753623,0.008201899767007637,0.046077422765565326,0.015253935651532534,0.003562342348133351,0.006291161226443378,0.0018781236314320549,2.271990819486744,1.7310345670024023,1.837906662189101,1.4598349830831292
15,30,LPATGFb_016_DAPI.1.1.tif,LPATGFb_016_W647.1.1.tif,LPATGFb_016_G488.1.1.tif,LPATGFb_016_R555.1.1.tif,/Volumes/D/YAPSMAD_Nuclear_Localization/251219_YAPSMAD_Early_D14_Male_#3/tifs,/Volumes/D/YAPSMAD_Nuclear_Localization/251219_YAPSMAD_Early_D14_Male_#3/tifs,/Volumes/D/YAPSMAD_Nuclear_Localization/251219_YAPSMAD_Early_D14_Male_#3/tifs,/Volumes/D/YAPSMAD_Nuclear_Localization/251219_YAPSMAD_Early_D14_Male_#3/tifs,294,1.030366673064524,0.6648886567510385,0.970528284873377,4.4464027201756835,16.545632116496563,8.076569804921746,0.029721668230838515,0.015123818776107767,0.05627766026019239,0.02747132586708077,0.002900844937185763,0.0054349792919473425,0.0044886657231963095,3.0662952234825496,1.6370647275011923,4.380710945548623,2.16732943890251
15,31,LPATGFb_016_DAPI.1.1.tif,LPATGFb_016_W647.1.1.tif,LPATGFb_016_G488.1.1.tif,LPATGFb_016_R555.1.1.tif,/Volumes/D/YAPSMAD_Nuclear_Localization/251219_YAPSMAD_Early_D14_Male_#3/tifs,/Volumes/D/YAPSMAD_Nuclear_Localization/251219_YAPSMAD_Early_D14_Male_#3/tifs,/Volumes/D/YAPSMAD_Nuclear_Localization/251219_YAPSMAD_Early_D14_Male_#3/tifs,/Volumes/D/YAPSMAD_Nuclear_Localization/251219_YAPSMAD_Early_D14_Male_#3/tifs,1039,1.2250001633745604,0.8297750354701214,0.8163264217412488,10.382848979206756,47.400762962177396,19.64461747929454,0.035518509015813826,0.00999311740058398,0.045621523543962844,0.01890723530249715,0.004648291072830727,0.007294743551321378,0.0034654173707073725,2.8166058055039116,1.8114593198813949,2.5779668810479186,1.447814694763481
15,32,LPATGFb_016_DAPI.1.1.tif,LPATGFb_016_W647.1.1.tif,LPATGFb_016_G488.1.1.tif,LPATGFb_016_R555.1.1.tif,/Volumes/D/YAPSMAD_Nuclear_Localization/251219_YAPSMAD_Early_D14_Male_#3/tifs,/Volumes/D/YAPSMAD_Nuclear_Localization/251219_YAPSMAD_Early_D14_Male_#3/tifs,/Volumes/D/YAPSMAD_Nuclear_Localization/251219_YAPSMAD_Early_D14_Male_#3/tifs,/Volumes/D/YAPSMAD_Nuclear_Localization/251219_YAPSMAD_Early_D14_Male_#3/tifs,511,1.2082477811764447,0.8212401325561735,0.8276448056261453,4.708522219210863,28.87681394815445,16.30618753284216,0.036268993036606426,0.009214329196107365,0.05651039911576213,0.031910347422391704,0.004251109034418208,0.007179633287277883,0.004948119844246436,3.210191398001867,1.5226995728719104,3.6847042569664183,1.610790764952219
15,33,LPATGFb_016_DAPI.1.1.tif,LPATGFb_016_W647.1.1.tif,LPATGFb_016_G488.1.1.tif,LPATGFb_016_R555.1.1.tif,/Volumes/D/YAPSMAD_Nuclear_Localization/251219_YAPSMAD_Early_D14_Male_#3/tifs,/Volumes/D/YAPSMAD_Nuclear_Localization/251219_YAPSMAD_Early_D14_Male_#3/tifs,/Volumes/D/YAPSMAD_Nuclear_Localization/251219_YAPSMAD_Early_D14_Male_#3/tifs,/Volumes/D/YAPSMAD_Nuclear_Localization/251219_YAPSMAD_Early_D14_Male_#3/tifs,174,1.1296065041287418,0.7202781856267961,0.8852640245474627,1.8052033411804587,10.268940275534987,4.826718542724848,0.03909273713227661,0.010374731845864705,0.059016898135258546,0.027739761739797975,0.005406734953183077,0.00549698612587566,0.005772238676238114,2.278557217013581,1.5434853936997726,3.1876974424155478,2.0272314066295194
15,34,LPATGFb_016_DAPI.1.1.tif,LPATGFb_016_W647.1.1.tif,LPATGFb_016_G488.1.1.tif,LPATGFb_016_R555.1.1.tif,/Volumes/D/YAPSMAD_Nuclear_Localization/251219_YAPSMAD_Early_D14_Male_#3/tifs,/Volumes/D/YAPSMAD_Nuclear_Localization/251219_YAPSMAD_Early_D14_Male_#3/tifs,/Volumes/D/YAPSMAD_Nuclear_Localization/251219_YAPSMAD_Early_D14_Male_#3/tifs,/Volumes/D/YAPSMAD_Nuclear_Localization/251219_YAPSMAD_Early_D14_Male_#3/tifs,781,1.6109676191681819,0.784849764544744,0.620744941177866,7.85351346898824,30.899351488798857,10.386282224208117,0.021744047722060154,0.010055715069127067,0.03956383033136857,0.01329869682997198,0.003471438309585844,0.006558165474651767,0.0031830248404847257,2.3532024597445673,1.6092292892562767,2.4012387121352257,1.4208114252014434
15,35,LPATGFb_016_DAPI.1.1.tif,LPATGFb_016_W647.1.1.tif,LPATGFb_016_G488.1.1.tif,LPATGFb_016_R555.1.1.tif,/Volumes/D/YAPSMAD_Nuclear_Localization/251219_YAPSMAD_Early_D14_Male_#3/tifs,/Volumes/D/YAPSMAD_Nuclear_Localization/251219_YAPSMAD_Early_D14_Male_#3/tifs,/Volumes/D/YAPSMAD_Nuclear_Localization/251219_YAPSMAD_Early_D14_Male_#3/tifs,/Volumes/D/YAPSMAD_Nuclear_Localization/251219_YAPSMAD_Early_D14_Male_#3/tifs,335,1.0513324233177386,0.6519164377801153,0.9511739368260455,3.5788357742130756,16.32135498151183,7.322240060195327,0.027236215497797995,0.010683091863322614,0.0487204626313786,0.021857433015508437,0.003230880357433167,0.006068974430672729,0.002180004255910975,2.2072722627380865,1.5241998185036862,2.521704215219975,1.499593302331995
15,36,LPATGFb_016_DAPI.1.1.tif,LPATGFb_016_W647.1.1.tif,LPATGFb_016_G488.1.1.tif,LPATGFb_016_R555.1.1.tif,/Volumes/D/YAPSMAD_Nuclear_Localization/251219_YAPSMAD_Early_D14_Male_#3/tifs,/Volumes/D/YAPSMAD_Nuclear_Localization/251219_YAPSMAD_Early_D14_Male_#3/tifs,/Volumes/D/YAPSMAD_Nuclear_Localization/251219_YAPSMAD_Early_D14_Male_#3/tifs,/Volumes/D/YAPSMAD_Nuclear_Localization/251219_YAPSMAD_Early_D14_Male_#3/tifs,321,1.5192670876663672,0.9365945212268747,0.6582121130103762,2.8281071491073817,16.437506683170795,7.705394083634019,0.026926279244973466,0.008810302645194336,0.05120718592888098,0.02400434293966984,0.004330192254223973,0.009126618525911527,0.00424331672859173,2.3991589652130703,1.8864807154639376,2.7825841569936123,1.7059730426428348
15,37,LPATGFb_016_DAPI.1.1.tif,LPATGFb_016_W647.1.1.tif,LPATGFb_016_G488.1.1.tif,LPATGFb_016_R555.1.1.tif,/Volumes/D/YAPSMAD_Nuclear_Localization/251219_YAPSMAD_Early_D14_Male_#3/tifs,/Volumes/D/YAPSMAD_Nuclear_Localization/251219_YAPSMAD_Early_D14_Male_#3/tifs,/Volumes/D/YAPSMAD_Nuclear_Localization/251219_YAPSMAD_Early_D14_Male_#3/tifs,/Volumes/D/YAPSMAD_Nuclear_Localization/251219_YAPSMAD_Early_D14_Male_#3/tifs,217,1.0479022815188592,0.7055365237619736,0.954287453740984,4.948668668046594,12.725551255047321,6.8919966500252485,0.03812470143308975,0.022804924737541907,0.0586430933412319,0.031760353225922806,0.010650301408692634,0.0038210611048156433,0.004542162448745644,2.342732601090693,1.5738214451799817,2.747864285796725,1.772289889145615
15,38,LPATGFb_016_DAPI.1.1.tif,LPATGFb_016_W647.1.1.tif,LPATGFb_016_G488.1.1.tif,LPATGFb_016_R555.1.1.tif,/Volumes/D/YAPSMAD_Nuclear_Localization/251219_YAPSMAD_Early_D14_Male_#3/tifs,/Volumes/D/YAPSMAD_Nuclear_Localization/251219_YAPSMAD_Early_D14_Male_#3/tifs,/Volumes/D/YAPSMAD_Nuclear_Localization/251219_YAPSMAD_Early_D14_Male_#3/tifs,/Volumes/D/YAPSMAD_Nuclear_Localization/251219_YAPSMAD_Early_D14_Male_#3/tifs,279,1.1484951990573036,0.45018054848098726,0.8707045539422454,1.0262455244082958,6.316121192649007,2.4107118635438383,0.017199597635229644,0.0036782993706390528,0.022638427213795723,0.008640544313777199,0.0020678294330682143,0.0028270341330985096,0.0010893702808713955,1.8626684978144787,1.1311392858335048,1.77013104885888,1.060175190903125
15,39,LPATGFb_016_DAPI.1.1.tif,LPATGFb_016_W647.1.1.tif,LPATGFb_016_G488.1.1.tif,LPATGFb_016_R555.1.1.tif,/Volumes/D/YAPSMAD_Nuclear_Localization/251219_YAPSMAD_Early_D14_Male_#3/tifs,/Volumes/D/YAPSMAD_Nuclear_Localization/251219_YAPSMAD_Early_D14_Male_#3/tifs,/Volumes/D/YAPSMAD_Nuclear_Localization/251219_YAPSMAD_Early_D14_Male_#3/tifs,/Volumes/D/YAPSMAD_Nuclear_Localization/251219_YAPSMAD_Early_D14_Male_#3/tifs,268,1.1608852754629337,0.8094382120684199,0.8614115633443825,0.8947890480048954,14.521126121282578,6.806134158745408,0.02903148480830019,0.0033387651044958786,0.054183306422696184,0.025396022980393312,0.0015065658516110526,0.006134229369399848,0.002055084855017212,2.161085911870505,1.6160891211665231,2.5246739180510396,1.5171255038497804
15,40,LPATGFb_016_DAPI.1.1.tif,LPATGFb_016_W647.1.1.tif,LPATGFb_016_G488.1.1.tif,LPATGFb_016_R555.1.1.tif,/Volumes/D/YAPSMAD_Nuclear_Localization/251219_YAPSMAD_Early_D14_Male_#3/tifs,/Volumes/D/YAPSMAD_Nuclear_Localization/251219_YAPSMAD_Early_D14_Male_#3/tifs,/Volumes/D/YAPSMAD_Nuclear_Localization/251219_YAPSMAD_Early_D14_Male_#3/tifs,/Volumes/D/YAPSMAD_Nuclear_Localization/251219_YAPSMAD_Early_D14_Male_#3/tifs,315,1.0597938055959921,0.5337958634572829,0.9435797744049219,2.759868806693703,16.5297474488616,7.057007739320397,0.02516716511121818,0.008761488275218105,0.05247538872654476,0.022403199172445706,0.0034302211962377585,0.0035985280073982406,0.003137320497988032,2.05017113755186,1.5279388416221364,2.1126735272701733,1.6937427222626493
15,41,LPATGFb_016_DAPI.1.1.tif,LPATGFb_016_W647.1.1.tif,LPATGFb_016_G488.1.1.tif,LPATGFb_016_R555.1.1.tif,/Volumes/D/YAPSMAD_Nuclear_Localization/251219_YAPSMAD_Early_D14_Male_#3/tifs,/Volumes/D/YAPSMAD_Nuclear_Localization/251219_YAPSMAD_Early_D14_Male_#3/tifs,/Volumes/D/YAPSMAD_Nuclear_Localization/251219_YAPSMAD_Early_D14_Male_#3/tifs,/Volumes/D/YAPSMAD_Nuclear_Localization/251219_YAPSMAD_Early_D14_Male_#3/tifs,246,1.0769210002871683,0.6951511826413164,0.9285732191435985,2.5735866711474955,12.829816145822406,4.6056153499521315,0.03150411156134877,0.010461734435558924,0.05215372417000978,0.01872201361769159,0.002599098486048445,0.008925657117962085,0.0038926141259145956,3.889694508414061,2.156362775796469,3.447269052722005,1.8968876043241347
15,42,LPATGFb_016_DAPI.1.1.tif,LPATGFb_016_W647.1.1.tif,LPATGFb_016_G488.1.1.tif,LPATGFb_016_R555.1.1.tif,/Volumes/D/YAPSMAD_Nuclear_Localization/251219_YAPSMAD_Early_D14_Male_#3/tifs,/Volumes/D/YAPSMAD_Nuclear_Localization/251219_YAPSMAD_Early_D14_Male_#3/tifs,/Volumes/D/YAPSMAD_Nuclear_Localization/251219_YAPSMAD_Early_D14_Male_#3/tifs,/Volumes/D/YAPSMAD_Nuclear_Localization/251219_YAPSMAD_Early_D14_Male_#3/tifs,294,1.0582219517825384,0.4992274433246349,0.9449813418777926,3.23067066562362,16.182803079485893,7.8890058901160955,0.026888836042157242,0.010988675733413673,0.0550435478894078,0.02683335336774182,0.00777129013586742,0.00410998389969658,0.002713971493800296,2.389085330828489,1.613214398300847,2.8048975747217377,1.694397604560228
15,43,LPATGFb_016_DAPI.1.1.tif,LPATGFb_016_W647.1.1.tif,LPATGFb_016_G488.1.1.tif,LPATGFb_016_R555.1.1.tif,/Volumes/D/YAPSMAD_Nuclear_Localization/251219_YAPSMAD_Early_D14_Male_#3/tifs,/Volumes/D/YAPSMAD_Nuclear_Localization/251219_YAPSMAD_Early_D14_Male_#3/tifs,/Volumes/D/YAPSMAD_Nuclear_Localization/251219_YAPSMAD_Early_D14_Male_#3/tifs,/Volumes/D/YAPSMAD_Nuclear_Localization/251219_YAPSMAD_Early_D14_Male_#3/tifs,338,1.1791426168874473,0.651237198982106,0.8480738340538267,1.0712291228119284,9.89718472585082,2.3485923931002617,0.01768976614738886,0.003169316931396238,0.029281611614943255,0.006948498204438644,0.001335307962072092,0.0033052456862446068,0.0005787933178968556,2.686887242805368,1.7146839937661134,2.4538239535580986,1.682727374975879
16,1,LPATGFb_017_DAPI.1.1.tif,LPATGFb_017_W647.1.1.tif,LPATGFb_017_G488.1.1.tif,LPATGFb_017_R555.1.1.tif,/Volumes/D/YAPSMAD_Nuclear_Localization/251219_YAPSMAD_Early_D14_Male_#3/tifs,/Volumes/D/YAPSMAD_Nuclear_Localization/251219_YAPSMAD_Early_D14_Male_#3/tifs,/Volumes/D/YAPSMAD_Nuclear_Localization/251219_YAPSMAD_Early_D14_Male_#3/tifs,/Volumes/D/YAPSMAD_Nuclear_Localization/251219_YAPSMAD_Early_D14_Male_#3/tifs,269,1.1261256575500747,0.7580191565230727,0.8880003694929877,1.7435568997170776,15.751140635460615,10.195529125630856,0.04327577738382171,0.006481624162517017,0.05855442615412868,0.037901595262568234,0.0031764242568008394,0.0017963225819923167,0.0029909857218836165,1.6289447453621957,1.246594050108095,1.9607301922476805,1.4012826228193997
16,2,LPATGFb_017_DAPI.1.1.tif,LPATGFb_017_W647.1.1.tif,LPATGFb_017_G488.1.1.tif,LPATGFb_017_R555.1.1.tif,/Volumes/D/YAPSMAD_Nuclear_Localization/251219_YAPSMAD_Early_D14_Male_#3/tifs,/Volumes/D/YAPSMAD_Nuclear_Localization/251219_YAPSMAD_Early_D14_Male_#3/tifs,/Volumes/D/YAPSMAD_Nuclear_Localization/251219_YAPSMAD_Early_D14_Male_#3/tifs,/Volumes/D/YAPSMAD_Nuclear_Localization/251219_YAPSMAD_Early_D14_Male_#3/tifs,213,1.5721685372529586,0.9258978710376808,0.6360641218194676,1.3345235562883317,6.708781568333507,4.431281013414264,0.018701758205086134,0.006265368808865407,0.031496627081377966,0.020804136213212504,0.0017867799757425886,0.004153038414965207,0.0018102525542598778,1.9311664759023035,1.6880606295520497,1.5995484934079294,1.3329073047720024
16,3,LPATGFb_017_DAPI.1.1.tif,LPATGFb_017_W647.1.1.tif,LPATGFb_017_G488.1.1.tif,LPATGFb_017_R555.1.1.tif,/Volumes/D/YAPSMAD_Nuclear_Localization/251219_YAPSMAD_Early_D14_Male_#3/tifs,/Volumes/D/YAPSMAD_Nuclear_Localization/251219_YAPSMAD_Early_D14_Male_#3/tifs,/Volumes/D/YAPSMAD_Nuclear_Localization/251219_YAPSMAD_Early_D14_Male_#3/tifs,/Volumes/D/YAPSMAD_Nuclear_Localization/251219_YAPSMAD_Early_D14_Male_#3/tifs,277,1.0936021728554877,0.7413311892871629,0.9144093024147122,2.0398260741494596,16.39269093796611,9.141451127827168,0.03930151145501795,0.0073639930474709734,0.05917938966774768,0.03300162862031469,0.004191010536286052,0.004253680469880263,0.0021572783958007137,1.6742684795787108,1.461295793106922,1.5565092378850598,1.4204830326012088
16,4,LPATGFb_017_DAPI.1.1.tif,LPATGFb_017_W647.1.1.tif,LPATGFb_017_G488.1.1.tif,LPATGFb_017_R555.1.1.tif,/Volumes/D/YAPSMAD_Nuclear_Localization/251219_YAPSMAD_Early_D14_Male_#3/tifs,/Volumes/D/YAPSMAD_Nuclear_Localization/251219_YAPSMAD_Early_D14_Male_#3/tifs,/Volumes/D/YAPSMAD_Nuclear_Localization/251219_YAPSMAD_Early_D14_Male_#3/tifs,/Volumes/D/YAPSMAD_Nuclear_Localization/251219_YAPSMAD_Early_D14_Male_#3/tifs,300,1.0565799832105947,0.7069577410975544,0.9464498815899702,6.741619004867971,17.2749218121171,11.736614072695374,0.034316879045218227,0.022472063349559902,0.057583072707057,0.03912204690898458,0.014529615061815479,0.0027531078751021525,0.002786848477230363,2.228798795325695,1.6220358147015652,2.2264231180573177,1.6359920539972692
16,5,LPATGFb_017_DAPI.1.1.tif,LPATGFb_017_W647.1.1.tif,LPATGFb_017_G488.1.1.tif,LPATGFb_017_R555.1.1.tif,/Volumes/D/YAPSMAD_Nuclear_Localization/251219_YAPSMAD_Early_D14_Male_#3/tifs,/Volumes/D/YAPSMAD_Nuclear_Localization/251219_YAPSMAD_Early_D14_Male_#3/tifs,/Volumes/D/YAPSMAD_Nuclear_Localization/251219_YAPSMAD_Early_D14_Male_#3/tifs,/Volumes/D/YAPSMAD_Nuclear_Localization/251219_YAPSMAD_Early_D14_Male_#3/tifs,283,1.2047600457369942,0.8546624581278199,0.8300408064979152,5.758510737679899,14.583184584975243,9.558129273355007,0.03924814536641006,0.02034809447943427,0.05153068757941782,0.03377430838641345,0.008745969513965843,0.009703879909707747,0.00857851009122735,2.064464562986473,1.5994255786490998,2.243470251037713,1.7477436819043881
16,6,LPATGFb_017_DAPI.1.1.tif,LPATGFb_017_W647.1.1.tif,LPATGFb_017_G488.1.1.tif,LPATGFb_017_R555.1.1.tif,/Volumes/D/YAPSMAD_Nuclear_Localization/251219_YAPSMAD_Early_D14_Male_#3/tifs,/Volumes/D/YAPSMAD_Nuclear_Localization/251219_YAPSMAD_Early_D14_Male_#3/tifs,/Volumes/D/YAPSMAD_Nuclear_Localization/251219_YAPSMAD_Early_D14_Male_#3/tifs,/Volumes/D/YAPSMAD_Nuclear_Localization/251219_YAPSMAD_Early_D14_Male_#3/tifs,341,1.025313625275533,0.4778510043755583,0.9753113343551535,3.6494087581522763,18.542870219796896,12.999313386157155,0.03929502426037603,0.010702078469654768,0.054377918533128726,0.038121153625094294,0.006469100080537506,0.006653350811468765,0.004562173844900352,2.1098743984349513,1.664038519059174,2.4789840281249615,1.6518838115051946
16,7,LPATGFb_017_DAPI.1.1.tif,LPATGFb_017_W647.1.1.tif,LPATGFb_017_G488.1.1.tif,LPATGFb_017_R555.1.1.tif,/Volumes/D/YAPSMAD_Nuclear_Localization/251219_YAPSMAD_Early_D14_Male_#3/tifs,/Volumes/D/YAPSMAD_Nuclear_Localization/251219_YAPSMAD_Early_D14_Male_#3/tifs,/Volumes/D/YAPSMAD_Nuclear_Localization/251219_YAPSMAD_Early_D14_Male_#3/tifs,/Volumes/D/YAPSMAD_Nuclear_Localization/251219_YAPSMAD_Early_D14_Male_#3/tifs,102,0.9541028790059185,0.4897782926898609,1.048105002095688,0.497581449104473,3.5662165135145187,1.1156786582432687,0.018334612551638308,0.004878249501024245,0.03496290699524038,0.010938026061208517,0.0033556775105882293,0.006167816860349167,0.0026762314322063,1.3453223537139325,1.3073906442375531,0.8087773497686515,1.0149101631821933
16,8,LPATGFb_017_DAPI.1.1.tif,LPATGFb_017_W647.1.1.tif,LPATGFb_017_G488.1.1.tif,LPATGFb_017_R555.1.1.tif,/Volumes/D/YAPSMAD_Nuclear_Localization/251219_YAPSMAD_Early_D14_Male_#3/tifs,/Volumes/D/YAPSMAD_Nuclear_Localization/251219_YAPSMAD_Early_D14_Male_#3/tifs,/Volumes/D/YAPSMAD_Nuclear_Localization/251219_YAPSMAD_Early_D14_Male_#3/tifs,/Volumes/D/YAPSMAD_Nuclear_Localization/251219_YAPSMAD_Early_D14_Male_#3/tifs,283,1.4651523151207173,0.9291075532165608,0.6825228951828177,1.6271458219271153,14.990630943328142,5.571602986194193,0.030042264334093977,0.005749631879601114,0.05297042736158354,0.019687643060756866,0.003498226625822756,0.005796839051142617,0.0032604196912213532,2.214788718023829,1.5683646990264462,2.1557393197914956,1.591630734543097
16,9,LPATGFb_017_DAPI.1.1.tif,LPATGFb_017_W647.1.1.tif,LPATGFb_017_G488.1.1.tif,LPATGFb_017_R555.1.1.tif,/Volumes/D/YAPSMAD_Nuclear_Localization/251219_YAPSMAD_Early_D14_Male_#3/tifs,/Volumes/D/YAPSMAD_Nuclear_Localization/251219_YAPSMAD_Early_D14_Male_#3/tifs,/Volumes/D/YAPSMAD_Nuclear_Localization/251219_YAPSMAD_Early_D14_Male_#3/tifs,/Volumes/D/YAPSMAD_Nuclear_Localization/251219_YAPSMAD_Early_D14_Male_#3/tifs,200,1.0198391526657202,0.6931348810076684,0.9805467826824815,3.018570259679109,8.892957981675863,3.596429414115846,0.03687953009270131,0.015092851298395544,0.044464789908379314,0.01798214707057923,0.005814882669624469,0.010347391559032899,0.00316536776859726,2.846584468911151,2.1293367074221363,2.4280210028437286,1.7102718566567099
16,10,LPATGFb_017_DAPI.1.1.tif,LPATGFb_017_W647.1.1.tif,LPATGFb_017_G488.1.1.tif,LPATGFb_017_R555.1.1.tif,/Volumes/D/YAPSMAD_Nuclear_Localization/251219_YAPSMAD_Early_D14_Male_#3/tifs,/Volumes/D/YAPSMAD_Nuclear_Localization/251219_YAPSMAD_Early_D14_Male_#3/tifs,/Volumes/D/YAPSMAD_Nuclear_Localization/251219_YAPSMAD_Early_D14_Male_#3/tifs,/Volumes/D/YAPSMAD_Nuclear_Localization/251219_YAPSMAD_Early_D14_Male_#3/tifs,308,1.1518511284808761,0.7694920124661713,0.8681677477877323,3.8854963411577046,15.092439152300358,8.653177714906633,0.032902662330851346,0.012615247860901638,0.04900142581915701,0.02809473284060595,0.004455295970751871,0.008729134397861585,0.0035622433419424636,2.371231149312349,2.108487161880713,2.468237555215033,1.6469140623546767
16,11,LPATGFb_017_DAPI.1.1.tif,LPATGFb_017_W647.1.1.tif,LPATGFb_017_G488.1.1.tif,LPATGFb_017_R555.1.1.tif,/Volumes/D/YAPSMAD_Nuclear_Localization/251219_YAPSMAD_Early_D14_Male_#3/tifs,/Volumes/D/YAPSMAD_Nuclear_Localization/251219_YAPSMAD_Early_D14_Male_#3/tifs,/Volumes/D/YAPSMAD_Nuclear_Localization/251219_YAPSMAD_Early_D14_Male_#3/tifs,/Volumes/D/YAPSMAD_Nuclear_Localization/251219_YAPSMAD_Early_D14_Male_#3/tifs,253,1.1615601203995876,0.8286364433306865,0.8609110991654834,1.9499504412524402,15.448584761470556,10.03045704215765,0.045365072043222404,0.0077073139970452184,0.06106159984770971,0.03964607526544526,0.002852824492424333,0.002485055330184755,0.0031947886840202927,1.8617054031180458,1.5457749419362272,2.072297727207199,1.6135302070894495
16,12,LPATGFb_017_DAPI.1.1.tif,LPATGFb_017_W647.1.1.tif,LPATGFb_017_G488.1.1.tif,LPATGFb_017_R555.1.1.tif,/Volumes/D/YAPSMAD_Nuclear_Localization/251219_YAPSMAD_Early_D14_Male_#3/tifs,/Volumes/D/YAPSMAD_Nuclear_Localization/251219_YAPSMAD_Early_D14_Male_#3/tifs,/Volumes/D/YAPSMAD_Nuclear_Localization/251219_YAPSMAD_Early_D14_Male_#3/tifs,/Volumes/D/YAPSMAD_Nuclear_Localization/251219_YAPSMAD_Early_D14_Male_#3/tifs,263,1.0572944594551128,0.5139850157828668,0.9458103095663245,2.385473439702764,15.448859415948391,8.068482534959912,0.04498841210725246,0.009070241215599864,0.05874091032679996,0.03067864081733807,0.004633187599840516,0.007615303640721212,0.004593210874248545,1.8343251623467018,1.5384580892268087,2.164407071658398,1.783703002169656
16,13,LPATGFb_017_DAPI.1.1.tif,LPATGFb_017_W647.1.1.tif,LPATGFb_017_G488.1.1.tif,LPATGFb_017_R555.1.1.tif,/Volumes/D/YAPSMAD_Nuclear_Localization/251219_YAPSMAD_Early_D14_Male_#3/tifs,/Volumes/D/YAPSMAD_Nuclear_Localization/251219_YAPSMAD_Early_D14_Male_#3/tifs,/Volumes/D/YAPSMAD_Nuclear_Localization/251219_YAPSMAD_Early_D14_Male_#3/tifs,/Volumes/D/YAPSMAD_Nuclear_Localization/251219_YAPSMAD_Early_D14_Male_#3/tifs,410,1.0850652208128657,0.6876262996622491,0.921603587340916,6.223086946178228,22.50986495986581,13.333226541057229,0.03436309409713963,0.01517826084433714,0.05490210965820929,0.032520064734285925,0.004592599170355061,0.006145820773732381,0.0035661873636031573,2.0996422124234666,1.508882299617584,2.4421920771385146,1.5845885055072013
16,14,LPATGFb_017_DAPI.1.1.tif,LPATGFb_017_W647.1.1.tif,LPATGFb_017_G488.1.1.tif,LPATGFb_017_R555.1.1.tif,/Volumes/D/YAPSMAD_Nuclear_Localization/251219_YAPSMAD_Early_D14_Male_#3/tifs,/Volumes/D/YAPSMAD_Nuclear_Localization/251219_YAPSMAD_Early_D14_Male_#3/tifs,/Volumes/D/YAPSMAD_Nuclear_Localization/251219_YAPSMAD_Early_D14_Male_#3/tifs,/Volumes/D/YAPSMAD_Nuclear_Localization/251219_YAPSMAD_Early_D14_Male_#3/tifs,516,1.413605829027973,0.8753447373716586,0.707410778496593,3.8891585164237767,21.60994885675609,12.479972592554986,0.035593590854356684,0.007537128907798017,0.041879745846426536,0.024185993396424393,0.002995806511199784,0.009411661440305242,0.004160670941744726,2.516547824841484,1.704471688288592,2.2564381479941074,1.530981198581266
16,15,LPATGFb_017_DAPI.1.1.tif,LPATGFb_017_W647.1.1.tif,LPATGFb_017_G488.1.1.tif,LPATGFb_017_R555.1.1.tif,/Volumes/D/YAPSMAD_Nuclear_Localization/251219_YAPSMAD_Early_D14_Male_#3/tifs,/Volumes/D/YAPSMAD_Nuclear_Localization/251219_YAPSMAD_Early_D14_Male_#3/tifs,/Volumes/D/YAPSMAD_Nuclear_Localization/251219_YAPSMAD_Early_D14_Male_#3/tifs,/Volumes/D/YAPSMAD_Nuclear_Localization/251219_YAPSMAD_Early_D14_Male_#3/tifs,426,1.1519074185689966,0.7946230382867536,0.8681253231638096,7.027100060135126,23.9797054938972,16.180682143196464,0.033956983135444735,0.016495540047265556,0.05629038848332676,0.037982821932386064,0.005509163311835667,0.00439327030683344,0.004391865806358134,2.012407749649025,1.4252362160008254,1.7692077809460265,1.3023270886847205
16,16,LPATGFb_017_DAPI.1.1.tif,LPATGFb_017_W647.1.1.tif,LPATGFb_017_G488.1.1.tif,LPATGFb_017_R555.1.1.tif,/Volumes/D/YAPSMAD_Nuclear_Localization/251219_YAPSMAD_Early_D14_Male_#3/tifs,/Volumes/D/YAPSMAD_Nuclear_Localization/251219_YAPSMAD_Early_D14_Male_#3/tifs,/Volumes/D/YAPSMAD_Nuclear_Localization/251219_YAPSMAD_Early_D14_Male_#3/tifs,/Volumes/D/YAPSMAD_Nuclear_Localization/251219_YAPSMAD_Early_D14_Male_#3/tifs,206,1.1139019871348887,0.7759988030180804,0.8977450543670719,3.2020294731482863,11.442938908934593,4.821393173187971,0.04651357272630829,0.01554383239392372,0.055548247130750454,0.02340482122906782,0.006547382965661582,0.007893224701852993,0.0018636118753938412,1.6527348689056711,1.3395283385322618,1.5660858381992793,1.1862438479290027
16,17,LPATGFb_017_DAPI.1.1.tif,LPATGFb_017_W647.1.1.tif,LPATGFb_017_G488.1.1.tif,LPATGFb_017_R555.1.1.tif,/Volumes/D/YAPSMAD_Nuclear_Localization/251219_YAPSMAD_Early_D14_Male_#3/tifs,/Volumes/D/YAPSMAD_Nuclear_Localization/251219_YAPSMAD_Early_D14_Male_#3/tifs,/Volumes/D/YAPSMAD_Nuclear_Localization/251219_YAPSMAD_Early_D14_Male_#3/tifs,/Volumes/D/YAPSMAD_Nuclear_Localization/251219_YAPSMAD_Early_D14_Male_#3/tifs,315,1.0518682474018108,0.6328448925499928,0.9506894066534196,1.8445258459541947,15.661325976252556,4.862317889928818,0.04014774597146445,0.005855637606203792,0.04971849516270652,0.015435929809297835,0.005448245462781393,0.010366328955804586,0.002483041758230988,2.191348630720987,2.1071066637880556,1.7911824992198337,1.5863044688744963
16,18,LPATGFb_017_DAPI.1.1.tif,LPATGFb_017_W647.1.1.tif,LPATGFb_017_G488.1.1.tif,LPATGFb_017_R555.1.1.tif,/Volumes/D/YAPSMAD_Nuclear_Localization/251219_YAPSMAD_Early_D14_Male_#3/tifs,/Volumes/D/YAPSMAD_Nuclear_Localization/251219_YAPSMAD_Early_D14_Male_#3/tifs,/Volumes/D/YAPSMAD_Nuclear_Localization/251219_YAPSMAD_Early_D14_Male_#3/tifs,/Volumes/D/YAPSMAD_Nuclear_Localization/251219_YAPSMAD_Early_D14_Male_#3/tifs,259,1.178822880414473,0.8209120835953903,0.848303860244383,3.4315556697547436,12.28995194286108,5.072678744792938,0.03712991346392967,0.013249249690172755,0.04745155190293853,0.019585632219277754,0.011502740742534724,0.015214353065505996,0.005443810162395299,3.033240060176246,2.5064697399583395,2.8212915364057287,2.2182635936935893
16,19,LPATGFb_017_DAPI.1.1.tif,LPATGFb_017_W647.1.1.tif,LPATGFb_017_G488.1.1.tif,LPATGFb_017_R555.1.1.tif,/Volumes/D/YAPSMAD_Nuclear_Localization/251219_YAPSMAD_Early_D14_Male_#3/tifs,/Volumes/D/YAPSMAD_Nuclear_Localization/251219_YAPSMAD_Early_D14_Male_#3/tifs,/Volumes/D/YAPSMAD_Nuclear_Localization/251219_YAPSMAD_Early_D14_Male_#3/tifs,/Volumes/D/YAPSMAD_Nuclear_Localization/251219_YAPSMAD_Early_D14_Male_#3/tifs,292,1.2707164210332043,0.837139393635404,0.7869576433008648,3.1327687765005976,14.745601596310735,6.933806395623833,0.035887495081948294,0.010728660193495197,0.05049863560380389,0.02374591231378025,0.005650291915539405,0.011753790970692813,0.006225892762300365,3.702192466384577,1.4684043795031132,4.575110365137699,1.526652072348616
16,20,LPATGFb_017_DAPI.1.1.tif,LPATGFb_017_W647.1.1.tif,LPATGFb_017_G488.1.1.tif,LPATGFb_017_R555.1.1.tif,/Volumes/D/YAPSMAD_Nuclear_Localization/251219_YAPSMAD_Early_D14_Male_#3/tifs,/Volumes/D/YAPSMAD_Nuclear_Localization/251219_YAPSMAD_Early_D14_Male_#3/tifs,/Volumes/D/YAPSMAD_Nuclear_Localization/251219_YAPSMAD_Early_D14_Male_#3/tifs,/Volumes/D/YAPSMAD_Nuclear_Localization/251219_YAPSMAD_Early_D14_Male_#3/tifs,484,1.4119332743800024,0.8187847825920759,0.7082487665283705,10.338124706642702,24.957396810874343,8.876630850601941,0.0417812512648746,0.021359761790584096,0.051564869443955254,0.0183401463855412,0.013074595529712487,0.011589959316463222,0.0039047737604231783,2.972518299812199,2.315288992242239,2.660608353693834,1.8569768402120896
16,21,LPATGFb_017_DAPI.1.1.tif,LPATGFb_017_W647.1.1.tif,LPATGFb_017_G488.1.1.tif,LPATGFb_017_R555.1.1.tif,/Volumes/D/YAPSMAD_Nuclear_Localization/251219_YAPSMAD_Early_D14_Male_#3/tifs,/Volumes/D/YAPSMAD_Nuclear_Localization/251219_YAPSMAD_Early_D14_Male_#3/tifs,/Volumes/D/YAPSMAD_Nuclear_Localization/251219_YAPSMAD_Early_D14_Male_#3/tifs,/Volumes/D/YAPSMAD_Nuclear_Localization/251219_YAPSMAD_Early_D14_Male_#3/tifs,381,1.5938375990649256,0.9272711317644674,0.6274164949971572,9.822674931492656,21.6063783057034,10.420904918573797,0.04721361645582936,0.025781299032789126,0.05670965434567822,0.027351456479196318,0.009281370572045509,0.009274893706516884,0.005533092111442199,3.04623742303172,2.1916798165924125,3.026254284862274,2.064402912815539
16,22,LPATGFb_017_DAPI.1.1.tif,LPATGFb_017_W647.1.1.tif,LPATGFb_017_G488.1.1.tif,LPATGFb_017_R555.1.1.tif,/Volumes/D/YAPSMAD_Nuclear_Localization/251219_YAPSMAD_Early_D14_Male_#3/tifs,/Volumes/D/YAPSMAD_Nuclear_Localization/251219_YAPSMAD_Early_D14_Male_#3/tifs,/Volumes/D/YAPSMAD_Nuclear_Localization/251219_YAPSMAD_Early_D14_Male_#3/tifs,/Volumes/D/YAPSMAD_Nuclear_Localization/251219_YAPSMAD_Early_D14_Male_#3/tifs,340,1.1449234548071026,0.7180324626367056,0.8734208350797396,2.819562100805342,19.818661760538816,9.920302178710699,0.03270511039916207,0.008292829708251006,0.05829018164864358,0.029177359349149116,0.0023595641116217116,0.0033507370345743775,0.003419081008250642,2.0055577431719347,1.5409782713690794,1.9445304392264855,1.6092806336011796
16,23,LPATGFb_017_DAPI.1.1.tif,LPATGFb_017_W647.1.1.tif,LPATGFb_017_G488.1.1.tif,LPATGFb_017_R555.1.1.tif,/Volumes/D/YAPSMAD_Nuclear_Localization/251219_YAPSMAD_Early_D14_Male_#3/tifs,/Volumes/D/YAPSMAD_Nuclear_Localization/251219_YAPSMAD_Early_D14_Male_#3/tifs,/Volumes/D/YAPSMAD_Nuclear_Localization/251219_YAPSMAD_Early_D14_Male_#3/tifs,/Volumes/D/YAPSMAD_Nuclear_Localization/251219_YAPSMAD_Early_D14_Male_#3/tifs,123,1.0859976437317918,0.6748709880818332,0.9208123109399392,2.9334859270602465,6.920622589066625,3.013534770347178,0.040360361118081625,0.023849479081790623,0.05626522430135467,0.024500282685749414,0.014319676026742284,0.012953258104948042,0.0054992446329789535,1.3778443709197812,1.2046807477746215,1.1684733759502763,1.1918312265945394
16,24,LPATGFb_017_DAPI.1.1.tif,LPATGFb_017_W647.1.1.tif,LPATGFb_017_G488.1.1.tif,LPATGFb_017_R555.1.1.tif,/Volumes/D/YAPSMAD_Nuclear_Localization/251219_YAPSMAD_Early_D14_Male_#3/tifs,/Volumes/D/YAPSMAD_Nuclear_Localization/251219_YAPSMAD_Early_D14_Male_#3/tifs,/Volumes/D/YAPSMAD_Nuclear_Localization/251219_YAPSMAD_Early_D14_Male_#3/tifs,/Volumes/D/YAPSMAD_Nuclear_Localization/251219_YAPSMAD_Early_D14_Male_#3/tifs,841,1.1639887212096853,0.6514861133088325,0.8591148537597009,9.047303050523624,41.61373306810856,13.495170606300235,0.03587691797393149,0.010757791974463287,0.04948125216184133,0.01604657622627852,0.005991866612781187,0.011599884926133171,0.005408641356319207,4.135988232417686,2.6684949161733793,3.9696453181119478,2.3190807807497102
16,25,LPATGFb_017_DAPI.1.1.tif,LPATGFb_017_W647.1.1.tif,LPATGFb_017_G488.1.1.tif,LPATGFb_017_R555.1.1.tif,/Volumes/D/YAPSMAD_Nuclear_Localization/251219_YAPSMAD_Early_D14_Male_#3/tifs,/Volumes/D/YAPSMAD_Nuclear_Localization/251219_YAPSMAD_Early_D14_Male_#3/tifs,/Volumes/D/YAPSMAD_Nuclear_Localization/251219_YAPSMAD_Early_D14_Male_#3/tifs,/Volumes/D/YAPSMAD_Nuclear_Localization/251219_YAPSMAD_Early_D14_Male_#3/tifs,345,1.3337483115493352,0.9114955343150981,0.7497666473806892,6.426276066340506,16.564217603765428,3.251743380445987,0.0334973124868196,0.01862688714881306,0.04801222493845052,0.009425343131727498,0.008264796315723633,0.01155956695770148,0.0022905805079545404,1.91086658475289,2.2787494293907438,1.2123451531123033,1.5906567497296662
16,26,LPATGFb_017_DAPI.1.1.tif,LPATGFb_017_W647.1.1.tif,LPATGFb_017_G488.1.1.tif,LPATGFb_017_R555.1.1.tif,/Volumes/D/YAPSMAD_Nuclear_Localization/251219_YAPSMAD_Early_D14_Male_#3/tifs,/Volumes/D/YAPSMAD_Nuclear_Localization/251219_YAPSMAD_Early_D14_Male_#3/tifs,/Volumes/D/YAPSMAD_Nuclear_Localization/251219_YAPSMAD_Early_D14_Male_#3/tifs,/Volumes/D/YAPSMAD_Nuclear_Localization/251219_YAPSMAD_Early_D14_Male_#3/tifs,315,1.2151765515013815,0.7755566236828887,0.8229256882586112,3.4345464603975415,16.80001524835825,12.7802396081388,0.03808865006717425,0.010903322096500133,0.05333338174081984,0.04057218923218667,0.004031674638637904,0.007490332370527287,0.007530790636812104,2.0961275605758036,1.4264253463884653,2.3384146066786924,1.56982854073377
16,27,LPATGFb_017_DAPI.1.1.tif,LPATGFb_017_W647.1.1.tif,LPATGFb_017_G488.1.1.tif,LPATGFb_017_R555.1.1.tif,/Volumes/D/YAPSMAD_Nuclear_Localization/251219_YAPSMAD_Early_D14_Male_#3/tifs,/Volumes/D/YAPSMAD_Nuclear_Localization/251219_YAPSMAD_Early_D14_Male_#3/tifs,/Volumes/D/YAPSMAD_Nuclear_Localization/251219_YAPSMAD_Early_D14_Male_#3/tifs,/Volumes/D/YAPSMAD_Nuclear_Localization/251219_YAPSMAD_Early_D14_Male_#3/tifs,440,1.1290825480770796,0.7272711772892971,0.8856748354698089,2.155519991647452,15.524635708890855,6.089463691227138,0.030098490107973868,0.0048989090719260275,0.03528326297475194,0.013839690207334405,0.0012294478304164295,0.007212726745032824,0.002043828664416435,2.562455474318505,1.840569989439876,2.353795797794401,1.549507770591983
16,28,LPATGFb_017_DAPI.1.1.tif,LPATGFb_017_W647.1.1.tif,LPATGFb_017_G488.1.1.tif,LPATGFb_017_R555.1.1.tif,/Volumes/D/YAPSMAD_Nuclear_Localization/251219_YAPSMAD_Early_D14_Male_#3/tifs,/Volumes/D/YAPSMAD_Nuclear_Localization/251219_YAPSMAD_Early_D14_Male_#3/tifs,/Volumes/D/YAPSMAD_Nuclear_Localization/251219_YAPSMAD_Early_D14_Male_#3/tifs,/Volumes/D/YAPSMAD_Nuclear_Localization/251219_YAPSMAD_Early_D14_Male_#3/tifs,278,1.0486785233414737,0.7101953587481267,0.9535810810863503,1.6029450073838234,15.786953555420041,7.694926402531564,0.038351026618276995,0.005765989235193609,0.05678760271733828,0.02767959137601282,0.003353720964203883,0.007206114774975423,0.0040896225322331935,1.8704675508243762,1.6528166475835748,1.8591755035550324,1.6345904464398562
16,29,LPATGFb_017_DAPI.1.1.tif,LPATGFb_017_W647.1.1.tif,LPATGFb_017_G488.1.1.tif,LPATGFb_017_R555.1.1.tif,/Volumes/D/YAPSMAD_Nuclear_Localization/251219_YAPSMAD_Early_D14_Male_#3/tifs,/Volumes/D/YAPSMAD_Nuclear_Localization/251219_YAPSMAD_Early_D14_Male_#3/tifs,/Volumes/D/YAPSMAD_Nuclear_Localization/251219_YAPSMAD_Early_D14_Male_#3/tifs,/Volumes/D/YAPSMAD_Nuclear_Localization/251219_YAPSMAD_Early_D14_Male_#3/tifs,828,1.505398749752586,0.8410110627737217,0.6642758273609243,10.719188292743638,46.677607430145144,15.412359901238233,0.04382606706377299,0.012945879580608258,0.05637392201708351,0.01861396123337951,0.005484667391820889,0.008342279950815438,0.004273202008241729,2.0916087249803827,1.6558497381763928,1.7975418655490598,1.4591612809438077
16,30,LPATGFb_017_DAPI.1.1.tif,LPATGFb_017_W647.1.1.tif,LPATGFb_017_G488.1.1.tif,LPATGFb_017_R555.1.1.tif,/Volumes/D/YAPSMAD_Nuclear_Localization/251219_YAPSMAD_Early_D14_Male_#3/tifs,/Volumes/D/YAPSMAD_Nuclear_Localization/251219_YAPSMAD_Early_D14_Male_#3/tifs,/Volumes/D/YAPSMAD_Nuclear_Localization/251219_YAPSMAD_Early_D14_Male_#3/tifs,/Volumes/D/YAPSMAD_Nuclear_Localization/251219_YAPSMAD_Early_D14_Male_#3/tifs,626,1.1939004647401974,0.7867139869356873,0.8375907619883608,9.367040582932532,31.879240071401,12.82659655250609,0.03916042716727375,0.014963323614908198,0.0509253036284361,0.020489770850648705,0.003837612465863925,0.009585413029161823,0.003099489554081588,2.6137277002487953,1.7006824355867465,2.5180770252973974,1.5990218044750082
16,31,LPATGFb_017_DAPI.1.1.tif,LPATGFb_017_W647.1.1.tif,LPATGFb_017_G488.1.1.tif,LPATGFb_017_R555.1.1.tif,/Volumes/D/YAPSMAD_Nuclear_Localization/251219_YAPSMAD_Early_D14_Male_#3/tifs,/Volumes/D/YAPSMAD_Nuclear_Localization/251219_YAPSMAD_Early_D14_Male_#3/tifs,/Volumes/D/YAPSMAD_Nuclear_Localization/251219_YAPSMAD_Early_D14_Male_#3/tifs,/Volumes/D/YAPSMAD_Nuclear_Localization/251219_YAPSMAD_Early_D14_Male_#3/tifs,286,1.2224893224439046,0.8157017411665868,0.8180030546204514,3.8140841061249375,16.616922240704298,6.464850885793567,0.03551889470472307,0.013335958413024257,0.058101126715749296,0.02260437372655093,0.0029086428708930555,0.0034702430443026063,0.0028863408204348293,2.1721420745634767,1.6096317506061246,2.087582094297532,1.53990503013188
16,32,LPATGFb_017_DAPI.1.1.tif,LPATGFb_017_W647.1.1.tif,LPATGFb_017_G488.1.1.tif,LPATGFb_017_R555.1.1.tif,/Volumes/D/YAPSMAD_Nuclear_Localization/251219_YAPSMAD_Early_D14_Male_#3/tifs,/Volumes/D/YAPSMAD_Nuclear_Localization/251219_YAPSMAD_Early_D14_Male_#3/tifs,/Volumes/D/YAPSMAD_Nuclear_Localization/251219_YAPSMAD_Early_D14_Male_#3/tifs,/Volumes/D/YAPSMAD_Nuclear_Localization/251219_YAPSMAD_Early_D14_Male_#3/tifs,623,1.3837698739536204,0.8112237121670695,0.7226635142322204,12.736110483529046,36.302571188658476,17.18635847233236,0.03668425616361261,0.020443194997638917,0.0582705797570762,0.027586450196360125,0.014239710964850046,0.003799914996430372,0.004005653350488167,1.8282324418021307,1.3890745265988094,1.803224867679849,1.3750871571013366
16,33,LPATGFb_017_DAPI.1.1.tif,LPATGFb_017_W647.1.1.tif,LPATGFb_017_G488.1.1.tif,LPATGFb_017_R555.1.1.tif,/Volumes/D/YAPSMAD_Nuclear_Localization/251219_YAPSMAD_Early_D14_Male_#3/tifs,/Volumes/D/YAPSMAD_Nuclear_Localization/251219_YAPSMAD_Early_D14_Male_#3/tifs,/Volumes/D/YAPSMAD_Nuclear_Localization/251219_YAPSMAD_Early_D14_Male_#3/tifs,/Volumes/D/YAPSMAD_Nuclear_Localization/251219_YAPSMAD_Early_D14_Male_#3/tifs,371,1.4112174077211608,0.8997775489670086,0.7086080390793958,7.548195643350482,18.467109153047204,11.001434380188584,0.03235648861129811,0.020345540817656285,0.04977657453651538,0.029653461941209124,0.009123260642017406,0.008814598962275662,0.004880745906645387,2.3360771239030127,1.7176490508391369,2.2035331483743423,1.6952995750012878
16,34,LPATGFb_017_DAPI.1.1.tif,LPATGFb_017_W647.1.1.tif,LPATGFb_017_G488.1.1.tif,LPATGFb_017_R555.1.1.tif,/Volumes/D/YAPSMAD_Nuclear_Localization/251219_YAPSMAD_Early_D14_Male_#3/tifs,/Volumes/D/YAPSMAD_Nuclear_Localization/251219_YAPSMAD_Early_D14_Male_#3/tifs,/Volumes/D/YAPSMAD_Nuclear_Localization/251219_YAPSMAD_Early_D14_Male_#3/tifs,/Volumes/D/YAPSMAD_Nuclear_Localization/251219_YAPSMAD_Early_D14_Male_#3/tifs,466,1.332233591194569,0.8611141908879242,0.7506191156036935,3.996612548828125,20.993408124893904,9.479652132373303,0.04077613410487963,0.008576421778601127,0.04505023202766932,0.02034260114243198,0.006212625092806341,0.011466682201088353,0.00798859276795099,2.393838664251158,1.9272243191533125,2.452241038580545,1.873244394792147
16,35,LPATGFb_017_DAPI.1.1.tif,LPATGFb_017_W647.1.1.tif,LPATGFb_017_G488.1.1.tif,LPATGFb_017_R555.1.1.tif,/Volumes/D/YAPSMAD_Nuclear_Localization/251219_YAPSMAD_Early_D14_Male_#3/tifs,/Volumes/D/YAPSMAD_Nuclear_Localization/251219_YAPSMAD_Early_D14_Male_#3/tifs,/Volumes/D/YAPSMAD_Nuclear_Localization/251219_YAPSMAD_Early_D14_Male_#3/tifs,/Volumes/D/YAPSMAD_Nuclear_Localization/251219_YAPSMAD_Early_D14_Male_#3/tifs,515,1.2539236871638244,0.8192428417441965,0.797496697954435,8.965819847770035,29.998916640877724,14.670893493108451,0.04066683408053755,0.017409358927708805,0.058250323574519855,0.028487171831278545,0.008397208539388657,0.007335868260290715,0.004425163443848124,2.2373726816866437,1.6473811684509407,2.3414516614161394,1.7280136674421325
16,36,LPATGFb_017_DAPI.1.1.tif,LPATGFb_017_W647.1.1.tif,LPATGFb_017_G488.1.1.tif,LPATGFb_017_R555.1.1.tif,/Volumes/D/YAPSMAD_Nuclear_Localization/251219_YAPSMAD_Early_D14_Male_#3/tifs,/Volumes/D/YAPSMAD_Nuclear_Localization/251219_YAPSMAD_Early_D14_Male_#3/tifs,/Volumes/D/YAPSMAD_Nuclear_Localization/251219_YAPSMAD_Early_D14_Male_#3/tifs,/Volumes/D/YAPSMAD_Nuclear_Localization/251219_YAPSMAD_Early_D14_Male_#3/tifs,705,1.6091170161113357,0.8437799409293008,0.6214588435691549,8.307728772750124,40.54966048710048,18.744701378047466,0.042208272661247576,0.011784012443617198,0.05751724891787302,0.026588228905031867,0.00505792814345238,0.005991095260725719,0.004563404418544296,1.8399609471841978,1.6803841575133551,1.8964972940238636,1.7096755177444534
16,37,LPATGFb_017_DAPI.1.1.tif,LPATGFb_017_W647.1.1.tif,LPATGFb_017_G488.1.1.tif,LPATGFb_017_R555.1.1.tif,/Volumes/D/YAPSMAD_Nuclear_Localization/251219_YAPSMAD_Early_D14_Male_#3/tifs,/Volumes/D/YAPSMAD_Nuclear_Localization/251219_YAPSMAD_Early_D14_Male_#3/tifs,/Volumes/D/YAPSMAD_Nuclear_Localization/251219_YAPSMAD_Early_D14_Male_#3/tifs,/Volumes/D/YAPSMAD_Nuclear_Localization/251219_YAPSMAD_Early_D14_Male_#3/tifs,327,1.0581691461350047,0.6334504930414729,0.9450284991322331,3.134294686606154,18.673411145806313,11.317143505439162,0.03599257948908055,0.009584999041609032,0.057105232861793004,0.03460900154568551,0.005908493622243289,0.006257739918154661,0.004368684577066751,2.1831257619894147,1.6770214748367485,2.116170470384169,1.6379640165816478
16,38,LPATGFb_017_DAPI.1.1.tif,LPATGFb_017_W647.1.1.tif,LPATGFb_017_G488.1.1.tif,LPATGFb_017_R555.1.1.tif,/Volumes/D/YAPSMAD_Nuclear_Localization/251219_YAPSMAD_Early_D14_Male_#3/tifs,/Volumes/D/YAPSMAD_Nuclear_Localization/251219_YAPSMAD_Early_D14_Male_#3/tifs,/Volumes/D/YAPSMAD_Nuclear_Localization/251219_YAPSMAD_Early_D14_Male_#3/tifs,/Volumes/D/YAPSMAD_Nuclear_Localization/251219_YAPSMAD_Early_D14_Male_#3/tifs,329,1.025476293875294,0.4845578579963637,0.9751566232906093,3.2748150173574686,18.140093069523573,8.712596367113292,0.038065740493293226,0.009953845037560695,0.05513706100159141,0.026482055827092073,0.007909693111329257,0.005283966734898087,0.0032215257617075896,2.5072011021898057,2.002277681061184,2.27466764216337,1.7783236918104195
16,39,LPATGFb_017_DAPI.1.1.tif,LPATGFb_017_W647.1.1.tif,LPATGFb_017_G488.1.1.tif,LPATGFb_017_R555.1.1.tif,/Volumes/D/YAPSMAD_Nuclear_Localization/251219_YAPSMAD_Early_D14_Male_#3/tifs,/Volumes/D/YAPSMAD_Nuclear_Localization/251219_YAPSMAD_Early_D14_Male_#3/tifs,/Volumes/D/YAPSMAD_Nuclear_Localization/251219_YAPSMAD_Early_D14_Male_#3/tifs,/Volumes/D/YAPSMAD_Nuclear_Localization/251219_YAPSMAD_Early_D14_Male_#3/tifs,244,1.0857482216009975,0.6880520115897731,0.9210238433782034,2.7512474523391575,13.941252768039703,5.9473258862271905,0.03739354650291507,0.0112756043128654,0.05713628183622829,0.024374286418963897,0.005736626106348147,0.005782497640424378,0.0036501293049100926,2.053221406848342,1.5062911657694042,2.2348430192989475,1.410825926360974
16,40,LPATGFb_017_DAPI.1.1.tif,LPATGFb_017_W647.1.1.tif,LPATGFb_017_G488.1.1.tif,LPATGFb_017_R555.1.1.tif,/Volumes/D/YAPSMAD_Nuclear_Localization/251219_YAPSMAD_Early_D14_Male_#3/tifs,/Volumes/D/YAPSMAD_Nuclear_Localization/251219_YAPSMAD_Early_D14_Male_#3/tifs,/Volumes/D/YAPSMAD_Nuclear_Localization/251219_YAPSMAD_Early_D14_Male_#3/tifs,/Volumes/D/YAPSMAD_Nuclear_Localization/251219_YAPSMAD_Early_D14_Male_#3/tifs,284,1.0954832881129095,0.7151197169569278,0.9128391193649426,4.051422933116555,15.761257335543633,10.42424662783742,0.032567910695920736,0.014265573708156884,0.05549738498430856,0.03670509375999091,0.010507199644969677,0.004875646649754961,0.004275195611041626,2.335244077232179,1.480505645788454,2.4026997006585855,1.466747396304194
16,41,LPATGFb_017_DAPI.1.1.tif,LPATGFb_017_W647.1.1.tif,LPATGFb_017_G488.1.1.tif,LPATGFb_017_R555.1.1.tif,/Volumes/D/YAPSMAD_Nuclear_Localization/251219_YAPSMAD_Early_D14_Male_#3/tifs,/Volumes/D/YAPSMAD_Nuclear_Localization/251219_YAPSMAD_Early_D14_Male_#3/tifs,/Volumes/D/YAPSMAD_Nuclear_Localization/251219_YAPSMAD_Early_D14_Male_#3/tifs,/Volumes/D/YAPSMAD_Nuclear_Localization/251219_YAPSMAD_Early_D14_Male_#3/tifs,233,1.0282649879703534,0.5796721337120525,0.9725119611179757,2.635187331819907,13.106233309954405,5.908751064911485,0.044642659038097436,0.011309816874763548,0.056249928368903024,0.025359446630521393,0.004949030466186724,0.007962859713716446,0.008052982210676199,1.8564116110476003,1.5447774214044294,2.749294396026407,2.0871652494957944
16,42,LPATGFb_017_DAPI.1.1.tif,LPATGFb_017_W647.1.1.tif,LPATGFb_017_G488.1.1.tif,LPATGFb_017_R555.1.1.tif,/Volumes/D/YAPSMAD_Nuclear_Localization/251219_YAPSMAD_Early_D14_Male_#3/tifs,/Volumes/D/YAPSMAD_Nuclear_Localization/251219_YAPSMAD_Early_D14_Male_#3/tifs,/Volumes/D/YAPSMAD_Nuclear_Localization/251219_YAPSMAD_Early_D14_Male_#3/tifs,/Volumes/D/YAPSMAD_Nuclear_Localization/251219_YAPSMAD_Early_D14_Male_#3/tifs,306,1.0828055487959825,0.7121306380569781,0.9235268521776072,2.496543866582215,16.556069273501635,6.069230219349265,0.03170405874284459,0.008158640086869983,0.05410480154739096,0.019834085684147924,0.003237337657850439,0.006044603677366049,0.001924405785788527,2.8926593945790016,1.7302221080206224,2.654902558038244,1.6149195590598833
16,43,LPATGFb_017_DAPI.1.1.tif,LPATGFb_017_W647.1.1.tif,LPATGFb_017_G488.1.1.tif,LPATGFb_017_R555.1.1.tif,/Volumes/D/YAPSMAD_Nuclear_Localization/251219_YAPSMAD_Early_D14_Male_#3/tifs,/Volumes/D/YAPSMAD_Nuclear_Localization/251219_YAPSMAD_Early_D14_Male_#3/tifs,/Volumes/D/YAPSMAD_Nuclear_Localization/251219_YAPSMAD_Early_D14_Male_#3/tifs,/Volumes/D/YAPSMAD_Nuclear_Localization/251219_YAPSMAD_Early_D14_Male_#3/tifs,270,1.1219548217813706,0.7893958802817449,0.8913014861082033,1.8832837680820376,12.570122845470905,4.174029177054763,0.03549463254641052,0.006975125066970509,0.04655601053878113,0.015459367322425048,0.002945595790312583,0.011621300894044199,0.0035849578820977587,2.2797394051973705,1.9154820325612831,1.8483607869139083,1.5075126259216662
16,44,LPATGFb_017_DAPI.1.1.tif,LPATGFb_017_W647.1.1.tif,LPATGFb_017_G488.1.1.tif,LPATGFb_017_R555.1.1.tif,/Volumes/D/YAPSMAD_Nuclear_Localization/251219_YAPSMAD_Early_D14_Male_#3/tifs,/Volumes/D/YAPSMAD_Nuclear_Localization/251219_YAPSMAD_Early_D14_Male_#3/tifs,/Volumes/D/YAPSMAD_Nuclear_Localization/251219_YAPSMAD_Early_D14_Male_#3/tifs,/Volumes/D/YAPSMAD_Nuclear_Localization/251219_YAPSMAD_Early_D14_Male_#3/tifs,135,1.294933134144284,0.8990374002732444,0.7722406459703564,0.2452124827541411,4.330586723983288,2.254535754211247,0.01971872545502804,0.0018163887611417858,0.032078420177653985,0.016700264846009238,0.0008491547123504097,0.006492526792210584,0.0016539443866838241,2.2850381535057815,1.8100378496422114,1.7918572588809492,1.4684573562681116
16,45,LPATGFb_017_DAPI.1.1.tif,LPATGFb_017_W647.1.1.tif,LPATGFb_017_G488.1.1.tif,LPATGFb_017_R555.1.1.tif,/Volumes/D/YAPSMAD_Nuclear_Localization/251219_YAPSMAD_Early_D14_Male_#3/tifs,/Volumes/D/YAPSMAD_Nuclear_Localization/251219_YAPSMAD_Early_D14_Male_#3/tifs,/Volumes/D/YAPSMAD_Nuclear_Localization/251219_YAPSMAD_Early_D14_Male_#3/tifs,/Volumes/D/YAPSMAD_Nuclear_Localization/251219_YAPSMAD_Early_D14_Male_#3/tifs,432,1.055554745478454,0.5102390787617697,0.9473691481029983,2.0364690953865647,20.69703210145235,8.101182647049427,0.039606945990170866,0.004714048831913344,0.0479097965311397,0.018752737608910712,0.0012365231948577382,0.007360367695419791,0.0026205806294008166,2.2802221928201605,1.998584074436641,2.32276118350984,1.8207683764022655
16,46,LPATGFb_017_DAPI.1.1.tif,LPATGFb_017_W647.1.1.tif,LPATGFb_017_G488.1.1.tif,LPATGFb_017_R555.1.1.tif,/Volumes/D/YAPSMAD_Nuclear_Localization/251219_YAPSMAD_Early_D14_Male_#3/tifs,/Volumes/D/YAPSMAD_Nuclear_Localization/251219_YAPSMAD_Early_D14_Male_#3/tifs,/Volumes/D/YAPSMAD_Nuclear_Localization/251219_YAPSMAD_Early_D14_Male_#3/tifs,/Volumes/D/YAPSMAD_Nuclear_Localization/251219_YAPSMAD_Early_D14_Male_#3/tifs,594,1.1590000696830898,0.7169357252229271,0.8628127177537048,5.627710429951549,24.402731372974813,9.845822906121612,0.029749133018933564,0.009474259983083416,0.04108203934844245,0.01657545943791517,0.005379723643173066,0.008514185297021769,0.0033496013527167245,3.080087132878637,1.995080581043525,2.8728183411790242,1.9366551034882076
16,47,LPATGFb_017_DAPI.1.1.tif,LPATGFb_017_W647.1.1.tif,LPATGFb_017_G488.1.1.tif,LPATGFb_017_R555.1.1.tif,/Volumes/D/YAPSMAD_Nuclear_Localization/251219_YAPSMAD_Early_D14_Male_#3/tifs,/Volumes/D/YAPSMAD_Nuclear_Localization/251219_YAPSMAD_Early_D14_Male_#3/tifs,/Volumes/D/YAPSMAD_Nuclear_Localization/251219_YAPSMAD_Early_D14_Male_#3/tifs,/Volumes/D/YAPSMAD_Nuclear_Localization/251219_YAPSMAD_Early_D14_Male_#3/tifs,272,1.2854115669814585,0.8528914623229308,0.7779609470516182,1.3499504390638322,12.192797692492604,5.467338092625141,0.027111467278754228,0.004963053084793501,0.04482646210475222,0.020100507693474785,0.0009299959882478618,0.006787568310675817,0.00287236913727598,2.160564585038398,1.404230779023878,2.0037440617172035,1.354836701939958
16,48,LPATGFb_017_DAPI.1.1.tif,LPATGFb_017_W647.1.1.tif,LPATGFb_017_G488.1.1.tif,LPATGFb_017_R555.1.1.tif,/Volumes/D/YAPSMAD_Nuclear_Localization/251219_YAPSMAD_Early_D14_Male_#3/tifs,/Volumes/D/YAPSMAD_Nuclear_Localization/251219_YAPSMAD_Early_D14_Male_#3/tifs,/Volumes/D/YAPSMAD_Nuclear_Localization/251219_YAPSMAD_Early_D14_Male_#3/tifs,/Volumes/D/YAPSMAD_Nuclear_Localization/251219_YAPSMAD_Early_D14_Male_#3/tifs,465,1.3633290105943159,0.8456863494154445,0.7334986582322268,5.473563797306269,26.62935834005475,15.525413947179914,0.04349986177378444,0.01177110494044359,0.05726743729044032,0.03338798698318261,0.0038912114720312196,0.005828292850967863,0.005349536518650874,2.486607115599217,1.6299610340180797,2.6692112300911894,1.7170347047900516
16,49,LPATGFb_017_DAPI.1.1.tif,LPATGFb_017_W647.1.1.tif,LPATGFb_017_G488.1.1.tif,LPATGFb_017_R555.1.1.tif,/Volumes/D/YAPSMAD_Nuclear_Localization/251219_YAPSMAD_Early_D14_Male_#3/tifs,/Volumes/D/YAPSMAD_Nuclear_Localization/251219_YAPSMAD_Early_D14_Male_#3/tifs,/Volumes/D/YAPSMAD_Nuclear_Localization/251219_YAPSMAD_Early_D14_Male_#3/tifs,/Volumes/D/YAPSMAD_Nuclear_Localization/251219_YAPSMAD_Early_D14_Male_#3/tifs,757,1.4308877360408805,0.8763083144343153,0.6988668466520633,11.17817968595773,37.0350041911006,14.995697022415698,0.032650356030871644,0.014766419664409154,0.04892338730660581,0.01980937519473672,0.004676409564063967,0.009146806342585308,0.0029801685034764125,2.358444628217591,1.9240757779798878,2.0121811217305985,1.547167123096366
16,50,LPATGFb_017_DAPI.1.1.tif,LPATGFb_017_W647.1.1.tif,LPATGFb_017_G488.1.1.tif,LPATGFb_017_R555.1.1.tif,/Volumes/D/YAPSMAD_Nuclear_Localization/251219_YAPSMAD_Early_D14_Male_#3/tifs,/Volumes/D/YAPSMAD_Nuclear_Localization/251219_YAPSMAD_Early_D14_Male_#3/tifs,/Volumes/D/YAPSMAD_Nuclear_Localization/251219_YAPSMAD_Early_D14_Male_#3/tifs,/Volumes/D/YAPSMAD_Nuclear_Localization/251219_YAPSMAD_Early_D14_Male_#3/tifs,321,1.0510333354672015,0.6404222016567902,0.9514446081346065,4.889814633876085,16.90543981641531,5.305256769061089,0.02661762864697388,0.015233067395252603,0.05266492154646514,0.016527279654395915,0.007256150199388565,0.006716100225832672,0.0024599419358211235,2.590394450139868,1.7881670383315076,3.200296110669425,1.7809744414999604
16,51,LPATGFb_017_DAPI.1.1.tif,LPATGFb_017_W647.1.1.tif,LPATGFb_017_G488.1.1.tif,LPATGFb_017_R555.1.1.tif,/Volumes/D/YAPSMAD_Nuclear_Localization/251219_YAPSMAD_Early_D14_Male_#3/tifs,/Volumes/D/YAPSMAD_Nuclear_Localization/251219_YAPSMAD_Early_D14_Male_#3/tifs,/Volumes/D/YAPSMAD_Nuclear_Localization/251219_YAPSMAD_Early_D14_Male_#3/tifs,/Volumes/D/YAPSMAD_Nuclear_Localization/251219_YAPSMAD_Early_D14_Male_#3/tifs,274,1.2313200754925973,0.8624217376391564,0.812136519093091,1.6689555428456515,12.248050667345524,4.401678517460823,0.03162398876581531,0.006091078623524275,0.04470091484432673,0.016064520136718333,0.0036443252347752564,0.009693389189890347,0.0023210988572413584,2.02926334695827,1.7739208816224057,1.7245740622194328,1.574649393719963
16,52,LPATGFb_017_DAPI.1.1.tif,LPATGFb_017_W647.1.1.tif,LPATGFb_017_G488.1.1.tif,LPATGFb_017_R555.1.1.tif,/Volumes/D/YAPSMAD_Nuclear_Localization/251219_YAPSMAD_Early_D14_Male_#3/tifs,/Volumes/D/YAPSMAD_Nuclear_Localization/251219_YAPSMAD_Early_D14_Male_#3/tifs,/Volumes/D/YAPSMAD_Nuclear_Localization/251219_YAPSMAD_Early_D14_Male_#3/tifs,/Volumes/D/YAPSMAD_Nuclear_Localization/251219_YAPSMAD_Early_D14_Male_#3/tifs,283,1.1496463198606488,0.7296597975624268,0.869832732662696,2.045868641231209,10.00120547413826,2.874052067985758,0.021592648397117536,0.007229217813537841,0.03533994867186664,0.01015566101761752,0.004906154915769583,0.007522254708090358,0.0019731348295094343,2.8914630625133433,1.9521900595221762,2.3319875173119726,1.5509570455404507
16,53,LPATGFb_017_DAPI.1.1.tif,LPATGFb_017_W647.1.1.tif,LPATGFb_017_G488.1.1.tif,LPATGFb_017_R555.1.1.tif,/Volumes/D/YAPSMAD_Nuclear_Localization/251219_YAPSMAD_Early_D14_Male_#3/tifs,/Volumes/D/YAPSMAD_Nuclear_Localization/251219_YAPSMAD_Early_D14_Male_#3/tifs,/Volumes/D/YAPSMAD_Nuclear_Localization/251219_YAPSMAD_Early_D14_Male_#3/tifs,/Volumes/D/YAPSMAD_Nuclear_Localization/251219_YAPSMAD_Early_D14_Male_#3/tifs,248,1.0377811850803016,0.28185077787697127,0.9635942666686734,1.6850843348074704,11.164446458220482,4.817288501188159,0.022647034358083,0.0067946948984172195,0.04501792926701807,0.01942455040801677,0.0013272764324694258,0.005061552318005258,0.002639684719679589,1.6216632780015947,1.3541104845290761,1.75334482956431,1.4817691775802837
16,54,LPATGFb_017_DAPI.1.1.tif,LPATGFb_017_W647.1.1.tif,LPATGFb_017_G488.1.1.tif,LPATGFb_017_R555.1.1.tif,/Volumes/D/YAPSMAD_Nuclear_Localization/251219_YAPSMAD_Early_D14_Male_#3/tifs,/Volumes/D/YAPSMAD_Nuclear_Localization/251219_YAPSMAD_Early_D14_Male_#3/tifs,/Volumes/D/YAPSMAD_Nuclear_Localization/251219_YAPSMAD_Early_D14_Male_#3/tifs,/Volumes/D/YAPSMAD_Nuclear_Localization/251219_YAPSMAD_Early_D14_Male_#3/tifs,271,1.0465198305890147,0.4795423055119439,0.9555480658566864,2.262119506020099,14.064896604046226,6.124910378828645,0.031635161877585735,0.008347304450258667,0.05189998746880526,0.022601145309330793,0.0028874984256931067,0.007240303320024095,0.002356084345159815,2.150336625049379,1.9026965239301685,1.8699524446816707,1.6353069109358365
16,55,LPATGFb_017_DAPI.1.1.tif,LPATGFb_017_W647.1.1.tif,LPATGFb_017_G488.1.1.tif,LPATGFb_017_R555.1.1.tif,/Volumes/D/YAPSMAD_Nuclear_Localization/251219_YAPSMAD_Early_D14_Male_#3/tifs,/Volumes/D/YAPSMAD_Nuclear_Localization/251219_YAPSMAD_Early_D14_Male_#3/tifs,/Volumes/D/YAPSMAD_Nuclear_Localization/251219_YAPSMAD_Early_D14_Male_#3/tifs,/Volumes/D/YAPSMAD_Nuclear_Localization/251219_YAPSMAD_Early_D14_Male_#3/tifs,175,1.1231516098194347,0.7577275039396391,0.8903517488264711,0.336629283381626,5.236148622818291,2.925459697842598,0.02231653761650835,0.001923595905037863,0.02992084927324738,0.01671691255910056,0.0008533587366649237,0.00602618629473518,0.0024455043212869,3.025250166911179,1.85447847380078,2.3234191110211975,1.5225701784201509
16,56,LPATGFb_017_DAPI.1.1.tif,LPATGFb_017_W647.1.1.tif,LPATGFb_017_G488.1.1.tif,LPATGFb_017_R555.1.1.tif,/Volumes/D/YAPSMAD_Nuclear_Localization/251219_YAPSMAD_Early_D14_Male_#3/tifs,/Volumes/D/YAPSMAD_Nuclear_Localization/251219_YAPSMAD_Early_D14_Male_#3/tifs,/Volumes/D/YAPSMAD_Nuclear_Localization/251219_YAPSMAD_Early_D14_Male_#3/tifs,/Volumes/D/YAPSMAD_Nuclear_Localization/251219_YAPSMAD_Early_D14_Male_#3/tifs,250,1.188811636055011,0.789649207111259,0.8411761541285302,0.9627374785486609,13.63158618658781,5.578042292967439,0.034268162060528996,0.0038509499141946434,0.05452634474635124,0.022312169171869754,0.0010761246140073013,0.00479759615859366,0.0016417685633936358,1.8565791864453705,1.3882922845741175,1.6899512330261213,1.3093914679139025
16,57,LPATGFb_017_DAPI.1.1.tif,LPATGFb_017_W647.1.1.tif,LPATGFb_017_G488.1.1.tif,LPATGFb_017_R555.1.1.tif,/Volumes/D/YAPSMAD_Nuclear_Localization/251219_YAPSMAD_Early_D14_Male_#3/tifs,/Volumes/D/YAPSMAD_Nuclear_Localization/251219_YAPSMAD_Early_D14_Male_#3/tifs,/Volumes/D/YAPSMAD_Nuclear_Localization/251219_YAPSMAD_Early_D14_Male_#3/tifs,/Volumes/D/YAPSMAD_Nuclear_Localization/251219_YAPSMAD_Early_D14_Male_#3/tifs,424,1.0492375955973463,0.5437993445511502,0.9530729781281667,2.1741054630838335,15.696406485512853,5.741878429427743,0.025621661299154302,0.0051276072242543245,0.037019826616775595,0.013542166107140903,0.0033646247769320574,0.005403172376658226,0.0018993021143097295,2.3825151577939283,2.025987573811506,1.9967674061803022,1.7498909111791834
